comment_text,整潔舒適,設施,服務,地點,性價比,其他,整潔舒適情緒,設施情緒,服務情緒,地點情緒,性價比情緒,其他情緒,整體情緒
浴室環境能再改善,0,1,0,0,0,0,0,3,0,0,0,0,3
冷氣吹出來有味道，很臭,1,1,0,0,0,0,3,3,0,0,0,0,3
浴巾破掉有點傻眼,0,1,0,0,0,0,0,3,0,0,0,0,3
 廁所馬桶的水壓不足，沖不乾淨十分困擾。 床墊太軟，支撐力不足，睡起來腰酸背痛。,0,1,0,0,0,0,0,3,0,0,0,0,3
按摩浴缸不好，容易滑倒，泡的也不舒服。簡單方形的最好最舒服，舒適感極差,1,1,0,0,0,0,3,3,0,0,0,0,3
電視收看youtube頻道時常有斷訊的情況發生，斷訊後就當掉動彈不得。進出旅館就得繳交房卡。,0,1,0,0,0,0,0,3,0,0,0,0,3
房間枕頭不乾淨，棉被蓋起來也很癢,1,1,0,0,0,0,3,3,0,0,0,0,3
有股怪味，浴室有尿漬和尿騷味,1,1,0,0,0,0,3,3,0,0,0,0,3
有陳舊味，不是很好聞，浴室排水孔有頭髮,1,1,0,0,0,0,3,3,0,0,0,0,3
衛生方面有一顆枕頭不知道沒換到還是枕套清潔有問題超臭，還好另一顆枕頭是好的不知道哪間的房客一直在房裡抽菸，整個空調都是菸味雖然房客抽菸這屬於房客問題不過枕頭和整體衛生還是希望能加強督察，會讓整體更好,1,1,0,0,0,0,3,3,0,0,0,0,3
浴室很大，但有水溝味，建議可放除臭劑，並可多設浴室櫥櫃，減少空間浪費,1,1,0,0,0,0,3,1,0,0,0,0,3
設備簡單，備品基本，沒有大毛巾，也建議自備洗臉毛巾。床舖還可以接受，沒有到舒適的程度。,1,1,0,0,0,0,3,1,0,0,0,0,3
冷氣風口冷，但被子又不太透氣，環境乾淨。,1,1,0,0,0,0,1,3,0,0,0,0,3
濕氣有點重但是有除濕機，整體而言非常棒,1,1,0,0,0,1,3,1,0,0,0,1,1
房間設計感是不錯，或許房間內跟地板是白色系所以一點髒會感覺清潔度比較沒那麼乾淨，這個價位可以接受。,1,1,0,0,1,0,3,1,0,0,1,0,1
地板上有些毛髮，冰箱放置在公用區距離東大門夜市很近，價錢合宜，樓下還有老闆開的餐廳；房內有附設陽台，熱水很快就有了。,1,1,0,1,1,0,3,1,0,1,1,0,1
室內的設計上非常有特色，是網美打卡的好地方，加上豐富的內容（零食、咖啡、飲料、備品），方便停車的形式，近交流道的位置與非常優異的早餐等等，對於想在繁忙生活中來個飯店小旅行的族群來說，確實還不賴！只不過如同幫主上面的介紹，在一些細節方面也確實暴露出了『汽車旅館』先天上的缺陷，像是整理不夠細膩、環境中的煙味等等，畢竟汽車旅館主力市場還是『休息』的客人，滾床單的客群流動性大，求取房間最大使用率的前提下，可能就忽略了細節，這部分希望可以再精進些！整體來說這間汽車旅館適合情侶來度個浪漫小假，拍拍照打打卡還是不賴的,1,1,1,1,0,0,3,1,1,1,0,0,1
第一天房間不錯，寬敞並有窗戶，雖然還是聞得到煙味。第二、三天另一張訂單續住，卻被安排住在唯一一間無窗房。第二天希望提前一小時左右入住也被拒絕，覺得服務態度有可以加強之處。,1,1,1,0,0,0,3,1,3,0,0,0,3
空氣品質不佳，可能可以裝個空氣清潔機。,1,1,0,0,0,0,3,2,0,0,0,0,3
舒適度沒有說太好，床也會吱吱叫的,1,1,0,0,0,0,3,3,0,0,0,0,3
整潔根本沒做好，地毯都發霉了，而且都有味道，真的讓人很不舒服,1,1,0,0,0,0,3,3,0,0,0,0,3
房間有蚊子不ok,1,1,0,0,0,0,3,3,0,0,0,0,3
房內有蚊子在飛,1,1,0,0,0,0,3,3,0,0,0,0,3
車庫蚊子也不少早上一下子沒關車庫門，感覺蚊子都飛進來了，好險晚上沒有蚊子吵我們睡覺,1,1,0,0,0,0,3,3,0,0,0,0,3
建議放個香茅油，走廊蚊子滿多的要跟牠們比速度進房間呢 ,1,1,0,0,0,0,3,3,0,0,0,0,3
飯店一樓也很多蚊子,1,1,0,0,0,0,3,3,0,0,0,0,3
有蚊子，門口只放補蚊燈一點作用都沒有,1,1,0,0,0,0,3,3,0,0,0,0,3
才剛進房就聞到菸味，久久不散,1,1,0,0,0,0,3,3,0,0,0,0,3
外表應該是拉皮過的，看來新穎但房間、電梯都看的出來應該有10、20年的飯店....出電梯煙味超重...,1,1,0,0,0,0,3,3,0,0,0,0,3
房內空氣循環不好，有悶味,1,1,0,0,0,0,3,3,0,0,0,0,3
地下停車場的通風需要大大改進，整個空間味道令人…,1,1,0,0,0,0,3,3,0,0,0,0,3
應該是老飯店翻新，老舊的味道在一些地方還是散發出來+3.,1,1,0,0,0,0,3,3,0,0,0,0,3
改善走廊通風，間中有異味。,1,1,0,0,0,0,3,3,0,0,0,0,3
毛巾也感覺用了很多年沒換新非常舊。,1,1,0,0,0,0,3,3,0,0,0,0,3
廁所可以多設置一個擺衣服的置物籃，床鋪是兩張單人床組在一起的，睡到中間有點不舒服。,1,1,0,0,0,0,3,3,0,0,0,0,3
床偏硬，枕頭太大太高有點硬，睡起來不舒服，廁所掛浴簾的杆不是固定的，會掉下來,1,1,0,0,0,0,3,3,0,0,0,0,3
我兩個人想睡的是張大床，確給我了兩張小床，睡的我腰酸背痛的，不舒服,1,1,0,0,0,0,3,3,0,0,0,0,3
洗手槽是獨立在外的，水槽不深，會把水濺出來，且靠近洗手台有一股酸酸的霉味,1,1,0,0,0,0,3,3,0,0,0,0,3
電梯及整個樓層煙味很重,1,1,0,0,0,0,3,3,0,0,0,0,3
房間有潮濕、空氣不佳的味道，須持續開啟浴室抽風，希望可以加強空氣循環對流適合看電視的位子在樓梯轉角處，建議可以有靠枕之類的物件，讓看電視的時候可以舒適一點,1,1,0,0,0,0,3,3,0,0,0,0,3
如果能改善空調的味道 住起來會更舒適 ,1,1,0,0,0,0,3,3,0,0,0,0,3
隔音超級差，隔壁關房門好像有仇一樣，超大聲室內有煙味、無法使用信用卡,1,1,0,0,0,0,3,3,0,0,0,0,3
隔音極差、電子門鎖很吵、空調有煙味，像ktv的那種味道、半夜三點被隔壁打炮聲叫醒就算便宜也不會在住的地方,1,1,0,0,0,0,3,3,0,0,0,0,3
潤髮乳比較不好用。衣櫃有個剛裝潢完的味道，聞起來不太舒服,1,1,0,0,0,0,3,3,0,0,0,0,3
空調有菸味，對於沒抽煙的房客，很不舒服,1,1,0,0,0,0,3,3,0,0,0,0,3
隔音不太好，廁所有一些蟲，覺得濕濕的。,1,1,0,0,0,0,3,3,0,0,0,0,3
棉被像沒洗過的味道,1,1,0,0,0,0,3,3,0,0,0,0,3
一開始進去濕氣非常的重，味道很不舒服，雖然有除濕機結果沒有開除濕，後來跑一陣子有好一點。,1,1,0,0,0,0,3,3,0,0,0,0,3
一進到房間內，房間充滿濕氣的味道，看了除濕機裡面，水是滿的。,1,1,0,0,0,0,3,3,0,0,0,0,3
濕氣霉味太重，整個房間空氣很差,1,1,0,0,0,0,3,3,0,0,0,0,3
熱水壺沒清洗很噁心,1,1,0,0,0,0,3,3,0,0,0,0,3
地板沒清乾淨黑黑的，不是很好,1,1,0,0,0,0,3,3,0,0,0,0,3
浴室還有前房客留下的頭髮，好噁心。,1,1,0,0,0,0,3,3,0,0,0,0,3
房間也不乾淨，還有蟑螂,1,1,0,0,0,0,3,3,0,0,0,0,3
毛巾上有皮屑，馬桶上有尿漬，噁爆,1,1,0,0,0,0,3,3,0,0,0,0,3
此外房間的熱水壺也沒清，很誇張,1,1,0,0,0,0,3,3,0,0,0,0,3
樓梯間很髒,1,1,0,0,0,0,3,3,0,0,0,0,3
大廳的乾淨度有待加強,1,1,0,0,0,0,3,3,0,0,0,0,3
窗簾有發霉,1,1,0,0,0,0,3,3,0,0,0,0,3
毛巾有黃漬,1,1,0,0,0,0,3,3,0,0,0,0,3
洗衣機髒髒的,1,1,0,0,0,0,3,3,0,0,0,0,3
走廊很髒,1,1,0,0,0,0,3,3,0,0,0,0,3
牆壁有壁癌,1,1,0,0,0,0,3,3,0,0,0,0,3
水杯沒洗乾淨,1,1,0,0,0,0,3,3,0,0,0,0,3
洗衣機也不乾淨。,1,1,0,0,0,0,3,3,0,0,0,0,3
房間內的浴室也沒打掃乾淨，都能看見水垢,1,1,0,0,0,0,3,3,0,0,0,0,3
房間有很多小蟲，讓人想退房,1,1,0,0,0,0,3,3,0,0,0,0,3
公共拖鞋很髒,1,1,0,0,0,0,3,3,0,0,0,0,3
房間不乾淨,1,1,0,0,0,0,3,3,0,0,0,0,3
電視機上面有一層灰,1,1,0,0,0,0,3,3,0,0,0,0,3
房間枕頭不乾淨,1,1,0,0,0,0,3,3,0,0,0,0,3
房間有留下前房客的東西，房間味道不好聞,1,1,0,0,0,0,3,3,0,0,0,0,3
房間內有遺留的內褲，太噁心了!有股悶味,1,1,0,0,0,0,3,3,0,0,0,0,3
浴室有尿漬,1,1,0,0,0,0,3,3,0,0,0,0,3
浴室排水孔有頭髮，沒清潔好,1,1,0,0,0,0,3,3,0,0,0,0,3
房間有留下前房客的東西，傻眼!!!!!,1,1,0,0,0,0,3,3,0,0,0,0,3
房間內有遺留的內褲，傻爆眼,1,1,0,0,0,0,3,3,0,0,0,0,3
有壁癌 觀感不是太好,1,1,0,0,0,0,3,3,0,0,0,0,3
房間味道不好聞,1,1,0,0,0,0,3,3,0,0,0,0,3
房間有霉味,1,1,0,0,0,0,3,3,0,0,0,0,3
大廳一走進去就有怪味,1,1,0,0,0,0,3,3,0,0,0,0,3
廁所有水溝味,1,1,0,0,0,0,3,3,0,0,0,0,3
空調傳出來的味道也不好聞,1,1,0,0,0,0,3,3,0,0,0,0,3
床有怪味,1,1,0,0,0,0,3,3,0,0,0,0,3
房間有奇怪的味道,1,1,0,0,0,0,3,3,0,0,0,0,3
房間有酸味 不太舒服,1,1,0,0,0,0,3,3,0,0,0,0,3
空調傳出怪味,1,1,0,0,0,0,3,3,0,0,0,0,3
大廳味道不好聞,1,1,0,0,0,0,3,3,0,0,0,0,3
房間味道也不好聞,1,1,0,0,0,0,3,3,0,0,0,0,3
房間有酸酸的味道,1,1,0,0,0,0,3,3,0,0,0,0,3
廁所一直傳出怪味,1,1,0,0,0,0,3,3,0,0,0,0,3
大廳氣味不好聞,1,1,0,0,0,0,3,3,0,0,0,0,3
聞到這個味道差點暈過去，房間芳香劑太濃了吧,1,1,0,0,0,0,3,3,0,0,0,0,3
房間氣味也很奇怪,1,1,0,0,0,0,3,3,0,0,0,0,3
地毯上有些許打掃不確實的垃圾碎屑,1,1,0,0,0,0,3,3,0,0,0,0,3
房間裡煙味太重,1,1,0,0,0,0,3,3,0,0,0,0,3
房間有些灰塵...,1,1,0,0,0,0,3,3,0,0,0,0,3
空調菸味太重,1,1,0,0,0,0,3,3,0,0,0,0,3
公共休息區的沙發座椅...需要再改善清潔度哦~,1,1,0,0,0,0,3,3,0,0,0,0,3
浴室打掃不乾淨,1,1,0,0,0,0,3,3,0,0,0,0,3
熱水壺的蓋子上面有毛屑噁心,1,1,0,0,0,0,3,3,0,0,0,0,3
地毯有點髒，覺得清潔需要加強沒有窗戶比較可惜,1,1,0,0,0,0,3,3,0,0,0,0,3
房間有個味道，另外棉被被套好像是套進去而已，棉被很容易就跑出來，睡到最後棉被跟被套會分離,1,1,0,0,0,0,3,3,0,0,0,0,3
電熱水瓶沒有清潔,1,1,0,0,0,0,3,3,0,0,0,0,3
房間會有煙味,1,1,0,0,0,0,3,3,0,0,0,0,3
被單有看到一個污點。,1,1,0,0,0,0,3,3,0,0,0,0,3
走廊太香!,1,1,0,0,0,0,3,3,0,0,0,0,3
牆壁有壁癌omg,1,1,0,0,0,0,3,3,0,0,0,0,3
環境整潔還是一樣需要改進，且半夜房間會有菸味令人不悅。,1,1,0,0,0,0,3,3,0,0,0,0,3
霉味很重實際跟照片不符 浴缸還是破洞用膠帶貼過的還一直出現蟑螂房內沒有吹風機沒有第四台沒有瓶裝水（外面有飲水機，但很髒不敢用）,1,1,0,0,0,0,3,3,0,0,0,0,3
廁所很髒,1,1,0,0,0,0,3,3,0,0,0,0,3
走廊有異味,1,1,0,0,0,0,3,3,0,0,0,0,3
浴缸沒有刷乾淨，看起來灰灰的,1,1,0,0,0,0,3,3,0,0,0,0,3
棉被有黃漬,1,1,0,0,0,0,3,3,0,0,0,0,3
電視機上面有厚厚的灰塵,1,1,0,0,0,0,3,3,0,0,0,0,3
椅子上有其他客人的頭髮,1,1,0,0,0,0,3,3,0,0,0,0,3
床黏黏的,1,1,0,0,0,0,3,3,0,0,0,0,3
熱水壺內部沒有清洗乾淨,1,1,0,0,0,0,3,3,0,0,0,0,3
馬桶蓋有尿漬,1,1,0,0,0,0,3,3,0,0,0,0,3
浴巾有怪味,1,1,0,0,0,0,3,3,0,0,0,0,3
廁所打開有股怪味,1,1,0,0,0,0,3,3,0,0,0,0,3
洗衣機臭味很重,1,1,0,0,0,0,3,3,0,0,0,0,3
浴室芳香劑太香讓人不舒服,1,1,0,0,0,0,3,3,0,0,0,0,3
房間都是潮濕的味道,1,1,0,0,0,0,3,3,0,0,0,0,3
大廳有股怪味,1,1,0,0,0,0,3,3,0,0,0,0,3
牙刷有奇怪的味道,1,1,0,0,0,0,3,3,0,0,0,0,3
房間有點霉味,1,1,0,0,0,0,3,3,0,0,0,0,3
不知是否因為是和室，房間有異味，需要持續開清淨機,1,1,0,0,0,0,3,3,0,0,0,0,3
美中不足的是，窗簾背面及窗溝有長年累積下來的發霉，蠻觸目驚心的,1,1,0,0,0,0,3,3,0,0,0,0,3
房間較為潮濕，有霉味,1,1,0,0,0,0,3,3,0,0,0,0,3
房內異味,1,1,0,0,0,0,3,3,0,0,0,0,3
拖鞋的觸感有點黏不乾淨不太舒服,1,1,0,0,0,0,3,3,0,0,0,0,3
冷氣出風口沒清潔到,1,1,0,0,0,0,3,3,0,0,0,0,3
發現乾淨的浴巾有髒污,1,1,0,0,0,0,3,3,0,0,0,0,3
浴簾發霉長滿黑斑,1,1,0,0,0,0,3,3,0,0,0,0,3
行政房型浴室管道的異味太重，建議想辦法處理。,1,1,0,0,0,0,3,3,0,0,0,0,3
地板及浴室(尤其是馬桶)清潔需要加強，最怕浴室整潔不佳,1,1,0,0,0,0,3,3,0,0,0,0,3
一進門房間霉味有點重，需過一陣子才聞不到霉味，但最可怕的是放水壺的抽屜，一打開那霉味是剛進房間的N倍，即使知道水壺是乾淨的也不敢恭維使用。,1,1,0,0,0,0,3,3,0,0,0,0,3
房間感覺像剛裝潢好有淡淡的刺鼻味,1,1,0,0,0,0,3,3,0,0,0,0,3
房間有點味。,1,1,0,0,0,0,3,3,0,0,0,0,3
被單上有毛髮要再加強清潔一下,1,1,0,0,0,0,3,3,0,0,0,0,3
地板沒有很乾淨,1,1,0,0,0,0,3,3,0,0,0,0,3
房間有點霉味，偏潮濕,1,1,0,0,0,0,3,3,0,0,0,0,3
房間整潔度很糟，第一次住到馬桶都是尿漬的房間，窗台、桌子都有屑屑和灰塵，放杯子的櫃子還有黃黃的黏液。在這疫情的時候，這樣的房間真的有徹底清潔消毒嗎？非不得已不會再住,1,1,0,0,0,0,3,3,0,0,0,0,3
窗簾發霉痕跡，床上毛屑灰塵,1,1,0,0,0,0,3,3,0,0,0,0,3
房間味道不舒服,1,1,0,0,0,0,3,3,0,0,0,0,3
大廳略顯雜亂,1,1,0,0,0,0,3,3,0,0,0,0,3
飲水機上有灰塵，蜘蛛網,1,1,0,0,0,0,3,3,0,0,0,0,3
廁所有一點異味,1,1,0,0,0,0,3,3,0,0,0,0,3
廁所異味重，霉味重，沙發下垃圾未清理,1,1,0,0,0,0,3,3,0,0,0,0,3
房間霉味及煙味粉重,1,1,0,0,0,0,3,3,0,0,0,0,3
床底下髒亂,1,1,0,0,0,0,3,3,0,0,0,0,3
進去房間有一股比較重的消毒水的味道,1,1,0,0,0,0,3,3,0,0,0,0,3
房間清潔很差 灰塵很厚很久沒清了,1,1,0,0,0,0,3,3,0,0,0,0,3
冰箱打開有霉味。,1,1,0,0,0,0,3,3,0,0,0,0,3
浴室洗手檯放備品的亞克力箱下面，好髒……像很久沒擦拭請清潔人員莫略過,1,1,0,0,0,0,3,3,0,0,0,0,3
毛巾感覺用了非常久，已經泛黃，部分衛浴設備還有頭髮沒清乾淨,1,1,0,0,0,0,3,3,0,0,0,0,3
床巾、枕頭巾都有污漬  建議定期更換新品。地板清潔需要再加強！,1,1,0,0,0,0,3,3,0,0,0,0,3
毛巾有味道…（請好好的處理）主管自己親自聞看看…,1,1,0,0,0,0,3,3,0,0,0,0,3
房間地板髒,1,1,0,0,0,0,3,3,0,0,0,0,3
床的部分不是很乾淨?隔天全身過敏癢到不行枕頭的部分還有一種頭的油臭味 ,1,1,0,0,0,0,3,3,0,0,0,0,3
房間霉味重,1,1,0,0,0,0,3,3,0,0,0,0,3
房間有煙味浴室地板有點滑,1,1,0,0,0,0,3,3,0,0,0,0,3
走廊地板很髒,1,1,0,0,0,0,3,3,0,0,0,0,3
床單潮濕,1,1,0,0,0,0,3,3,0,0,0,0,3
進房門有點潮濕的地毯味,1,1,0,0,0,0,3,3,0,0,0,0,3
床單上有微汙漬,1,1,0,0,0,0,3,3,0,0,0,0,3
房間有霉味。（或是潮溼味道）,1,1,0,0,0,0,3,3,0,0,0,0,3
1.洗臉盆與檯面交界處有一整圈的黑霉2.淋浴間門口壁紙掀起且發霉3.地毯和牆壁看起來有多處髒污，且多處壁紙掀起4.冷氣出風口處也有髒污因入住當晚較晚進房，所以隔天退房時向櫃檯人員反映。沒想到飯店最重要也最基本的清潔會是這樣，十分失望。因覺得連清潔都不好，怎麼會有高評價，再進booking看，才發現有好幾則低評價都是反映清潔不佳及發霉問題。飯店回應會改進，但是看來是沒有做到。,1,1,0,0,0,0,3,3,0,0,0,0,3
廁所有發霉,1,1,0,0,0,0,3,3,0,0,0,0,3
潮濕、床單不乾淨,1,1,0,0,0,0,3,3,0,0,0,0,3
房間有很重的霉味，浴室的溝槽很多黑霉,1,1,0,0,0,0,3,3,0,0,0,0,3
窗簾發霉,1,1,0,0,0,0,3,3,0,0,0,0,3
房間有看到蟑螂，在兒童閱讀室也有看到蟑螂,1,1,0,0,0,0,3,3,0,0,0,0,3
地毯有點髒,1,1,0,0,0,0,3,3,0,0,0,0,3
房間昏暗偏潮濕，地毯地板感覺不是很乾淨,1,1,0,0,0,0,3,3,0,0,0,0,3
房間有點味道,1,1,0,0,0,0,3,3,0,0,0,0,3
澡堂可以再多清掃,1,1,0,0,0,0,3,3,0,0,0,0,3
這次入住的房間有很重的潮濕的味道，讓人一進入就不舒服！,1,1,0,0,0,0,3,3,0,0,0,0,3
被子裡面有一半的瓜子殼.....清潔有點待加強,1,1,0,0,0,0,3,3,0,0,0,0,3
公共設施有一些地方有點髒汙Ex蓮蓬頭的管子有污漬,1,1,0,0,0,0,3,3,0,0,0,0,3
半夜使用淋浴間發現大淹水(排水孔一堆毛髮堵塞住) 默默的捏起那一堆頭髮...知道這時間點可能櫃台人員沒有注意巡視,1,1,0,0,0,0,3,3,0,0,0,0,3
房間菸味超重，帶著小孩想選這間住宿的千萬要三思!!,1,1,0,0,0,0,3,3,0,0,0,0,3
煙味有點重，床邊有發現小蟑螂,1,1,0,0,0,0,3,3,0,0,0,0,3
非常髒！浴巾的周邊都虛掉了還不換新的浴巾，上面還有黃色的汙漬2條都有，不是只有一條。,1,1,0,0,0,0,3,3,0,0,0,0,3
美中不足的是本次安排給我們的房間窗戶看出去是防火巷，而且露臺上都是樓上或之前入住的房客丟的垃圾及菸蒂....,1,1,0,0,0,0,3,3,0,0,0,0,3
房內煙味很重,1,1,0,0,0,0,3,3,0,0,0,0,3
床鋪整理乾淨度需注意，髒,1,1,0,0,0,0,3,3,0,0,0,0,3
雖然是禁菸樓層，但是菸味實在是太重了,1,1,0,0,0,0,3,3,0,0,0,0,3
即使是禁菸樓層還是多少有點煙味，這是我最在乎的，可惜了,1,1,0,0,0,0,3,3,0,0,0,0,3
棉被有些小部分有點髒髒的,1,1,0,0,0,0,3,3,0,0,0,0,3
冰箱還有上一位客人喝過的礦泉水。,1,1,0,0,0,0,3,3,0,0,0,0,3
如果廁所跟淋浴間能定時清理會更好，不然都有頭髮出現,1,1,0,0,0,0,3,3,0,0,0,0,3
房間有潮溼的霉味,1,1,0,0,0,0,3,3,0,0,0,0,3
房間煙味令人難以入眠，舒適度不佳,1,1,0,0,0,0,3,3,0,0,0,0,3
走廊有些許陰暗地毯一點點髒,1,1,0,0,0,0,3,3,0,0,0,0,3
馬桶有尿漬,1,1,0,0,0,0,3,3,0,0,0,0,3
地毯有味道,1,1,0,0,0,0,3,3,0,0,0,0,3
房間內霉味有點重，乾淨程度一般,1,1,0,0,0,0,3,3,0,0,0,0,3
地毯有點太髒,1,1,0,0,0,0,3,3,0,0,0,0,3
整潔度可以再做的更好，浴室的污垢有點多桌上也有灰塵。,1,1,0,0,0,0,3,3,0,0,0,0,3
空調偶有煙味,1,1,0,0,0,0,3,3,0,0,0,0,3
房間有點包廂味,1,1,0,0,0,0,3,3,0,0,0,0,3
房間的濕氣味道有點重。,1,1,0,0,0,0,3,3,0,0,0,0,3
有些地方清潔不足毯子有深褐色污漬，乍看之下 嚇到吃手手,1,1,0,0,0,0,3,3,0,0,0,0,3
雖然是禁菸房間，但是一直有煙味。,1,1,0,0,0,0,3,3,0,0,0,0,3
地毯稍髒,1,1,0,0,0,0,3,3,0,0,0,0,3
地毯的清潔真的有需要加強一下,1,1,0,0,0,0,3,3,0,0,0,0,3
電梯有一股奇怪的味道,1,1,0,0,0,0,3,3,0,0,0,0,3
浴室馬桶旁有菸灰，但因為入住時間較晚，所以房務人員已下班，得到回應要如需幫忙清潔要半小時後。房間再次踏入好像有個霉味，可是一開始入房間沒有聞到，所以就沒有詢問櫃臺。,1,1,0,0,0,0,3,3,0,0,0,0,3
空調有一股不知如何說明的不良味道,1,1,0,0,0,0,3,3,0,0,0,0,3
房間霉味重，隔天出來衣物都是那個味道了,1,1,0,0,0,0,3,3,0,0,0,0,3
房間有一股味道（不知道是潮濕或霉）,1,1,0,0,0,0,3,3,0,0,0,0,3
飯店房間有種味道  不是很喜歡,1,1,0,0,0,0,3,3,0,0,0,0,3
房間有潮濕的味道，還有地毯蠻髒的有些不敢光腳踩,1,1,0,0,0,0,3,3,0,0,0,0,3
床頭灰塵沒清,1,1,0,0,0,0,3,3,0,0,0,0,3
浴室膠條有發黑發黴的情況,1,1,0,0,0,0,3,3,0,0,0,0,3
房間菸味很重。,1,1,0,0,0,0,3,3,0,0,0,0,3
馬桶附近有異味,1,1,0,0,0,0,3,3,0,0,0,0,3
住過好幾次，有些房間燈具上有厚灰塵,1,1,0,0,0,0,3,3,0,0,0,0,3
房間內地板有看到幾的破掉的氣球碎片，地板清潔有待加強。,1,1,0,0,0,0,3,3,0,0,0,0,3
房間外走廊的味道，可能不通風，所以有個味道,1,1,0,0,0,0,3,3,0,0,0,0,3
房間有一點霉味,1,1,0,0,0,0,3,3,0,0,0,0,3
唯一缺點就是走廊有點煙味,1,1,0,0,0,0,3,3,0,0,0,0,3
房間床上有沙子,1,1,0,0,0,0,3,3,0,0,0,0,3
房間有濃重煙味。,1,1,0,0,0,0,3,3,0,0,0,0,3
床單下隱約看得到許多毛髮,1,1,0,0,0,0,3,3,0,0,0,0,3
有煙味 棉被不夠,1,1,0,0,0,0,3,3,0,0,0,0,3
浴缸內有不知哪來的頭髮,1,1,0,0,0,0,3,3,0,0,0,0,3
，房間煙味人很重，隔天仍有淡淡煙味。退房時反映問題,1,1,0,0,0,0,3,3,0,0,0,0,3
剛進房時，房間煙味很重，希望飯店可以落實禁煙。,1,1,0,0,0,0,3,3,0,0,0,0,3
房間悶熱潮濕,1,1,0,0,0,0,3,3,0,0,0,0,3
地毯霉味很重,1,1,0,0,0,0,3,3,0,0,0,0,3
旅館整館都有很難聞的芳香劑味，且地毯、浴室地板都有頭髮，清潔度很不夠。,1,1,0,0,0,0,3,3,0,0,0,0,3
濃厚煙味混雜可怕香精味客房比大廳老舊許多地毯髒污嚴重,1,1,0,0,0,0,3,3,0,0,0,0,3
房間空調一直飄出淡淡的煙味，感覺很不舒服,1,1,0,0,0,0,3,3,0,0,0,0,3
整層分房有莫名的味道，離開後衣服仍舊有殘留味,1,1,0,0,0,0,3,3,0,0,0,0,3
從一進大廳開始，到房間地毯，空調等有著奇怪的味道，導致我所有衣服包含行李內的都吸收了噁心氣味；整體客房清潔算差，地毯、窗簾、甚至電梯牆壁上都有髒汙；員工需要在這種環境下工作和服務客人真是辛苦。,1,1,0,0,0,0,3,3,0,0,0,0,3
明明是禁煙客房，但是房間內的三手煙味還是濃到嚇人，而且沒有放任何的消臭劑or消臭噴霧，根本沒辦法阻止這三手煙的味道。行李一打開，就連放在行李裡面的乾淨衣物，也全都沾上了三手煙的味道，之後的幾天穿著這個衣服明明是乾淨的衣服但沾上了煙味在身上，真是難受極了。,1,1,0,0,0,0,3,3,0,0,0,0,3
一進大門霉味撲鼻而來，電梯很小，房間浴室水排不掉，整間都是霉味，灰塵，。不會推薦朋友不會再來了,1,1,0,0,0,0,3,3,0,0,0,0,3
這次總共訂了三間房，其中兩間一進房時明顯聞到煙味，還蠻重的，個人覺得美中不足，只希望有抽煙的房客能別在室內抽煙，造成其他人的不適。,1,1,0,0,0,0,3,3,0,0,0,0,3
房間菸味很重,1,1,0,0,0,0,3,3,0,0,0,0,3
一進大廳就有濃濃的霉味，房間空調也都是霉味，衣服回家後都臭臭的,1,1,0,0,0,0,3,3,0,0,0,0,3
第一日房間一進去就有煙味,1,1,0,0,0,0,3,3,0,0,0,0,3
一進房有個領口的汗味,1,1,0,0,0,0,3,3,0,0,0,0,3
整間飯店都是吸煙的味道,1,1,0,0,0,0,3,3,0,0,0,0,3
可惜隔日上午房間廁所有煙味，希望能改善,1,1,0,0,0,0,3,3,0,0,0,0,3
大廳及走廊香精味太重讓我過敏,1,1,0,0,0,0,3,3,0,0,0,0,3
親子家庭房內的小帳篷內有之前寶寶留下的食物屑屑，一看就知道沒清潔，所以也沒有讓寶寶玩了房內芳香劑噴太多了，而且一點也不香，聞到頭很暈。然後隔天回家以後，衣服全部有芳香劑味道的殘留 ,1,1,0,0,0,0,3,3,0,0,0,0,3
進大廳就有濃濃的霉味,1,1,0,0,0,0,3,3,0,0,0,0,3
房內有煙味，雖然不是飯店的問題，但有受到點影響。空氣清淨機如果更強力會更好。住客品質比較影響住房評價。,1,1,0,0,0,0,3,3,0,0,0,0,3
空調霉味太重平常鼻子不會過敏進到房下子鼻子就塞住了下次入住需要攜帶空氣濾淨器呵,1,1,0,0,0,0,3,3,0,0,0,0,3
房間還是會聞到煙味,1,1,0,0,0,0,3,3,0,0,0,0,3
親子房非常潮濕，除濕機根本不能斷，否則潮濕的味道會很濃郁,1,1,0,0,0,0,3,3,0,0,0,0,3
 房間有煙味。,1,1,0,0,0,0,3,3,0,0,0,0,3
房間有很重的霉味 空氣品質很差 很悶,1,1,0,0,0,0,3,3,0,0,0,0,3
整潔度不足：床單髒、房間有異味、浴室清潔度待加強,1,1,0,0,0,0,3,3,0,0,0,0,3
床單的味道不好聞,1,1,0,0,0,0,3,3,0,0,0,0,3
第一次進入房間沒有聞到異味，，如果能處理會更好,1,1,0,0,0,0,3,3,0,0,0,0,3
地板上有毛髮、棉絮，床頭櫃上有飲料漬，疫情期間看到這些會很擔心房間清潔品質。不知道房間設施是否有在消毒。,1,1,0,0,0,0,3,3,0,0,0,0,3
浴室裏，未使用前，多處有頭髮。,1,1,0,0,0,0,3,3,0,0,0,0,3
第二次入住，覺得還可以，有發現沒收到上一個客人毛巾，這點要加強,1,1,0,0,0,0,3,3,0,0,0,0,3
房間有一股“吸煙”班的味道（味道不是很好可以事實噴霧芳香劑,1,1,0,0,0,0,3,3,0,0,0,0,3
某些房間菸味很重,1,1,0,0,0,0,3,3,0,0,0,0,3
電視遙控器灰塵有點多 ,1,1,0,0,0,0,3,3,0,0,0,0,3
房間內的地板，未清理乾淨，有棉絮及頭髮，進房時就發現床墊上有私密處的毛髮非頭髮，雖不至於髒亂，但觀感不佳，房間內的清潔請加油,1,1,0,0,0,0,3,3,0,0,0,0,3
牆壁上仍有些發霉的跡象 沒有清乾淨 但因為價格便宜,1,1,0,0,0,0,3,3,0,0,0,0,3
浴缸在使用前後都各出現過一隻小蟑螂,1,1,0,0,0,0,3,3,0,0,0,0,3
房間有悶味,1,1,0,0,0,0,3,3,0,0,0,0,3
床上及熱水壺附近有螞蟻,1,1,0,0,0,0,3,3,0,0,0,0,3
房間有螞蟻在爬，唯一不足之處,1,1,0,0,0,0,3,3,0,0,0,0,3
衛生在細部的地方可再留意，例廁所的門框底部，沒清潔到,1,1,0,0,0,0,3,3,0,0,0,0,3
床單有點潮濕,1,1,0,0,0,0,3,3,0,0,0,0,3
房間清潔度不佳，房間有很多螞蟻及一隻死掉的蟑螂屍體。半夜空調飄來菸味,1,1,0,0,0,0,3,3,0,0,0,0,3
房間有蟑螂。廁所地面有前晚客人留下的長髮,1,1,0,0,0,0,3,3,0,0,0,0,3
冰箱留有之前房客食物,1,1,0,0,0,0,3,3,0,0,0,0,3
房間有異味難聞,1,1,0,0,0,0,3,3,0,0,0,0,3
一進房門就看到電視機下方有個ㄧ公分大小的餅乾屑，太明顯了椅子上都是灰塵 可能是太久沒人坐了，但還是應該要撢一下清潔需要加強,1,1,0,0,0,0,3,3,0,0,0,0,3
朋友說她在房內被蚤咬。另一朋友的房有菸味。下午茶餐室的布沙發及背墊有客人的汗酸臭味,1,1,0,0,0,0,3,3,0,0,0,0,3
廁所有黴味,1,1,0,0,0,0,3,3,0,0,0,0,3
桌上有點灰塵,1,1,0,0,0,0,3,3,0,0,0,0,3
一邊牆壁及衣櫥發霉，濕氣重的感覺，有點不雅觀,1,1,0,0,0,0,3,3,0,0,0,0,3
房間會有螞蟻，也有灰塵,1,1,0,0,0,0,3,3,0,0,0,0,3
吧台上有許多螞蟻,1,1,0,0,0,0,3,3,0,0,0,0,3
角落灰塵和椅子上的灰塵需要打掃乾淨,1,1,0,0,0,0,3,3,0,0,0,0,3
進入房間內有一股霉味，床頭很椅背上有很多的霉菌，後來反應，有換另一間房間，飯店應在入宿前先check 一下房間狀況，尤其是最近下很長時間的雨，,1,1,0,0,0,0,3,3,0,0,0,0,3
，不知為何廁所異味非常重（不是發霉味而是像化×池的味），那異味從入住當晚至隔天早上都沒散去，害的我都不太敢上廁所,1,1,0,0,0,0,3,3,0,0,0,0,3
地板很髒 有垃圾落地窗聲響很大,1,1,0,0,0,0,3,3,0,0,0,0,3
房間有潮濕味,1,1,0,0,0,0,3,3,0,0,0,0,3
房間裡髒亂，枕頭上還有小蟲浴室都沒打掃乾淨，還有上一個客人的毛髮在地板,1,1,0,0,0,0,3,3,0,0,0,0,3
睡覺時有時會傳來外面的聲音而嚇到，房間有微微的異味，有點像煙味,1,1,0,0,0,0,3,3,0,0,0,0,3
一進房間就覺得味道不太好聞，不知道是不是床單不乾淨，睡到全身都癢癢的最後一整晚都沒睡,1,1,0,0,0,0,3,3,0,0,0,0,3
浴室馬桶蓋掀起發現有很多乾掉血漬，沒清潔乾淨 後來才又請清潔人員來打掃。床頭櫃上的電燈開關上也蠻髒的，感覺清潔部分有待加強。,1,1,0,0,0,0,3,3,0,0,0,0,3
房門旁有一些小螞蟻，朋友那房的浴室有一隻小蟑螂，高一點的櫃子上有灰塵，但是不太影響住宿心情,1,1,0,0,0,0,3,3,0,0,0,0,3
走廊有很重的煙味,1,1,0,0,0,0,3,3,0,0,0,0,3
清潔人員太混了，衣櫃裡都是灰及毛,1,1,0,0,0,0,3,3,0,0,0,0,3
剛打開房間會有一股味道，開冷氣後才會好,1,1,0,0,0,0,3,3,0,0,0,0,3
剛進房時有下水道的味道，過段時間換氣才好點,1,1,0,0,0,0,3,3,0,0,0,0,3
美中不足的一點廁所味道有點重,1,1,0,0,0,0,3,3,0,0,0,0,3
房間有一個味道,1,1,0,0,0,0,3,3,0,0,0,0,3
兒童閱覽室要定時去整理，會比較好。,1,1,0,0,0,0,3,3,0,0,0,0,3
房間沒打掃乾淨,1,1,0,0,0,0,3,3,0,0,0,0,3
馬桶上有尿漬很噁心,1,1,0,0,0,0,3,3,0,0,0,0,3
枕頭上有頭髮沒清潔好,1,1,0,0,0,0,3,3,0,0,0,0,3
毛巾有黃漬 味道不太好聞,1,1,0,0,0,0,3,3,0,0,0,0,3
床下整潔可以更好,1,1,0,0,0,0,3,3,0,0,0,0,3
床上有不知名小蟲,1,1,0,0,0,0,3,3,0,0,0,0,3
窗簾部分灰塵較多,1,1,0,0,0,0,3,3,0,0,0,0,3
剛進房時有下水道的味道，過段時間換氣才好點！,1,1,0,0,0,0,3,3,0,0,0,0,3
電梯裡的芳香劑，超臭，是車用芳香劑的味道,1,1,0,0,0,0,3,3,0,0,0,0,3
牆壁有一點點微髒,1,1,0,0,0,0,3,3,0,0,0,0,3
窗戶外面對住戶牆壁、電視遙控器灰塵多。,1,1,0,0,0,0,3,3,0,0,0,0,3
走道有個不明的味道,1,1,0,0,0,0,3,3,0,0,0,0,3
浴室的浴缸排水口的止水檔有微許頭髮未清理,1,1,0,0,0,0,3,3,0,0,0,0,3
房間有點異味,1,1,0,0,0,0,3,3,0,0,0,0,3
室桌子上略有灰,1,1,0,0,0,0,3,3,0,0,0,0,3
浴室、房間有很重的煙味,1,1,0,0,0,0,3,3,0,0,0,0,3
廁所有點髒亂,1,1,0,0,0,0,3,3,0,0,0,0,3
床單都沒換，床單有黑色毛屑還有頭髮,1,1,0,0,0,0,3,3,0,0,0,0,3
房間都霉味。,1,1,0,0,0,0,3,3,0,0,0,0,3
房間地板很多毛髮 很可怕 ,1,1,0,0,0,0,3,3,0,0,0,0,3
窗邊有蟑螂,1,1,0,0,0,0,3,3,0,0,0,0,3
實在是很臭，一開門撲來的霉味跟臭酸每次都覺得無法忍受，建議檢查一下是不是有蟲還是什麼東西死在房內。,1,1,0,0,0,0,3,3,0,0,0,0,3
房間感覺很壓迫 早上還有一隻超大蟑螂在我床邊,1,1,0,0,0,0,3,3,0,0,0,0,3
一進房間還是能聞到一點點異味。,1,1,0,0,0,0,3,3,0,0,0,0,3
每次進房門都會有一股煙味,1,1,0,0,0,0,3,3,0,0,0,0,3
二樓尾巴不知道為何有濃厚的燒肉油煙味,1,1,0,0,0,0,3,3,0,0,0,0,3
房間有煙味,1,1,0,0,0,0,3,3,0,0,0,0,3
杯子沒洗乾淨水喝一半才看到感覺很差,1,1,0,0,0,0,3,3,0,0,0,0,3
床旁邊的地板，很髒，未清潔,1,1,0,0,0,0,3,3,0,0,0,0,3
房間乾淨度有待加強,1,1,0,0,0,0,3,3,0,0,0,0,3
房間舊舊的味道,1,1,0,0,0,0,3,3,0,0,0,0,3
房間有些微煙味,1,1,0,0,0,0,3,3,0,0,0,0,3
有螞蟻喔 特別在浴室裡面洗手台位子和浴室門外，已經反應也有來打掃，但是無效並且螞蟻越來越多  臥室窗台也有幾隻,1,1,0,0,0,0,3,3,0,0,0,0,3
打掃沒有乾淨 浴室還有些地方有頭髮跟上個房客留下的未清掉牙膏蓋子,1,1,0,0,0,0,3,3,0,0,0,0,3
房間內有股混沌不明的煙味讓人不舒服如果可以改進就更完美了,1,1,0,0,0,0,3,3,0,0,0,0,3
一進去就有濃濃的煙味，反應後換房，煙味是淡了點，但是取而代之的是一股無法形容的臭味，臭的我整晚睡不好,1,1,0,0,0,0,3,3,0,0,0,0,3
沒打掃乾淨，床上有前一位客人辦事的痕跡！,1,1,0,0,0,0,3,3,0,0,0,0,3
房間清潔方面，希望可以再提高一些,1,1,0,0,0,0,3,3,0,0,0,0,3
房間內環境整潔可再加強,1,1,0,0,0,0,3,3,0,0,0,0,3
房間內煙味很重,1,1,0,0,0,0,3,3,0,0,0,0,3
浴室地板還有頭髮，跟污垢，希望清潔度在再仔細檢查！,1,1,0,0,0,0,3,3,0,0,0,0,3
房間清潔待加強。,1,1,0,0,0,0,3,3,0,0,0,0,3
整體都很棒美中不足就是枕頭上有一隻小蟑螂 ,1,1,0,0,0,0,3,3,0,0,0,0,3
房間煙味很重,1,1,0,0,0,0,3,3,0,0,0,0,3
無窗戶的房間一進去就有股殘留的煙味,1,1,0,0,0,0,3,3,0,0,0,0,3
廁所雖然乾淨但有異味（尿騷味吧）漂出。,1,1,0,0,0,0,3,3,0,0,0,0,3
床單上還有沒清掉頭髮是不小心還是沒換床單淺眠者請慎入,1,1,0,0,0,0,3,3,0,0,0,0,3
走廊有一點點煙味,1,1,0,0,0,0,3,3,0,0,0,0,3
廁所整潔度不夠！,1,1,0,0,0,0,3,3,0,0,0,0,3
房間內煙味、霉味、刺鼻的香芬味，五味雜陳。馬桶裡有一坨長髮很讓人驚嚇,1,1,0,0,0,0,3,3,0,0,0,0,3
浴巾拿起來有髒東西，小細節的整潔度可再加強,1,1,0,0,0,0,3,3,0,0,0,0,3
廁所沒有打掃乾淨 有前一個客人留下來的垃圾,1,1,0,0,0,0,3,3,0,0,0,0,3
房間內浴室有菸味,1,1,0,0,0,0,3,3,0,0,0,0,3
房間棉屑很多！,1,1,0,0,0,0,3,3,0,0,0,0,3
整潔方面有待加強床旁邊還有應該是上一位房客的菜渣？蠻大塊的 浴室玻璃窗邊很多小蟲屍體沒有清除,1,1,0,0,0,0,3,3,0,0,0,0,3
這次進房煙味超級噁心 ,1,1,0,0,0,0,3,3,0,0,0,0,3
帶著前一次的好印象，床上都是女生的長頭髮,1,1,0,0,0,0,3,3,0,0,0,0,3
房間有看到一隻蟑螂…,1,1,0,0,0,0,3,3,0,0,0,0,3
樓下停車很貴！而且環境很髒亂,1,1,0,0,0,0,3,3,0,0,0,0,3
因為房間廁所裡有很小會飛的小黑蟲，有被咬起紅包。,1,1,0,0,0,0,3,3,0,0,0,0,3
電視機上面有一層灰，而且還能聽到隔壁的電視聲,1,1,0,0,0,0,3,3,0,0,0,0,3
地毯很髒.......無法接受，,1,1,0,0,0,0,3,3,0,0,0,0,3
房間超小 霉味非常重,1,1,0,0,0,0,3,3,0,0,0,0,3
房間沒有小夜燈很難入睡。也沒有小冰箱有些不方便。電視則沒有第四台下班後，想看一下電視沒什麼頻道可以看。房務人員也沒有每天整理房間,1,1,0,0,0,0,3,3,0,0,0,0,3
2. 床不好睡，睡完會腰痠背痛；毛巾也感覺用了很多年沒換新非常舊。,1,1,0,0,0,0,3,3,0,0,0,0,3
浴缸旁邊有點髒髒的灰使用前還是沖一下比較好，沒有蓮蓬頭只有花灑所以沖起來比較麻煩,1,1,0,0,0,0,3,3,0,0,0,0,3
房間沒訊號很爛，髒髒的,1,1,0,0,0,0,3,3,0,0,0,0,3
地面清潔可再加強，通風不良，但有小台的空氣清淨機跟冷氣，須要開一段時間，不太好用,1,1,0,0,0,0,3,3,0,0,0,0,3
廁所很臭，疑似排水管冒上來的味道。桌上很多灰塵。,1,1,0,0,0,0,3,3,0,0,0,0,3
房間沒日光 有霉味 毛巾有味道,1,1,0,0,0,0,3,3,0,0,0,0,3
已入住過兩次，但兩次給的備品完全不一樣，這次房間環境跟毛巾乾淨度上都比之前差，需要在多注意一下，其他的方面都很棒，希望你們能改善並持續維持！,1,1,0,0,0,0,3,3,0,0,0,0,3
枕頭套沒洗乾淨，有紅點，估計是上一個住客，拿來墊屁股用過的；還有，棉被竟然沒有套，太不衛生！,1,1,0,0,0,0,3,3,0,0,0,0,3
樓梯間很髒，電梯也很少,1,1,0,0,0,0,3,3,0,0,0,0,3
大廳的乾淨度有待加強，沒有飲水機不方便,1,1,0,0,0,0,3,3,0,0,0,0,3
窗簾有發霉，電視也老舊,1,1,0,0,0,0,3,3,0,0,0,0,3
毛巾有黃漬，噁心，衣櫥破舊,1,1,0,0,0,0,3,3,0,0,0,0,3
設施破舊，整潔度也不好,1,1,0,0,0,0,3,3,0,0,0,0,3
真的很髒，設施也老舊,1,1,0,0,0,0,3,3,0,0,0,0,3
洗衣機髒髒的、很舊,1,1,0,0,0,0,3,3,0,0,0,0,3
房間不乾淨，隔音也很差,1,1,0,0,0,0,3,3,0,0,0,0,3
有很多灰塵，隔音不好,1,1,0,0,0,0,3,3,0,0,0,0,3
能聽見走路聲，半夜睡不好，房間枕頭不乾淨,1,1,0,0,0,0,3,3,0,0,0,0,3
房間枕頭不乾淨，棉被蓋起來也很癢。隔音差,1,1,0,0,0,0,3,3,0,0,0,0,3
清潔沒確實，隔音可以再改善好一點,1,1,0,0,0,0,3,3,0,0,0,0,3
整潔度和隔音真的很差,1,1,0,0,0,0,3,3,0,0,0,0,3
燈壞掉，床有怪味,1,1,0,0,0,0,3,3,0,0,0,0,3
熱水壺無法用，房間有奇怪的味道,1,1,0,0,0,0,3,3,0,0,0,0,3
沒有停車場很不方便，房間也酸味,1,1,0,0,0,0,3,3,0,0,0,0,3
有霉味，設施都很破舊,1,1,0,0,0,0,3,3,0,0,0,0,3
設備可以好一點太舊了，也有老舊的味道,1,1,0,0,0,0,3,3,0,0,0,0,3
電話壞掉，空調傳出怪味,1,1,0,0,0,0,3,3,0,0,0,0,3
浴室蓮蓬頭壞掉，水有怪味,1,1,0,0,0,0,3,3,0,0,0,0,3
隔音差氣味差,1,1,0,0,0,0,3,3,0,0,0,0,3
聞到這個味道差點暈過去，房間芳香劑太濃了吧!隔音爛,1,1,0,0,0,0,3,3,0,0,0,0,3
隔音不好，味道也是,1,1,0,0,0,0,3,3,0,0,0,0,3
有霉味不好聞，隔音不好好吵,1,1,0,0,0,0,3,3,0,0,0,0,3
清潔劑味道好噁心，隔音也不好,1,1,0,0,0,0,3,3,0,0,0,0,3
晚上都能聽到外面的聲音，房間氣味也很奇怪,1,1,0,0,0,0,3,3,0,0,0,0,3
隔音不好隔壁房間講話大聲也會聽的到外面重機飆車聲音聽得見馬桶座上有一塊不知道是什麼東西黏住沒清乾淨,1,1,0,0,0,0,3,3,0,0,0,0,3
沒有窗戶稍嫌遺憾 地毯沒清很乾淨早上起來時有很重的不明臭味 像是化糞池或是動物死亡多日的味道,1,1,0,0,0,0,3,3,0,0,0,0,3
房間有蜘蛛絲，房間太小棉被不夠大，浴廁照洗手台的燈燒掉。,1,1,0,0,0,0,3,3,0,0,0,0,3
房間小 隔音差 令人有壓迫感的房間 無暖氣 房間地板竟然還不是平的  有上下差  無窗戶 電梯有夠不方便  等超久 房間灰塵稍微堆積一些  容易造成過敏 走廊標示不清  有煙味,1,1,0,0,0,0,3,3,0,0,0,0,3
馬桶蓋翻開有一塊尿漬、隔音真的非常的差，半夜有人在外話講話，房內都聽的很清楚,1,1,0,0,0,0,3,3,0,0,0,0,3
大廳及走道有很濃的香味，不太喜歡，但還好房間內沒有香味。隔音稍微不太好。,1,1,0,0,0,0,3,3,0,0,0,0,3
毛巾和棉被棉絮很多，洗手台上的排水孔要手動將它抬起才可以把水排出。,1,1,0,0,0,0,3,3,0,0,0,0,3
安排的房間是尾房  room no 5070，夜間經常聽到大力的關門聲。一出門就有很多的垃圾箱放在門口。今次book了7天，而不是每天更換床單，枕頭太軟，壓一下，枕頭會變形，可以改善一下硬度。,1,1,0,0,0,0,3,3,0,0,0,0,3
走廊香薰太濃烈，似ktv。電梯太慢，每次要到五樓再轉乘往其他樓層，不方便。,1,1,0,0,0,0,3,3,0,0,0,0,3
硬件需要更新，提高衛生環境。,1,1,0,0,0,0,3,3,0,0,0,0,3
單人雅房竟然是在地下室，無獨立冷氣，共用空調冷氣也很，而且房間及浴室廁所很多蚊蚋，有潔癖的人會很受不了。希望可以改善一下照明以及做好衛生環境的清潔工作,1,1,0,0,0,0,3,3,0,0,0,0,3
旅舍樓高5層，但沒有升降機，徒手拿著行李從地面往上行，絕對是件苦差。房內設備陳舊，塵垢污跡可看。,1,1,0,0,0,0,3,3,0,0,0,0,3
這次住到地下室 太可怕了。雖然床鋪都是乾淨 但環境真的很不推薦  一直有煙味飄進來。廁所浴室很陽春，水壓不穩定。沒有提供衛生紙。,1,1,0,0,0,0,3,3,0,0,0,0,3
頂樓加蓋好吵 覺得房間髒髒的,1,1,0,0,0,0,3,3,0,0,0,0,3
有霉味，沒電梯、冰箱。隔音差,1,1,0,0,0,0,3,3,0,0,0,0,3
剛一進住宿大門有煙味，床單有上一組客人的頭髮，洗澡熱水冷水無法順暢控制，大冷大熱，走廊遇到活的蟑螂，電視訊號異常，會卡住不流暢無法正常觀看，唯一良好的事睡眠沒有被打擾。,1,1,0,0,0,0,3,3,0,0,0,0,3
隔音不好 房間內有蟑螂,1,1,0,0,0,0,3,3,0,0,0,0,3
房間醜陋，浴室的牆壁好像沒洗，有污垢，浴室的地板浴盆破舊。整體旅店看起來很糟糕。,1,1,0,0,0,0,3,3,0,0,0,0,3
浴室水管有味道吹風機要去櫃台借房間老舊，小,1,1,0,0,0,0,3,3,0,0,0,0,3
房間胭脂味重，房屋老舊。,1,1,0,0,0,0,3,3,0,0,0,0,3
剛一進住宿大門有煙味，床單有上一組客人的頭髮，洗澡熱水冷水無法順暢控制，大冷大熱，走廊遇到活的蟑螂，電視訊號異常，會卡住不流暢無法正常觀看，唯一良好的事睡眠沒有被打擾。（住的是獨立雙人房，吹風機要跟櫃檯借，房內無吹風機）,1,1,0,0,0,0,3,3,0,0,0,0,3
房間有悶臭味床墊和枕頭都不好睡,1,1,0,0,0,0,3,3,0,0,0,0,3
浴室只用浴簾 ，有尿騷味,1,1,0,0,0,0,3,3,0,0,0,0,3
1. 若浴室有乾溼分離就更好了!2. 入住那間浴室的水管會飄出一股水溝味，需要關門避免味道散出。,1,1,0,0,0,0,3,3,0,0,0,0,3
浴室的浴簾可以換了，長滿了霉菌斑黑點,1,1,0,0,0,0,3,3,0,0,0,0,3
雙人床是兩張單人床並在一起，兩床中間仍是凹下去；床單清潔一般，仍有污漬；隔音一般，房外人談話聲可隱匿聽到,1,1,0,0,0,0,3,3,0,0,0,0,3
隔音比較差，浴室牆壁和門上有頭髮馬桶坐墊，內側有小污漬雖然用濕紙巾就擦乾淨了,1,1,0,0,0,0,3,3,0,0,0,0,3
枕頭不舒服 屋子里味道太重,1,1,0,0,0,0,3,3,0,0,0,0,3
整潔度尚差 可再多加強另外早上太吵了 未到退房時間便開始整理房間隔音很差 所以聽得一清二楚 非常讓人不悅,1,1,0,0,0,0,3,3,0,0,0,0,3
衛生要加強還有浴室蓮蓬頭壞掉,1,1,0,0,0,0,3,3,0,0,0,0,3
入房時茶壺裡有上組客人留下的茶、床正對著大面落地鏡子，半夜起床容易被嚇到,1,1,0,0,0,0,3,3,0,0,0,0,3
房間有霉味，棉被很舊了！,1,1,0,0,0,0,3,3,0,0,0,0,3
清潔有待加強、房間內光線太暗,1,1,0,0,0,0,3,3,0,0,0,0,3
床單有小片污漬，乾濕分離門縫會漏水，台燈灰塵厚,1,1,0,0,0,0,3,3,0,0,0,0,3
房間有廁所味，冷氣有異音且很不涼，浴室蓮蓬頭是固定的，無法拿下來沖洗,1,1,0,0,0,0,3,3,0,0,0,0,3
沙發其實有點破舊 連椅架都斷了還沒換 洗澡的水感覺不是很乾淨！馬桶也不是免治式的QQ,1,1,0,0,0,0,3,3,0,0,0,0,3
空間太小、廁所整潔度不佳、洗澡設備不良,1,1,0,0,0,0,3,3,0,0,0,0,3
1. 可怕的寢具(不知名的毛髮及水漬),1,1,0,0,0,0,3,3,0,0,0,0,3
按摩浴缸開關壞了沒辦法關閉隔音沒很好聽得到別間房間的水聲床單上有污點,1,1,0,0,0,0,3,3,0,0,0,0,3
設備老舊，棉被鋪床都拖地板了感覺很髒,1,1,0,0,0,0,3,3,0,0,0,0,3
一進門地板磁磚縫就會漏咖啡色的水，弄得浴室門口的墊子也髒髒的，拖鞋也濕濕的，整潔度要再加強浴室雖然是分離式的，但洗完澡外面地板卻都是水，浴缸旁邊也會漏水，浴室濕氣很重,1,1,0,0,0,0,3,3,0,0,0,0,3
走道地毯霉味很重，房間隔音不佳,1,1,0,0,0,0,3,3,0,0,0,0,3
1.隔音很差   很容易聽到隔壁或走廊上的聲音2.地毯看起來污漬蠻多  建議換地板或其他設計,1,1,0,0,0,0,3,3,0,0,0,0,3
國王的新衣，大廳及裝置藝術，跑車是美的，房間就是舊的，地毯髒髒,1,1,0,0,0,0,3,3,0,0,0,0,3
燈光昏暗，霉味很重，牆上都發霉，動線不佳，睡內側沒有走道可出來，要上廁所還要從睡外側的身上爬出去，到處都是毛毛的，感覺非常的不舒服,1,1,0,0,0,0,3,3,0,0,0,0,3
1. 煙味重，禁煙形同虛設2. 房間的地毯是我見過史上最最最髒的3. 隔音差，可以聽到身如其境的叫床聲4. 床與枕頭軟到沒有支撐力，早上全身酸痛花蓮民宿是競爭力很大的行業，講這些就看老闆願不願意花心思做回頭客了。,1,1,0,0,0,0,3,3,0,0,0,0,3
……菸味……雖然大廳、電梯貼滿了禁菸標誌，但是一進門空氣中持續傳來2手和3手煙味。屬於舊建築改建，雖然我們住的已是非中央空調，是獨立的冷氣，但管線間會傳出煙味，上廁所上到一半會飄出來。房間雖然已用臭氧殺菌過，但是隱約的3手菸，已停留在裝潢上、椅子坐墊上，會一陣陣傳出來。對於有小孩又不抽菸的家庭來說，是一種痛苦的折磨，是很不適合的。如果沒有過敏的人，或是本身是抽菸者可接受煙味的旅者許可以考量，但是還是請勿在廁所抽菸。,1,1,0,0,0,0,3,3,0,0,0,0,3
原訂3張單人床款房間，到晚上正式check in時，職員表示該房間熱水爐壞了，未能安排入住，故表示可升級4人房給我們（兩張雙人床款），雖則如此，但都帶來睡眠質素的影響。另外，電熱水壺仍存有1/4份量的水於壺內，我們也不敢使用。,1,1,0,0,0,0,3,3,0,0,0,0,3
但是美中不足的地方是廁所洗髮乳跟沐浴乳有些淋浴間是空的，加上廁所有時候會看到地板有包裝紙垃圾，還有隔音方面需要加強一下！半夜別的房客回來會很清楚聽到外面有人走動的聲音，,1,1,0,0,0,0,3,3,0,0,0,0,3
房間還是會有一點灰塵 房間也偏小一點 唉!,1,1,0,0,0,0,3,3,0,0,0,0,3
隔音比較沒那麼好。被子有些許味道,1,1,0,0,0,0,3,3,0,0,0,0,3
熱水不夠熱 枕頭有頭髮電視音量斷斷續續 不太好,1,1,0,0,0,0,3,3,0,0,0,0,3
真的空間有點小對於大型行李真的有點不友善 無法攤平行李箱看照片感覺還好 但是打開門就可以感受到狹小的空間電視的位置有點奇妙 需要在樓梯上觀看但因為房間小所以有這樣的佈局也是可接受的住到第二天晚上廁所有一股尿騷味 有請櫃檯打掃過了 但不知道為什麼還有,1,1,0,0,0,0,3,3,0,0,0,0,3
冷氣霉味很重,1,1,0,0,0,0,3,3,0,0,0,0,3
可能前一個房客的飲食導致晚上桌面有不少螞蟻出現，我自己處理，沒有麻煩飯店人員。電視的位置偏高，坐椅子觀賞脖子會痠,1,1,0,0,0,0,3,3,0,0,0,0,3
第一次去住不錯，房間位置再地下室這次去我也是訂地下室的房間，結果進房後讓我很失望房間潮濕味很重、晚上洗澡時排水系統還堵塞。    下次就會考慮住別家了   ,1,1,0,0,0,0,3,3,0,0,0,0,3
床跟被子的質感還有整潔度差，被子很重,1,1,0,0,0,0,3,3,0,0,0,0,3
陽台上有一個煙蒂好像還沒有掃掉陽台的電燈好像不會亮了,1,1,0,0,0,0,3,3,0,0,0,0,3
大廳有一點奇怪味道，吃早餐地點的座位稍微少了一點，要排隊等待入場用餐,1,1,0,0,0,0,3,3,0,0,0,0,3
我預定三人房，後來看了訂房評價才知道有人跟我一樣的問題。想問旅店為何遲遲沒改善尿騷味問題？還讓旅客入住？失望 ,1,1,0,0,0,0,3,3,0,0,0,0,3
浴室有蟑螂，對於福華飯而言，這個相當不應該。床單被套包裝也很不整齊，不是飯店該有的水準。,1,1,0,0,0,0,3,3,0,0,0,0,3
空調、冰箱壞了清潔度不佳,1,1,0,0,0,0,3,3,0,0,0,0,3
停車場是室外的，而且離大廳有段距離。入住房間在餐廳正上方，清晨就有食物油煙味飄進房內，不是很舒服,1,1,0,0,0,0,3,3,0,0,0,0,3
衛浴設備不ok，蓮蓬頭頭沾黏未清理,1,1,0,0,0,0,3,3,0,0,0,0,3
設備老舊，房內清潔度待加強，完全看不出是是五星級飯店,1,1,0,0,0,0,3,3,0,0,0,0,3
以度假酒店而言，福華的所有員工完全談不上友善及熱情建築內、外硬體都老舊，完全感受不到有在用心改善更新。地下停車場非常骯髒噁心。,1,1,0,0,0,0,3,3,0,0,0,0,3
有煙味，房間有些霉斑 掉漆,1,1,0,0,0,0,3,3,0,0,0,0,3
一開門聞到煙味，房間霉味很重，桌上都是灰塵。是因為太久沒人住了嗎？熱水壺底層也一層垢。走廊昏暗,1,1,0,0,0,0,3,3,0,0,0,0,3
如果會在意小細節的人，可能要多注意一下，地毯跟窗簾有污漬，走廊看起來很陰暗,1,1,0,0,0,0,3,3,0,0,0,0,3
蓮蓬頭軟管的清潔有待加強,1,1,0,0,0,0,3,3,0,0,0,0,3
飲水機看起來有點髒,1,1,0,0,0,0,3,3,0,0,0,0,3
入住前從網路上發現許多人評論的房間霉味，一進房間確實如此，當天入住時，房間裏有一股濃濃的味道。另外大廳的香氛味道真的可以考慮換個味道，可惜大廳裝潢擺設還不錯，但令人有點頭暈的香氛味道掩蓋了想營造的氛圍，另外房間的床有稍微偏硬，還有地毯有積滿灰塵，最後一天馬桶旁邊不知道為何出現積水，房間的窗戶也看的出來已經很久沒洗窗了。,1,1,0,0,0,0,3,3,0,0,0,0,3
房間霉味很重，回去之後行李也都是霉味,1,1,0,0,0,0,3,3,0,0,0,0,3
房間空調有味道，地毯髒髒的，廁所淋浴磁磚有發霉。,1,1,0,0,0,0,3,3,0,0,0,0,3
入住豪華雙人房，入房並未聞到霉味，但睡覺時一直聞到有股霉味，原來是被子有霉味,1,1,0,0,0,0,3,3,0,0,0,0,3
雙人房型煙味很重雖然換了房間還是有煙味房間裝潢老舊被子蓋起來身體接觸到的地方會癢,1,1,0,0,0,0,3,3,0,0,0,0,3
房間菸味很重、地毯和廁所鏡子沒有很乾淨,1,1,0,0,0,0,3,3,0,0,0,0,3
床髒 ,1,1,0,0,0,0,3,3,0,0,0,0,3
熱水壺發霉,1,1,0,0,0,0,3,3,0,0,0,0,3
電視可以在改善一下，有時候可以看有時候不能看，浴室洗手台及床頭櫃有小蟑螂，可能要在改善一下整體來說很滿意有機會去台南會在選擇住宿,1,1,0,0,0,0,3,3,0,0,0,0,3
清潔度可以再加強，當天去冰箱還有前組客人留下來的飲料，廁所馬桶小號按鍵壞了不能沖，好加在大號按鍵還可以用,1,1,0,0,0,0,3,3,0,0,0,0,3
廁所馬桶按鈕有問題，要壓好幾下水才會停床頭沒用乾淨，有前遊客的頭髮，不是只有一兩根，是有好幾根而且還黏在上面,1,1,0,0,0,0,3,3,0,0,0,0,3
床單跟枕頭有異味,1,1,0,0,0,0,3,3,0,0,0,0,3
房間空間跟網路照片有落差、寢具有點不潔（有請房務人員更換）,1,1,0,0,0,0,3,3,0,0,0,0,3
浴室有小蟑，飯店走道濕氣味重地毯老舊房門老舊,1,1,0,0,0,0,3,3,0,0,0,0,3
浴室地板只要有水就非常滑，很危險，地板積水很難排掉，睡一晚浴室地板還是積水，建議可多放幾快防滑墊及地板刮水器。親子房內的月球裝置上方及電線灰塵很厚。,1,1,0,0,0,0,3,3,0,0,0,0,3
有一點點點的菸味，飲水機很少。,1,1,0,0,0,0,3,3,0,0,0,0,3
地毯看起來有點舊，上面有髒污，空調出風口有一點灰塵黏在天花板上，浴室空間有點太小。,1,1,0,0,0,0,3,3,0,0,0,0,3
設備東壞西壞，走廊有煙味,1,1,0,0,0,0,3,3,0,0,0,0,3
空間太小 有煙味爛 爛 爛 還是爛,1,1,0,0,0,0,3,3,0,0,0,0,3
冷氣超級吵，沒有熱水，浴室很髒……桌子螞蟻超多……,1,1,0,0,0,0,3,3,0,0,0,0,3
煙味，隔音不好,1,1,0,0,0,0,3,3,0,0,0,0,3
地板很髒而且蓮蓬頭還壞掉,1,1,0,0,0,0,3,3,0,0,0,0,3
窗台跟地面有很多灰塵 晚上回來沒車位停,1,1,0,0,0,0,3,3,0,0,0,0,3
浴室澡缸有點危險家庭房，浴室門是馬賽克，不方便，且門扣上會很大聲房內地板不太乾淨,1,1,0,0,0,0,3,3,0,0,0,0,3
隔音差，有菸味,1,1,0,0,0,0,3,3,0,0,0,0,3
浴缸淋浴空間有點小，房間沒提供棄式拖鞋，地板不是很乾淨,1,1,0,0,0,0,3,3,0,0,0,0,3
房間不提供室內拖鞋、沐浴洗髮都是一次性小包裝不環保、剛入住的時候浴室地板就有些毛髮、淋浴門下面縫過大容易漏水出去,1,1,0,0,0,0,3,3,0,0,0,0,3
廁所沒辦法完整關閉會有縫隙與外面接觸ps 剛入住有看到小蟑螂但瑕不掩瑜,1,1,0,0,0,0,3,3,0,0,0,0,3
整間空氣不流通（味道像ktv包廂）,1,1,0,0,0,0,3,3,0,0,0,0,3
訂單說明是加大床，實際卻是兩張單人床併床，房間的冰箱打開，冷凍夾層蓋子打開居然是發霉黑色的情況，嚇的冰了東西也不敢吃了,1,1,0,0,0,0,3,3,0,0,0,0,3
房間裡有柱子還在床旁邊床前面怎麼會有一大面鏡子廁所整潔不佳沒有吹風機 還要到櫃檯詢問,1,1,0,0,0,0,3,3,0,0,0,0,3
浴室窗簾 嚴重發霉 浴室內無一面鏡 窗頭地板灰塵多 反,1,1,0,0,0,0,3,3,0,0,0,0,3
這次入住吵雜了點，隔音依舊不好，但這次比較不滿意的是在塵瞞這塊，弄的我們身體癢癢的，因為有床頭燈，燈照很強，一照很明顯看到灰塵在飄，這實在需要好好改進。,1,1,0,0,0,0,3,3,0,0,0,0,3
房內烤漆的扶手或收邊都已經掉漆斑駁嚴重，雖然不影響使用，但美觀度有差，另外因為是假日入住，，有點心痛,1,1,0,0,0,0,3,3,0,0,0,0,3
沙發上有不明汙漬，少了一盞小夜燈，天花板上裝設的消防設備的紅色燈光也太亮了吧當燈全關時紅色的光會很刺眼,1,1,0,0,0,0,3,3,0,0,0,0,3
走進房間廁所有一股味道不是很好聞，隔音有一點點不太好，晚上還可以聽到一點點隔壁的聲音,1,1,0,0,0,0,3,3,0,0,0,0,3
房間雖然有升等為四人房，但床跟沙發還有電視之間的擺放位置很詭異，不是很方便，另外兩張雙人床上都有頭髮，清潔程度有待加強，房內的個人用品配給就只有基本的牙刷牙膏梳子，沒有浴帽，四人房供給面紙也只有一包,1,1,0,0,0,0,3,3,0,0,0,0,3
房間棉絮有點多浴室設計不夠完善,1,1,0,0,0,0,3,3,0,0,0,0,3
棉絮較多了一點，陽光灑進來就可看見棉絮漂浮在空間內，床的舒適感差了點，早上起床有些腰酸背痛,1,1,0,0,0,0,3,3,0,0,0,0,3
美中不足的地方是廁所洗髮乳跟沐浴乳有些淋浴間是空的，加上廁所有時候會看到地板有包裝紙垃圾，還有隔音方面需要加強一下！半夜別的房客回來會很清楚聽到外面有人走動的聲音,1,1,0,0,0,0,3,3,0,0,0,0,3
因為空間小所以隔音差、沒有很熟的情侶比較不建議 。第二次入住空間有稍微異味，不確定是什麼味道,1,1,0,0,0,0,3,3,0,0,0,0,3
這次入住的房間是四人房，地板是需要脫鞋上去的，木板聲音走過稍微大聲，本次房間的小毛絮好像比較多.稍微過敏了.如果有附梳子的話會更完美,1,1,0,0,0,0,3,3,0,0,0,0,3
被單整潔度需再加強 洗手檯應設毛巾架 ,1,1,0,0,0,0,3,3,0,0,0,0,3
鏡子很髒，應該是清潔人員長期遺漏沒擦。其他清潔都很好建議淋浴間可以有小架子，讓洗澡時可以放肥皂或是洗髮巾,1,1,0,0,0,0,3,3,0,0,0,0,3
另外泳池希望能維持整潔，會讓房客使用的更加安心客房。,1,1,0,0,0,0,3,3,0,0,0,0,3
浴室地板有較低窪處，水無法完全排除，進出浴室需小心行走以避免跌傷。沒有提供拖鞋，而地板為毛毯，看的出來盡心維護，但長期難免有污漬。,1,1,0,0,0,0,3,3,0,0,0,0,3
浴缸的水真的是比較小，～，不然只能泡半身  還有一個小小小的建議，淋浴間蓮蓬頭上出水孔附近一定要常清洗，因為有髒污，黑黑的觀感比較不好 ,1,1,0,0,0,0,3,3,0,0,0,0,3
入住四人樓中樓浴室廁所雖然分離～但空間有點不足～浴室放衣架部分可以大一點～床頭燈的櫃子需要加強打掃,1,1,0,0,0,0,3,3,0,0,0,0,3
不乾淨，床不好睡。,1,1,0,0,0,0,3,3,0,0,0,0,3
隔音稍差，容易聽見走廊聲響，有些牆角有灰塵～,1,1,0,0,0,0,3,3,0,0,0,0,3
空調的轟隆隆聲音很大，冷氣到一定溫度就會有很濃霉味，臭臭的，整家人快冷死。洗澡那間的廁所易積水，關上門後還是從門縫流出來。衣架太少，四人房的衣架才三支，根本不夠用。床很晃，起身時隔壁人都知道。大廳沒有垃圾桶要丟垃圾都要麻煩櫃檯人員。,1,1,0,0,0,0,3,3,0,0,0,0,3
木質鏡框、木質桌子有裂痕大門邊的牆壁上架子有灰塵（建議把架子拿掉）,1,1,0,0,0,0,3,3,0,0,0,0,3
沙發上有不明汙漬，少了一盞小夜燈，天花板上裝設的消防設備的紅色燈光也太亮了吧～當燈全關時紅色的光會很刺眼,1,1,0,0,0,0,3,3,0,0,0,0,3
房間雖然有升等為四人房，但床跟沙發還有電視之間的擺放位置很詭異，不是很方便，另外兩張雙人床上都有頭髮，清潔程度有待加強，房內的個人用品配給就只有基本的牙刷牙膏梳子，沒有浴帽，四人房面紙也只有一包,1,1,0,0,0,0,3,3,0,0,0,0,3
房間網路訊號差房間有菸味,1,1,0,0,0,0,3,3,0,0,0,0,3
房間有霉斑，只有大廳是好看的廁所沒衛生紙，隔音非常差,1,1,0,0,0,0,3,3,0,0,0,0,3
或許是因為夏天，所以房間有蟑螂跟飛蛾，浴室有蜘蛛跟蜘蛛屍體。房間內無掛鉤，浴巾或是外套沒有地方可以掛。只有一個小櫃子可以放置，但上面已經放了牙刷、遙控器、衛生紙等房間內原有物品，所以空間不足，浴室內也無空間可放。馬桶緊靠淋浴區正對蓮蓬頭，浴室空間小，即使蓋上馬桶蓋也會噴濕坐墊。馬桶坐墊跟馬桶是分離的，稍微有點不方便，也有些危險，可能會不小心摔倒。另外洗手台水龍頭水壓有點大，洗一次手就噴濕衣服一次，小心開啟也會有點。,1,1,0,0,0,0,3,3,0,0,0,0,3
只是衛浴空間和清潔就不好了，有的馬桶很不清潔，浴室空間小牆上的霉垢、霉斑很多，相信這些也是不健康的產物！建議建議（）,1,1,0,0,0,0,3,3,0,0,0,0,3
房間剛好無窗，有霉味，冷氣運轉速度稍慢，所以會有點悶～,1,1,0,0,0,0,3,3,0,0,0,0,3
床單有煙味！！！洗澡間門簾有些毀損。隔音很差,1,1,0,0,0,0,3,3,0,0,0,0,3
只有無人自助機，竟然不能刷卡，只收現金  讓我多跑一趟atm，導致水會噴整間，衛生紙可能被噴濕   ，電熱水瓶外觀髒，不能馬上降溫,1,1,0,0,0,0,3,3,0,0,0,0,3
公共浴室內的整潔及設備：浴室的門鎖故障，並在其中一間浴室發現有大蜘蛛,1,1,0,0,0,0,3,3,0,0,0,0,3
床、枕不好睡，整潔度不夠,1,1,0,0,0,0,3,3,0,0,0,0,3
一進房間就看到小蟑螂房內還有前一位旅客用一半的牙膏蓮蓬頭的架子鬆動掉下來超危險,1,1,0,0,0,0,3,3,0,0,0,0,3
房間隔音十分差。房間能多些消毒及滅蟲就好了，蟲子有點多。,1,1,0,0,0,0,3,3,0,0,0,0,3
隔音極極極極極差，隔壁的人半夜入住，一點開始用吹風機用到三點，不斷發出噪音到快四點，聽得一清二楚，安靜下來後開始聽到另一邊的打呼聲隔天一早還要上班，住外面睡得最糟的一次房間有霉味,1,1,0,0,0,0,3,3,0,0,0,0,3
浴室很髒亂，窗戶不能關,1,1,0,0,0,0,3,3,0,0,0,0,3
清潔需要加強，冰箱有惡臭還有之前房客留的東西，室內煙味重，雖然後來有用臭氧處理，但味道還是存在，冷氣也很髒，住了兩天真的不是很舒服,1,1,0,0,0,0,3,3,0,0,0,0,3
房間冷氣孔都是灰塵毛巾很臭,1,1,0,0,0,0,3,3,0,0,0,0,3
躺了床舖後全身會癢，有被咬，不太乾淨。,1,1,0,0,0,0,3,3,0,0,0,0,3
馬桶座墊壞掉，有大隻蟑螂出沒…,1,1,0,0,0,0,3,3,0,0,0,0,3
房間有很重的油漆味，感覺剛整修完沒多久，房間內還一度看到小蟑螂，房間沒有掛勾可以掛浴巾，隔音不好,1,1,0,0,0,0,3,3,0,0,0,0,3
住宿費現場付費機器收的跟booking上的不同空間狹宅不舒適 設計不佳有很重的霉味讓愛洗澡的我 連澡都不想洗只想趕快等隔天搬出去換到下一間旅館 在check in前先拜託給我洗澡,1,1,0,0,0,0,3,3,0,0,0,0,3
房間非常非常裡面 半夜才入住 走進去很深暗到有點危險的程度 房間非常潮濕（雖然已經有除濕機）入住才發現是在五樓還幾樓 要爬蠻多樓梯 幸好那天沒喝酒 不適合喝多的人入住哈哈哈哈 房間內整潔度也不是說很好 總之以後不會選擇了～,1,1,0,0,0,0,3,3,0,0,0,0,3
房間有煙味，拖鞋不乾淨，隔音稍差,1,1,0,0,0,0,3,3,0,0,0,0,3
水龍頭跟其他設備都壞掉了（沒有固定住，容易歪掉）設備老舊，地板蠻多頭髮,1,1,0,0,0,0,3,3,0,0,0,0,3
噪音有煙味隔音極差門鎖很爛,1,1,0,0,0,0,3,3,0,0,0,0,3
隔音太差，衛生有夠糟,1,1,0,0,0,0,3,3,0,0,0,0,3
房間有蟑螂，一間鎖壞掉，一間燈壞掉。隔音差，床太軟。,1,1,0,0,0,0,3,3,0,0,0,0,3
綜合蓮蓬頭水壓不平均，壁紙有發霉痕跡,1,1,0,0,0,0,3,3,0,0,0,0,3
大致上是滿意的但貼心提醒一下，覺得大浴巾有味道（那種味道好像是跟餐廳的桌巾一起洗，有點油的怪味道）；想說還是寫一下，要麻煩您們注意一下嘍～,1,1,0,0,0,0,3,3,0,0,0,0,3
整潔，遙控器上都是灰塵，沒有健身房,1,1,0,0,0,0,3,3,0,0,0,0,3
空調設備都會有味道，尤其是進房門的出風口,1,1,0,0,0,0,3,3,0,0,0,0,3
床鋪很不舒服，同床人一動就像地震,1,1,0,0,0,0,3,3,0,0,0,0,3
房間坪數很小很擠，床不舒服，不是獨立筒彈簧床，動一下整個床都在搖晃。,1,1,0,0,0,0,3,3,0,0,0,0,3
枕頭太軟，房間有霉味,1,1,0,0,0,0,3,3,0,0,0,0,3
洗衣機好多棉絮喔！需要清一下,1,1,0,0,0,0,3,3,0,0,0,0,3
可能是疫情關係，棉被太久沒使用，導致棉絮有點多，不影響住宿體驗，若有空氣清淨機就完美了,1,1,0,0,0,0,3,3,0,0,0,0,3
房間的照明開關不好找，水有臭味,1,1,0,0,0,0,3,3,0,0,0,0,3
房間牆壁油漆及壁面髒汙隔牆噪音無法免,1,1,0,0,0,0,3,3,0,0,0,0,3
房間內木紋貼皮沒有質感，衛浴間沒有對外窗，採光與通風不佳，入口處地上有些頭髮，打掃沒有很確實。,1,1,0,0,0,0,3,3,0,0,0,0,3
 一進門的感覺就是都是灰塵，抬頭看都是毛毛的塵在飄很明顯，不經意摸到洗手台的牆壁，也是一層灰，覺得對過敏的人的呼吸道很不舒服！ 隔音有點差會被隔壁敲響聲嚇到,1,1,0,0,0,0,3,3,0,0,0,0,3
上次入住房間的空調有點霉味，房間的的家具略顯老舊使用過的痕跡非常明顯，例如椅子坐墊看起來很老舊，以及木頭桌子上好幾個杯子放置過的痕跡,1,1,0,0,0,0,3,3,0,0,0,0,3
可能床離隔壁浴室近吧？睡覺會聽到隔壁開關洗澡水聲音，走廊走路聲響也明顯～浴室跟房內空間整潔程度都ok,1,1,0,0,0,0,3,3,0,0,0,0,3
浴室顯得不乾淨的樣子，衣櫃沒有衣架子，盥洗用具缺刮鬍刀及梳子。有椅子可以坐，有窗，可以看到外面視野。,1,1,0,0,0,0,3,3,0,0,0,0,3
室內水溝裡有煙蒂，和洗手槽有煙味，不舒服的味道。,1,1,0,0,0,0,3,3,0,0,0,0,3
這次房間的煙味很重,1,1,0,0,0,0,3,3,0,0,0,0,3
一開始進去有煙味，熱水器生鏽讓我不敢倒水使用,1,1,0,0,0,0,3,3,0,0,0,0,3
因為帶小孩旅行，可惜房間煙味滿明顯的,1,1,0,0,0,0,3,3,0,0,0,0,3
房間煙味重，淋浴熱水供應不穩定，水溫忽冷忽燙,1,1,0,0,0,0,3,3,0,0,0,0,3
枕頭有異味，床上有頭髮，咖啡壺和浴缸有髒污，反映後有處理,1,1,0,0,0,0,3,3,0,0,0,0,3
有咖啡機，可以現煮咖啡是很好，但是表面的灰塵很多，讓人懷疑咖啡機內，不敢使用,1,1,0,0,0,0,3,3,0,0,0,0,3
咖啡機有點髒,1,1,0,0,0,0,3,3,0,0,0,0,3
房間隱隱有煙味,1,1,0,0,0,0,3,3,0,0,0,0,3
房間香水味道不喜歡。浴室地板不乾淨。,1,1,0,0,0,0,3,3,0,0,0,0,3
房間煙味超級重…地板及床上都有頭髮還有頭髮…排水孔靠近床邊是否要用蓋子蓋起來…晚上隱約一直聞到水管內的臭味…然後枕頭後面的大枕頭（靠枕）也很有味道是否該清潔？！,1,1,0,0,0,0,3,3,0,0,0,0,3
一進房有股味道，咖啡機跟熱水壺內有灰塵,1,1,0,0,0,0,3,3,0,0,0,0,3
房間有煙味，開空調也沒有改善，跟前台反應才有一個臭氧機但也沒有什麼幫助，浴室地板斜斜的，咖啡壺裡有灰塵。,1,1,0,0,0,0,3,3,0,0,0,0,3
床單上面有血漬沒洗槓淨很大一片,1,1,0,0,0,0,3,3,0,0,0,0,3
有煙味，躺椅也泛黃有垢，咖啡壺沒清理。,1,1,0,0,0,0,3,3,0,0,0,0,3
比較貼身的枕頭、床單、毛巾。是不是成本關係，都髒髒舊舊的。,1,1,0,0,0,0,3,3,0,0,0,0,3
整體裝潢不是很新，車停好後還要走ㄧ段階梯才能到房間，而且階梯的燈很暗，地毯也不是很乾淨,1,1,0,0,0,0,3,3,0,0,0,0,3
這次選了不限房型 ，多次的入住桃園六星，第一次聞到有煙味 想說可能是中央空調原因 原因或許是上一個客人入住留下或則是打掃人留下， 菸蒂附照片 入住時沒清理掉。吹風機是國際牌 風速有夠弱 之前沒住到有放這型號。,1,1,0,0,0,0,3,3,0,0,0,0,3
房間打掃非常不乾淨，冰箱裡面都是黑霉，桌椅都是灰塵，咖啡機都是污漬,1,1,0,0,0,0,3,3,0,0,0,0,3
（像是浴缸有污漬），會掉毛,1,1,0,0,0,0,3,3,0,0,0,0,3
我們住的那間床單上面有血的痕跡你們洗床單的公司沒有洗槓淨都看的到這真的有點 xxx,1,1,0,0,0,0,3,3,0,0,0,0,3
浴缸及花灑架清潔較不乾淨，不適合泡澡。,1,1,0,0,0,0,3,3,0,0,0,0,3
煙味重房間沒有窗戶,1,1,0,0,0,0,3,3,0,0,0,0,3
地板、椅子有灰塵，需要加強清潔,1,1,0,0,0,0,3,3,0,0,0,0,3
房間剛進去的時候有異味開了空調 廁所抽風  有好一點浴室蓮蓬頭  希望可以換新的黑的有點恐怖,1,1,0,0,0,0,3,3,0,0,0,0,3
床太軟 髒髒的感覺沙發也是 有的還破掉,1,1,0,0,0,0,3,3,0,0,0,0,3
房間的窗簾上有不明的髒污，浴室偏老舊牆角都有明顯污垢，洗澡水忽冷忽熱，隔音不太好會聽到別房的聲音。,1,1,0,0,0,0,3,3,0,0,0,0,3
菸味太重，隔音不好，床跟枕頭太軟,1,1,0,0,0,0,3,3,0,0,0,0,3
進門就聞到菸味，電梯太小，,1,1,0,0,0,0,3,3,0,0,0,0,3
床單有點不乾淨皮膚不適,1,1,0,0,0,0,3,3,0,0,0,0,3
房間有怪味冷氣濾網看起來很久沒清潔枕頭套，踏腳墊髒髒的,1,1,0,0,0,0,3,3,0,0,0,0,3
房間無垃圾桶，只有廁所有，廁所腳踏墊不乾淨，浴室悶熱潮濕,1,1,0,0,0,0,3,3,0,0,0,0,3
原本訂的是經濟雙人房，一進入房間煙味極重極臭，就算打開窗戶和冷氣臭味都無法消散。,1,1,0,0,0,0,3,3,0,0,0,0,3
房間有煙味很臭、隔音不好,1,1,0,0,0,0,3,3,0,0,0,0,3
房間很髒，且煙味很重,1,1,0,0,0,0,3,3,0,0,0,0,3
浴室的水龍頭發霉了。,1,1,0,0,0,0,3,3,0,0,0,0,3
毛巾 床單有點髒,1,1,0,0,0,0,3,3,0,0,0,0,3
床上都是頭髮，住在大廳那一層，外面聲音很大,1,1,0,0,0,0,3,3,0,0,0,0,3
清潔度不佳、明明訂雙人床房卻給兩張單人床併起來的雙人房，超級無敵難睡，地上還有毛屑，整體設備老舊不優,1,1,0,0,0,0,3,3,0,0,0,0,3
房間很爛 馬桶還有頭髮,1,1,0,0,0,0,3,3,0,0,0,0,3
棉被枕頭不乾淨 ,1,1,0,0,0,0,3,3,0,0,0,0,3
房間發霉 廁所味道很臭 剛進去窗戶沒關一個晚上殺了六隻蚊子 總而言之不是很推,1,1,0,0,0,0,3,3,0,0,0,0,3
設備舊舊的，毛巾感覺不是很白，消毒水味道很明顯。隔音非常差，，，一整晚沒辦法入睡。,1,1,0,0,0,0,3,3,0,0,0,0,3
有點髒，很像上一位客人用過了然後人員看棉被那些沒太大的髒污就折好繼續給下一個客人用一樣，，門一直開著，每次要出去一打開自己房門都會看見對面倉庫門開著，感覺不舒服,1,1,0,0,0,0,3,3,0,0,0,0,3
需額外找停車場、電梯芳香劑味道重,1,1,0,0,0,0,3,3,0,0,0,0,3
 房間煙味真的很重。 ，隔音差。有人在外面講話聲音很明顯。樓上在打掃時，樓下也聽得很清楚。建議可以自備耳塞。,1,1,0,0,0,0,3,3,0,0,0,0,3
室內空氣不好，有菸味，霉味,1,1,0,0,0,0,3,3,0,0,0,0,3
房間內整潔度有待加強，隔音也不好,1,1,0,0,0,0,3,3,0,0,0,0,3
搭電梯要先爬一樓 停車場有點恐怖 乾淨度不夠,1,1,0,0,0,0,3,3,0,0,0,0,3
邊角落塵多、浴室邊角皂垢易滑,1,1,0,0,0,0,3,3,0,0,0,0,3
窗簾拉起後稍稍有點灰塵在上面,1,1,0,0,0,0,3,3,0,0,0,0,3
一樓入口處很難找而且髒亂,1,1,0,0,0,0,3,3,0,0,0,0,3
飯店一樓入口不明顯，淋浴間排水設計不良，會積水，淋浴間也因此發霉卻沒清潔乾淨，一層樓房間不少，但飲水機只有一台，略顯太少,1,1,0,0,0,0,3,3,0,0,0,0,3
電梯有煙味,1,1,0,0,0,0,3,3,0,0,0,0,3
窗簾後窗戶邊緣皆沒整理 一層厚灰 空調不是很涼,1,1,0,0,0,0,3,3,0,0,0,0,3
廁所有很重的菸味、浴室地板有生鏽痕跡,1,1,0,0,0,0,3,3,0,0,0,0,3
電梯髒、一樓髒亂,1,1,0,0,0,0,3,3,0,0,0,0,3
地板有點髒，浴室太透明，樓下環境很恐怖,1,1,0,0,0,0,3,3,0,0,0,0,3
整理不乾淨，隔音極差,1,1,0,0,0,0,3,3,0,0,0,0,3
停車場需額外收費，空間不大且髒亂，從停車場需提著行李爬一層樓才有電梯可搭。,1,1,0,0,0,0,3,3,0,0,0,0,3
電梯及樓下出入口整潔待加強,1,1,0,0,0,0,3,3,0,0,0,0,3
整體整潔有待改進，床上、棉被上、馬桶蓋上、浴缸裡都有殘留毛髮真的很噁心一樓電梯口處是電動機台處菸味超臭，電梯裡的菸味也是很反感,1,1,0,0,0,0,3,3,0,0,0,0,3
床板會翻個身就有聲音，房間有潮濕的味道,1,1,0,0,0,0,3,3,0,0,0,0,3
浴巾有一股強烈且噁心的男人味道吹風機用一下就過熱 建議自己帶,1,1,0,0,0,0,3,3,0,0,0,0,3
地板有前客人的腳指甲，空調只會越開越冷！,1,1,0,0,0,0,3,3,0,0,0,0,3
我是住六樓的邊間牆壁沒有經常性保養，白色的牆面上滿是髒污，這點大大扣分。,1,1,0,0,0,0,3,3,0,0,0,0,3
房內部分牆壁較髒,1,1,0,0,0,0,3,3,0,0,0,0,3
淋浴門有水垢、蓮蓬頭水管有污垢、房間牆壁太多髒污,1,1,0,0,0,0,3,3,0,0,0,0,3
毛巾、枕頭布上皆有怪異味道 ,1,1,0,0,0,0,3,3,0,0,0,0,3
隔音沒有很好，房間一直有廁所的小蝶蛾 飛到房間到處都是，讓人崩潰,1,1,0,0,0,0,3,3,0,0,0,0,3
大廳擺設的東西有些灰塵和黴,1,1,0,0,0,0,3,3,0,0,0,0,3
上下舖樓梯不好爬，棉被有點霉味，走道離電梯太長，,1,1,0,0,0,0,3,3,0,0,0,0,3
床鋪不乾淨，床上有死掉的小蟲子，推開床墊地板上也有很多灰塵、小蟲。清潔部分可以再加強！,1,1,0,0,0,0,3,3,0,0,0,0,3
地板超髒，無嬰兒浴盆,1,1,0,0,0,0,3,3,0,0,0,0,3
床的清潔衛生不佳,1,1,0,0,0,0,3,3,0,0,0,0,3
床上有蟲蟲屍體， 床邊還有食物包裝紙， 感覺沒有好好的清理過。,1,1,0,0,0,0,3,3,0,0,0,0,3
床的周邊清潔不足，有米粒和頭髮,1,1,0,0,0,0,3,3,0,0,0,0,3
交誼廳擺放的杯子僅只兩個，清潔程度不太佳.....可尋找改善方式~宿舍房的床位空間有些悶熱，空調好像房間內無法調整，燈的部分也無法從床頭開關，有些微不便，廁所希望可以添加酒精噴霧及洗手乳設置，,1,1,0,0,0,0,3,3,0,0,0,0,3
廁所的清潔待加強,1,1,0,0,0,0,3,3,0,0,0,0,3
膠囊旅館衛浴設施似乎沒什麼管理，住了兩天，洗臉盆汙垢也看了兩天，公用垃圾桶裡的垃圾也沒消失的感覺。,1,1,0,0,0,0,3,3,0,0,0,0,3
房間有異味,1,1,0,0,0,0,3,3,0,0,0,0,3
樓中樓 下面有些小果蠅，蓮蓬頭支架壞掉。,1,1,0,0,0,0,3,3,0,0,0,0,3
外觀刻意不拍原來是因為外觀建築龍蛇混雜。此外明明是禁菸旅館，但是旅館、房間處處都充滿菸味，一個晚上沒有開抽風就會整個浴室和房間都是菸味！此處因為建築構造老舊、內部規劃複雜且戶數甚多，如果發生火災一定會死傷慘重，但是卻沒有嚴格禁菸，非常令人擔憂。,1,1,0,0,0,0,3,3,0,0,0,0,3
一入住就發現浴室有蟑螂，棉被掀開床上還有長頭髮，更扯的是冰箱裡面有過期一個月的牛奶，房務人員確定有在整理嗎...,1,1,0,0,0,0,3,3,0,0,0,0,3
床位相當不整潔，甚至還有黑灰色腳印及毛髮，衛浴區味道也很重，沒有提供放置乾衣物的架子等。真的有待加強。,1,1,0,0,0,0,3,3,0,0,0,0,3
外勞很多而且還共用電梯，房間地板是深色但仔細看就好發現很髒，晚上火警警報器還莫名其妙叫,1,1,0,0,0,0,3,3,0,0,0,0,3
沙發上有指甲的屑屑，馬桶沖水還會倒灌，浴室排水不良，邊洗澡邊泡腳？！,1,1,0,0,0,0,3,3,0,0,0,0,3
隔音超級差，糟糕到一個不行，地下停車場環境又髒又臭，房間的浴室地板廁所也都有細沙，床頭一堆灰塵。,1,1,0,0,0,0,3,3,0,0,0,0,3
浴室清潔還留有上一組客人的毛髮…垃圾桶裡的垃圾袋也沒有換更新的…,1,1,0,0,0,0,3,3,0,0,0,0,3
隔音很差，冷氣不涼，冰箱沒插電發霉,1,1,0,0,0,0,3,3,0,0,0,0,3
住的房間床墊旁邊的溝槽都有灰塵頭髮希望可以注意一下,1,1,0,0,0,0,3,3,0,0,0,0,3
房內灰塵多不夠乾淨 感覺太久沒人入住也沒加以整理清潔不夠不適宜孩子,1,1,0,0,0,0,3,3,0,0,0,0,3
馬桶蓋上有髒污,1,1,0,0,0,0,3,3,0,0,0,0,3
進房後一直打噴嚏，灰塵（棉絮不少）後來就戴口罩了 ,1,1,0,0,0,0,3,3,0,0,0,0,3
浴室清潔有待加強,1,1,0,0,0,0,3,3,0,0,0,0,3
連假住了3晚，都不同床，但發現廁所、床位清潔越來越糟棉被都沒更換很失望,1,1,0,0,0,0,3,3,0,0,0,0,3
房間都灰塵，沒有打掃乾淨！,1,1,0,0,0,0,3,3,0,0,0,0,3
淋浴間水壓稍嫌不足，另排水孔堵塞造成淹水，似乎是前面房客造成的毛髮堵塞..,1,1,0,0,0,0,3,3,0,0,0,0,3
電梯很骯髒,1,1,0,0,0,0,3,3,0,0,0,0,3
密室似的房間有裝修後的味道，濃濃的似膠水混化學劑味(希望不是甲荃味),1,1,0,0,0,0,3,3,0,0,0,0,3
馬桶坐墊有一小滴乾掉未清潔的尿漬。,1,1,0,0,0,0,3,3,0,0,0,0,3
廁所有嘔吐味不知道是不是因為空調關係 久久不能散去。,1,1,0,0,0,0,3,3,0,0,0,0,3
冰箱 發霉未清廁所 有尿垢在馬桶上,1,1,0,0,0,0,3,3,0,0,0,0,3
房間異味嚴重,1,1,0,0,0,0,3,3,0,0,0,0,3
毛巾氯的味道有點重,1,1,0,0,0,0,3,3,0,0,0,0,3
床沒清乾淨，還有前人的垃圾,1,1,0,0,0,0,3,3,0,0,0,0,3
床鋪不乾淨,1,1,0,0,0,0,3,3,0,0,0,0,3
冷氣不涼(飯店人員表示是中央空調)插座太少，床底很髒(還有以前客人留下來的襪子),1,1,0,0,0,0,3,3,0,0,0,0,3
隔音不太好，地板有碎屑不太乾淨,1,1,0,0,0,0,3,3,0,0,0,0,3
遇到最尷尬的一點是，我跟我父母及孩子入住，當一打開電視時居然是情色頻道，重點遙控器感應不好關不掉，真是太尷尬啦!!還有隔音真的要再加強一下~~~~~!!!!還有幾間有點煙味!!!,1,1,0,0,0,0,3,3,0,0,0,0,3
房間內的煙味真的很重，一進門就聞到，連浴巾都有煙味，小條毛巾只給一條，另一條是丟棄式的，只有那一條沒有煙味，冷氣是中央空調不能調整冷度，只能調整風量所以吹到最後喉嚨很乾，整晚沒有睡好，停車場空間很小，停好車前需要把行李卸下來，否則會被卡住。,1,1,0,0,0,0,3,3,0,0,0,0,3
不適合家庭住宿，煙味很重設備老舊，浴室可以再加強清潔,1,1,0,0,0,0,3,3,0,0,0,0,3
房間空調有菸味，走廊跟入口菸味更重因為味道睡的很不好,1,1,0,0,0,0,3,3,0,0,0,0,3
走廊就有菸味跟燃燒塑膠的味道，不知道是否是有人在房間吸食毒品?,1,1,0,0,0,0,3,3,0,0,0,0,3
清潔度不佳、設施老舊未維護,1,1,0,0,0,0,3,3,0,0,0,0,3
床板塌下去，有很濃的蟑螂味,1,1,0,0,0,0,3,3,0,0,0,0,3
可以接受老舊殘破，但無法接受不乾淨,1,1,0,0,0,0,3,3,0,0,0,0,3
613房-東西舊，浴缸舊又髒，熱水冷水無法調整，沒冷氣只有用電風扇沒有欸,1,1,0,0,0,0,3,3,0,0,0,0,3
有蚊蟲房間。浴室可怕的髒，不僅有陳年污垢，新的污漬都不沖一下...綿被蠻厚一張，應該沒洗就給下一個用.... ,1,1,0,0,0,0,3,3,0,0,0,0,3
不乾淨，浴室髒,1,1,0,0,0,0,3,3,0,0,0,0,3
房間蟑螂很多房間廁所浴缸看起來很髒，都不敢用,1,1,0,0,0,0,3,3,0,0,0,0,3
太可怕了，旅館老舊到以為他鬧鬼，浴室的瓷磚看起來黑嚕嚕的，門還關不太起來，房間空調不能控制溫度，凌晨四點還被冷醒。,1,1,0,0,0,0,3,3,0,0,0,0,3
設備設施非常老舊，衛生狀況很差，床上有頭髮、木屑...跳蚤很多，大人小孩都被咬了滿身..灰塵多，一直過敏打噴嚏....真的沒住過環境這麼不好的.....,1,1,0,0,0,0,3,3,0,0,0,0,3
浴室廁所真的很髒又舊,1,1,0,0,0,0,3,3,0,0,0,0,3
環境整潔令人作噁，進去廁所地板有薯條，床頭有未使用完的全新保險套,1,1,0,0,0,0,3,3,0,0,0,0,3
房間環境老舊骯髒，非常糟糕無空調設備窗戶紗窗破爛無法開啟,1,1,0,0,0,0,3,3,0,0,0,0,3
有蟑螂在床上 ，一進門看見蟑螂在床上還好可以換房間。 ,1,1,0,0,0,0,3,3,0,0,0,0,3
沒整理，房間衣櫥內有不知名的衣服，窗戶的門窗無法關閉，漏風又吵雜隔音不好。,1,1,0,0,0,0,3,3,0,0,0,0,3
枕頭套沒有洗，頭油味重，而且睡久會塌陷熱水等很久，溫度難控制,1,1,0,0,0,0,3,3,0,0,0,0,3
浴室地板很明顯很多頭髮臉盆還髒髒熱水有點慢，偶有忽冷乎熱。。。,1,1,0,0,0,0,3,3,0,0,0,0,3
冰箱裡還有前次房客喝過的水,1,1,0,0,0,0,3,3,0,0,0,0,3
熱水放了五分鐘才熱，冰箱裡還有前次房客喝過的水,1,1,0,0,0,0,3,3,0,0,0,0,3
地下室有點可怕，浴缸發霉,1,1,0,0,0,0,3,3,0,0,0,0,3
浴缸發霉,1,1,0,0,0,0,3,3,0,0,0,0,3
停車位真的是不怎麼夠而且可以發現因為是公共的，有點髒而且光線不足。飯店的燈光也是不怎麼足夠，用的是暖色系的燈光，但是整個臥室只有三盞的樣子，覺得有點暗。電梯有點小，很容易就超重客滿。,1,1,0,0,0,0,3,3,0,0,0,0,3
停車場跟走廊有待加強，覺得枕頭有些臭味，床舖是硬的。,1,1,0,0,0,0,3,3,0,0,0,0,3
灰塵很多沒打掃廁所,1,1,0,0,0,0,3,3,0,0,0,0,3
地下室很悶臭，髒髒的,1,1,0,0,0,0,3,3,0,0,0,0,3
一開始的房間根本沒有整理，後來換一間垃圾桶還有上一位客戶的垃圾,1,1,0,0,0,0,3,3,0,0,0,0,3
浴室排水孔都是上位房客的頭髮,1,1,0,0,0,0,3,3,0,0,0,0,3
走廊煙味很重,1,1,0,0,0,0,3,3,0,0,0,0,3
浴缸小且邊邊有霉斑,1,1,0,0,0,0,3,3,0,0,0,0,3
一進房就看到小強,1,1,0,0,0,0,3,3,0,0,0,0,3
平面停車場，似乎為剛拆掉的房子有些亂，且狗大便很多。,1,1,0,0,0,0,3,3,0,0,0,0,3
房間清潔待加強,1,1,0,0,0,0,3,3,0,0,0,0,3
房間乾淨到有小強。,1,1,0,0,0,0,3,3,0,0,0,0,3
浴室卻很小，聲音很大聲，即使關上房門都聽得很清楚。有些髒亂。,1,1,0,0,0,0,3,3,0,0,0,0,3
停車位出入不太方便，樓梯較老舊不是很乾淨床單上有一點不明血跡，隔天才發現的家庭房燈不是很明亮,1,1,0,0,0,0,3,3,0,0,0,0,3
停車廠灰塵太多,1,1,0,0,0,0,3,3,0,0,0,0,3
停車場的環境很糟糕。才停一下下臭味就瀰漫進車裡了。,1,1,0,0,0,0,3,3,0,0,0,0,3
房間有菸味，隔音不大好，浴缸浴室可增加止滑墊，預防意外，容易滑倒,1,1,0,0,0,0,3,3,0,0,0,0,3
上一個旅客的毛巾沒收，設備太過老舊,1,1,0,0,0,0,3,3,0,0,0,0,3
此生最爛的住宿經驗，一開始以為評價講的應該沒那麼糟，圖片看起來也不錯，結果房間床上有螞蟻在爬，地板很厚的灰塵，晚上睡得很差，蚊子很多。 ,1,1,0,0,0,0,3,3,0,0,0,0,3
停車場環境非常差,1,1,0,0,0,0,3,3,0,0,0,0,3
晚上睡覺時在床上發現一隻小蟲蟲，沒打掃好。可以的話，房卡有兩張比較好，一張放在房間通電，一張可以帶出門，因為房門戴上後是自動鎖的，暫時去車上拿東西時不小心被鎖在門外，又沒帶手機，只好等房裡的人開門，有點冏。,1,1,0,0,0,0,3,3,0,0,0,0,3
發現早餐時，餐廳沒供應（叉子），會比較不便，也許有外籍人士入住用餐，會造成困擾，還有餐廳外面用餐區，桌椅（灰塵）蠻多的，需要改善,1,1,0,0,0,0,3,3,0,0,0,0,3
床單上有些許污漬,1,1,0,0,0,0,3,3,0,0,0,0,3
房間有濃厚的菸味，冷氣出風口灰塵厚,1,1,0,0,0,0,3,3,0,0,0,0,3
浴室有一些蛾蚋在飛，水管需要消毒了！,1,1,0,0,0,0,3,3,0,0,0,0,3
 有聞到少許煙味， 浴室的電視沒有像房間這麼多節目，像是電影或是成人。,1,1,0,0,0,0,3,3,0,0,0,0,3
菸味太重！然後客廳沒有插頭可以充電太不方便了,1,1,0,0,0,0,3,3,0,0,0,0,3
窗簾不夠密合，有些窗子甚至沒有窗簾，隱密性不太夠，電視不是很好操作，沙發頭枕以及床頭墊有些頭髮油臭味，有點嚇人。,1,1,0,0,0,0,3,3,0,0,0,0,3
床頭的凹槽有前一個客人吃完的餅乾袋沒有清理到。,1,1,0,0,0,0,3,3,0,0,0,0,3
房間空氣清淨不夠好,1,1,0,0,0,0,3,3,0,0,0,0,3
清潔度可以再好，燈光可以再亮。,1,1,0,0,0,0,3,3,0,0,0,0,3
浴室有點醜，不舒服,1,1,0,0,0,0,3,3,0,0,0,0,3
本身鼻子過敏，房間味道，讓我鼻子不太舒服。,1,1,0,0,0,0,3,3,0,0,0,0,3
房間有蟑螂，床舖是兩張單人床合併的。,1,1,0,0,0,0,3,3,0,0,0,0,3
水床有髒污,1,1,0,0,0,0,3,3,0,0,0,0,3
房間的清潔還要努力一下，蚊子有點多。,1,1,0,0,0,0,3,3,0,0,0,0,3
設備老舊，有煙味 ，整潔度不佳,1,1,0,0,0,0,3,3,0,0,0,0,3
吹風機出風口有頭髮，浴室有止滑墊但沒地墊。,1,1,0,0,0,0,3,3,0,0,0,0,3
房間都煙味，噁心,1,1,0,0,0,0,3,3,0,0,0,0,3
一進去地板就沙沙的，然後進去浴室居然備品有被開封過，讓人非常不舒服,1,1,0,0,0,0,3,3,0,0,0,0,3
床單及枕頭感到有濕氣，建議因年久斑駁或老舊，應更新軟硬體設備，否則真的太糟糕。,1,1,0,0,0,0,3,3,0,0,0,0,3
房間的氣味如同垃圾車,1,1,0,0,0,0,3,3,0,0,0,0,3
評論說的乾淨整潔，就是讓我進房間看到一堆蟲嗎,1,1,0,0,0,0,3,3,0,0,0,0,3
冷氣太吵，房間有霉味,1,1,0,0,0,0,3,3,0,0,0,0,3
煙味太重，換房也是，太難受！,1,1,0,0,0,0,3,3,0,0,0,0,3
人房煙味太重，地面潮濕,1,1,0,0,0,0,3,3,0,0,0,0,3
房間出現蟑螂！,1,1,0,0,0,0,3,3,0,0,0,0,3
不知道是否無開窗的關係或是地毯，有濕氣的霉味，不過不影響住宿體驗,1,1,0,0,0,1,3,3,0,0,0,1,1
隔音不算好，淋浴間的排水孔功能不太好，最大的缺點是房裡菸味濃厚到吸了會頭暈，但我也不清楚這間旅店有沒有分禁菸跟吸菸房，如果沒有分建議不抽菸的人還是多貼一點找個禁菸的旅館吧。整體來說不推薦。,1,1,0,0,0,0,3,3,0,0,0,3,3
這是第二次入住了，我只要求乾淨，雖然走廊上還是有聞到菸味，不過這次入住時飯店有要求不可在房內吸煙，但是礙於台灣房客的素質，還是有人偷抽菸,1,1,0,0,0,1,3,3,0,0,0,3,3
四點到五點外面一直有人在開抽屜關抽屜，擰水的聲音，完全無法睡覺，隔音很差，冷氣也一直有運轉聲音，房間一打開有一股味道,1,1,0,0,0,1,3,3,0,0,0,3,3
有部分區域未清潔乾淨 例如 床單與彈簧床之間夾著一些頭髮，無法清除，吹風機一打開有一堆灰塵飛出，另外因這次的房間位於備品間的附近，五、六點就聽到清潔人員劈哩啪啦的談話聲以及工作，雖是他們工作職責，但由於隔間都是木頭，隔音較差，談話聲以及清理聲響過大容易造成客人無法休息，或較淺眠會無法入睡,1,1,0,0,0,1,3,3,0,0,0,3,3
上樓的電梯隱身在巷弄內，很舊很髒，旁邊還有一堆無所事事的中年人在玩遊戲機每次出入就盯著你看，感覺非常不舒服，而且覺得危險，會產生很大的不安全感。商旅本身很適合兩人同行的旅客，或單身男生。,1,1,0,0,0,1,3,3,0,0,0,3,3
進房有菸味，房客品質有待加強。,1,1,0,0,0,1,3,3,0,0,0,3,3
單人房小 剛進門會有一股潮濕味 但便宜划算,1,1,0,0,1,0,3,3,0,0,1,0,1
價錢確實便宜，電梯裡有煙味，整體清潔度有待加強,1,1,0,0,1,0,3,3,0,0,1,0,3
電梯裡有煙味，整體清潔度有待加強，價錢確實便宜,1,1,0,0,1,0,3,3,0,0,1,0,3
浴室無乾濕分離，浴室也不太乾淨，唯一的優點只有價格便宜。,1,1,0,0,1,0,3,3,0,0,1,0,3
些許壁貼已與牆壁分離，可看出設施老舊，放置茶包上面的玻璃桌面有一層灰，以這樣的價格，我會願意再加價住更好一點的飯店。,1,1,0,0,1,0,3,3,0,0,3,0,3
價格不便宜，不太滿意，客房清潔有疑慮，入住時看見沙發後方有一條小毛 淋浴間都未開始使用，進入淋浴間發現地上有幾支長髮,1,1,0,0,1,0,3,3,0,0,3,0,3
房間還有蟑螂價格,1,1,0,0,1,0,3,3,0,0,3,0,3
淋浴間的架子是斜的根本無法置物，但房間一直吹不涼，房間內的杯子沒清潔乾淨還有咖啡漬，買了三人早餐後，比四星的還貴，品質也沒有符合房價,1,1,0,0,1,0,3,3,0,0,3,0,3
以這種價碼來說房間真的小太多，設施都破舊，牆面也發霉。,1,1,0,0,1,0,3,3,0,0,3,0,3
一進房便有個異味，房間多處裝潢脫漆，房內的咖啡盤上仍有污漬，實在與老爺給人的形象不符很失望，台南落在這樣價位收費的飯店能有更好選擇,1,1,0,0,1,0,3,3,0,0,3,0,3
竟然看到整理房務都沒換床單被套，只是把稍微折一下而已……難怪睡了會癢，而且房間還很吵～這種品質上下舖一晚還要980,1,1,0,0,1,0,3,3,0,0,3,0,3
這是第二次入住六星第一次入住印象好，這次升級加價豪華雙人房可是感覺跟一般房無差別，住的是高跟鞋房型入房房內清潔度地上有毛髮，浴室跟按摩浴缸分離太遠，真的不太方便，地板很容易濕滑這樣失去乾濕分離意義，洗澡水會流出馬桶範圍房內整格局沒有很喜歡。提供的貼心小物後面洗澡完吹頭髮發現不過暫不需要，只是可以直接提供於房間內更佳更便利（另可以再多個髮圈之類）電視台、電影台設定好無法任轉，無法轉想看的加時間，價錢可以稍微低點，有點高。,1,1,0,0,1,0,3,3,0,0,3,0,3
花比較多一點的房價 住著比較小的房間 浴室的門關不起來 房外有明顯煙味，清潔沒有很好,1,1,0,0,1,0,3,3,0,0,3,0,3
床鋪太難睡，地點好,1,1,0,0,0,0,3,3,0,1,0,0,3
浴室卻有很濃的菸味傳出。洗澡會淹水。位置距離一中街不遠。,1,1,0,1,0,0,3,3,0,1,0,0,3
廁所消毒味有點重，位置近羅東夜市,1,1,0,1,0,0,3,3,0,1,0,0,3
屋內清潔可再加強，飯店旁就有公車站也有全家,1,1,0,1,0,0,3,3,0,1,0,0,3
位在商場大樓裡，一直無法順利搭上進飯店的電梯，假日許多外勞晚上蠻令人害怕。浴室有頭髮，需再加強打掃房間冷氣不夠冷，就在火車站附近很方便,1,1,0,1,0,0,3,3,0,1,0,0,1
膠囊房床單枕頭上還有毛髮，像沒洗過一樣，離車站很近,1,1,0,1,0,0,3,3,0,1,0,0,3
住四天，沒人打掃清潔，第一天有盥洗用品，其餘就沒補充，熱水供應不正常，交通尚可。,1,1,0,1,0,0,3,3,0,1,0,0,3
飯店太過老舊，房內桌子衣櫥近乎潰爛，浴室有用過未清的毛巾，排水孔有近半垃圾未清，馬桶骯髒，未提供浴巾，蓮蓬頭只能手持無法掛著牆上使用，空調無法控制，壁紙剝落，走道昏暗，近車站。,1,1,0,1,0,0,3,3,0,1,0,0,3
冷氣超冷又是中央空調，不能調溫度還不能關！設備比較老舊的感覺，一樓有菸味。鄰近中國醫學大學，走路就會到，對考生方便。,1,1,0,1,0,0,3,3,0,1,0,0,3
背包客床鋪有不知名的頭髮棉被枕頭都有霉味也太噁心了吧，位置方便。,1,1,0,1,0,0,3,3,0,1,0,0,3
設備老舊到連拖鞋壞掉都沒有換，只有打赤腳，可是地板非常非常的髒，有灰塵，旅店地理環境是真的很好,1,1,0,1,0,0,3,3,0,1,0,0,3
廁所尿味重，壁面，地面及設施都太過於破舊了。離車站近，非常方便，週邊生活機能佳。,1,1,0,1,0,0,3,3,0,1,0,0,3
離車站近，非常方便，週邊生活機能佳。廁所尿味重，壁面，地面及設施都太過於破舊了。,1,1,0,1,0,0,3,3,0,1,0,0,3
電燈壞掉可以修理一下。托鞋有少。浴廁、馬桶可以再用乾淨一點。走路5分鐘內有市場，10分鐘到市區，用餐方便。,1,1,0,1,0,0,3,3,0,1,0,0,3
走路5分鐘內有市場，10分鐘到市區，用餐方便。電燈壞掉可以修理一下。托鞋有少。浴廁、馬桶可以再用乾淨一點。,1,1,0,1,0,0,3,3,0,1,0,0,3
建議櫃檯可以整理一下，畢竟是check-in時的第一觀感。還有房間紗窗若關不起來建議要修理一下、還有房間天花板滴水問題也是。總之，建議還是要定期檢查整修一下。地點方便。老舊沒關係，但乾淨方面可以再加強一下會更好，尤是其衛浴。,1,1,0,1,0,0,3,3,0,1,0,0,3
住宿靠近火車站，也在市場隔壁很方便。因為是老舊的設備，感覺乾淨程度沒有想像中佳。,1,1,0,1,0,0,3,3,0,1,0,0,3
因為是老舊的設備，感覺乾淨程度沒有想像中佳。住宿靠近火車站，也在市場隔壁很方便。,1,1,0,1,0,0,3,3,0,1,0,0,3
地點好，床鋪太難睡,1,1,0,1,0,0,3,3,0,1,0,0,3
隔音超差，沒熱水，床舖有霉味，設備簡陋，煙味很重，乾淨度有待加強，地點方便。,1,1,0,1,0,0,3,3,0,1,0,0,3
停車場很可怕，位子又太少，早餐位子不夠，無法用餐，連住二晚，第二晚竟沒有清潔並換新浴巾，且出門前已有提醒櫃台浴室會漏水。地點好,1,1,0,1,0,0,3,3,0,1,0,0,3
整潔度還需要加強，一般電視頻道畫質不好，操控不便，地點位置方便。,1,1,0,1,0,0,3,3,0,1,0,0,3
飯店老舊，居然沒有三孔插座，帶筆記型電腦旅客，必須附帶插座轉換頭。房門是木質的空心夾層門，喇叭門鎖，配普通鑰匙，很容易被竊賊打開，門內雖附有開關，卻有些鬆動。中央冷氣無法使用，所以配電扇一個！浴室因陳年汙垢洗不乾淨，感覺好噁心！地點在市場旁，早餐店很多，購物方便。提共一輛非常破舊的自行車，勉強可以騎。年假期間，房價雖漲但仍屬較為低價的旅社。,1,1,0,1,1,0,3,3,0,1,1,0,3
浴室老舊，房間有小蟑及螞蟻，灰塵蠻多的。地點近車站，價格便宜。,1,1,0,1,1,0,3,3,0,1,1,0,3
便宜便宜、地點方便、有停車場，床有點小。乾淨可以再加強一下。浴室還留有前面客人的濕毛巾和杯子…,1,1,0,1,1,0,3,3,0,1,1,0,3
飯店清潔程度太差，床單不乾淨，睡起來超癢。地理位置佳~附近美食多。住宿價格便宜。,1,1,0,1,1,0,3,3,0,1,1,0,3
地理位置佳~附近美食多。住宿價格便宜。飯店清潔程度太差，床單不乾淨，睡起來超癢。,1,1,0,1,1,0,3,3,0,1,1,0,3
由於位置在東南亞辦事處裡面，移工真的很多~環境有些髒亂，早上大約8點就會有人在唱歌..隔音不是很好,1,1,0,1,0,0,3,3,0,3,0,0,3
整潔度可以再改善，在枕頭、床上都有發現未清乾淨的毛髮。離捷運、輕軌要走一小段，行李多的背包客可以考量一下。,1,1,0,1,0,0,3,3,0,3,0,0,3
地板沒清乾淨黑黑的，地點也不好，離車站好遠,1,1,0,1,0,0,3,3,0,3,0,0,3
浴室還有前房客留下的頭髮，好噁心。地點也很偏僻,1,1,0,1,0,0,3,3,0,3,0,0,3
地點不是很好，能逛的地方不多，房間也不乾淨，還有蟑螂,1,1,0,1,0,0,3,3,0,3,0,0,3
有蟑螂，地點採光不好，房間昏暗昏暗的,1,1,0,1,0,0,3,3,0,3,0,0,3
毛巾上有皮屑，馬桶上有尿漬，地點離夜市太遠很麻煩,1,1,0,1,0,0,3,3,0,3,0,0,3
地點不佳，不好找，此外房間的熱水壺也沒清，很誇張,1,1,0,1,0,0,3,3,0,3,0,0,3
房間有霉味，飯店地點也是陰暗處,1,1,0,1,0,0,3,3,0,3,0,0,3
附近甚麼都沒有，大廳一走進去就有怪味,1,1,0,1,0,0,3,3,0,3,0,0,3
因為地點位在商業大樓，要跟很多店家共用電梯很不方便，廁所有水溝味,1,1,0,1,0,0,3,3,0,3,0,0,3
地點真的不好，空調傳出來的味道也不好聞,1,1,0,1,0,0,3,3,0,3,0,0,3
距離捷運站太遠，，房間有令人感覺不太好的氣味。,1,1,0,1,0,0,3,3,0,3,0,0,3
很偏僻，而且景觀房居然在另外一棟，而且安全舒適度都不是很好,1,1,0,1,0,0,3,3,0,3,0,0,3
房間清潔有待改進 房間地板黏黏的 離捷運站有點距離,1,1,0,1,0,0,3,3,0,3,0,0,3
浴室有煙味，推測是從排水孔飄上來的，不確定是否每個房間都如此，但應該要設法改善，大大破壞了舒適度，很可惜！冬天浴室牆壁要加強除霉；另外一樓入口位置的攤商十分雜亂，不舒適～～,1,1,0,1,0,0,3,3,0,3,0,0,3
聽得到走廊跟旁邊房間的交談聲及電視聲，這次的枕頭感覺不是很舒適，一整晚都沒睡好。飯店離熱鬧的商圈還是有一小段路，另外不知道是不是同天入住的房客太多，電梯都要等很久,1,1,0,1,0,0,3,3,0,3,0,0,3
空調有霉味，位置不好找，招牌不明顯。,1,1,0,1,0,0,3,3,0,3,0,0,3
離捷運太遠了，又沒接駁車可搭，棉被不暖和，枕頭不舒適,1,1,0,1,0,0,3,3,0,3,0,0,3
不知道是不是臨時開的膠囊房，進去那個區塊的時候沒空調。床單也有點灰塵，睡完的時候身體癢癢的。附近好像是酒店，建議要去住宿的人不要太晚入住跟晚上出去遊蕩。,1,1,0,1,0,0,3,3,0,3,0,0,3
不乾淨、設施老舊地點離車站近,1,1,0,1,0,0,3,3,0,3,0,0,3
樓下是網咖 電梯裡味道不太好,1,1,0,1,0,0,3,3,0,3,0,0,3
因為是在第一廣場，移工很多，雖然住宿的環境很不錯，但從樓下搭電梯上來那段時間真的很讓人覺得心驚驚。然後冷氣真的蠻冷的，但在床上一攤開被子就能看到棉絮在飛，心想慘了，我的過敏一定爆發，然後隔天早上起來真的過敏大爆發。,1,1,0,1,0,0,3,3,0,3,0,0,3
冷氣升一度就停止運作，降一度就冷到小孩打噴嚏，床單沒有徹底清潔，飯店在鬧區很吵。,1,1,0,1,0,0,3,3,0,3,0,0,3
沒有停車位，附近停車場很遠，人生地不熟，找很久登記住宿排隊等很久，浴室無乾濕分離，浴室也不太乾淨，唯一的優點只有價格便宜。,1,1,0,1,1,0,3,3,0,3,1,0,3
沒有冰箱、冷氣不太涼、裝潢老舊、衣櫃霉味很重、隔音不好、床鋪很吵，附近的市場更吵，價格便宜,1,1,0,1,1,0,3,3,0,3,1,0,3
沒有空調，隔音差在市場旁半夜吵死人了，房間整個清潔度很差，不可能再去住了。便宜但沒有好貨，害我很信任訂房平台，完全沒替客戶把關。,1,1,0,1,1,0,3,3,0,3,3,0,3
環境便宜有便宜的代價，枕頭套泛黃， 硬床 、地板很'髒 拖鞋很老舊 空調不冷， 旁邊有早市會被吵醒 ， 房間還有蟑螂價格。,1,1,0,1,1,0,3,3,0,3,3,0,3
房間有霉味。雖然服務人員當天有協助更換房間，但另外一個房間也還是有（只是比較好），感覺整棟大樓都有壁癌或滲水的問題。住宿體驗很不好 ,1,1,1,0,0,0,3,3,1,0,0,0,3
"早餐還不錯，房間有煙味。退房時反映問題，服務人員稱""如果告知，會處理或換房。態度良。",1,1,1,0,0,0,3,3,1,0,0,0,1
廁所有異味，但馬上就幫我們再清潔一次了。,1,1,1,0,0,0,3,3,1,0,0,0,1
原本第一間進去消毒味極重！還好馬上幫我們換間房,1,1,1,0,0,0,3,3,1,0,0,0,1
房間不乾淨，反應櫃檯馬上換房，不過也不舒適,1,1,1,0,0,0,3,3,1,0,0,0,3
和式房空間雖大一些，但墊被實在太薄，很難入睡，建議更新為厚一點的。清潔度希望能再加強，地板毛髮很多，不過房務人員態度及服務都是很好的。另外建議八樓可以設置飲水機，不然加水一定要到五樓有點不太方便，謝謝。,1,1,1,0,0,0,3,3,1,0,0,0,3
床褥十分殘舊，冷氣槽十分糟，房間有股黴菌臭味，一晚過後，一行5人全病了 （氣管敏感全部咳到甩肺），早餐衹有白粥及麵包好吃，怎麼吃得飽。,1,1,1,0,0,0,3,3,1,0,0,0,3
浴室使用馬賽克磁磚，感覺上沒那麼乾淨，浴室內有大面對外窗僅使用窗簾遮擋，有點沒安全感，且窗台上有灰塵。入住時飯店員工態度稍嫌冷淡但不失禮。,1,1,1,0,0,0,3,3,1,0,0,0,3
浴室用水有鐵鏽味櫃臺服務周到,1,1,1,0,0,0,3,3,1,0,0,0,3
環境衛生打掃很不乾淨床頭上 超多灰塵 衛浴 可以的話 還是粉刷一下牆壁吧服務人員很滿意,1,1,1,0,0,0,3,3,1,0,0,0,3
浴室的牆角有漏水的情形，進房時有未收拾好的浴巾，但服務人員願意換房間態度良好，可惜沒有空房可換,1,1,1,0,0,0,3,3,1,0,0,0,3
飯店外觀很漂亮，但房間的狀況不是很好，牆壁上都有黑色髒髒的痕跡，看了很不舒服，請改善！房間偏小，衛浴設備簡單但有發霉，給客人使用的浴巾黑黑破破的！隔音也很差，樓上訪客彷彿在跑馬拉松一樣不停的奔跑，跟服務人員反應後，他們說已預約油漆師傅會改善，處理態度很好也贈送我們早餐,1,1,1,0,0,0,3,3,1,0,0,0,3
枕頭不夠乾淨。服務人員態度很好，很忙也都口氣很好。,1,1,1,0,0,0,3,3,1,0,0,0,3
空調沒辦法調溫度 開了很冷 不開很悶 毛絮很多 空氣不是很好  所以整晚起床很多次 沒辦法好好睡 其它部份都很滿意 服務人員很親切 服務讓人覺得很安心喔! 加油!,1,1,1,0,0,0,3,3,1,0,0,0,3
冷氣不涼(飯店人員表示是中央空調)插座太少，床底很髒(還有以前客人留下來的襪子)雖然冷氣不涼，但跟櫃檯反應能不能拿電風扇，飯店人員有給予。後來因房間內蚊子太多，有一位阿姨有給我們補蚊燈和延長線。櫃檯服務人員親切。早上下樓用餐，有外籍旅客未配戴口罩，櫃檯人員有確實像那兩名旅客要求現在疫情期間需配戴口罩才可以進入餐廳用餐，覺得很棒。,1,1,1,0,0,0,3,3,1,0,0,0,1
房間會有霉味，不太好，服務人員很有禮貌，服務很好，早餐非常豐富,1,1,1,0,0,0,3,3,1,0,0,0,3
浴室地板很滑，雖然有附上小張的止滑墊和警告標示，但仍是多次滑倒，還因此而受傷。第一天入住是在中午的時間，整間都有廚房臭抹布的味道，即使到3F房門口都仍是聞得到。當然也有可能是我本身對味道比較敏感，但真的很不行。房間內也是有煙臭味，只好自己跑去買消臭劑。早餐雖然是簡單的粥，但菜色都有調整和變化，也有水果可以吃。,1,1,1,0,0,0,3,3,1,0,0,0,3
可以接受老舊殘破，但無法接受不乾淨，棉被的味道也很怪，但櫃檯的員工接待的很好。,1,1,1,0,0,0,3,3,1,0,0,0,3
隔音較差，頭的位置是隔壁房的電視，會聽到電視聲。早餐菜色豐富，衛生可以再加強。,1,1,1,0,0,0,3,3,1,0,0,0,3
原本預訂的房間有菸味，跟櫃檯反應，馬上替我們升等更換房間，更換後的房間完全沒菸味，服務態度很棒 ,1,1,1,0,0,0,3,3,1,0,0,0,1
服務和地點都不錯，雖然另外一間房間一開門就有煙味，不過馬上就幫我們更換。,1,1,1,1,0,0,3,3,1,1,0,0,1
服務人員親切，附近好停車，馬桶會堵塞，一樓裝修的很美，但樓上房間很像都沒裝修過，非常老舊而且冰箱裡有頭髮跟上個房客留下來的食物,1,1,1,1,0,0,3,3,1,1,0,0,3
馬桶會堵塞，一樓裝修的很美，但樓上房間很像都沒裝修過，非常老舊而且冰箱裡有頭髮跟上個房客留下來的食物，服務人員親切，附近好停車,1,1,1,1,0,0,3,3,1,1,0,0,3
小建議：房務人員打掃要再加強，新浴巾打開跟未使用床單上竟然有上一個客人的毛髮，加強每天更換吧。地點不錯很方便櫃檯人員很熱情很棒,1,1,1,1,0,0,3,3,1,1,0,0,3
抽風系統不太好，味道有點重，位置很好，出行很方便，員工很貼心，只是房間不太乾淨，異味有點重，抽風系統可能要加強,1,1,1,1,0,0,3,3,1,1,0,0,3
打掃的不是很徹底，有些地方有積灰塵；沒有足夠的停車位，地下停車場路面顛簸到誇張的地步櫃檯人員很親切；位在熱鬧的路上，周邊生活機能方便；早餐的青菜多樣且美味,1,1,1,1,0,0,3,3,1,1,0,0,3
床單及枕頭感到有濕氣，建議因年久斑駁或老舊，應更新軟硬體設備，否則真的太糟糕。對面是麥當勞，附近也有家樂福大賣場，距離市區及繁鬧區域不遠，很便利。接待的服務人員很和藹可親，服務態度很好。。,1,1,1,1,0,0,3,3,1,1,0,0,3
大樓出入複雜 外頭到凌晨-3點都還非常吵 ，廁所發霉 ，CP值低，服務還行,1,1,1,1,1,0,3,3,1,3,3,0,3
停車真難停，停完根本不用出去，因為回來會沒位置。附近停車格基本上也是滿的。宵夜的鹹粥鹹到你根本吃不下。一進門一張椅子跟書桌正對著床坐，感覺格局配置怪怪的，因為要慶生選了這間有漂亮浴缸的房型，走進浴室一看浴缸一根毛髮，淋浴間牆壁也有頭髮，也就送算了，然後準備放水泡個澡，，我真的滿頭問號 重點吃宵夜吃到一半使用衛生紙結果抽兩三張下面也包著頭髮，真的受不了，還好最後房務人員幫我們換了房間，才比較舒服過一個晚上。,1,1,1,0,0,0,3,3,3,0,0,0,3
到飯店第一時間，因為天熱想把瓶裝水放入冰箱，發現冰箱有一杯未清理的手搖杯＠＠在使用泳池時，有人全身疹子卻未阻止下水，家人只好悻悻然的離開了。（或許是有告示牌，我沒看到，但就算有牌子，當有身體不適宜下水的人來，理應勸離才是）感覺在整潔維持上，得更花點心思，才較符合五星級的期待。,1,1,1,0,0,0,3,3,3,0,0,0,3
房間有螞蟻，早餐安排有問題 。 ,1,1,1,0,0,0,3,3,3,0,0,0,3
住二晚二個房間，一個房間只有整理垃圾桶，其他東西都沒整理，補充另一個房間更誇張什麼都沒有，連垃圾桶都沒整理，跑去櫃檯請協助整理，還是沒有人來退房時去詢問狀況，告知會詢問然後回覆結果還是沒有消息。  ,1,1,1,0,0,0,3,3,3,0,0,0,3
枕頭棉被都有煙味，連廁所煙蒂都沒清理乾淨，櫃檯人員態度並不友善,1,1,1,0,0,0,3,3,3,0,0,0,3
向櫃檯反應後，說是冷氣問題，房務處理是用類似汽車香水，可是味道整晚都在。,1,1,1,0,0,0,3,3,3,0,0,0,3
沒烤麵包、吃冷的薯條喝沖粉調的咖啡，，很不值得疫情期間請增加臭氧及紫外線消毒，去住進去也是有濃濃的煙味，住進去出門時已經向櫃檯值班小姐反映,1,1,1,0,0,0,3,3,3,0,0,0,3
房間有股味道 地板上出現小強早餐便宜但偏多冷食不好吃,1,1,1,0,0,0,3,3,3,0,0,0,3
預定三晚住宿，第一晚分配到的房間令人傻眼。進房間時發現地板是溼的，想說大概是房務人員疏失沒有把地板弄乾，小事就自己用腳踏墊擦拭一下；過一下發現地板還是溼的，以為大概是剛沒擦乾淨又擦了一輪；沒一下子發現地板還是溼的，仔細檢查後發現是地板在滲水馬上致電櫃臺看可以怎麼處理，結果人員拿來兩條腳踏墊想我鋪在地板打發，說是有聯絡廠商了只是還沒來修。對於這樣的處裡方式非常不滿意，更何況我要住三晚，所以提出換房間的要求。得到的回應是當晚已經客滿無法協助換房，要到隔天等客人退房整理完後才能換房。隔天一大早外出吃完早餐後到櫃檯詢問大概甚麼時候可以換房，櫃臺似乎沒有交接好，還詢問說是哪間房會滲水；告知後櫃臺還回覆我說之前沒聽客人反應有滲水問題，但他還是讓我換房，只是我得先將我的行李整理好寄放在櫃台，下午三點後才可以入住。言下之意是想把滲水的房間整理好另外再賣出嗎？我覺得既然一開始就知道房間有問題，就不應該掛上去賣。這件事大大破壞了住宿的感受，也嚴重降低住宿品質。另外，第一晚暫時解決滲水問題後發現房間跟網站上看到的有非常大的落差。感覺整體小很多，非但沒有照片上看到的辦公桌椅，浴室也小到沒有安裝乾溼分離設備。房間的配置也十分誇張，浴室是一片木拉門，只要浴室的門關起來，便會卡到房門導致房門無法打開。也因為這樣，木門上安裝了自拉彈簧，所以浴室的拉門會維持常開；又因為這樣，房間的燈、空調開關、房卡通電插槽全部都被藏在浴室拉門後面。隔天換了房間之後，才是得到一間正常的房間。除了有原網站照片上看到的辦公桌椅、乾溼分離浴室外，還有一組雙人的沙發桌椅。仔細研究樓層房間配置才發現，第一晚被分配到的房間比一般正常房間整整小了三分之一還跟同級房型賣一樣的價錢，這種行徑說是詐欺也不誇張吧請見我上傳的配置圖另外我發現，房間地板滲水的問題似乎是常態，只是嚴重程度的差異。後來換的房是輕微的大概會滲個一兩滴。第一晚的就真的比較多，而且會持續滲水。房務整理滿潦草的，新入住的房間床上就有頭髮。,1,1,1,0,0,0,3,3,3,0,0,0,3
房間有很濃的菸味，當時有反應，是否可以換房間，卻說要我離開房間一段時間，要處理。覺得感受不是很好。是否在客人入住前，飯店人員要先確認房況ok，才讓客人入住，會可以避免這種事情，會比較好。 ,1,1,1,0,0,0,3,3,3,0,0,0,3
第ㄧ晚 必需簽ㄧ張紙條，內容是 未怎樣罰多少，未怎樣罰多少等 但忘了拍漱口杯髒汙、浴室地板有毛髮第二晚 鋪床不確實，棉被直接放在床上，等於身體蓋到「未包覆的棉被」，棉被上層床單。第三晚 鋪床確實，下層床單棉被上層床單（終於是正常是正常飯店包棉被方式，不會碰觸到多人使用過的裸裝棉被）；但       桌上放置乾淨枕頭套？？未補備品、與房間通電處  ，說進房你有簽ㄧ張紙條喔軟體（櫃臺、清晨人員）皆需要加強,1,1,1,0,0,0,3,3,3,0,0,0,3
客房沒有認真清潔，訂房率高清潔人員忙碌沒用乾淨不是理由地板都是灰塵頭髮指甲骯髒無比被子都是灰塵，床單也有頭髮一開始能換房就要事先告知不用在打掃完後講的如此冠冕堂皇說訂滿了沒辦法換，在大廳等了一個小時打掃明明還沒訂滿，沒誠意解決只會敷衍可惡至極搞的全部人全身過敏糟糕的住房經驗空調都煙味啦,1,1,1,0,0,0,3,3,3,0,0,0,3
房間菸味很重 服務人員態度差不予置評,1,1,1,0,0,0,3,3,3,0,0,0,3
早餐提供蠻多選擇但是都不夠精緻，員工準時十點收拾食物並把音樂開的很大聲房間裡聞起來很潮濕還有煙味，隔天早上起來毛巾上全是煙味,1,1,1,0,0,0,3,3,3,0,0,0,3
服務人員不熱絡有一點冷淡，走道煙味非常重,1,1,1,0,0,0,3,3,3,0,0,0,3
每年暑假都會選擇幾天到這邊過暑假，但是這次覺得很不好，自己不希望成為奧客，所以盡量不要麻煩飯店的人，但是這次我們只是換個地方吃個甜點，被餐廳員工嫌我們是否要省服務費，，而且那位員工說時還讓我們聽到，說實在的，這真的很不ok，員工是代表公司的形象，請問這麼大的公司訓練員工是這樣的嗎？還有這次的房間的水壺有泡麵渣，這些都是之前沒發生過的，我們真的希望飯店能否夠改進，因為我們希望能再去，畢竟我們之前住宿時，員工都很好呀，我們都很喜歡這裏。,1,1,1,0,0,0,3,3,3,0,0,0,3
早餐普通  咖啡真的需要改進 然後走廊的煙味很重,1,1,1,0,0,0,3,3,3,0,0,0,3
浴缸有一堆毛髮，櫃檯稍微冷淡,1,1,1,0,0,0,3,3,3,0,0,0,3
房間有些細微處有小灰塵，早餐算豐盛多樣化，只是口味上有點不習慣，像是蒸蛋沒什麼味道，德國香腸也不是很好吃,1,1,1,0,0,0,3,3,3,0,0,0,3
員工的態度沒有不好，但是冷冰冰，沒有熱情跟親切一進房間就看到洗手台上有前房客殘留的頭髮,1,1,1,0,0,0,3,3,3,0,0,0,3
房間有煙味，早餐動線規劃有待改進,1,1,1,0,0,0,3,3,3,0,0,0,3
廁所的臭水溝味道，早餐看到很多人都說好吃，可是跟吃完後覺得很不值得。,1,1,1,0,0,0,3,3,3,0,0,0,3
房間有點煙味。打掃人員無敲門就開門，幸好有鎖安全鎖。,1,1,1,0,0,0,3,3,3,0,0,0,3
早餐食物不ok，禁菸房煙味很重,1,1,1,0,0,0,3,3,3,0,0,0,3
一進房有個領口的汗味，但不太明顯，只好送來空氣清淨機。早餐內容真的好少。,1,1,1,0,0,0,3,3,3,0,0,0,3
入住的時候，櫃檯人員臉太臭了退房時，房間竟然有小蟑螂不只一隻(嚇慘了),1,1,1,0,0,0,3,3,3,0,0,0,3
房間整潔度需再加強，很多棉絮牆面有不少刮痕髒汙，觀感不佳，早餐菜色無論中西式選擇性不多。,1,1,1,0,0,0,3,3,3,0,0,0,3
入住時根本還沒打掃，而且打掃人員態度很差，說是老闆設定入住的時間根本她打掃不完，但是跟客人講有什麼用，急急忙忙打掃，根本沒用乾淨，然後終於給我們換房，房間有蟲還有別人的保險套沒清掉，各種垃圾沒清完。,1,1,1,0,0,0,3,3,3,0,0,0,3
員工服務態度不好，有待加強。房間櫃子的縫隙中看到衛生紙跟蟑螂。,1,1,1,0,0,0,3,3,3,0,0,0,3
房間有奇怪味道、服務員忘東忘西、、早餐主餐送來的肉沒熟的拿去請他們重新加熱結果還是有一小部分沒熟? 服務員都在廚房聊天,1,1,1,0,0,0,3,3,3,0,0,0,3
堂堂連鎖商旅，完全沒有招牌，打電話過去對方只告知目前看板還沒做好（蛤），然後電話中指路比路人還路人，直到進到大樓共用電梯才有第一個指示牌，進到商旅雖然被自動升等，但一個枕頭有兩個黃色污漬、，疫情肆虐還請好好清潔謝謝。,1,1,1,0,0,0,3,3,3,0,0,0,3
此次為第二次入住，兩次經驗對於櫃台人員印象都並非極佳，無法即時解決房間問題。房間打開有一股很重的濕氣味，浴室排水孔上有一團未清的頭髮…,1,1,1,0,0,0,3,3,3,0,0,0,3
房間稍有霉味隔音差 隔壁半夜吵鬧很難入眠有致電工作人員 但沒改善,1,1,1,0,0,0,3,3,3,0,0,0,3
訂購房間，辦理住房，沒有講清楚，什麼幾點退房，等要我們用問的而且房間內，地板好幾根頭髮，地板又滑，導致我們的小孩，跌倒，後腦勺朝地，整個大哭真的很不ok，地下室停車場不夠大，出去回來後，好幾台都無法停，問了，叫我們去外面找停車場，他們在付停車費，為何沒有備用的停車場，好幾台車都停在那，根本不好出入房間桌面上的檯燈外罩，都是灰塵，本身就有過敏，看到灰塵塵，又在打噴嚏更嚴重，而且房間內的冷氣，冷氣孔的位置根本不適合裝置在上面 ，床上都吹到，有帶小孩，超怕小孩鼻塞感冒，溫度還會自己跳掉小孩睡到半夜，突然醒來哭，因為鼻塞，不管怎麼調，冷氣就會吹到，我們大人都會感冒了，何況小孩，下次絕對不會再次入住這間了非常的糟糕不要再次花錢到這間住宿，買罪受了,1,1,1,0,0,0,3,3,3,0,0,0,3
房間好像有幾天沒住過人，房間各大小角落均有一層薄薄灰塵，老公有點過敏體質開始全身癢到不行，半夜還咳了幾聲，雖然給我們有幾天沒賣出的房間，但我想先再次打掃清潔一次會比較好。隔音實在太差，訂房已經備註因為難入眠對聲音比較敏感，所以希望安排較安靜房間（給我們還是可怕的中間樓層），、電視聲、浴室水管聲、拖椅子大象腳步聲…天剛亮又是拖椅子大象腳步聲。,1,1,1,0,0,0,3,3,3,0,0,0,3
櫃台人員態度不好，走廊很髒,1,1,1,0,0,0,3,3,3,0,0,0,3
牆壁有壁癌不美觀，接待人員處理速度也很慢,1,1,1,0,0,0,3,3,3,0,0,0,3
水杯沒洗乾淨，人員過很久才拿一個新的水杯給我,1,1,1,0,0,0,3,3,3,0,0,0,3
某職員態度不好，公共拖鞋很髒,1,1,1,0,0,0,3,3,3,0,0,0,3
洗衣粉沒了，跟櫃台人員說，都沒有要理人的意思，洗衣機也不乾淨。,1,1,1,0,0,0,3,3,3,0,0,0,3
跟櫃台人員拿盥洗用具，東西用丟的，口氣也很差。房間內的浴室也沒打掃乾淨，都能看見水垢,1,1,1,0,0,0,3,3,3,0,0,0,3
房間有很多小蟲，要求換房，人員都裝作沒聽到，好像我是來找麻煩的,1,1,1,0,0,0,3,3,3,0,0,0,3
人員態度讓我都覺得我是奧客，大廳味道不好聞,1,1,1,0,0,0,3,3,3,0,0,0,3
態度超差，房間味道也不好聞，不會再來了,1,1,1,0,0,0,3,3,3,0,0,0,3
房間有酸酸的味道，請人員幫我們換房，隔了好久才處理和回應,1,1,1,0,0,0,3,3,3,0,0,0,3
回應速度很慢等很久，廁所一直傳出怪味,1,1,1,0,0,0,3,3,3,0,0,0,3
人員處理速度很慢，大廳氣味不好聞,1,1,1,0,0,0,3,3,3,0,0,0,3
1.不知是否因為價格的誤會，老闆臉都超臭的2.房間櫃子灰塵很厚、檯燈也是,1,1,1,0,0,0,3,3,3,0,0,0,3
電話上面也沒有貼櫃檯分機號碼，服務極差，被單洗到變灰灰的也還在用,1,1,1,0,0,0,3,3,3,0,0,0,3
餐廳兒童椅很髒，要自己再清潔一次訂房問題很大，電話特別詢問房型價格問題結果到達的時候還是被誤導訂了錯誤的房型,1,1,1,0,0,0,3,3,3,0,0,0,3
衣櫃打開有很重的鞋臭味，因為住的是家庭房，應該要貼心的不要擺放衛生套及18歲以上的頻道應該要上鎖，以免小孩誤轉。,1,1,1,0,0,0,3,3,3,0,0,0,3
無窗 空間有些壓迫感床單跟房間有異味餐廳員工服務讓人感覺不太好,1,1,1,0,0,0,3,3,3,0,0,0,3
再多要一包綠茶包，不給，還說規定一個房間只能給1包，氣的我出去便利商店買綠茶。,1,1,1,0,0,0,3,3,3,0,0,0,3
廁所未能及時清掃，垃圾滿地，反映廁所塞住，卻遲遲未處理,1,1,1,0,0,0,3,3,3,0,0,0,3
廁所沒有打掃乾淨發現入口手把掛著一件女用內褲，嚇死我了，晚上熱水不熱跟櫃檯反應，要我門開著等人員進來看，也沒有處理，隔音差到隔壁鄰居12點還在一直嘻鬧還是沒有停止，房間味道不好臭臭的。,1,1,1,0,0,0,3,3,3,0,0,0,3
在booking上留言很多天都沒人回應，打電話詢問入房時間，員工一下回答六點一下回答八點，訂房有註明需要嬰兒床，員工卻說網站是公司再看，覺得很傻眼。廁所蓮蓬頭接頭似乎壞掉，一直噴水，床上有頭髮，電視畫質不是很好，廁所電視打不開,1,1,1,0,0,0,3,3,3,0,0,0,3
浴室很滑，建議可以提供防滑拖鞋。房內有一點煙味。早餐餐點偏油，多炸物，難吃。,1,1,1,0,0,0,3,3,3,0,0,0,3
疫情期間入住時沒有量體溫、噴酒精，經過櫃檯時看起來不止我們沒有量（看到入住的客人都沒有量）；房間都是煙味，好不容易第二天一早起床沒什麼煙味，結果第二天半夜不知道哪間房在抽菸，整個房間瀰漫煙味，重點是我們還有幼兒看起來房間不是獨立空調，應該整層樓都受影響床是搖搖床，稍微動到一下床就會晃的很嚴重，該說是彈簧太晃嗎早餐種類不多，也就普普喔對了 退房時發現一樓櫃檯也是煙味不會再住了,1,1,1,0,0,0,3,3,3,0,0,0,3
訂九點的早餐 等到十點半 東西難吃又冷盤 連咖啡 牛奶 杯子 糖包都來不及不補 只有三個工讀生忙到快哭 沒其他人出來幫忙 每桌客人都等到發火了 餐廳還放重節奏的打擊樂 明顯管理層有問題房間設計也很爛 浴室明明夠大 淋浴間卻隔太小 小到彎腰撞牆 還沒有置物架地毯沒清乾淨 有霉味 樓層隔音不佳網路上的好評 應該是假的糟糕到爆炸的入住經驗,1,1,1,0,0,0,3,3,3,0,0,0,3
進房間有霉味，早餐單點非常不ok，第一天沙拉鳳梨壞了，反應無效 ，烤馬鈴薯配菜沒熟，乾濕分離浴室太小。,1,1,1,0,0,0,3,3,3,0,0,0,3
早餐粗糙房間有異味浴室抽風非常大聲不舒服,1,1,1,0,0,0,3,3,3,0,0,0,3
check in櫃台人員態度不佳 眼神不知在看哪裡眼睛長在頭上、浴室鏡面清潔不足有水垢、廁所動向不佳、窗簾有水垢,1,1,1,0,0,0,3,3,3,0,0,0,3
床的長度不足，即便是升等， 。早餐份量略顯不足，尤其是中式。房內的清潔可能不是很好，，但一直覺得身體有點癢癢的。,1,1,1,0,0,0,3,3,3,0,0,0,3
廁所臭味無比，福務員態度差,1,1,1,0,0,0,3,3,3,0,0,0,3
第一天進房間看到浴室，浴缸裡就是沙子跟毛髮，非常不舒服。抽屜裏面有用過的牙線，清潔就大扣分。早餐中等，樣式很多，但是口味中下。薯餅冷調，麵包不好吃，沒有荷包蛋是煎蛋，但是煎得像是超厚超乾的蒸蛋。飯店格局歪斜，進房間很多牆壁突起轉折，而且我門口就寫避難器具，是指如果發生火災，我的房間就是逃生口，不對吧我住兩晚，第二天 沒有人來打掃、倒垃圾、補盥洗用具以及飲用水。我打電話給櫃檯請他們幫我送兩罐水上來，跟我說要自己去櫃檯拿或是到一樓有飲水機，不是每一層都有飲水機很不方便。地下停車場車位有限，如果你晚回飯店也不會幫你保留車位。房門是用傳統鑰匙上鎖的，我住雙人房只給我一張插電房卡以及鑰匙，如果出門或是回房沒有主動鎖門，他人可以直接進入。每天早餐還要前一天自己跟櫃台索取早餐券，因為沒有人打掃也不會主動補給你。,1,1,1,0,0,0,3,3,3,0,0,0,3
房間內的電話、床頭櫃、佈滿灰塵明顯久未擦拭。未提供紙拖鞋，櫃台亦未告知，櫃台人員與清潔人員的溝通有問題。前兩週還有提供拖鞋，，態度卻非常消極，還叫房客去附近商店買，身為長期支持飯店的消費者感到很失望。希望貴公司在網站註明或入宿時告知，哪些備品未提供。,1,1,1,0,0,0,3,3,3,0,0,0,3
整個房間都是複雜的味道，早餐不ok,1,1,1,0,0,0,3,3,3,0,0,0,3
房間內的電話、床頭櫃、佈滿灰塵明顯久未擦拭。未提供紙拖鞋，櫃台亦未告知，櫃台人員與清潔人員的溝通有問題。前兩週還有提供拖鞋，，態度卻非常消極，還叫房客去附近商店買，身為長期支持飯店的消費者感到很失望。希望貴公司在網站註明或入宿時告知，哪些備品未提供。空調一直有雜音，且不只一間。出租的單車有些快沒剎車。,1,1,1,0,0,0,3,3,3,0,0,0,3
早班櫃台態度差。被單不乾淨，引起過敏。浴簾發霉，浴缸明顯污漬。客房內整潔差。,1,1,1,0,0,0,3,3,3,0,0,0,3
跟樓下櫃檯反應毫無效果櫃檯只回了句「是喔：）」廁所小到坐在馬桶上膝蓋都快撞到廁所門吹風機裡都是灰塵，根本沒在清理浴室連個掛浴巾的地方都沒有，水龍頭的水量很小,1,1,1,0,0,0,3,3,3,0,0,0,3
房間消毒水味道太重，隔音太差，早餐選擇太少,1,1,1,0,0,0,3,3,3,0,0,0,3
淋浴間水排太慢，浴室氣味有點尿騷味，牙刷很難用且不易打開，沒有浴帽，早餐選擇性不夠，飲品除咖啡是熱的，其餘皆是冰的。,1,1,1,0,0,0,3,3,3,0,0,0,3
房間小也擁擠，床的牆壁和邊角有點髒，剛入房的時候還有前一房客開過的水，雖然反應後很快就換掉，但不免讓人覺得打掃人員也太草率，且訂房上面沒特別標註是無早餐的，看評價都有說到早餐也沒特別想說是沒早餐的房型，到了現場服務人員才說訂到的是無早餐的房型，，booking訂房也不是第一次，這次真傻眼。,1,1,1,0,0,0,3,3,3,0,0,0,3
check in強制填寫資料麻煩，還打擾我的gmail 廁所有排水溝味很重,1,1,1,0,0,0,3,3,3,0,0,0,3
剛進房間有異味、早餐選擇性偏少，主題是火鍋卻只有雞肉一種肉類,1,1,1,0,0,0,3,3,3,0,0,0,3
一開始進去的房間非常髒亂床上有大量灰塵跟碎屑電話還是壞的走去跟櫃台反應時櫃檯也無特別積極處理的態度只淡淡的問了一句 房間有使用過了嗎讓人感到很不開心,1,1,1,0,0,0,3,3,3,0,0,0,3
房間煙味很重，住客很多要用設施要排很久，停車位有限而且不能預留，櫃台一下說有車位一下又沒車位，讓人在那邊一直繞圈跟笨蛋一樣，有開車的建議乾脆停外面停車場,1,1,1,0,0,0,3,3,3,0,0,0,3
當時入住時請我們直接先停車，直接下去就可以了，後來顯示車位已滿，害我們特地跑去櫃檯問，根本就是你們自己控制，還說用監視器看車子已經下去了，根本沒對講機，誰會知道要下去，到了房間後洗手台冷水超小，房間都還有頭髮，沒有清理乾淨，馬桶蓋髒，住兩天，第二天出去時根本沒跟我們說車位有限，沒有位子需要停外面的收費停車場，當天晚上回來就說需要自己停到付費的停車場，付費停車當時根本沒說過，就回一句你先去停車再說，附近加油站後面有停車場，根本沒有人引導，找了一陣子，找到後發現根本沒位子，我們自己找到其他停車場，後來到櫃台詢問，晚班戴眼鏡短頭髮的小姐，不是到是不是官階很大，從入住時態度就不好，就回一句就是自己要付費，而且知道我們停的位子不是他說的，還直接態度很差的說不是叫你停那裡，跟他說沒位子，還說叫我們把車開出來停湯姆熊那裡，後來說叫我們在旁邊等，等主管出來，主管根本就已經出來了，也不處理，要我們走到櫃檯才說，這優待你打統編在報帳。我們住過很多家，第一次態度很差，櫃檯根本沒有跟人打招呼，反而是餐廳員工比較親切，還需要自行花錢停車，之前住的甚至會幫你停車，就算停外面付費的也是幫我們付掉,1,1,1,0,0,0,3,3,3,0,0,0,3
當初訂房篩選時有說明有停車場，結果只是塞車晚點到而已就說車位已滿要我們自己找車位而且還不是用「請」字而是直接說要我們自己找，哪為何不標記無停車位呢？，而且洗衣間還要押金換卡才能上去洗衣機還很髒 ,1,1,1,0,0,0,3,3,3,0,0,0,3
整個飯店很大一間，卻停車位少到可憐，還要額外多花錢停車（飯店與停車場無特約），很多停車格都是給外面租的，繞了很久才有在外面找的車位。訂單有包含早餐，但辦理入住的員工很少根筋？潦草辦完入住後，也忘記給券，還好有記得訂單時有涵蓋早餐。毛巾很臭又黃黃的。,1,1,1,0,0,0,3,3,3,0,0,0,3
地板不乾淨，都會踩到沙子的感覺不舒服、隔壁房間在清掃的各種撞擊聲非常清楚、大廳有提供咖啡及餅乾，但是不能帶回房間悠哉的享用實在很可惜，再說要房客在大廳食用完畢也沒提供桌子，很不方便。,1,1,1,0,0,0,3,3,3,0,0,0,3
服務態度不佳，詢問問題時回應的服務人員教育訓練待加強。房間內部與照片誤差很大，房內整潔不優ok。房間吃東西的桌子也沒有,1,1,1,0,0,0,3,3,3,0,0,0,3
廁所超臭充滿沼氣味，隔音差，櫃台服務人員態度冷淡。,1,1,1,0,0,0,3,3,3,0,0,0,3
廁所管線不斷飄出很濃煙味，散得整個房間都是煙味，即使噴了消除異味噴霧，過一陣子還是又有煙味，希望能在入住時再提醒顧客，加強宣導（此次check in時並無被告知不可吸煙），只在房間放小小立牌是不夠的,1,1,1,0,0,0,3,3,3,0,0,0,3
房間煙味是許多旅店的課題，此次也不例外。更換房間後仍是煙味房，只是稍減緩一些罷了。，說是沒有房間可更換，派人協助冷氣出風口噴酒精，放下行李後又改說換房間，真實性待評估，打造友善環境是貴旅店需提升的服務能力。,1,1,1,0,0,0,3,3,3,0,0,0,3
房間一進門就有怪味，持續到我們離開，向櫃檯反應卻沒得到相對好的處理方式。浴室僅提供牙刷牙膏，沒有梳子。五樓餐廳沒有確實做好防疫，座位雖有隔板，卻是採自助式的夾菜。,1,1,1,0,0,0,3,3,3,0,0,0,3
員工不是很搭理顧客，比較專注於眼前的電腦，也不會提醒先放置行李再去停車。停車場距離太遠不是很方便。安排我們和團體住同樓層，隔音設備超差，開門關門講話聲一清二楚，一直被吵醒。浴室排水口一堆頭髮。棉被單是舊的還有破洞。早餐自助式很一般。,1,1,1,0,0,0,3,3,3,0,0,0,3
停車場很爛 地毯有點髒 有小蟲 晚班櫃檯人員態度不佳 詢問資訊回答不一致,1,1,1,0,0,0,3,3,3,0,0,0,3
房間整潔度很差，浴室還有之前客人留下的一撮頭髮。房間門密度不高，在房內還能聽到外面風吹的聲音還有飯店本身有提供從大廳接駁到門口的服務，有時間限制，但接駁時間還沒結束，服務人員就已維修為理由不提供接駁，孰不知車子只有在充電，而且仔細一看電力也呈現滿格狀態一間五星級飯店提供這種服務態度讓人觀感十分不佳。,1,1,1,0,0,0,3,3,3,0,0,0,3
早餐食物選項極少客房地板沒清掃乾淨廁所有異味,1,1,1,0,0,0,3,3,3,0,0,0,3
早餐餐廳亂又骯髒，不確定是服務人員太少或者因為客人太多，食物補充速度慢，食物擺放平台因為客人弄髒了未處理，地板食物掉了未擦拭讓客人踏來踏去，桌子未擦拭就安排下一組客人入座，因為入住三天連續看到這樣的早餐用餐空間，實在很難相信這是五星級的餐廳。,1,1,1,0,0,0,3,3,3,0,0,0,3
房間有煙味，床太軟，還有接待小姐心情好像不太好…,1,1,1,0,0,0,3,3,3,0,0,0,3
早餐的味道沒有到不滿意就是口味沒有到好吃！房間廁所洗澡的水壓不夠強洗起來不夠舒服！,1,1,1,0,0,0,3,3,3,0,0,0,3
房間灰塵多，電視遙控器與窗簾可以加強，早餐尚可，希望可多增加牛奶麥片或炒蛋等選項，感覺會更好 ,1,1,1,0,0,0,3,3,3,0,0,0,3
水槽堵住熱水加熱瓶有灰塵（燈壞掉）櫃檯詢問是否加購早餐，也說要加購，隔天去吃早餐卻沒有資料，重複問了我很多次是不是有加購早餐，如果沒有就直接跟我收費就可以了，重複問很多次不是很舒服的感覺,1,1,1,0,0,0,3,3,3,0,0,0,3
浴缸上方抽風機堆滿灰塵，早餐吻仔魚粥米粒結塊而且是冷的，枕頭太低不好睡。,1,1,1,0,0,0,3,3,3,0,0,0,3
進房就發現小餐桌和洗手台旁邊的污漬十分明顯，而且有黏黏的觸感，很像是含糖飲料留下的污漬。咖啡杯口有咖啡漬，拉門旁邊有不知道多久以前的訪客貼上去的雙眼皮貼，床單上有破洞，沙發上有原子筆畫過的痕跡。飯店標榜房內有咖啡機，但咖啡機是壞的，不知情的情況下使用時還冒煙。雖然立即請服務人員處理，但進房的阿姨沒有戴口罩，桌上還擺著我們用一半還打開著的食物，阿姨就對著我們的食物說話，中間還回覆了一次對講機的呼叫，也是對著我們的食物講話，，沒有意識到衛生問題是很令人不安的。,1,1,1,0,0,0,3,3,3,0,0,0,3
完全沒窗戶 房內煙味重無法排出 聞的很痛苦地板感覺沒有很乾淨 還有毛髮 廁所沒有乾濕分離也沒附拖鞋 洗完澡只能濕濕的踩進踩出 空調開不知道多久會自動關掉 住兩天都這樣  一直熱醒  早餐選擇很少  住宿樓層與櫃檯往一樓電梯是不同的  還要轉電梯有點麻煩   這品質  讓我很想垂自己 住兩晚沒有請他們打掃 但也沒多提供浴巾  好在我自己前一天先吊起來晾著  我又不是住幾百元的旅館不用打掃也可以自動提供一下新的浴巾吧入住時找了一陣子找不到訂房資料 出示手機訂房資料才找到 又說只有一間 我再出示訂第二間的資料才又說有 但我兩件訂住宿名字都是一樣的  真的很無言 覺得只是辦入住就很浪費時間 有提供停車但又說黃牌重機不能去停車場停車 管理員不給進  問題是黃牌就是停汽車格不是嗎 最後我們自己去停車場問看看 管理員給停 但我們沒停車卡 又跑回旅館跟櫃台要停車卡再跑去停車 真的是感覺很爛  ,1,1,1,0,0,0,3,3,3,0,0,0,3
和樓下網咖共用電梯，電梯內煙味太濃厚，有帶小孩真的不是很好。室內裝潢隔音真的很不優，可以清楚聽到隔壁的談話，夜間櫃檯電話無人接聽 ，無法協助處理音量問題。,1,1,1,0,0,0,3,3,3,0,0,0,3
沒有早餐，廁所有時會發出異味,1,1,1,0,0,0,3,3,3,0,0,0,3
環境髒亂 出入口複雜 老舊大樓夾層 很沒安全感入住櫃檯沒人辦理  自助式手續複雜繁瑣,1,1,1,0,0,0,3,3,3,0,0,0,3
停車設計非常不好 如果你不是一次性購買車位天數 員工也懶得幫你處理 會讓你自己去樓下繳費 飯店清潔沒有很仔細 住很多天 感覺床單都沒有更換,1,1,1,0,0,0,3,3,3,0,0,0,3
裝潢材料味道太重，日式房床墊太薄，榻榻米太硬，冷氣位置不當，洗臉台位置容易弄濕地板，電視不容易開機，早餐吃不飽，第二天未更換床單,1,1,1,0,0,0,3,3,3,0,0,0,3
大家一定要問清楚所訂的房，有沒有附帶車庫？全省我住過的汽車旅館，沒有上百家，也有50家，如果沒有附帶車庫在房內的，一定標示出來，這家旅館，竟然故意不標示出來，看人來決定給不給房內附帶車庫，看你不爽就不給，管你行李多不多，管你方不方便！態度惡劣，枕頭套沒洗乾淨，有紅點，估計是上一個住客，拿來墊屁股用過的；還有，棉被竟然沒有套，太不衛生！早餐自助式，菜色少，飲品少，難吃的要命！牛奶有牛騷味，果汁是加水的，豆漿是加水稀釋的，奉勸大家喝咖啡還不會生氣！房內的綠茶包，只有一包，所以2人才能共喝一杯喔！再多要一包綠茶包，不給，還說規定一個房間只能給1包，氣的我出去便利商店買綠茶。,1,1,1,0,0,0,3,3,3,0,0,0,3
櫃檯人員臉太臭了，房間竟然有小蟑螂不只一隻(嚇慘了),1,1,1,0,0,0,3,3,3,0,0,0,3
此次入住兩天，第一天晚上因被子不太乾淨（被芯）大過敏，跟夜班櫃台反應，服務人員態度比較冷淡，雖然有提供新的被套跟枕套讓我自己換（可能夜深不方便進房服務）換後無法改善，所以第一晚完全沒睡一早去掛急診第二天跟白天班的櫃檯反應，在客房打掃時有幫我把被子跟枕頭都換新第二晚就沒有過敏的問題,1,1,1,0,0,0,3,3,3,0,0,0,3
員工態度差，隔音差，燈光差，廁所常有怪聲，環境差，舒適度差。,1,1,1,0,0,0,3,3,3,0,0,0,3
辦理住宿完一進去就看到床很髒還有很多頭髮 打電話詢問櫃台人員請問床單有換？他們竟然回說床單是不固定更換的？？？所以不是每個客人退房後床單都會更換？ ,1,1,1,0,0,0,3,3,3,0,0,0,3
櫃檯人員沒有熱忱，付款後給了房卡，完全沒有指引方向。浴室管線一直飄出臭水溝味道，很臭很髒。,1,1,1,0,0,0,3,3,3,0,0,0,3
冷氣不涼，冰箱完全不冰，地板沙沙的，大廳燈光昏暗，床有點癢癢的，入住時間很晚，要五點才能入住,1,1,1,0,0,0,3,3,3,0,0,0,3
清理速度不佳  已經下午五點才check in 了 櫃台人員有說打掃好了，結果到門口才被告知還沒打掃好，電梯裡瀰漫在很臭的煙味還有遍佈的菸蒂,1,1,1,0,0,0,3,3,3,0,0,0,3
早餐，房內飲品太廉價，搭的電梯超多煙味，布沙發有燒焦痕和髒汙，很難四人一起看電視，從樓上往下時會撞到頭,1,1,1,0,0,0,3,3,3,0,0,0,3
房內整潔不善，甚至床腳卡著寶特瓶。早餐有區分時段，但抵達時食物所剩無幾。,1,1,1,0,0,0,3,3,3,0,0,0,3
發生問題了，旅館也沒處置，也沒聽到一聲抱歉；房間聞到油煙味,1,1,1,0,0,0,3,3,3,0,0,0,3
一樓有點雜亂，早餐包子明明在保溫箱卻是是冷的，與員工反映後也沒有後續處理方式,1,1,1,0,0,0,3,3,3,0,0,0,3
1.C/I時整體服務態度不佳，入住四人房卻只給一張房卡，如需增加每張需收費押金(相當不合理).四人房未標示無窗房間霉味重，地板未擦(小朋友踩到後整隻腳都是黑的)，灰塵厚。3.無論要求什麼都用公司規定，沒有其他客人反應為由回決。4.凌晨走道警報器閃爍，卻未有警報器響起，試問如果發生火災飯店方真的有能力疏導全館的客人嗎?完全沒有一樣讓人滿意.,1,1,1,0,0,0,3,3,3,0,0,0,3
接待的晚班人員男生櫃檯，態度不佳服裝不整，出發的早上還有電話跟飯店確認，到達現場居然查不到資料，口氣不耐煩，等了快10分鐘才查到訂房資料，床舖髒亂，明顯的床單上都是棉絮跟頭髮，不會再入住了。,1,1,1,0,0,0,3,3,3,0,0,0,3
晚上隱約都聞的到臭毛巾的潮濕味，結果我先生也只能洗戰鬥澡。加上現在都接一堆團客，吵又雜，服務生又沒有幾個。早上吃早餐菜色差，服務生只有１－位，有時候還會不見，盤子吃完都沒收，要自己收，桌仔都髒髒黏黏。整個就是一個不爽。以後絕不來住。,1,1,1,0,0,0,3,3,3,0,0,0,3
另外間標準雙人房也沒有好很多，因為團客多又吵，隔音差，浴室髒又會飄來陣陣的浴室潮濕味..噁...。早上櫃檯退房，櫃檯只說了句等一下，我門就在那邊罰站了，也不知道他要幹嘛也不說，最後就不理他離開了，這是甚麼服務品質阿。絕對絕對不會再來，滿肚仔氣。我真想給它Ｎ個ＸＸＸ(ps.這間我不是第一次住宿了,1,1,1,0,0,0,3,3,3,0,0,0,3
住宿經驗不佳，6:30才給check in櫃臺態度不佳，無任何賠償，提早到卻不能進去，屢次欺騙，告知5點，5點不能進去，告知5 45，還是不能進去，最後6點多才進去，且床鋪整理不到位，隨便整理,1,1,1,0,0,0,3,3,3,0,0,0,3
1. 按照網站check in時間3點到達旅館被告知要假日太滿要5點才能安排房間。請櫃台人員盡量早點弄好房間，只收到一個口氣不太好的回應說他們是5點才check in的。回看評價也有人反映過這樣的情況，看出來根本沒有要解決這個問題。. 房間沒有清潔好而且感覺很潮濕還有蚊子，地上有棉花捧，熱水壺內有白色點點根本不敢用，幸好房間外面有飲水機。棉被和床都有灰塵污跡跟味道，但太晚拿到房間想說隔天就會打掃了，結果連住兩天也沒有整理房間。,1,1,1,0,0,0,3,3,3,0,0,0,3
c15床有垃圾，面膜包裝和用過的卸妝棉、頭髮，棉被有股塵味，凌晨四五點外籍房客一直發出戳揉塑膠袋聲音及聊天聲，住宿時請宣導，入住前沒有再次查過房客的床位是否乾淨，check in 時也遇到有人check in時因為員工疏忽，導致房客check in時間拉很長，影響其他要check in的房客。4小時check in ,1,1,1,0,0,0,3,3,3,0,0,0,3
走在往房間的走廊上，好像走在古厝或是鬼片的場景裡，有很可怕的唧唧拐拐的音效...3. 早餐毫無誠意。早餐純自助式，但餐點都冷的...只有饅頭包子白飯跟稀飯是熱的. 水果竟然就是切了氧化的蘋果跟看起來快壞掉的柳丁，就，沒了...4. 電梯骯髒。,1,1,1,0,0,0,3,3,3,0,0,0,3
一、215除電視是新的以外，其餘都有歷史了！二、沒有準備茶（咖啡）杯、礦泉水，也沒有茶包、咖啡包室外的飲水機老舊水質堪憂！三、睡到一半竟然有老鼠闖入，嚇死了！四、換到601整夜都是機器低沉的躁音，讓人難以深沈睡眠！,1,1,1,0,0,0,3,3,3,0,0,0,3
浴室不清潔，無早餐。,1,1,1,0,0,0,3,3,3,0,0,0,3
隔音覺得可以沒被吵到。裝潢過於老舊房內幾乎都是灰塵 ，請問服務生有沒有認真吸塵,1,1,1,0,0,0,3,3,3,0,0,0,3
房間非常髒亂到處長黴菌，重點是夏天30幾度竟然中央空調沒冷氣，根本詐欺從7.30反應至少3次到10點只拿來一台電風扇，超級火大，又熱又悶又臭，沒吹風機、電視壞掉外面飲水機 臭味！喝一口馬上吐掉，廁所浴室那個蓮蓬頭爛到不知道說什麼...這嗎爛還敢開店做生意 ,1,1,1,0,0,0,3,3,3,0,0,0,3
服務人員態度很差，房間很髒 一直打噴嚏,1,1,1,0,0,0,3,3,3,0,0,0,3
清潔人員打掃時，未把上一組客人所使用過的快煮壺給清潔乾淨，還有半壺水在裡面，以及正值防疫期間飯店內的櫃台人員，都沒有戴上口罩，希望以後可以改進。,1,1,1,0,0,0,3,3,3,0,0,0,3
廁所的地板排水不太好，以致洗手台前地上有小小積水，好像已經太久有發黴跡象，感觀確實不好。淋浴間內沒有放置衣物的架子，些許不便。住宿沒開發票，只有收據。,1,1,1,0,0,0,3,3,3,0,0,0,3
早餐不怎麼美味，咖啡機旁邊都是螞蟻。,1,1,1,0,0,0,3,3,3,0,0,0,3
一進房就看到小強，早餐沒補菜,1,1,1,0,0,0,3,3,3,0,0,0,3
早餐不佳，停車場髒亂,1,1,1,0,0,0,3,3,3,0,0,0,3
櫃檯一團亂，人手明顯不足，飯店也沒有太多關於附近旅遊訊息的指南。停車問題超級大。訂房時，雖附註可停車，但實際到了之後，根本沒有配套租停車場供使用，最後要房客依照飯店說明在路邊白線區停就可，桌面還有垃圾，床邊底有上個客人拋棄式拖鞋，衛生紙團，空寶特瓶等，就請房客入住。。人潮未流動，沒位置可用餐，，最後也沒菜可用，只有白粥，肉鬆鹹蛋，之前客人菜用完後，也沒再出太多菜勉強食用。動線全塞住，只能用蝗蟲過境來形容，沒有控管相關用餐的品質。,1,1,1,0,0,0,3,3,3,0,0,0,3
早餐、車位、需要改善，房間乾淨到有小強。,1,1,1,0,0,0,3,3,3,0,0,0,3
住房熱水器壞掉，但小孩已脫光才發現，很冷，都感冒生病了，沒有事先檢查這點很糟糕。雖然幫我們換了新房間，但新房間的地板非常髒，腳一踩都黑掉了，房中還有另一間奇怪的小房間是完全沒有整理的。雖然有陽台，但充滿了鴿子糞便，很嚇人完全不敢開窗。可能因為新年訂房率高，早餐被搶光，碗盤也來不及洗，咖啡和阿華田都很稀。原本訂有浴缸的房間結果卻沒有浴缸。,1,1,1,0,0,0,3,3,3,0,0,0,3
地下停車場很髒亂，天花板還會掉東西。房間的一台冷氣滴水，將隨身行李弄濕啦！浴室一條大毛巾上有黃色汙垢，很噁心。早餐偏中式，東西不多，品質不佳。,1,1,1,0,0,0,3,3,3,0,0,0,3
豪華四人房浴室看起來很髒，床鋪和枕頭很硬，電梯老舊，另一位員工態度有待加強。,1,1,1,0,0,0,3,3,3,0,0,0,3
可能是平日的關係， 所以早餐沒有像照片一樣這麼好吃，這麼多選擇， 床也不好睡不舒適。,1,1,1,0,0,0,3,3,3,0,0,0,3
整晚房內超級吵，無法入睡，窗戶不是氣密窗也超級吵，停車場環境非常差，夜班櫃檯人員完全不會處理事情,1,1,1,0,0,0,3,3,3,0,0,0,3
按摩浴缸有毛髮和沉澱物不敢使用，餐點較差。,1,1,1,0,0,0,3,3,3,0,0,0,3
洗澡淋浴間有發現黴垢跟水垢，早餐跟晚餐選擇太少,1,1,1,0,0,0,3,3,3,0,0,0,3
 房間空氣品質差，有濃重菸味，空調設備聲響大且風速高； 浴池燈光一直變換，影響睡眠與視覺； 餐廳的咖啡機壞了，餐廳員工無視機器狀況； 餐廳清潔不佳，沒見到員工來清理地上的紙屑與殘渣； 名稱應改為汽車旅館；,1,1,1,0,0,0,3,3,3,0,0,0,3
早餐很不新鮮像隔夜菜、玉米濃湯裡還有螞蟻 ，電視還壞了,1,1,1,0,0,0,3,3,3,0,0,0,3
設備老舊，房間煙味很重，凌晨車庫有莫名的噪音，影響睡眠品質，餐食不佳，燈光太過昏暗,1,1,1,0,0,0,3,3,3,0,0,0,3
床，棉被潮濕又有霉味，被單不乾淨，早餐很差。,1,1,1,0,0,0,3,3,3,0,0,0,3
隔壁的女房客們很吵，三更半夜還在嘻嘻哈哈，雖然應該是每間房間都有貼「請勿大聲喧嘩」，但我覺得一點用都沒有，應該入住辦理checking 時，就要口頭告知或附上須知單。後來換的房間，冰箱不冰，也變得有臭臭的悶味，但由於也不好意思再麻煩櫃檯畢竟當天換到的這間房間，已經是最後一間，，謝謝 ,1,1,1,0,0,1,3,3,3,0,0,3,3
大廳芳香劑味道太過於濃重，早餐食材不差，補菜速度快，但感覺不用心，白飯一坨一坨補太高根本不好盛飯，蛋料理又老又乾房間wifi一直無法連結，跟櫃檯反應也無後續回覆，隔音差管路一直有流水聲，隔壁小孩很吵還好還沒睡覺。,1,1,1,0,0,1,3,3,3,0,0,3,3
房間內的裝潢 都已經斑駁了 也都沒整理浴室裡面的杯子都已經很髒了 也沒換。晚上員工宿舍（應該是）裡的女員工（外勞）講了幾乎一晚的電話（到凌晨三點） 隔音很差 很吵晚上出入門 房間門開開關關 很大聲 很吵,1,1,1,0,0,1,3,3,3,0,0,3,3
非常髒！浴巾的周邊都虛掉了還不換新的浴巾，上面還有黃色的汙漬2條都有，不是只有一條。電話上面也沒有貼櫃檯分機號碼，服務極差，被單洗到變灰灰的也還在用，Cp值0分，絕對不會再入住也不推薦任何人。,1,1,1,0,1,0,3,3,3,0,3,0,3
因假期關係收費比平日貴三倍，但在服務及環境都低於三倍。房間很髒，灰層、發霉、味道不好、空調不冷。服務態度不佳，詢問房間有灰層跟發霉要如何處理，服務人員回覆態度好像已被問到習慣、回應的輕浮。且答應要在整理卻沒有。,1,1,1,0,1,0,3,3,3,0,3,0,3
環境清潔小地方有待加強，浴室有尿味，茶水間的牆面很多灰塵。早餐食物也沒評價中寫的好有點小失望，餐具都沒烘乾裡面都有水，假日星期六的房價也不親民。,1,1,1,0,1,0,3,3,3,0,3,0,3
房間牆壁很髒油漆剝落，春節假期入住比原本平常時間貴，但是沒早餐。,1,1,1,0,1,0,3,3,3,0,3,0,3
櫃檯服務速度，停車路線，房間設置位子，房內灰成、舒適度，房內空調都非常差，花錢住非常不值得。,1,1,1,0,1,0,3,3,3,0,3,0,3
提出能否換房疑問時，卻被說都進房多久了，哪有人這樣換。廁所防水膠條應更換，因為都發霉了。性價比太差了。,1,1,1,0,1,0,3,3,3,0,3,0,3
房間不整潔，床上有蜘蛛，床單沒洗乾淨。 房間就三個地方有燈，玄關、床、廁所，進到房間玄關的燈跟床上的燈都在閃是怎樣。 房東收錢之前都很好，但遇到問題，房東反應的態度不好，房間有問題雖然有提供換房間的選項，但從本來下訂有陽台的換到沒窗戶的就是有價差，就因為剛好下訂到便宜的房價就該死嗎？講那什麼話，就真的跟google 評語上描述的一樣，房間不乾淨，要入住的房客千萬三思，不要因為便宜就入住。我住過這麼多地方第一次遇到這種的，不值得花這個錢。,1,1,1,0,1,0,3,3,3,0,3,0,3
櫃檯服務人員效率不是很快，可能人多還是剛開不久的關係？主要還是因為房間cp值很不ok，也不是很乾淨 床感覺使用過了，房間廁所有看見蟑螂 ,1,1,1,0,1,0,3,3,3,0,3,0,3
1.房間大小與網路上照片不符2.枕頭上有血漬3.網路上退房時間與服務人員通知不符4.CP值極差5.隔音效果差6.床不好睡,1,1,1,0,1,1,3,3,3,0,3,3,3
地毯整潔可再加強， 電視沒辦法看， 反應無效。旅店就在市場內，吃的很多，我吃火雞肉飯,1,1,1,1,0,0,3,3,3,1,0,0,3
櫃檯人員服務態度很不好，房內牆面髒兮兮，燈光、暖氣都有故障，惟一離市區近而已。離市區近,1,1,1,1,0,0,3,3,3,1,0,0,1
房間有菸味，很臭，check in等太久，其他設備普通。住宿地點離火車站近。,1,1,1,1,0,0,3,3,3,1,0,0,3
打掃不徹底。下午五點就能check in但我們晚上快十點才入住。廁所架上竟有使用過的毛巾沒有收。跟工作人員反應後說會送新的毛巾過來。但竟然是拿了三條地墊巾來。且廁所非常的臭。感覺剛剛有人使用過。反應給櫃檯也是催了二次才拿了芳香劑噴一噴就了事。完全沒有了解我們住宿人的感受。很失望下次不會再去住。地點方便,1,1,1,1,0,0,3,3,3,1,0,0,3
不夠乾淨清潔，隔音差，早餐供應不足補料很慢地點很好,1,1,1,1,0,0,3,3,3,1,0,0,3
 房間不整潔，床上有蜘蛛，床單沒洗乾淨。 房間就三個地方有燈，玄關、床、廁所，進到房間玄關的燈跟床上的燈都在閃是怎樣。 房東收錢之前都很好，但遇到問題，房東反應的態度不好，房間有問題雖然有提供換房間的選項，但從本來下訂有陽台的換到沒窗戶的就是有價差，就因為剛好下訂到便宜的房價就該死嗎？講那什麼話，就真的跟google 評語上描述的一樣，房間不乾淨，要入住的房客千萬三思，不要因為便宜就入住。我住過這麼多地方第一次遇到這種的。唯一優點離夜市近。,1,1,1,1,1,0,3,3,3,1,3,0,3
櫃檯接待人員不佳，入住當時一直找不到訂房資料，強調今天已經客滿，確定有訂房嗎？找到資料後，也沒任何抱歉意思，之後一進房門便有沼氣味，房內灰塵厚，捲紙也剩一點未更換，性價比有點不符合期待。地點方便,1,1,1,1,1,0,3,3,3,1,3,0,3
周邊很多外籍勞工，5點才能入住，浴室有小蟑螂，早餐是冷的。,1,1,1,1,0,0,3,3,3,2,0,0,3
大樓外廣場是外勞據集的地點，感覺治安很差。服務人員素質差 ，反應超差。房間環境也不值得床頭櫃上有灰塵   隔音超差到4點還聽到外勞的嘻鬧聲   早餐的食物都是冷的   室內高低設計不良落差太大大樓外廣場是外勞據集的地點，感覺治安很差。服務人員素質差 ，反應超差。房間環境也不值得    床頭櫃上有灰塵   隔音超差到4點還聽到外勞的嘻鬧聲   早餐的食物都是冷的   室內高低設計不良落差太大一不小心就會跌倒,1,1,1,1,0,0,3,3,3,3,0,0,3
離市議會（舊址）站距離不算近，步行大約十分鐘。早餐選擇不算太多，菜色變化不大，補菜速度有點慢，因為假日住房率較高，早餐的服務人員人手不足餐桌收得比較慢。入住期間剛好沒有提供宵夜。飯店房內窗簾有多處有水漬，因為是米色所以看得非常清楚,1,1,1,1,0,0,3,3,3,3,0,0,3
1. 浴室地板會滲水，讓整間客房濕氣很重。2. 床不好睡，睡完會腰痠背痛；毛巾也感覺用了很多年沒換新非常舊很髒。3. 鄰近機場，飛機的聲音非常吵，睡覺需要戴耳塞。4. 夜班的櫃檯態度非常差！,1,1,1,1,0,0,3,3,3,3,0,0,3
1.櫃台人員臭臉一張！2.電梯老舊3.房間地板髒亂4.三經半夜有狗叫聲(有住宿民眾帶狗)5.早上6點多小孩子跑來跑去嬉笑打鬧6.隔音效果極差7.住宿六樓6樓又是餐廳很吵,1,1,1,1,0,0,3,3,3,3,0,0,3
附近就算機車也停車困難，坐錯電梯會和喝醉的外勞擠一起，內部走道像迷宮，人員不足、管理不善(check－in等很久，床頭有蜘蛛絲，各區垃圾桶都太小後來廁所衛生紙爆出來，床位持續有水聲在晚上1點詢問換床位被告知客滿，第二天一早卻看到10多個空床位，不同服務人員可能提供相反的資訊。),1,1,1,1,0,0,3,3,3,3,0,0,3
電梯很髒有異味，地點太多外勞很複雜！房內空氣品質不良，有異味，床被可能不太乾淨，皮膚一直過敏！房內隔音不好！早餐不好吃,1,1,1,1,0,0,3,3,3,3,0,0,3
附近外勞居多有點混亂，加上房間隔音不是很好，附近好像有酒吧，晚上睡覺音樂都聽的到..早餐八點半用餐幾乎都沒什麼菜了 一進房間地上還有小蟑螂..,1,1,1,1,0,0,3,3,3,3,0,0,3
出入口位於東協廣場實在不是很乾淨，電梯都是煙味 ，停車場也是很多蚊子，加上旅店只協助消磁一次，等於車子其他次進出都要自付， 旅店位於四樓 三樓是電子遊樂場，可能因為隔音不好真的很吵，半夜兩點都還有聲音睡得不安穩 ，雖然有附早餐但東西真的不多,1,1,1,1,0,0,3,3,3,3,0,0,3
附近就算機車也停車困難，坐錯電梯會和喝醉的外勞擠一起，內部走道像迷宮，人員不足、管理不善(check－in等很久，床頭有蜘蛛絲，各區垃圾桶都太小後來廁所衛生紙爆出來,1,1,1,1,0,0,3,3,3,3,0,0,3
地方太吵，電梯難等停車沒優惠，外籍人士包圍周邊很多人聚集一樓，喝酒酒醉倒路邊電梯進來都是越南人～喝酒咆哮的很多，建議假日不要住這間一剛到房間發現馬桶上都是尿滯，廁所沒衛生跟櫃台要等到死都沒人送過來，要自己去櫃檯要，花3150住的很沒價值，停車還要一比開銷花錢買經驗沒有滿意。,1,1,1,1,1,0,3,3,3,3,3,0,3
整潔、設施、地點、服務、性價比都好好歐，幹我不會再來第二次了,1,1,1,1,1,0,3,3,3,3,3,0,3
廁所整潔度普通,1,1,0,0,0,0,2,2,0,0,0,0,2
床的舒適度一般,1,1,0,0,0,0,2,2,0,0,0,0,2
公共區域及舒適度普通,1,1,0,0,0,0,2,2,0,0,0,0,2
大廳擺設及味道一般,1,1,0,0,0,0,2,2,0,0,0,0,2
有聽到隔壁房在唱ktv的聲音，不過還好那時候還沒入睡，所以沒造成很大的影響慢歌抒情歌聽不到，但high歌就聽得很清楚看的出來這間汽車旅館有點年代了，剛進房的時候有聞到微微的ktv味，只有微微的，後來就沒了。,1,1,0,0,0,0,2,3,0,0,0,0,3
有椅子可以坐，有窗，可以看到外面視野。,0,1,0,0,0,0,1,0,0,0,0,0,1
房間的燈光氣氛很棒，還有很棒的浴缸,0,1,0,0,0,0,1,0,0,0,0,0,1
非常適合出差的人居住，有一張桌子可供人辦公非常貼心浴室廁所也很隱密，不會尷尬,0,1,0,0,0,0,1,0,0,0,0,0,1
床很好躺,0,1,0,0,0,0,1,0,0,0,0,0,1
有很新的dvd，研磨咖啡，浴缸，好吃的特約快炒外送 ,0,1,0,0,0,0,1,0,0,0,0,0,1
床大電視大浴缸衛浴好,0,1,0,0,0,0,1,0,0,0,0,0,1
床超好睡的！,0,1,0,0,0,0,1,0,0,0,0,0,1
床很舒服，大廳的咖啡令人驚艷,1,1,0,0,0,0,1,0,0,0,0,0,1
乾淨的房間,1,1,0,0,0,0,1,0,0,0,0,0,1
乾淨整潔，環境舒適，一躺下就不小心睡著了   ,1,1,0,0,0,0,1,0,0,0,0,0,1
房間整齊清潔,1,1,0,0,0,0,1,0,0,0,0,0,1
床很好睡，小孩睡到不想起來，太舒適了,1,1,0,0,0,1,1,0,0,0,0,0,1
寢具好 舒適度好,1,1,0,0,0,0,1,1,0,0,0,0,1
空間大  安靜,1,1,0,0,0,0,1,1,0,0,0,0,1
8樓有三溫暖可使用，很舒適。,1,1,0,0,0,0,1,1,0,0,0,0,1
1.房間夠大舒適2.大浴場有日本的水準,1,1,0,0,0,0,1,1,0,0,0,0,1
浴室大又有品味，能夠完全放鬆心情。,1,1,0,0,0,0,1,1,0,0,0,0,1
有停車場，房間簡單，床蠻舒服的,1,1,0,0,0,0,1,1,0,0,0,0,1
床的硬度剛好，浴缸很大，泡起來很舒服，房間隔音算不錯，睡眠不會被干擾。,1,1,0,0,0,0,1,1,0,0,0,0,1
衛浴設備很舒服水很大，沐浴用品很好很香,1,1,0,0,0,0,1,1,0,0,0,0,1
床好睡、軟硬適中,1,1,0,0,0,0,1,1,0,0,0,0,1
床很舒服,1,1,0,0,0,0,1,1,0,0,0,0,1
住宿最怕遇到空調忽冷忽熱的問題，在這裡不會，讓我可以一夜好眠,1,1,0,0,0,0,1,1,0,0,0,0,1
一樓交誼廳是個放鬆的地方,1,1,0,0,0,0,1,1,0,0,0,0,1
電梯裡有洋甘菊香香的味道蠻抒壓的。,1,1,0,0,0,0,1,1,0,0,0,0,1
床和棉被都很舒服，很舒適，枕頭意外地好睡~,1,1,0,0,0,0,1,1,0,0,0,0,1
裝潢設計很特別，乾濕分離的衛浴設備我很喜歡，訂房因為有幼童同住，所以有要求要無煙的房間，進去真的聞不到菸味，真的很感謝,1,1,0,0,0,0,1,1,0,0,0,0,1
盥洗用品準備齊全，冷氣、床、硬體、很舒適，插頭多多,1,1,0,0,0,0,1,1,0,0,0,0,1
舒適感，空間寬敞,1,1,0,0,0,0,1,1,0,0,0,0,1
房間乾淨，環境舒適,1,1,0,0,0,0,1,1,0,0,0,0,1
房間乾淨，,1,1,0,0,0,0,1,1,0,0,0,0,1
毛巾枕套等織品很乾淨,1,1,0,0,0,0,1,1,0,0,0,0,1
採光很好，乾淨整潔。,1,1,0,0,0,0,1,1,0,0,0,0,1
寧靜，舒適，隔局方正,1,1,0,0,0,0,1,1,0,0,0,0,1
舒適寬敞,1,1,0,0,0,0,1,1,0,0,0,0,1
用餐環境乾淨,1,1,0,0,0,0,1,1,0,0,0,0,1
整潔乾淨，還有看不完的電影。超棒,1,1,0,0,0,0,1,1,0,0,0,0,1
乾淨 新穎的設計看起來很舒服,1,1,0,0,0,0,1,1,0,0,0,0,1
整潔 明亮,1,1,0,0,0,0,1,1,0,0,0,0,1
環境乾淨，格局小 五臟俱全 整體感不錯,1,1,0,0,0,0,1,1,0,0,0,0,1
麻雀雖小 五臟俱全在有限空間裡創造無限利用很舒適馨,1,1,0,0,0,0,1,1,0,0,0,0,1
麻雀雖小，五臟俱全應有盡有整體感覺很舒服又很乾淨,1,1,0,0,0,0,1,1,0,0,0,0,1
交誼空間舒適，跑台北永遠優先選這裡,1,1,0,0,0,0,1,1,0,0,0,0,1
公共區域舒適,1,1,0,0,0,0,1,1,0,0,0,0,1
乾淨且燈光明亮,1,1,0,0,0,0,1,1,0,0,0,0,1
舒服 設計讚,1,1,0,0,0,0,1,1,0,0,0,0,1
乾淨寬敞,1,1,0,0,0,0,1,1,0,0,0,0,1
舒適，寬敞,1,1,0,0,0,0,1,1,0,0,0,0,1
寬敞舒適,1,1,0,0,0,0,1,1,0,0,0,0,1
住房乾淨度好,1,1,0,0,0,0,1,1,0,0,0,0,1
整體房間舒適度滿意,1,1,0,0,0,0,1,1,0,0,0,0,1
寬敞舒適又清潔好,1,1,0,0,0,0,1,1,0,0,0,0,1
房間味道不是很好，但可接受。,1,1,0,0,0,0,1,1,0,0,0,0,1
進房間整體的感覺很舒服,1,1,0,0,0,0,1,1,0,0,0,0,1
明亮乾淨舒適,1,1,0,0,0,0,1,1,0,0,0,0,1
浴室遺留一條用過的浴巾但是不影響住宿心情，下次還是選擇入住～,1,1,0,0,0,0,1,1,0,0,0,0,1
房間不會有不好的味道,1,1,0,0,0,0,1,1,0,0,0,0,3
乾淨整潔寬敞,1,1,0,0,0,0,1,1,0,0,0,0,1
小而巧。整齊乾淨。,1,1,0,0,0,0,1,1,0,0,0,0,1
環境寬敞整潔,1,1,0,0,0,0,1,1,0,0,0,0,1
一進門就超香，很乾淨,1,1,0,0,0,0,1,1,0,0,0,0,1
房間很乾淨，本來以為電梯口會很吵，意外滿安靜的,1,1,0,0,0,0,1,1,0,0,0,0,1
床很軟很舒服,1,1,0,0,0,0,1,1,0,0,0,0,1
夠大、床鋪好睡，蠻安靜的！,1,1,0,0,0,0,1,1,0,0,0,0,1
嬰兒床使用舒適，小孩一覺到早上,1,1,0,0,0,0,1,1,0,0,0,0,1
浴缸蠻舒服的,1,1,0,0,0,0,1,1,0,0,0,0,1
有第四台，而且冷氣很舒適,1,1,0,0,0,0,1,1,0,0,0,0,1
大坪數的房間，讓我們小倆口響有大空間的舒適。,1,1,0,0,0,0,1,1,0,0,0,0,1
床很軟，但意外的很舒適好睡,1,1,0,0,0,0,1,1,0,0,0,0,1
房間寬敞舒適,1,1,0,0,0,0,1,1,0,0,0,0,1
房間很舒適寬敞。,1,1,0,0,0,0,1,1,0,0,0,0,1
預定的是有浴缸的山景房，房間與浴室的空間都非常寬敞舒適。,1,1,0,0,0,0,1,1,0,0,0,0,1
房型舒適寬敞！,1,1,0,0,0,0,1,1,0,0,0,0,1
床非常舒適,1,1,0,0,0,0,1,1,0,0,0,0,1
房間舒適，床很好睡,1,1,0,0,0,0,1,1,0,0,0,0,1
房間寬敞有小客廳很方便不擁擠,1,1,0,0,0,0,1,1,0,0,0,0,1
床鋪舒服 ,1,1,0,0,0,0,1,1,0,0,0,0,1
床睡起來很舒服，房間很寬敞,1,1,0,0,0,0,1,1,0,0,0,0,1
床舒適性佳，ㄧ夜好眠，床單及被套也沒有過重的消毒水味及僵硬澀感,1,1,0,0,0,0,1,1,0,0,0,0,1
床舒適乾淨,1,1,0,0,0,0,1,1,0,0,0,0,1
房間還算舒適，衛浴設備也頗寬敞，頂樓有男女裸湯跟三溫暖，地下室有付費洗烘衣機,1,1,0,0,0,0,1,1,0,0,0,0,1
環境設施簡單明瞭讓人很舒適,1,1,0,0,0,0,1,1,0,0,0,0,1
床軟硬適中很好睡,1,1,0,0,0,0,1,1,0,0,0,0,1
床舒適。這次來沒用飯店的早餐，上次來有吃..很好 我喜歡。,1,1,0,0,0,0,1,1,0,0,0,0,1
房間很舒適，每間房間都有浴缸，乾濕分離的廁所，整體感覺很棒。,1,1,0,0,0,0,1,1,0,0,0,0,1
房間夠大 很舒適,1,1,0,0,0,0,1,1,0,0,0,0,1
房間的舒適度真的很棒,1,1,0,0,0,0,1,1,0,0,0,0,1
房間舒服,1,1,0,0,0,0,1,1,0,0,0,0,1
床鋪很舒適,1,1,0,0,0,0,1,1,0,0,0,0,1
床蠻舒服的 很好睡裝潢很漂亮很現代,1,1,0,0,0,0,1,1,0,0,0,0,1
床舒適度適中，浴室大有浴缸,1,1,0,0,0,0,1,1,0,0,0,0,1
整體住下來很舒適 設備也很齊全 未來如果到花蓮還會想再去住,1,1,0,0,0,0,1,1,0,0,0,0,1
床舒服,1,1,0,0,0,0,1,1,0,0,0,0,1
簡單的裝潢，舒適的床舖,1,1,0,0,0,0,1,1,0,0,0,0,1
床很舒適，對於長途旅行者,1,1,0,0,0,0,1,1,0,0,0,0,1
房間舒適,1,1,0,0,0,0,1,1,0,0,0,0,1
床睡的很舒服，被子使用的材質跟外面的飯店不太一樣,1,1,0,0,0,0,1,1,0,0,0,0,1
床鋪舒適,1,1,0,0,0,0,1,1,0,0,0,0,1
床很舒服，也蠻安靜的,1,1,0,0,0,0,1,1,0,0,0,0,1
床粉舒適,1,1,0,0,0,0,1,1,0,0,0,0,1
房間簡單舒適,1,1,0,0,0,0,1,1,0,0,0,0,1
床很舒適、房間大小適中,1,1,0,0,0,0,1,1,0,0,0,0,1
床睡起來很舒服。,1,1,0,0,0,0,1,1,0,0,0,0,1
床很舒服、位置很優停車位如果滿了附近還有免費的停車場（只是要走一段安路）,1,1,0,0,0,0,1,1,0,0,0,0,1
房間很大！舒適,1,1,0,0,0,0,1,1,0,0,0,0,1
床鋪舒適好睡,1,1,0,0,0,0,1,1,0,0,0,0,1
床鋪非常軟硬適中，非常舒適。,1,1,0,0,0,0,1,1,0,0,0,0,1
房間乾淨清潔,1,1,0,0,0,0,1,1,0,0,0,0,1
房間乾淨舒適！,1,1,0,0,0,0,1,1,0,0,0,0,1
浴室乾淨,1,1,0,0,0,0,1,1,0,0,0,0,1
三溫暖很乾淨,1,1,0,0,0,0,1,1,0,0,0,0,1
房間環境及浴室設備很乾淨,1,1,0,0,0,0,1,1,0,0,0,0,1
飯店乾淨,1,1,0,0,0,0,1,1,0,0,0,0,1
房間乾淨，出差住宿舒適!,1,1,0,0,0,0,1,1,0,0,0,0,1
整體上算清潔，房間浴室都很乾淨。,1,1,0,0,0,0,1,1,0,0,0,0,1
房間乾淨。,1,1,0,0,0,0,1,1,0,0,0,0,1
飯店乾淨舒適,1,1,0,0,0,0,1,1,0,0,0,0,1
房間整潔、乾淨,1,1,0,0,0,0,1,1,0,0,0,0,1
房間乾淨整潔,1,1,0,0,0,0,1,1,0,0,0,0,1
從大廳一進門感受很乾淨的飯店,1,1,0,0,0,0,1,1,0,0,0,0,1
整個房間舒適度很好也很好睡 ,1,1,0,0,0,0,1,1,0,0,0,0,1
客房環境舒適,1,1,0,0,0,0,1,1,0,0,0,0,1
方便又乾淨還有停車空間對外地來的來說非常方便,1,1,0,0,0,0,1,1,0,0,0,0,1
設備與整潔讚,1,1,0,0,0,0,1,1,0,0,0,0,1
房間新新的很乾淨浴室空間大,1,1,0,0,0,0,1,1,0,0,0,0,1
房間舒適 隔音很好 ,1,1,0,0,0,0,1,1,0,0,0,0,1
男女大眾裸湯溫泉 超級棒 衛生問題也不錯 ,1,1,0,0,0,0,1,1,0,0,0,0,1
房間整潔舒適，枕頭和床舒服好睡，晚上也很安靜隔音好。,1,1,0,0,0,0,1,1,0,0,0,0,1
房間空間大舒適,1,1,0,0,0,0,1,1,0,0,0,0,1
房間很大、舒適。,1,1,0,0,0,0,1,1,0,0,0,0,1
房間設施舒適乾淨,1,1,0,0,0,0,1,1,0,0,0,0,1
旅館本身很乾淨舒適，還有三溫暖,1,1,0,0,0,0,1,1,0,0,0,0,1
泡湯～SPA池很舒服，重點乾淨,1,1,0,0,0,0,1,1,0,0,0,0,1
房間乾淨舒適，飯店設施齊全且貼心，最棒的是還有寵物室及洗衣部。樣樣齊全。,1,1,0,0,0,0,1,1,0,0,0,0,1
住宿感覺非常好，房間很乾淨，床的舒適度也很好睡,1,1,0,0,0,0,1,1,0,0,0,0,1
乾淨整潔又大間,1,1,0,0,0,0,1,1,0,0,0,0,1
房間大、乾淨,1,1,0,0,0,0,1,1,0,0,0,0,1
床很舒適、空間寬敞,1,1,0,0,0,0,1,1,0,0,0,0,1
整體很乾淨三溫暖還不錯有自助洗衣間,1,1,0,0,0,0,1,1,0,0,0,0,1
飯店很大又乾淨還特別讓我們體驗海景房一邊泡浴缸一邊可以看海床跟沙發也都很舒服,1,1,0,0,0,0,1,1,0,0,0,0,1
房間明亮、整潔，衛浴乾淨、床鋪軟硬度適中，都棒!,1,1,0,0,0,0,1,1,0,0,0,0,1
有提供停車位，房間很大也很乾淨，隔音也很好，沒有煙味，真的很不錯！！,1,1,0,0,0,0,1,1,0,0,0,0,1
房間乾淨整潔，配色也讓人喜歡,1,1,0,0,0,0,1,1,0,0,0,0,1
乾淨舒適地方寬敞,1,1,0,0,0,0,1,1,0,0,0,0,1
整潔度和舒適度不錯，住兩人雙床房，空間大概可以開兩個最大吋的行李箱。床的部分也算感覺～,1,1,0,0,0,0,1,1,0,0,0,0,1
房間很大很乾淨隔音好,1,1,0,0,0,0,1,1,0,0,0,0,1
房間乾淨，明亮可以站著靠很近化妝的半身鏡,1,1,0,0,0,0,1,1,0,0,0,0,1
浴室很乾淨，床很舒服，棉被不會太熱，有被單很好,1,1,0,0,0,0,1,1,0,0,0,0,1
浴室很乾淨、床很舒服,1,1,0,0,0,0,1,1,0,0,0,0,1
乾淨 舒適 有停車場方便停車,1,1,0,0,0,0,1,1,0,0,0,0,1
房間寬敞 乾淨,1,1,0,0,0,0,1,1,0,0,0,0,1
挺乾淨舒服的。衛浴很大。,1,1,0,0,0,0,1,1,0,0,0,0,1
床非常大，睡起來很舒適,1,1,0,0,0,0,1,1,0,0,0,0,1
房間很棒，床很大很舒適,1,1,0,0,0,0,1,1,0,0,0,0,1
大浴缸可以讓我出差忙碌一天好好泡澡休息，超讚的！很乾淨,1,1,0,0,0,0,1,1,0,0,0,0,1
浴室，很乾淨、舒適！另外，隔音設施很好，在馬路邊，很安靜！,1,1,0,0,0,0,1,1,0,0,0,0,1
空間夠，床舒服,1,1,0,0,0,0,1,1,0,0,0,0,1
舒適 安靜 很乾淨 住的是有浴缸的豪華房 很滿意,1,1,0,0,0,0,1,1,0,0,0,0,1
空間跟隔音很好浴缸很舒服～很舒適！,1,1,0,0,0,0,1,1,0,0,0,0,1
特別喜歡浴室空間大，浴缸大整理得相當乾淨。一樓的酒吧還不錯!,1,1,0,0,0,0,1,1,0,0,0,0,1
房間整齊乾淨，浴缸很大,1,1,0,0,0,0,1,1,0,0,0,0,1
我來第二次了，床大很好睡，房間很乾淨，算蠻舒適的,1,1,0,0,0,0,1,1,0,0,0,0,1
房間超大床很舒服，我們和小孩睡的很舒服。浴缸泡澡孩子超期待,1,1,0,0,0,0,1,1,0,0,0,0,1
房間整體環境很舒適，而且浴室太美了,1,1,0,0,0,0,1,1,0,0,0,0,1
床很大，床墊睡起來很舒服。隔音設備非常好都聽不到房間外的聲音。沐浴乳跟洗髮精的香味聞起來很舒服。,1,1,0,0,0,0,1,1,0,0,0,0,1
床很舒適一覺到天亮,1,1,0,0,0,0,1,1,0,0,0,0,1
喜歡整個廁所裝潢設計，舒適又乾淨,1,1,0,0,0,0,1,1,0,0,0,0,1
整潔、乾淨，床鋪舒適。,1,1,0,0,0,0,1,1,0,0,0,0,1
家庭房空間大乾淨,1,1,0,0,0,0,1,1,0,0,0,0,1
房間很大 床很舒服,1,1,0,0,0,0,1,1,0,0,0,0,1
房型較大，舒適空間,1,1,0,0,0,0,1,1,0,0,0,0,1
床也很舒服,1,1,0,0,0,0,1,1,0,0,0,0,1
床很大很舒服，而且有漂亮的浴缸,1,1,0,0,0,0,1,1,0,0,0,0,1
房間空間大，整潔GOOD,1,1,0,0,0,0,1,1,0,0,0,0,1
床很大，房間空間很舒適，廁所也很乾淨,1,1,0,0,0,0,1,1,0,0,0,0,1
房間乾淨整齊很舒適,1,1,0,0,0,0,1,1,0,0,0,0,1
整潔乾淨，有浴缸讚，氣球佈置很棒,1,1,0,0,0,0,1,1,0,0,0,0,1
房間舒適，浴廁乾淨。,1,1,0,0,0,0,1,1,0,0,0,0,1
設備新穎乾淨，很適合全家住宿,1,1,0,0,0,0,1,1,0,0,0,0,1
客房舒適,1,1,0,0,0,0,1,1,0,0,0,0,1
毛巾枕套等織品有換過、水壓足。,1,1,0,0,0,0,1,1,0,0,0,0,1
床非常大，乾淨清爽,1,1,0,0,0,0,1,1,0,0,0,0,1
客房乾淨度算是OK的！,1,1,0,0,0,0,1,1,0,0,0,0,1
床真的很好睡很舒服，用具齊全,1,1,0,0,0,0,1,1,0,0,0,0,1
房間舒適乾淨。,1,1,0,0,0,0,1,1,0,0,0,0,1
隔音好、乾淨明亮,1,1,0,0,0,0,1,1,0,0,0,0,1
非常乾淨，雙人床非常舒服,1,1,0,0,0,0,1,1,0,0,0,0,1
房間滿大的床也很舒服，連電視畫質也很好,1,1,0,0,0,0,1,1,0,0,0,0,1
床很乾淨舒服！,1,1,0,0,0,0,1,1,0,0,0,0,1
，床睡的舒適,1,1,0,0,0,0,1,1,0,0,0,0,1
另外，浴室為透明玻璃，所以可以一邊泡澡一邊看電視，相當滿意。廁所設備：洗手台、衛浴、浴缸都很新穎，也相當乾淨，沒有看到任何的髒汙，只不過淋浴空間有點狹小，不易轉身，蓮蓬頭的出水量也比較小。整體清潔：從房間內到房間外，整個飯店都相當的乾淨。,1,1,0,0,0,0,1,1,0,0,0,0,1
房間漂亮乾淨,1,1,0,0,0,0,1,1,0,0,0,0,1
床又大又舒適，浴室設備很棒，有免治馬桶,1,1,0,0,0,0,1,1,0,0,0,0,1
房間環境很舒適感覺很好 ,1,1,0,0,0,0,1,1,0,0,0,0,1
安靜，床的軟硬度剛好，很舒適,1,1,0,0,0,0,1,1,0,0,0,0,1
房間到浴室空間明亮乾淨蛋形浴缸泡澡非常舒適,1,1,0,0,0,0,1,1,0,0,0,0,1
床很大很舒適,1,1,0,0,0,0,1,1,0,0,0,0,1
舒服乾淨 隔音很好,1,1,0,0,0,0,1,1,0,0,0,0,1
插頭夠多 整體設計優質 兩張單人床都還有各自的小桌跟插座 完全不用擔心小物沒地方放 床睡起來很舒服 ,1,1,0,0,0,0,1,1,0,0,0,0,1
很乾淨 床超級大 橫著躺也沒問題宵夜蠻好吃的,1,1,0,0,0,0,1,1,0,0,0,0,1
房間舒適，停車位方便,1,1,0,0,0,0,1,1,0,0,0,0,1
房間廣敞舒適清潔乾淨，早餐很棒。,1,1,0,0,0,0,1,1,0,0,0,0,1
房間寬敞、整潔、非常舒適早餐豐盛美味,1,1,0,0,0,0,1,1,0,0,0,0,1
床舒適、早餐種類多好吃、有附停車場還不錯,1,1,0,0,0,0,1,1,0,0,0,0,1
床好睡，整潔度很好。,1,1,0,0,0,0,1,1,0,0,0,0,1
交誼廳舒服 空間大。,1,1,0,0,0,0,1,1,0,0,0,0,1
switch很好玩、懶骨頭很舒服,1,1,0,0,0,0,1,1,0,0,0,0,1
公共區域很舒服,1,1,0,0,0,0,1,1,0,0,0,0,1
超大舒适的公共交誼廳,1,1,0,0,0,0,1,1,0,0,0,0,1
睡的很舒服冷氣聲音很小 但很舒服,1,1,0,0,0,0,1,1,0,0,0,0,1
住的地下一樓，乾淨清潔，隔音良好。，都是住地下一樓，聽說樓上的房間裝潢不一樣，暫時沒住過。,1,1,0,0,0,0,1,1,0,0,0,0,1
房間整潔，安靜。,1,1,0,0,0,0,1,1,0,0,0,0,1
房間乾淨且有些像主題式的設計，蠻新潮的,1,1,0,0,0,0,1,1,0,0,0,0,1
房間很乾淨也很大，各樓層的磁卡不能相通保護性很好，因帶學生參加比賽，減少了管理上的麻煩。,1,1,0,0,0,0,1,1,0,0,0,0,1
房間很乾淨舒適，房間空間也蠻寬敞的,1,1,0,0,0,0,1,1,0,0,0,0,1
房間很小，但床蠻大的，，清潔度也不錯,1,1,0,0,0,0,1,1,0,0,0,0,1
房間很大很好，房間無令人不舒服的異味,1,1,0,0,0,0,1,1,0,0,0,0,1
有停車位，房間乾淨，床很大,1,1,0,0,0,0,1,1,0,0,0,0,1
乾淨，電視很多台,1,1,0,0,0,0,1,1,0,0,0,0,1
房間很乾淨,1,1,0,0,0,0,1,1,0,0,0,0,1
房間很乾淨舒適、裝潢美,1,1,0,0,0,0,1,1,0,0,0,0,1
床的軟度跟枕頭都很舒服,1,1,0,0,0,0,1,1,0,0,0,0,1
床很舒服很好睡房間應有盡有,1,1,0,0,0,0,1,1,0,0,0,0,1
基本上整個房間規格都很舒適,1,1,0,0,0,0,1,1,0,0,0,0,1
房間明亮乾淨，有一個餐桌備有咖啡機可煮咖啡，浴缸小而巧很舒適。,1,1,0,0,0,0,1,1,0,0,0,0,1
床好好睡喔一夜好眠,1,1,0,0,0,0,1,1,0,0,0,0,1
房間乾淨舒適,1,1,0,0,0,0,1,1,0,0,0,0,1
房間乾淨 沒有煙味 床墊舒適冷氣夠冷 淋浴水力強 整體來說都很好,1,1,0,0,0,0,1,1,0,0,0,0,1
不論設備、環境都很棒～推薦 床真的沒在開玩笑的舒服，很想購入 ,1,1,0,0,0,0,1,1,0,0,0,0,1
床很好睡，有除濕空氣清淨機還有vod可看，我喜歡看電影，一晚連看兩片我對浴缸很挑剔，它們浴缸不錯，有清理乾淨,1,1,0,0,0,0,1,1,0,0,0,0,1
空間寬敞 床舒適,1,1,0,0,0,0,1,1,0,0,0,0,1
房間環境舒適,1,1,0,0,0,0,1,1,0,0,0,0,1
床很軟 房間乾淨,1,1,0,0,0,0,1,1,0,0,0,0,1
整潔 乾淨 隔音很好,1,1,0,0,0,0,1,1,0,0,0,0,1
明亮乾淨設計及設備新穎,1,1,0,0,0,0,1,1,0,0,0,0,1
床很舒適又大 很舒服 ,1,1,0,0,0,0,1,1,0,0,0,0,1
已進旅館以白色牆面佈置就有氣質感車位很充裕房間的佈置也很不錯房間衛生都很乾淨住起來很舒服,1,1,0,0,0,0,1,1,0,0,0,0,1
安靜、乾淨、房內燈光明亮。,1,1,0,0,0,0,1,1,0,0,0,0,1
床很舒服，備品豐富,1,1,0,0,0,0,1,1,0,0,0,0,1
房間寬敞整齊乾淨,1,1,0,0,0,0,1,1,0,0,0,0,1
科技感十足，床非常舒適,1,1,0,0,0,0,1,1,0,0,0,0,1
床很舒服，房間乾淨整潔,1,1,0,0,0,0,1,1,0,0,0,0,1
房間很乾淨明亮,1,1,0,0,0,0,1,1,0,0,0,0,1
床好舒適,1,1,0,0,0,0,1,1,0,0,0,0,1
床很舒適，讚！,1,1,0,0,0,0,1,1,0,0,0,0,1
床很舒服，吹風機風力足夠。,1,1,0,0,0,0,1,1,0,0,0,0,1
床和枕頭舒適度好。,1,1,0,0,0,0,1,1,0,0,0,0,1
房內按摩椅小小的很靈活，這點不錯。喜歡床躺的很舒適。,1,1,0,0,0,0,1,1,0,0,0,0,1
沒有缺點，很滿意，基本上物品都很齊全，床真的很舒服 很好睡！也乾淨。 ,1,1,0,0,0,0,1,1,0,0,0,0,1
床軟q很舒服。,1,1,0,0,0,0,1,1,0,0,0,0,1
床很好睡、很舒服,1,1,0,0,0,0,1,1,0,0,0,0,1
床舒服，用餐環境舒服,1,1,0,0,0,0,1,1,0,0,0,0,1
房間整潔乾淨 非常愉快的住宿經驗 ,1,1,0,0,0,0,1,1,0,0,0,0,1
床蠻舒服的,1,1,0,0,0,0,1,1,0,0,0,0,1
空間寬敞舒適明亮,1,1,0,0,0,0,1,1,0,0,0,0,1
我很喜歡他的整潔和房間的配置，看起來很舒適,1,1,0,0,0,0,1,1,0,0,0,0,1
房間乾淨清爽，住的舒服,1,1,0,0,0,0,1,1,0,0,0,0,1
房間乾淨， 住起來舒服,1,1,0,0,0,0,1,1,0,0,0,0,1
 房間乾淨、整潔。 冷氣很涼。 棉被、枕頭及床組算不錯舒適。 有電視頻道及精選電影可以看。,1,1,0,0,0,0,1,1,0,0,0,0,1
房間及公共空間都非常棒，電視很大很舒服的環境,1,1,0,0,0,0,1,1,0,0,0,0,1
房間整體乾淨舒適,1,1,0,0,0,0,1,1,0,0,0,0,1
非常乾淨，冷氣、電視等電器用品都沒問題,1,1,0,0,0,0,1,1,0,0,0,0,1
有浴缸 而且很舒服,1,1,0,0,0,0,1,1,0,0,0,0,1
房間很乾淨很大,1,1,0,0,0,0,1,1,0,0,0,0,1
高級雙人房 空間夠大 整體感覺寬敞 整潔,1,1,0,0,0,0,1,1,0,0,0,0,1
住房設備很新潮～整體風格很棒！氣味很舒服～～,1,1,0,0,0,0,1,1,0,0,0,0,1
廁所空間很大很舒適,1,1,0,0,0,0,1,1,0,0,0,0,1
房間舒適乾淨，入住退房時可以自助操作,1,1,0,0,0,0,1,1,0,0,0,0,1
房間整潔、舒適,1,1,0,0,0,0,1,1,0,0,0,0,1
房間整潔，床鋪舒適,1,1,0,0,0,0,1,1,0,0,0,0,1
整潔佳，大電視，大浴室,1,1,0,0,0,0,1,1,0,0,0,0,1
床舒適，房間乾淨,1,1,0,0,0,0,1,1,0,0,0,0,1
房間很乾淨，選有窗戶的房型採光也非常好，沒什麼異味，衛浴也很乾淨,1,1,0,0,0,0,1,1,0,0,0,0,1
床躺起來很舒服,1,1,0,0,0,0,1,1,0,0,0,0,1
乾淨，浴室大,1,1,0,0,0,0,1,1,0,0,0,0,1
房間設計簡約舒適 加大的床睡起來舒適,1,1,0,0,0,0,1,1,0,0,0,0,1
大廳明朗舒適,1,1,0,0,0,0,1,1,0,0,0,0,1
床舒適好睡,1,1,0,0,0,0,1,1,0,0,0,0,1
床算舒適,1,1,0,0,0,0,1,1,0,0,0,0,1
房間寬敞舒適，床很舒服好睡！浴室水流大，排水也快！,1,1,0,0,0,0,1,1,0,0,0,0,1
房內及衛浴很乾淨，床好睡，房內設備新穎齊全,1,1,0,0,0,0,1,1,0,0,0,0,1
設備都很乾淨也很舒適。,1,1,0,0,0,0,1,1,0,0,0,0,1
床軟硬適中、房間氣味ok,1,1,0,0,0,0,1,1,0,0,0,0,1
隔音也不錯  房間不會有異味,1,1,0,0,0,0,1,1,0,0,0,0,1
床鋪非常舒適，泡澡洗去一身疲憊～雖然離海還有段距離，但看出去的天空與海仍舊美麗,1,1,0,0,0,0,1,1,0,0,0,0,1
很有設計感的旅店，很適合拍照。房間乾淨明亮，寢具也非常舒適，蓮蓬頭出水力道也很夠，淋浴時感覺整天的疲憊都解除了。,1,1,0,0,0,0,1,1,0,0,0,0,1
四人房(選沒有窗戶)中規中矩也舒適空間也大，整體來說還可以。,1,1,0,0,0,0,1,1,0,0,0,0,1
大廳很漂亮，洗澡水很強，床還算乾淨。,1,1,0,0,0,0,1,1,0,0,0,0,1
棉被舒適好睡 浴室地板容易乾 ,1,1,0,0,0,0,1,1,0,0,0,0,1
乾淨度不錯 隔音也可以 床很大但是是兩張單人加大床拼在一起 不介意的人可以入住,1,1,0,0,0,0,1,1,0,0,0,0,1
環境乾淨明亮 乾濕分離,1,1,0,0,0,0,1,1,0,0,0,0,1
十分安靜與床單整潔,1,1,0,0,0,0,1,1,0,0,0,0,1
開車來說是方便的住宿環境乾淨的房間沒有煙味！,1,1,0,0,0,0,1,1,0,0,0,0,1
單人床很舒服很好睡,1,1,0,0,0,0,1,1,0,0,0,0,1
衣櫃非常乾淨,1,1,0,0,0,0,1,1,0,0,0,0,1
提供停車位清靜整潔,1,1,0,0,0,0,1,1,0,0,0,0,1
房間是新裝潢的，還算乾淨新穎,1,1,0,0,0,0,1,1,0,0,0,0,1
浴室大，住的空間也大，枕頭、棉被跟床墊都很舒服,1,1,0,0,0,0,1,1,0,0,0,0,1
房間很新而且乾淨，剛剛翻新而已，而且廁所也打掃的很乾淨！. ,1,1,0,0,0,0,1,1,0,0,0,0,1
旅店房間乾淨，床墊好躺，衛浴空間寬敞，開放空間很好拍,1,1,0,0,0,0,1,1,0,0,0,0,1
房間很乾淨寬敞,1,1,0,0,0,0,1,1,0,0,0,0,1
房間空間超大  床很舒適 大片的窗戶 很漂亮,1,1,0,0,0,0,1,1,0,0,0,0,1
覺得很不錯噢 剛開始看google 評論還有點擔心 但整體很乾淨，隔音好沒有噪音的問題,1,1,0,0,0,0,1,1,0,0,0,0,1
設計感加分 床很好睡舒服,1,1,0,0,0,0,1,1,0,0,0,0,1
床很舒服，想問棉被枕頭哪裡買的,1,1,0,0,0,0,1,1,0,0,0,0,1
大廳及房間的設計給人舒服的感覺,1,1,0,0,0,0,1,1,0,0,0,0,1
旅店裝潢乾淨俐落,1,1,0,0,0,0,1,1,0,0,0,0,1
床和棉被都很舒服，枕頭意外地好睡~,1,1,0,0,0,0,1,1,0,0,0,0,1
淋浴間很大間  床鋪舒適,1,1,0,0,0,0,1,1,0,0,0,0,1
環境整潔房間舒適裝潢也不錯,1,1,0,0,0,0,1,1,0,0,0,0,1
衛浴設備很乾淨，房間設計有特色,1,1,0,0,0,0,1,1,0,0,0,0,1
乾淨舒適寬敞,1,1,0,0,0,0,1,1,0,0,0,0,1
房間乾淨裝潢漂亮。,1,1,0,0,0,0,1,1,0,0,0,0,1
房閒很不錯，簡樸，有傳統的家具和被子，照明設施很好，電視很新，床也很舒服，衛生間熱水保障。,1,1,0,0,0,0,1,1,0,0,0,0,1
房間很大間舒適度不錯,1,1,0,0,0,0,1,1,0,0,0,0,1
房間大，乾淨,1,1,0,0,0,0,1,1,0,0,0,0,1
床大好睡，舒適度讚。,1,1,0,0,0,0,1,1,0,0,0,0,1
床鋪睡起床很舒適,1,1,0,0,0,0,1,1,0,0,0,0,1
設備雖然簡單，房間很整潔乾淨，床好睡,1,1,0,0,0,0,1,1,0,0,0,0,1
房間內氣味很清新，沒有潮濕味、煙味、或是其他怪味。地板蠻乾淨的。,1,1,0,0,0,0,1,1,0,0,0,0,1
房間很舒適,1,1,0,0,0,0,1,1,0,0,0,0,1
房間整潔寬敞,1,1,0,0,0,0,1,1,0,0,0,0,1
房間很大，床舒服,1,1,0,0,0,0,1,1,0,0,0,0,1
房間本身也很好，乾淨無菸味,1,1,0,0,0,0,1,1,0,0,0,0,1
乾淨舒適，隔音安靜。,1,1,0,0,0,0,1,1,0,0,0,0,1
房間大，床舒適。,1,1,0,0,0,0,1,1,0,0,0,0,1
床鋪睡起來舒適,1,1,0,0,0,0,1,1,0,0,0,0,1
浴缸泡得很舒服，可以邊泡邊看電視。,1,1,0,0,0,0,1,1,0,0,0,0,1
床睡起來很舒適，不會太軟或太硬。,1,1,0,0,0,0,1,1,0,0,0,0,1
床大舒服，還有按摩浴缸環境衛生也很棒！,1,1,0,0,0,0,1,1,0,0,0,0,1
設施上及舒適度都不錯！舒適感不錯,1,1,0,0,0,0,1,1,0,0,0,0,1
按摩椅是tokuyo的很舒服,1,1,0,0,0,0,1,1,0,0,0,0,1
房間很大，很舒適！冷氣涼很快！浴缸超大、沖水柱很舒服,1,1,0,0,0,0,1,1,0,0,0,0,1
房間非常大，舒適度絕佳，蒸氣浴不錯。,1,1,0,0,0,0,1,1,0,0,0,0,1
房間大且乾淨，浴室也是讓人驚艷的大，而且電視可以連youtube這也很棒，還有兩顆大音響太猛了,1,1,0,0,0,0,1,1,0,0,0,0,1
按摩浴缸很舒適,1,1,0,0,0,0,1,1,0,0,0,0,1
空間寬敞，舒適自在！,1,1,0,0,0,0,1,1,0,0,0,0,1
房間空間寬敞舒適，很棒毆,1,1,0,0,0,0,1,1,0,0,0,0,1
很舒適也安心的住所,1,1,0,0,0,0,1,1,0,0,0,0,1
浴室乾淨，乾濕分離而且又可以使用蒸氣，有可泡澡浴缸。滿意。,1,1,0,0,0,0,1,1,0,0,0,0,1
房間大，設備很好，住的很舒服。,1,1,0,0,0,0,1,1,0,0,0,0,1
房間空間大且乾淨俐落,1,1,0,0,0,0,1,1,0,0,0,0,1
寬敞的房間，舒適度超好！,1,1,0,0,0,0,1,1,0,0,0,0,1
房間很大，很舒適。,1,1,0,0,0,0,1,1,0,0,0,0,1
這個房間超大的，睡的還滿舒適的,1,1,0,0,0,0,1,1,0,0,0,0,1
房間很大很舒服，還有電梯 超級方便,1,1,0,0,0,0,1,1,0,0,0,0,1
房間乾淨，空間好大，有蒸氣室與大浴缸,1,1,0,0,0,0,1,1,0,0,0,0,1
全台住過cp值最高的飯店了兩人房兩間比其他飯店四人房一間還便宜飯店也很乾淨隔音也不錯 沒有被吵到設備使用上都很不錯 除了吹風機會吃頭髮外以後來花蓮一定會再來住非常喜歡大廳零食 咖啡免費吃喝,1,1,0,0,1,0,1,1,0,0,0,0,1
設備翻新過，床和寢具也很舒服，整體感覺很不錯！,1,1,0,0,0,1,1,1,0,0,0,1,1
說有進出一次免費停車機會，卻對住旅行膠囊的旅客進行收費，若有附帶收費的要麻煩網站明白告知，不要只有打免費進出一次的停車機會，會誤導消費者。這是第二次的住宿，旅店內環境大致乾淨舒適。,1,1,0,0,0,1,1,1,0,0,0,3,1
價格合宜房間也夠大，對於小資一族來說CP值很高！飯店也有一股香味 ,1,1,0,0,1,0,1,1,0,0,1,0,1
有停車場，房間空間大，浴室乾濕分離，很乾淨，以這個價位來說很划算！,1,1,0,0,1,0,1,1,0,0,1,0,1
房間舒適乾淨，價錢划算。,1,1,0,0,1,0,1,1,0,0,1,0,1
床很舒適，家人都覺得很好。物超所值~  ,1,1,0,0,1,0,1,1,0,0,1,0,1
床很舒服。價格便宜。,1,1,0,0,1,0,1,1,0,0,1,0,1
價格實惠，房間也舒適,1,1,0,0,1,0,1,1,0,0,1,0,1
價位便宜，床鋪很寬敞，浴室很舒適,1,1,0,0,1,0,1,1,0,0,1,0,1
空調和寢具都很舒服，有浴缸大加分。且價格十分親民，下次有機會會繼續入住。,1,1,0,0,1,0,1,1,0,0,1,0,1
房間乾淨非常舒適 cp值很高，下次一定會再選這間,1,1,0,0,1,0,1,1,0,0,1,0,1
大廳乾淨、有特色價位親民,1,1,0,0,1,0,1,1,0,0,1,0,1
Cp高大廳乾淨,1,1,0,0,1,0,1,1,0,0,1,0,1
價格便宜，房間安靜，有電梯，房間乾淨,1,1,0,0,1,0,1,1,0,0,1,0,1
平價乾淨床舒服好睡燈光明亮,1,1,0,0,1,0,1,1,0,0,1,0,1
床&被很優 環境乾淨 因有補助價錢更覺超實惠,1,1,0,0,1,0,1,1,0,0,1,0,1
環境乾淨，隔音良好，價格優良，cp值很高,1,1,0,0,1,0,1,1,0,0,1,0,1
家庭房房間整潔乾淨也很寬敞，還有貼心為小朋友提供玩具，嬰兒用品非常齊全，價位cp值相當高,1,1,0,0,1,0,1,1,0,0,1,0,1
乾淨舒適，價錢合理，有寬敞的停車空間,1,1,0,0,1,0,1,1,0,0,1,0,1
整體來說非常物超所值，非常喜愛，hotel內一直有人打掃保持清潔，房間內也非常乾淨，飯店內外的藝術品非常符合氣氛，真的很喜愛。,1,1,0,0,1,0,1,1,0,0,1,0,1
很有質感的飯店，大廳旁還有酒吧床舒適很好睡，價格也不貴,1,1,0,0,1,0,1,1,0,0,1,0,1
第二次入住，房間依然非常整齊乾淨！很好 性價比很高！,1,1,0,0,1,0,1,1,0,0,1,0,1
房間乾淨完全沒有煙味，床超大睡起來舒服，隔音很好，還有平面戶外停車場，早餐好吃，價格平實CP值極高，很推薦呦！,1,1,0,0,1,0,1,1,0,0,1,0,1
這麼便宜還有浴缸 和大電視 房間算乾淨,1,1,0,0,1,0,1,1,0,0,1,0,1
設備不錯。房間乾淨。家庭房價格可以接受。,1,1,0,0,1,0,1,1,0,0,1,0,1
套房內四周環境乾淨，空間寬敞，令住宿者睡得非常安穩。整體cp值很高，住宿品質也很滿意，下次有機會去臺中時會再至貴旅舍朝聖！,1,1,0,0,1,0,1,1,0,0,1,0,1
已經住過三次，房內設備一直維持很乾淨整齊，這次過年房價雖然高，但房間內收到蜜餞禮盒又驚又喜，cp值很好很夠，而且停車場位子非常夠完全不用擔心沒位子要繞去其他地方停，住宿經驗每次都非常滿意,1,1,0,0,1,0,1,1,0,0,1,0,1
環境清潔，設施很完善，也不會有異味，很少有旅館有netflix，電影選擇性變多了，整體cp值很高,1,1,0,0,1,0,1,1,0,0,1,0,1
性價比高環境整潔設備完善整體超棒！,1,1,0,0,1,0,1,1,0,0,1,0,1
價格實惠，房間整潔乾淨，沒有菸味,1,1,0,0,1,0,1,1,0,0,1,0,1
簡單乾淨，價格還算便宜。浴室的洗髮沐浴用品不是那種一小包一小包的，而是可任意取用的，這點很不錯，因為有可能會洗好幾次澡，包裝的用完就沒了。,1,1,0,0,1,0,1,1,0,0,1,0,1
房間乾淨舒適，跟照片差不多ｃｐ值很高～～～,1,1,0,0,1,0,1,1,0,0,1,0,1
樓中樓空間很大 ，擺設很舒適，Cp值不錯。,1,1,0,0,1,0,1,1,0,0,1,0,1
地板、櫃子層板沒有灰塵、床鋪潔白乾淨。新裝潢、所以房間算乾淨。如果只是要住一晚、cp值很高，。,1,1,0,0,1,0,1,1,0,0,1,0,1
空間很大，浴缸很大，環境算滿乾淨的，整體覺得這樣的價錢很不錯。,1,1,0,0,1,0,1,1,0,0,1,0,1
以價格來說缺點都是可以預期的…堪住。枕頭棉被床單算是很乾淨。,1,1,0,0,1,0,1,1,0,0,3,0,1
因為另外一伴喜歡泡澡，特地訂有浴缸，泡的很舒服，不論水溫、水壓都不錯喔！地點離愛河也不遠。隔音效果也不錯。沒有提供拖鞋，若有需要可自行攜帶。地板為毛毯式，意外的沒有塵蹣等，沒過敏，很乾淨。,1,1,0,1,0,0,1,1,0,1,0,0,1
整體環境、設計與整潔度都很好,1,1,0,1,0,0,1,1,0,1,0,0,1
房間很舒適方便外出購買美食,1,1,0,1,0,0,1,1,0,1,0,0,1
設施新穎、舒適、位置佳,1,1,0,1,0,0,1,1,0,1,0,0,1
旅店是個搭機前往美好旅程的概念，從一拿到房卡開始就心情愉悅，進房後環境整體乾淨，很舒適，旁邊走過去就可以逛逢甲夜市，再去台中旅遊會再入住！,1,1,0,1,0,0,1,1,0,1,0,0,1
離火車站近，房間舒適。,1,1,0,1,0,0,1,1,0,1,0,0,1
房間大、環境優、乾淨、也安靜，早餐很豐盛很好吃 ,1,1,0,1,0,0,1,1,0,1,0,0,1
地點方便，家庭房夠大很舒適,1,1,0,1,0,0,1,1,0,1,0,0,1
房間舒適、地理位置佳,1,1,0,1,0,0,1,1,0,1,0,0,1
旅店位址環境很好、床鋪舒適,1,1,0,1,0,0,1,1,0,1,0,0,1
床舒適，浴室空間設計很好，海景不錯。,1,1,0,1,0,0,1,1,0,1,0,0,1
床很舒服 附近很多吃的 ,1,1,0,1,0,0,1,1,0,1,0,0,1
床很舒服 ，附近機能不錯 ，有腳踏車站 ，房間隔音很好。,1,1,0,1,0,0,1,1,0,1,0,0,1
住宿地點很不錯，房間大而且舒適，人員服務態度很好,1,1,0,1,0,0,1,1,0,1,0,0,1
房間舒適，服務人員都很親切有禮，離市區也不會太遠很方便,1,1,0,1,0,0,1,1,0,1,0,0,1
乾淨的房間，美麗的海景,1,1,0,1,0,0,1,1,0,1,0,0,1
房間舒適整齊採光不錯，附近好吃的很多，超商也不遠,1,1,0,1,0,0,1,1,0,1,0,0,1
房間整理的乾淨，地點離圓環各區景點都蠻近的。,1,1,0,1,0,0,1,1,0,1,0,0,1
廁所乾淨飯店位置機能方便！,1,1,0,1,0,0,1,1,0,1,0,0,1
房間乾淨地點不錯 走路可以到夜市附近有很多早餐店可以選擇這個價格很推薦~,1,1,0,1,0,0,1,1,0,1,0,0,1
衛浴乾淨，周邊生活機能好。,1,1,0,1,0,0,1,1,0,1,0,0,1
安靜、乾淨、有停車場可停車很好、至愛河散步方便,1,1,0,1,0,0,1,1,0,1,0,0,1
房間整潔舒適，樓下有便利店非常方便,1,1,0,1,0,0,1,1,0,1,0,0,1
房間舒適整齊採光不錯還有小陽台可以放空，附近好吃的很多，超商也不遠。,1,1,0,1,0,0,1,1,0,1,0,0,1
環境非常乾淨，這次入住豪華雙人房，好像有升級，有大床、沙發還有超大浴缸，讓人完全不想出門XD因為實在太舒服了，雖然不算在花蓮市區，但是到市區只需七八分鐘車程，非常方便，下次有機會還會入住,1,1,0,1,0,0,1,1,0,1,0,0,1
地點和整潔度都很好，浴缸乾淨且大,1,1,0,1,0,0,1,1,0,1,0,0,1
窗外風景漂亮 房間很大 也很乾淨 整體很滿意下次再來會想選擇煙波,1,1,0,1,0,0,1,1,0,1,0,0,1
飯店地點不錯，有室內停車場，房間整潔寬敞,1,1,0,1,0,0,1,1,0,1,0,0,1
位置方便有停車場房間打掃乾淨,1,1,0,1,0,0,1,1,0,1,0,0,1
位置不錯，離夜市很近，環境整潔，設備簡單舒適,1,1,0,1,0,0,1,1,0,1,0,0,1
位於市區的巷內，鬧中取靜，附近又有許多吃時可供選擇，市區幾個重要觀光地點都在步行範圍，非常方便，適於休閒行程。房間乾淨，一塵不染，床鋪整潔，空調適中，無菸味異味。,1,1,0,1,0,0,1,1,0,1,0,0,1
浴室很大很乾淨，床的軟硬度適中很好睡，周圍有很多便利商店跟名產店還不錯,1,1,0,1,0,0,1,1,0,1,0,0,1
房間很寬敞舒適，又很乾淨，附近覓食也很方便，下次再來花蓮，仍是首選。,1,1,0,1,0,0,1,1,0,1,0,0,1
床、枕頭都很舒適、紮實。熱水也很穩定！冷氣也很涼！窗外市景一級棒，尤其下午或早上！,1,1,0,1,0,0,1,1,0,1,0,0,1
地點很棒，有停車場也很方便，環境整潔舒適，整體很棒！,1,1,0,1,0,0,1,1,0,1,0,0,1
床很舒服好睡，冷氣夠冷，有飯店自己的停車場，走一小段路就是愛河和7-11，樓下有酒吧，很棒,1,1,0,1,0,0,1,1,0,1,0,0,1
地理位置佳及房間乾淨,1,1,0,1,0,0,1,1,0,1,0,0,1
住的地方離愛河，駁二，六合很近，又有停車位，很方便，只是當晚下雨，可惜了~只能待在房間裡~無法到處晃晃!!雙人床很大很舒服，有浴缸，超讚!!,1,1,0,1,0,0,1,1,0,1,0,0,1
房間乾淨整潔景色優美,1,1,0,1,0,0,1,1,0,1,0,0,1
距離市區的眾多景點不會太遠，房間寬敞、整潔，可以遠眺太平洋海景。,1,1,0,1,0,0,1,1,0,1,0,0,1
飯店新穎 房間乾淨舒適 採光明亮，飯店附近有7-11與全家還有步行可到的丹丹漢堡，棒!,1,1,0,1,0,0,1,1,0,1,0,0,1
乾淨整潔，安靜的入住環境，隨沒附早餐但門口早餐店林立選擇多樣，在市中心還有停車場屬難得。,1,1,0,1,0,0,1,1,0,1,0,0,1
房間乾淨 服務很好 房間還有浴缸超棒的 有提供私人停車場 附近就有超商 走路過去東大門夜市大概要15-20分鐘,1,1,0,1,0,0,1,1,0,1,0,0,1
因為另外一伴喜歡泡澡，特地訂有浴缸，泡的很舒服，不論水溫、水壓都不錯喔！地點離愛河也不遠。隔音效果也不錯。沒有提供拖鞋，若有需要可自行攜帶。地板為毛毯式，意外的沒有小蟲等，沒過敏。,1,1,0,1,0,0,1,1,0,1,0,0,1
房間安靜，睡得很舒適，地點好，有免費停車,1,1,0,1,0,0,1,1,0,1,0,0,1
乾淨～設備新～離逢甲近,1,1,0,1,0,0,1,1,0,1,0,0,1
住宿地點便利，可以直接走到逢甲夜市，房間大小剛好且舒適乾淨,1,1,0,1,0,0,1,1,0,1,0,0,1
位置好，近逢甲夜市房間乾淨舒適,1,1,0,1,0,0,1,1,0,1,0,0,1
地點很棒走路就到夜市。附停車場。飯店環境也乾淨,1,1,0,1,0,0,1,1,0,1,0,0,1
停車場位置很多。夜市在走路就可以到的距離。，晚上很安靜。，電視還可以免費看電影，床也很舒適，插座也很多。,1,1,0,1,0,0,1,1,0,1,0,0,1
地點離逢甲夜市不遠  很適合晚餐後再到夜市散散步逛逛街  床和枕頭軟硬度適中很舒適 ,1,1,0,1,0,0,1,1,0,1,0,0,1
乾淨的房間，靠近逢甲夜市,1,1,0,1,0,0,1,1,0,1,0,0,1
房間乾淨、沒有討人厭的霉味，地點也不錯,1,1,0,1,0,0,1,1,0,1,0,0,1
住宿地點佳房間高級，乾淨,1,1,0,1,0,0,1,1,0,1,0,0,1
停車方便位處逢甲夜市後，生活機能好房間簡簡單單舒適採光好,1,1,0,1,0,0,1,1,0,1,0,0,1
鄰近逢甲夜市，提供停車位，房間舒適漂亮，電視提供愛奇藝可看，很棒！,1,1,0,1,0,0,1,1,0,1,0,0,1
位置極佳房型寬敞乾淨停車方便,1,1,0,1,0,0,1,1,0,1,0,0,1
房間很乾淨、感覺很放鬆、離世區各地很近到那都很方便！,1,1,0,1,0,0,1,1,0,1,0,0,1
房間很舒服，附近很方便,1,1,0,1,0,0,1,1,0,1,0,0,1
乾淨、鄰近逢甲夜市、私人停車位、免治馬桶電視大台畫質好,1,1,0,1,0,0,1,1,0,1,0,0,1
很舒適，飯店有地下停車場，距離逢甲夜市很近，客房設施還不錯,1,1,0,1,0,0,1,1,0,1,0,0,1
房間舒適乾淨，喜歡有免治馬桶有地下停車場免費停車交通方便，離交流道不遠週邊除逢甲商圈外機能也不錯，有便利商店、全聯,1,1,0,1,0,0,1,1,0,1,0,0,1
設施新穎，整潔乾淨，離逢甲夜市很近，有車位,1,1,0,1,0,0,1,1,0,1,0,0,1
房間很乾淨，離逢甲夜市很近,1,1,0,1,0,0,1,1,0,1,0,0,1
，很開心；房間很舒服，地點也很方便,1,1,0,1,0,0,1,1,0,1,0,0,1
地理位置優設備新，房間不會有不好的味道,1,1,0,1,0,0,1,1,0,1,0,0,1
房間整潔舒適 地點好 步行即可抵達逢甲夜市  ,1,1,0,1,0,0,1,1,0,1,0,0,1
離逢甲夜市近，房間乾淨整潔。很棒！下次還會再入住,1,1,0,1,0,0,1,1,0,1,0,0,1
床舖很舒服，離逢甲夜市很近,1,1,0,1,0,0,1,1,0,1,0,0,1
走到逢甲五分鐘就到，冷氣很冷，非常喜歡，房間簡單木質地板很乾淨。,1,1,0,1,0,0,1,1,0,1,0,0,1
周遭停車方便，房間乾淨，,1,1,0,1,0,0,1,1,0,1,0,0,1
停車位足夠，不用在走到附近的停車場，停車方便住宿有附加奶瓶消毒鍋，非常方便，很適合有小小朋友的家庭旅行離開時剛好看到清潔人員掃地拖地，房間很乾淨距離逢甲沒有說到很近（），但是晚上很安靜，而且人潮也沒有那麼雜,1,1,0,1,0,0,1,1,0,1,0,0,1
乾淨整潔，設備新穎，附近很熱鬧，要逛街或吃吃喝喝都很方便。,1,1,0,1,0,0,1,1,0,1,0,0,1
床舒適， 房間的設計， 重點是購物方便,1,1,0,1,0,0,1,1,0,1,0,0,1
房間乾淨寬敞，離夜市很近，也有停車位。,1,1,0,1,0,0,1,1,0,1,0,0,1
房間乾淨舒適，且便利性高，下樓即有便利商店，距離逢甲商圈只需要幾分鐘路程，逛完夜市回到飯店也不用擔心無聊，飯店有提供藍光電影，下次到台中還是住這，大推 ,1,1,0,1,0,0,1,1,0,1,0,0,1
離逢甲夜市很近，走路就可以到了，床舒適，而且電視有很多藍光片可以看。,1,1,0,1,0,0,1,1,0,1,0,0,1
交通位置便利 離逢甲夜市近 吃完散步剛剛好的距離，小而巧 房間打掃乾淨，,1,1,0,1,0,0,1,1,0,1,0,0,1
停車空間大，旅店很新很乾凈，離逢甲夜市近,1,1,0,1,0,0,1,1,0,1,0,0,1
房間乾淨舒適，地理位置非常好,1,1,0,1,0,0,1,1,0,1,0,0,1
訂了復式的一間和普通標間，小孩非常喜歡，房間乾淨，通風良好，?野開闊，旁邊走幾步就有很多宵夜，還有台中出名的手信鋪如邑堂，芝士太陽餅超贊,1,1,0,1,0,0,1,1,0,1,0,0,1
地點好，、全家、全聯??，電視的電影都滿新的，也有愛奇藝的程式，裡面很多連續劇、綜藝節目可以看！也可使用手機投影至電視上觀看，iphone、android 皆可使用！整體環境非超乾淨舒適，下次去台中會再選擇這一家入住的 ！,1,1,0,1,0,0,1,1,0,1,0,0,1
門口即可停車真的是太方便了！！而且房間也很舒適,1,1,0,1,0,0,1,1,0,1,0,0,1
有地下平面停車位很方便，地理位置很好，床跟枕頭睡的很舒服,1,1,0,1,0,0,1,1,0,1,0,0,1
床跟枕頭都很舒服，軟硬適中，鬧中取靜的地理位置很方便，最棒的是有地下室的平面停車位，對開車的旅客來說真的非常棒！,1,1,0,1,0,0,1,1,0,1,0,0,1
整體來說房間十分舒適，插頭十分充足，飯店位置鬧中取靜,1,1,0,1,0,0,1,1,0,1,0,0,1
走路一下就到逢甲夜市，房間乾淨，有地下停車場,1,1,0,1,0,0,1,1,0,1,0,0,1
乾淨，有地下停車位，離夜市真的超近！,1,1,0,1,0,0,1,1,0,1,0,0,1
 位置很好，在逢甲旁， 房間挑高， 整體乾淨，  房間設計很美,1,1,0,1,0,0,1,1,0,1,0,0,1
環境舒適，交通便利，機車停在南紡不用收費而且有直通飯店的電梯,1,1,0,1,0,0,1,1,0,1,0,0,1
房間舒適度很好，交通方便，有時間可以逛逛outlet,1,1,0,1,0,0,1,1,0,1,0,0,1
房間舒適，緊臨賣場，地點方便。,1,1,0,1,0,0,1,1,0,1,0,0,1
房間舒適，而且停車也方便，旁邊也是南紡百貨完全不用擔心會無處去,1,1,0,1,0,0,1,1,0,1,0,0,1
地點就在shopping mall 旁邊、房間乾淨整潔舒適、房間空間大,1,1,0,1,0,0,1,1,0,1,0,0,1
地點整潔度設備基本的都有,1,1,0,1,0,0,1,1,0,1,0,0,1
床很好睡設備很新窗戶很大位於靜巷,1,1,0,1,0,0,1,1,0,1,0,0,1
床其實還蠻好睡，枕頭床被還算乾淨，至少不會讓皮膚癢。離火車站市場鬧區近。,1,1,0,1,0,0,1,1,0,1,0,0,1
房間寬敞乾淨，有陽台，近夜市,1,1,0,1,0,0,1,1,0,1,0,0,1
。進大門後地板、電梯、樓梯都很乾淨。房間也很乾淨舒適。離東大門夜市超級近。,1,1,0,1,0,0,1,1,0,1,0,0,1
床很舒適，距離夜市非常近,1,1,0,1,0,0,1,1,0,1,0,0,1
房間很大 水壓強 乾淨 有電梯 地點離夜市很近,1,1,0,1,0,0,1,1,0,1,0,0,1
房間乾淨空間大，且位置離鬧區接近但是並不會有被打擾的感覺,1,1,0,1,0,0,1,1,0,1,0,0,1
交通方便，距離台中會去的景點蠻近的，飯店外觀看起來像商業大樓，裡面空間蠻舒適的，打造一個電影院的視覺享受,1,1,0,1,0,0,1,1,0,1,0,0,1
附近就算機車也停車困難。床鋪舒適(空調配棉被也舒適)，單人背包房空間充足不壓抑，飲水機應為管線自主蒸氣消毒的不錯，裝潢舒適，附近買生活用品方便，就近可品嚐東南亞小吃。,1,1,0,1,0,0,1,1,0,1,0,0,1
按摩浴缸很舒服，從交流道下來很快很方便,1,1,0,1,0,0,1,1,0,1,0,0,1
舒適乾淨、有空氣清淨機、附近機能方便,1,1,0,1,0,0,1,1,0,1,0,0,1
雖然是老旅館，但房間有重新裝修過，乾淨程度還不錯。走路到火車站非常近。,1,1,0,1,0,0,1,1,0,1,0,0,1
 地點就在火車站前，交通、購物、美食便利。 房間乾淨、舒適。,1,1,0,1,0,0,1,1,0,1,0,0,1
環境很乾淨舒服 床也很好躺 離車站近 附近買東西很方便 已入住第二次,1,1,0,1,0,0,1,1,0,1,0,0,1
雙床房空間很大很舒服，浴室乾濕分離，位置離車站很近，商圈機能性強大,1,1,0,1,0,0,1,1,0,1,0,0,1
地理位置絕佳，就位於統領百貨斜對面，鄰近火車站步行就可以到，周遭生活機能尚不錯，內裝整體裝潢工業風，簡約舒服,1,1,0,1,0,0,1,1,0,1,0,0,1
位置佳，近火車站，房間乾淨，附近生活機能均充足！,1,1,0,1,0,0,1,1,0,1,0,0,1
飯店乾淨，離車站很近,1,1,0,1,0,0,1,1,0,1,0,0,1
地點優良 房間乾淨整齊,1,1,0,1,0,0,1,1,0,1,0,0,1
地理位置雖然在樓上 但整體感覺都不錯房間也乾淨沒有髒亂,1,1,0,1,0,0,1,1,0,1,0,0,1
環境乾淨，枕頭軟硬適中，空間大。交通方便，隔音尚可！,1,1,0,1,0,0,1,1,0,1,0,0,1
位置很棒樓下非常方便 床舒適  環境整潔,1,1,0,1,0,0,1,1,0,1,0,0,1
房間很乾淨，能從浴室看到市景，且距離桃園火車站非常近～,1,1,0,1,0,0,1,1,0,1,0,0,1
房間乾淨舒適、有停車位可以停、離市區不遠，方便!,1,1,0,1,0,0,1,1,0,1,0,0,1
附近很多商家可以買吃的也ok，也可以叫熊貓。房間算很乾淨，浴室的門隔音效果出奇的好，很妙 ,1,1,0,1,0,0,1,1,0,1,0,0,1
離車站超近，且房間乾淨,1,1,0,1,0,0,1,1,0,1,0,0,1
位置極佳，床舖舒適沒壓迫感，空調夠冷,1,1,0,1,0,0,1,1,0,1,0,0,1
房間很乾淨，裝潢很漂亮，地點離火車站很近，附近也有便利商店，不錯。,1,1,0,1,0,0,1,1,0,1,0,0,3
床舒適棉被暖 ，地點很棒， 裝潢漂亮有特色。,1,1,0,1,0,0,1,1,0,1,0,0,1
區位、設備不錯，附近交通很方便，房間很整潔。,1,1,0,1,0,0,1,1,0,1,0,0,1
床鋪舒適(空調配棉被也舒適)，單人背包房空間充足不壓抑，飲水機應為管線自主蒸氣消毒的不錯，裝潢舒適，附近買生活用品方便，就近可品嚐東南亞小吃。,1,1,0,1,0,0,1,1,0,1,0,0,1
房間整潔寬敞，附近買吃的或用的都很方便，床墊也不錯睡，門口也有車位停，不用走很遠真是開心,1,1,0,1,0,0,1,1,0,1,0,0,1
地點不錯！乾淨！哈床好睡！,1,1,0,1,0,0,1,1,0,1,0,0,1
四人房夠大，舒服。離市區近，小吃就在隔壁條要吃什麼都有方便，隔壁小北全聯缺東西方便購買，房間內有桌椅可供小酌使用。,1,1,0,1,0,0,1,1,0,1,0,0,1
床的舒適度不錯，地點也不錯。,1,1,0,1,0,0,1,1,0,1,0,0,1
床的舒適度好，旅店外面有很多吃飯的店面，很方便。,1,1,0,1,0,0,1,1,0,1,0,0,1
房間寬敞舒服，離吃飯地方近，不錯。,1,1,0,1,0,0,1,1,0,1,0,0,1
地點很好，附近一堆吃的，房間本身也很好，乾淨無菸味,1,1,0,1,0,0,1,1,0,1,0,0,1
床和枕頭很舒適。地點方便。,1,1,0,1,0,0,1,1,0,1,0,0,1
房間很大很舒適，地點很棒，非常向各位推薦這間,1,1,0,1,0,0,1,1,0,1,0,0,1
雖然外觀看起來老舊，但飯店內的設備整潔還不錯、位子不錯樓下很多美食、雖然沒有特約停車場但有折抵卷可以折抵,1,1,0,1,0,1,1,1,0,1,0,0,1
性价比高，大床房床非常大，整体舒适，交通方便。,1,1,0,1,1,0,1,1,0,1,1,0,1
裝潢、舒適度與價格整體來說CP值相當高，離愛河鹽埕區步行即可到達。,1,1,0,1,1,0,1,1,0,1,1,0,1
價格便宜。房間整潔乾淨，飯店附近的餐飲方便。,1,1,0,1,1,0,1,1,0,1,1,0,1
房間很乾淨，地點也不錯，房價便宜,1,1,0,1,1,0,1,1,0,1,1,0,1
乾淨與地點不錯，有停車場，價錢優惠。,1,1,0,1,1,0,1,1,0,1,1,0,1
價錢便宜 房間乾淨且四人房浴室有浴缸廁所也很大～離夜市很近附近也有超商，也能提前寄放行李，相當方便！,1,1,0,1,1,0,1,1,0,1,1,0,1
煙波花蓮館距離花蓮車站有一定的距離，搭乘計程車約7分鐘左右到達。高樓層的房間面海的話可以俯瞰整個花蓮港，尤其有浴缸可以面對海，真的是非常的奢華。在非假日時間入住，價格也很合理，房間乾淨清潔，隔音也不錯。浴室寬廣、蓮蓬頭水量充足，浴缸也非常寬敞，很適合泡澡放鬆。附近餐飲也算方便，離花蓮熱鬧的區域（主要飲食區）有一點點距離（車程也約5-10分鐘）。,1,1,0,1,1,0,1,1,0,1,1,0,1
停車方便，走路即可到逢甲夜市，房間乾淨價格便宜，很棒,1,1,0,1,1,0,1,1,0,1,1,0,1
房間價格不貴又很乾淨，附近也很多吃的，而且還有免費停車場，如果有外國朋友來，絕對會推薦這家,1,1,0,1,1,0,1,1,0,1,1,0,1
環境整潔，價格合理，有藍光電影，對外隔音好，離夜市步行僅數分鐘，卻沒有住在夜市裡之旅店吵雜環境，cp值很高。,1,1,0,1,1,0,1,1,0,1,1,0,1
位置、價錢都很ok ，床鋪乾淨，電視還可以 ，淋浴水壓跟熱水都不錯 ，起碼比一些裝潢好，但是床鋪睡上去身體會發癢的汽旅要值得。,1,1,0,1,1,0,1,1,0,1,1,0,1
樓下是市場，早上比較吵一點點。地點離東大門夜市很近，逛夜市無敵方便，我選擇的是有陽台的房型，價位覺得挺便宜的，房間整體上是乾淨，只是有點潮濕的味道，智慧型入住手續覺得很方便洗澡水量很大，喜歡,1,1,0,1,1,0,1,1,0,1,1,0,1
位置不錯床蠻舒適的價格實惠,1,1,0,1,1,0,1,1,0,1,1,0,1
以價錢跟整體算舒適 入口處也沒有別人說的那麼可怕吹風機很強不會踩雷 附近很多東西可逛,1,1,0,1,1,0,1,1,0,1,1,0,1
房間大小適中，地點非常理想，房間內乾淨舒適，桃園市區住宿的超值選擇。,1,1,0,1,1,0,1,1,0,1,1,0,1
 比上次入住，lobby多了不少桌椅， 本預定雙人房，當天被升級兩張大雙人床，房間很大很舒適， 重點是真的超級便宜，且在桃園火車站附近，位置方便,1,1,0,1,1,0,1,1,0,1,1,0,1
位置近台中火車站 交通便利床鋪、淋浴間乾淨CP值高,1,1,0,1,1,0,1,1,0,1,1,0,1
附近交通及用餐都算方便，房間乾淨，房價不貴，整體cp值高，下次還會想再來住宿,1,1,0,1,1,0,1,1,0,1,1,0,1
大樓位置四周圍很多外勞聚集，會怕的人要考慮，房間乾淨 公共空間也很充足跟乾淨。,1,1,0,1,0,0,1,1,0,3,0,0,1
窗外看出去是車道入口，不喜歡，房內乾淨,1,1,0,1,0,0,1,1,0,3,0,0,1
位置非常不好，很多外籍人士聚集，甚至有人在大廳抽煙，房間整潔乾淨,1,1,0,1,0,1,1,1,0,3,0,3,3
服務人員非常親切，從地下室的指揮到櫃檯的check in都不馬虎！ 很幸運房型被升級，出乎意料，房內讓人感到舒適！ 早餐也很好吃 ,1,1,1,0,0,0,1,1,1,0,0,0,1
舒適乾淨愜意 早餐選擇多 提供嬰兒床和澡盆不錯唷,1,1,1,0,0,0,1,1,1,0,0,0,1
服務佳，又有健身房和三溫暖。很舒服的體驗 ,1,1,1,0,0,0,1,1,1,0,0,0,1
早餐還不賴!! 房間很舒適! 棒,1,1,1,0,0,0,1,1,1,0,0,0,1
早餐具變化性 且豐富非常好，床很舒服 一覺到天亮，舒適度很夠 但不能睡在中間,1,1,1,0,0,0,1,1,1,0,0,0,1
本次入住面海的尊爵房，房內舒適，三溫暖也還不錯（如果有浴衣會更佳）。早餐部份倒是很豐盛，挑食的人應該也能找到喜歡吃的食物。近期雖然疫情嚴重，但飯店都有自主管理，進入的人員都需量體溫，門口也備有自動酒精噴灑機，提供房客們使用。,1,1,1,0,0,0,1,1,1,0,0,0,1
房間很大很好很舒適 早餐超讚的,1,1,1,0,0,0,1,1,1,0,0,0,1
一進入大廳香味撲鼻而來，很好聞。櫃臺人員 素質超好 服務超優～乾淨又漂亮 下次會再入住早餐總類算很多 吃的超飽！,1,1,1,0,0,0,1,1,1,0,0,0,1
乾淨 早餐很棒 ，浴室可以邊泡澡邊看電視，還有準備小點心咖啡,1,1,1,0,0,0,1,1,1,0,0,0,1
住起來很舒適到了六樓一進去很高級也很香也謝謝免費幫我們房型升級下次去還會選擇這間,1,1,1,0,0,0,1,1,1,0,0,0,1
房間乾淨，人員親切！,1,1,1,0,0,0,1,1,1,0,0,0,1
房間和廁所都很乾淨，早餐很豐盛，水壓很足夠，床軟硬適中。雖不是地下停車設施，但停車方便，就算找不到車位，飯店的措施也很體貼飯店整間香香的，但不會香到讓人覺得太過頭,1,1,1,0,0,0,1,1,1,0,0,0,1
早餐很不錯，選擇樣式比我預期還好。房間整體清潔舒適。床/被/枕頭品質及支撐度都很好，所以可以一夜好眠。對挑床的我而言，是品質很好的睡眠環境。唯一可惜的是溫泉池堅持16歲以上才能使用。因為我們小孩10/12在日本都可以自由泡湯，所以台灣要16歲的門檻，覺得有點太高了。但整體而言，我還是會推薦給要去花蓮住宿的朋友～推推～,1,1,1,0,0,0,1,1,1,0,0,0,1
房內寬敞，舒適度高，櫃檯服務好，停車指引也很迅速，衛浴清潔用品超推,1,1,1,0,0,0,1,1,1,0,0,0,1
床鋪非常軟硬適中，非常舒適。旅店員工很熱心又貼心,1,1,1,0,0,0,1,1,1,0,0,0,1
房間很大，床超級好躺！沒有怪味，有清新的味道讚！！服務人員有準備一本遊記，裡面推薦的食物跟景點都很吸引人，讓我下次還想再光顧花蓮！！,1,1,1,0,0,0,1,1,1,0,0,0,1
因為是蜜月旅行，辦理入住員工直接免費幫我們升等到大坪數的房間，讓我們小倆口響有大空間的舒適。早餐方面 多選擇 好吃。員工素質 很有善,1,1,1,0,0,0,1,1,1,0,0,0,1
整體上飯店防疫作得非常不錯床很舒適服務也很棒很值得推薦給親朋好友下次如果來花蓮一定會是首選,1,1,1,0,0,0,1,1,1,0,0,0,1
當天被升等 房間很大  床很舒服早餐豐富,1,1,1,0,0,0,1,1,1,0,0,0,1
床鋪舒適 房間空間大 早餐選擇多 ,1,1,1,0,0,0,1,1,1,0,0,0,1
住海景四人房，寬敞舒適。早餐菜色多樣，味道爽口。,1,1,1,0,0,0,1,1,1,0,0,0,1
房間舒適每一位人員服務素質都很高。三溫暖很棒,1,1,1,0,0,0,1,1,1,0,0,0,1
早餐很 棒床很舒適，一夜好眠,1,1,1,0,0,0,1,1,1,0,0,0,1
早餐豐富好吃，房間舒適，空間寬裕，泡澡舒服，公設好玩有趣，閱讀空間好芬圍。,1,1,1,0,0,0,1,1,1,0,0,0,1
意外被升級到煙波套房，房間很大很舒適！早餐還不錯,1,1,1,0,0,0,1,1,1,0,0,0,1
這是的家庭出遊有帶小小孩飯店很貼心有提供嬰兒澡盆，浴室也很舒適很大間，全家一起洗或幫孩子洗澡都不會覺得擁擠，但要小心地板有點滑， 如果有防滑的措施應該會更好！,1,1,1,0,0,0,1,1,1,0,0,0,1
服務人員非常親切~ 感謝你們深夜耐心協助處理訂房問題!!!寢具軟硬適中，舒適好睡,1,1,1,0,0,0,1,1,1,0,0,0,1
有停車場，大廳有咖啡小點心可使用，很讚，有浴缸，基本上算舒適。,1,1,1,0,0,0,1,1,1,0,0,0,1
床舒適 浴室滿大的 很爽。停車方便 大廳有小零食和飲料提供使用，讚,1,1,1,0,0,0,1,1,1,0,0,0,1
床很舒服，服務超好，幫忙租車的車行也很好。,1,1,1,0,0,0,1,1,1,0,0,0,1
房間舒適乾淨捨不得出門，服務人員很客氣。,1,1,1,0,0,0,1,1,1,0,0,0,1
房間乾淨整潔 早餐豐富多元,1,1,1,0,0,0,1,1,1,0,0,0,1
員工服務態度好，房間環境乾淨整潔,1,1,1,0,0,0,1,1,1,0,0,0,1
服務員親切，房間乾淨，早餐種類多。還可以幫忙叫計程車。,1,1,1,0,0,0,1,1,1,0,0,0,1
房間整潔乾淨，很舒服，工作人員態度好,1,1,1,0,0,0,1,1,1,0,0,0,1
房間乾淨清潔，服務人員態度很好。,1,1,1,0,0,0,1,1,1,0,0,0,1
早餐很豐富多元.房間很舒適.整體員工服務佳,1,1,1,0,0,0,1,1,1,0,0,0,1
房間乾淨 服務人員都很有禮貌及客氣,1,1,1,0,0,0,1,1,1,0,0,0,1
房間乾淨，早餐豐盛,1,1,1,0,0,0,1,1,1,0,0,0,1
房間乾淨，晚餐色香味具全，服務人員有禮貌。,1,1,1,0,0,0,1,1,1,0,0,0,1
員工親切房間整潔,1,1,1,0,0,0,1,1,1,0,0,0,1
服務人員友善，房間整潔舒適,1,1,1,0,0,0,1,1,1,0,0,0,1
我覺得早餐樣式豐富，住宿房間很乾淨，會推薦親友參考來這邊住宿喔！,1,1,1,0,0,0,1,1,1,0,0,0,1
早餐種類很多，服務很好，很親切。房間很乾淨。,1,1,1,0,0,0,1,1,1,0,0,0,1
飯店櫃檯待客親切，有問題需要處理，馬上解決，客房乾淨，又免費升級三人，再次來住機會高,1,1,1,0,0,0,1,1,1,0,0,0,1
員工服務態度佳，房間乾淨，腳踏車可放一樓大廳。,1,1,1,0,0,0,1,1,1,0,0,0,1
一樓有免費零食跟飲料任意喝，房間浴室整潔度很OK!很值得推薦！,1,1,1,0,0,0,1,1,1,0,0,0,1
客房乾淨、簡潔，櫃檯人員的態度也非常親切。,1,1,1,0,0,0,1,1,1,0,0,0,1
房間乾淨而且員工 很親切,1,1,1,0,0,0,1,1,1,0,0,0,1
房間乾淨明亮，櫃檯服務人員親切，點心吧點心豐盛咖啡好喝,1,1,1,0,0,0,1,1,1,0,0,0,1
早餐不錯，宵夜免費的，房間無菸味,1,1,1,0,0,0,1,1,1,0,0,0,1
住房整潔、餐食味美,1,1,1,0,0,0,1,1,1,0,0,0,1
房間舒服客服態度很好  ,1,1,1,0,0,0,1,1,1,0,0,0,1
櫃檯服務人員態度親切，熱心回覆問題。謝謝提供升等房型及優質的住宿環境，房間無異味，真好!,1,1,1,0,0,0,1,1,1,0,0,0,1
早餐好吃 房間乾淨整潔房內玩具小朋友玩的很開心,1,1,1,0,0,0,1,1,1,0,0,0,1
早餐很好吃，如果有荷包蛋就更完美！房間乾淨度佳。,1,1,1,0,0,0,1,1,1,0,0,0,1
大廳的氣味很舒服，是小蒼蘭的味道，服務人員也很棒。,1,1,1,0,0,0,1,1,1,0,0,0,1
床非常舒服好睡，員工態度專業又好，12點前退房很不錯。,1,1,1,0,0,0,1,1,1,0,0,0,1
人員友善，房間乾淨,1,1,1,0,0,0,1,1,1,0,0,0,1
環境與服務態度很好，房間舒適，房外陽台有山景，很令人放鬆。含早餐，好吃多樣化,1,1,1,0,0,0,1,1,1,0,0,0,1
工作人員很親切，早餐豐富好吃，房間清潔、床及棉被都舒服。,1,1,1,0,0,0,1,1,1,0,0,0,1
服務人員態度親切，設施環境整潔舒適。,1,1,1,0,0,0,1,1,1,0,0,0,1
超越五星級飯店的水準，安靜乾淨服務周到，而且寢具舒適冷氣安靜，完全沒有異味，非常推薦！未來也會是前往花蓮的首選。,1,1,1,0,0,0,1,1,1,0,0,0,1
房間很寬敞且乾淨，整體也很安全放任小孩亂爬也不會擔心，早餐也很豐盛，服務人員態度也都很好，下次再到花蓮會再去住！,1,1,1,0,0,0,1,1,1,0,0,0,1
早餐是自助式 算好吃的 原本是訂兩張單人床房 結果到了幫我們升級成兩張雙人床房 兩個人住非常大 廁所乾溼分離 算乾淨,1,1,1,0,0,0,1,1,1,0,0,0,1
環境乾淨，三溫暖很棒，服務人員很棒！,1,1,1,0,0,0,1,1,1,0,0,0,1
不論大廳或餐廳服務人員的態度親切有禮，很棒。迴廊或是房間內大多時間都能維持香香的氣味，讓人感覺很舒服、放鬆，尤其床非常好睡，整體乾淨舒適。,1,1,1,0,0,0,1,1,1,0,0,0,1
1. 服務人員親切，飯店亦主動告知觀光局推的住宿補助方案。2. 飯店提供數枚代幣，可以用來享用飯店內的有遊樂休閒設施。3. 房間很寬敞，乾淨舒適。4. 早餐豐盛。,1,1,1,0,0,0,1,1,1,0,0,0,1
房間很乾淨，床很舒服好睡，服務人員都很貼心會主動詢問是否有任何需求，下次會再來住宿。,1,1,1,0,0,0,1,1,1,0,0,0,1
員工姐姐態度很友善，一樓有小餅乾咖啡跟茶包可以拿到房間享用，電梯旁有飲水機，還有專屬停車場，停滿了可以停第二停車場，房號307住了三晚，房間在電梯門口正前方，本來擔心會很吵，結果三晚都沒聽到什麼聲響耶，隔音不錯呢，房間舒服乾淨沒霉味，還有浴缸,1,1,1,0,0,0,1,1,1,0,0,0,1
房間乾淨廁所乾淨床很舒服大廳給客人吃的零食，很喜歡。有咖啡豆磨的咖啡可以喝。服務人員態度很好。,1,1,1,0,0,0,1,1,1,0,0,0,1
員工親切問候，環境乾淨，洗手台跟浴室分開，多人住宿時，很適合,1,1,1,0,0,0,1,1,1,0,0,0,1
床跟枕頭都很舒適，衛浴空間大且乾淨，浴缸泡澡舒服，有停車位，早餐雖然改餐盒但也不會降低品質，很棒的住宿，有機會還會再次入住。,1,1,1,0,0,0,1,1,1,0,0,0,1
床很舒服、櫃檯人員態度優良（雖然不知道叫什麼名字）謝謝您們！,1,1,1,0,0,0,1,1,1,0,0,0,1
服務人員親切 ，房間乾淨明亮 ，早餐很好吃,1,1,1,0,0,0,1,1,1,0,0,0,1
有停車位，乾淨，新，寬敞，服務好,1,1,1,0,0,0,1,1,1,0,0,0,1
有早餐 有停車位整體房間很舒服出差第一選擇,1,1,1,0,0,0,1,1,1,0,0,0,1
早餐豐盛，房間空間舒適，接待人員服務好,1,1,1,0,0,0,1,1,1,0,0,0,1
飯店人員服務親切，早餐豐盛，房間空間舒適,1,1,1,0,0,0,1,1,1,0,0,0,1
飯店整體而言很整潔舒適，最喜歡它的大床跟足夠大的被子，兩人再怎麼會滾都會有被子蓋。櫃檯人員都很親切～,1,1,1,0,0,0,1,1,1,0,0,0,1
早餐豐富，3.6.9.12層樓電梯外有飲水機很方便，熱水很快！整體都很舒服～,1,1,1,0,0,0,1,1,1,0,0,0,1
一切都很好好...床鋪好睡...軟硬適中。枕頭微軟...但還可接受。浴室...用品齊全，水量強大，舒服。停車方便，樓下左右都可停，萬一沒有位置找附近停車格飯店幫你付。床間舒適，溫馨，,1,1,1,0,0,0,1,1,1,0,0,0,1
設備乾淨整齊，早餐精緻美味，櫃檯人員熱情親切。,1,1,1,0,0,0,1,1,1,0,0,0,1
床很舒服，空間很大，早餐好吃,1,1,1,0,0,0,1,1,1,0,0,0,1
早餐雖改為套餐，但是份量足，食物也好吃，飲料部份依然無限暢飲，房間床很舒服，大小適中。,1,1,1,0,0,0,1,1,1,0,0,0,1
乾淨、有停車場、早餐不錯,1,1,1,0,0,0,1,1,1,0,0,0,1
房間舒適 早餐豐富,1,1,1,0,0,0,1,1,1,0,0,0,1
豐富早餐，房間舒適,1,1,1,0,0,0,1,1,1,0,0,0,1
餐點好吃 房間舒適乾淨漂亮,1,1,1,0,0,0,1,1,1,0,0,0,1
早餐豐盛，房間乾淨，直得下次到高雄再來住。,1,1,1,0,0,0,1,1,1,0,0,0,1
飯店整體環境乾淨且明亮，房間隔音效果不錯，床的軟硬度適中，浴缸非常大!自助早餐選擇多，補餐速度也非常快。飯店地下一樓提供運動房間(飛輪、跑步機)。,1,1,1,0,0,0,1,1,1,0,0,0,1
早餐不錯、房間乾淨、房間中間有個大桌子,1,1,1,0,0,0,1,1,1,0,0,0,1
房間寬敞舒適，雙人床很大，早餐豐盛，晚上還有提供宵夜，並有駐唱演出可欣賞，有停車位，方便,1,1,1,0,0,0,1,1,1,0,0,0,1
房間舒服 早餐豐富好吃 還有提供宵夜  超讚！,1,1,1,0,0,0,1,1,1,0,0,0,1
早餐選擇多樣化，房間很大有大浴缸十分舒適,1,1,1,0,0,0,1,1,1,0,0,0,1
早餐很好，而且有宵夜。有停車位。房間佈置舒適，安靜。,1,1,1,0,0,0,1,1,1,0,0,0,1
早餐很豐富很好吃；床鋪很舒服，一睡到天亮。,1,1,1,0,0,0,1,1,1,0,0,0,1
床很大、房間乾淨、早餐好，服務、清潔人員友善，免費停車。,1,1,1,0,0,0,1,1,1,0,0,0,1
1.房間空間很大，床很大也很舒適2.早餐還ok3.因飯店車位已滿，請我們至路邊找停車位，也會幫我們繳停車費，這一點算貼心,1,1,1,0,0,0,1,1,1,0,0,0,1
房間舒適 乾淨 服務好,1,1,1,0,0,0,1,1,1,0,0,0,1
早餐很好吃，停車場服務優質，房間明亮、乾淨、整潔。,1,1,1,0,0,0,1,1,1,0,0,0,1
房間很舒適，消夜很好吃，服務人員待客很親切,1,1,1,0,0,0,1,1,1,0,0,0,1
早餐好吃，床很舒適，房間乾淨,1,1,1,0,0,0,1,1,1,0,0,0,1
人員服務很棒 房間明亮又乾淨,1,1,1,0,0,0,1,1,1,0,0,0,1
早餐的服務小姐態度親切。房間很乾淨。,1,1,1,0,0,0,1,1,1,0,0,0,1
喜歡入住時衣櫃附的白色提袋，喜歡寬敞的桌子，喜歡枕頭棉被睡起來不會癢很舒服，喜歡透明的浴室， 乾濕分離（不想要透明，也有窗簾，可以拉上），喜歡飯店裡有附保險櫃可以把貴重物品鎖起來，也喜歡飯店裡有擺放聖經住起來很安心，最後個人認為西式早餐比中式好吃,1,1,1,0,0,0,1,1,1,0,0,0,1
浴缸乾淨，幫繳停車費,1,1,1,0,0,0,1,1,1,0,0,0,1
房間、浴室乾淨，採光很好，早餐選擇多WO BAR COCKTAIL不錯,1,1,1,0,0,0,1,1,1,0,0,0,1
床很舒適，採光極佳早餐蠻多樣化的服務人員態度好,1,1,1,0,0,0,1,1,1,0,0,0,1
床鋪超大，好睡舒服！早餐豐富好吃 ,1,1,1,0,0,0,1,1,1,0,0,0,1
雙人房含浴缸，房間大又乾淨，窗戶隔音好，聽不到外面車聲，房間也沒煙味，浴室水量充足，浴缸龍頭水量也很大，服務人員親切，退房時打掃人員還會親切說再見，車位也蠻多的，幾乎沒有缺點。,1,1,1,0,0,0,1,1,1,0,0,0,1
喜歡房間很乾淨，早餐很棒,1,1,1,0,0,0,1,1,1,0,0,0,1
下次還會二訪 隔音設備佳、床很大，空間整體舒服、乾淨，還有付宵夜，休閒室裡有手工餅乾和咖啡可以用，讚讚,1,1,1,0,0,0,1,1,1,0,0,0,1
房間乾淨，舒適，早餐不錯！服務人員親切！下次去高雄，一定會再入住！,1,1,1,0,0,0,1,1,1,0,0,0,1
早餐豐盛，居然還有宵夜，房間乾淨與舒適,1,1,1,0,0,0,1,1,1,0,0,0,1
房間乾淨整潔，櫃檯人員服務不錯 ,1,1,1,0,0,0,1,1,1,0,0,0,1
早餐超級好吃，房間氣氛很舒服，整潔乾淨,1,1,1,0,0,0,1,1,1,0,0,0,1
早餐很豐盛，整個房間很寬廣舒適,1,1,1,0,0,0,1,1,1,0,0,0,1
房間舒適，早餐豐富且少油，很滿意,1,1,1,0,0,0,1,1,1,0,0,0,1
樓下有酒吧，免費停車場，早餐好吃，床也好大好好睡，整體都很簡單乾淨,1,1,1,0,0,0,1,1,1,0,0,0,1
提供的服務很全面，房間也很乾淨，整體住起來很舒適～,1,1,1,0,0,0,1,1,1,0,0,0,1
房間很大很舒適，有提供嬰兒床、消毒鍋、澡盆，非常的棒！空調設備反應很快，早餐好吃位置安排也很不錯，可能有帶小孩所以有安排在有飲水機的樓層，覺得非常貼心。服務態度佳，是非常棒的住宿經驗，下次有需求會優先考慮！,1,1,1,0,0,0,1,1,1,0,0,0,1
非常喜歡早餐，整體環境舒適，隔音也很好，推薦親子入住,1,1,1,0,0,0,1,1,1,0,0,0,1
從入住到退房，都很開心，房間乾淨舒適，早餐還有餐廳人員帶位，真的不怕沒有位置。,1,1,1,0,0,0,1,1,1,0,0,0,1
房間乾淨、浴室洗澡水壓很強很舒服服務人員態度100分！,1,1,1,0,0,0,1,1,1,0,0,0,1
房間的舒適度和空間很讚，早餐也相當美味 ,1,1,1,0,0,0,1,1,1,0,0,0,1
早餐好吃，床很舒適,1,1,1,0,0,0,1,1,1,0,0,0,1
設備新穎，舒適。早餐非常多樣美味隔天接駁車人員非常親切友善，這點很棒！,1,1,1,0,0,0,1,1,1,0,0,0,1
早餐，房間設備，舒適度，隔音好。,1,1,1,0,0,0,1,1,1,0,0,0,1
房間乾淨，環境衛生，服務人員也很貼心，下次如果有機會一定會再來！,1,1,1,0,0,0,1,1,1,0,0,0,1
早餐超棒，房間乾淨舒適，已經住過五六次了,1,1,1,0,0,0,1,1,1,0,0,0,1
房間乾淨 早餐好吃 飯店人員親切 ,1,1,1,0,0,0,1,1,1,0,0,0,1
早餐豐富好吃、房間舒適好睡讓人一覺不起、停車位足夠,1,1,1,0,0,0,1,1,1,0,0,0,1
房間舒適、早餐服務人員親切,1,1,1,0,0,0,1,1,1,0,0,0,1
第三次入住了，每次標間的大小都有不同，這次的房間最大了比較舒服，早餐不錯，最喜歡優格。基本上也是感覺整潔，熱水快、舒服。,1,1,1,0,0,0,1,1,1,0,0,0,1
房間和浴室大、乾淨、明亮，床和枕頭也好睡，住起來很舒適。服務人員態度親切又專業；飯店提供停車位、寄放冷凍食品的服務非常棒。,1,1,1,0,0,0,1,1,1,0,0,0,1
房間舒適 早餐樣式選擇多,1,1,1,0,0,0,1,1,1,0,0,0,1
入住和退房流程順暢，服務人員很親切有禮，房間乾淨！,1,1,1,0,0,0,1,1,1,0,0,0,1
俯瞰海景非常漂亮，房間大且乾淨舒適，員工親切有禮。,1,1,1,0,0,0,1,1,1,0,0,0,1
員工都很親切，發自內心，不假裝！房間打掃很乾淨，沒有塵味，床很舒服，每天都不想起床。隔音很好。沒有什麼無謂設備，適合帶小朋友來，在房間都很安全。,1,1,1,0,0,0,1,1,1,0,0,0,1
自助早餐豐富、食品質量高、食物夠熱、食品／飲品選擇多。房間一般設備齊全。接待有禮。床舒適。跟booking.com相片一致。外圉有聖誕飄雪大氣球供住客入內拍照。,1,1,1,0,0,0,1,1,1,0,0,0,1
早餐豐富多樣，超值，床，寢具柔軟舒適,1,1,1,0,0,0,1,1,1,0,0,0,1
環境乾淨 早餐好吃,1,1,1,0,0,0,1,1,1,0,0,0,1
房間大乾淨舒適，服務人員態度超親切,1,1,1,0,0,0,1,1,1,0,0,0,1
員工人員服務很好，房間舒適乾淨！,1,1,1,0,0,0,1,1,1,0,0,0,1
房間隔音很好，乾淨舒適，服務人員很親切，住宿期間非常愉悅,1,1,1,0,0,0,1,1,1,0,0,0,1
整個房型跟裕廁都很方正乾淨明亮，電視頻道選擇非常多元，還有電影可以看，綜藝音樂都有，，都很容易操作，覺得很優秀。水壓夠熱水很快，房間插頭也超多還有小沙發跟小桌，機能很夠。服務人員都非常客氣跟nice,1,1,1,0,0,0,1,1,1,0,0,0,1
服務人員都非常的親切，原先的兩人房竟然升等成四人房，房間乾淨舒適，裝潢是溫馨的，浴室很大間，床跟枕頭很好睡，早餐好吃，還有週邊小吃景點的導覽資訊單可以參考,1,1,1,0,0,0,1,1,1,0,0,0,1
室內停車方便、服務人員親切、設備新穎、房間有藍光電影看、房間乾淨無異味、落地窗景觀佳、有免治馬桶、,1,1,1,0,0,0,1,1,1,0,0,0,1
房間乾淨，有附停車位停車方便，早餐好吃。,1,1,1,0,0,0,1,1,1,0,0,0,1
雖然是商旅，但房間住起來和其他的康橋系列飯店一樣很舒適，乾淨，我超愛花茶包的，服務人員也維持著超棒的熱忱，住宿前一天特地打電話告知我們飯店周圍有廟會活動會塞車，需要繞道比較不會塞到、很期待的早餐和宵夜也吃到撐死了，而因應疫情關係，服務人員們很辛苦的規範用餐人員取餐時要戴口罩，也執行的很徹底，我們用餐時刻也十分安心，兒童椅使用前也用酒精消毒過好貼心，康橋系列真的是很用心的企業，台南赤崁樓商旅我們住得很開心,1,1,1,0,0,0,1,1,1,0,0,0,1
住起來舒服，宵夜早餐都超好吃（肚子沒有空間吃外面美食）！還有腳踏車可以四處逛，,1,1,1,0,0,0,1,1,1,0,0,0,1
房間很乾淨，床很舒服，早餐好吃，服務人員服務棒,1,1,1,0,0,0,1,1,1,0,0,0,1
早餐不錯，床舖舒適,1,1,1,0,0,0,1,1,1,0,0,0,1
房間乾淨明亮，床睡起來也很舒服。早餐的部分，除了自助的以外還有現點的蛋料理跟特餐，都很精緻可口。離開的時候小孩還問說什麼時候要再來。,1,1,1,0,0,0,1,1,1,0,0,0,1
豐盛的自助早餐，多樣化選擇，客房整潔舒適,1,1,1,0,0,0,1,1,1,0,0,0,1
設備新  乾淨 有免治馬桶！吹風機有力 ！早餐現點不錯吃可以帶寵物,1,1,1,0,0,0,1,1,1,0,0,0,1
早餐不錯，床也舒服，房間大小適中。房間光線充足。,1,1,1,0,0,0,1,1,1,0,0,0,1
房型乾淨舒適，服務人員親切，下次一定會再入住,1,1,1,0,0,0,1,1,1,0,0,0,1
早餐不錯，電視頻道多樣化還能看電影，房間整潔乾淨,1,1,1,0,0,0,1,1,1,0,0,0,1
早餐超好吃，而且房間乾淨舒適，一定會再次入住！,1,1,1,0,0,0,1,1,1,0,0,0,1
房間乾淨，早餐不錯。,1,1,1,0,0,0,1,1,1,0,0,0,1
床很舒適和乾淨，房間很漂亮，服務人員態度不錯,1,1,1,0,0,0,1,1,1,0,0,0,1
早餐好吃的房間乾淨舒適,1,1,1,0,0,0,1,1,1,0,0,0,1
服務人員親切早餐豐盛環境整潔，免治馬桶設備，洗髮精沐浴乳皆是讓人驚艷到無以復加。極力推薦！,1,1,1,0,0,0,1,1,1,0,0,0,1
服務人員態度很好、床超舒服、房間很乾淨及明亮,1,1,1,0,0,0,1,1,1,0,0,0,1
住的地方乾淨舒服 連外面的公廁都乾淨香噴噴的 早餐也不錯,1,1,1,0,0,0,1,1,1,0,0,0,1
舒適清潔的環境 用心的設備 早餐很美味,1,1,1,0,0,0,1,1,1,0,0,0,1
床非常好睡，浴缸很舒適，馬桶是免治馬桶熱熱的很舒服，準備的小東西很貼心很有誠意，早餐非常好吃豐盛。,1,1,1,0,0,0,1,1,1,0,0,0,1
早餐好吃，床很舒服,1,1,1,0,0,0,1,1,1,0,0,0,1
鏡面設計 餅乾泡麵齊全 早餐豐富整體舒適,1,1,1,0,0,0,1,1,1,0,0,0,1
床很舒適，環境清潔，早餐豐富。,1,1,1,0,0,0,1,1,1,0,0,0,1
早餐不錯，很豐盛。床很軟，很舒適。，一進去就有煙味，帶小孩出門，對味道比較敏感，但服務人員立刻幫我們換房間。,1,1,1,0,0,0,1,1,1,0,0,0,1
床很舒適令人好眠，早餐不錯，服務人員態度良好，電視還有多功能選項,1,1,1,0,0,0,1,1,1,0,0,0,1
床很舒服，房間設備齊全，早餐好吃,1,1,1,0,0,0,1,1,1,0,0,0,1
早餐超級豐盛，給滿分！環境非常乾淨、熱水暖呼呼、個人浴缸泡澡大小剛好很舒服。沐浴備品和點心吧都很貼心。雖然床太小，不過床單和枕頭棉被質料都很好。,1,1,1,0,0,0,1,1,1,0,0,0,1
住宿環境舒適整潔，床大又好睡，用餐餐廳很大，早餐選擇多樣又好吃，值得再次到訪！,1,1,1,0,0,0,1,1,1,0,0,0,1
床很舒適，又事先開除濕機冷峰面到也很舒適，早餐超值,1,1,1,0,0,0,1,1,1,0,0,0,1
配合我單車環島的時間，提早供應早餐。水量大，舒服,1,1,1,0,0,0,1,1,1,0,0,0,1
因為房間冷氣滴水，向櫃檯反應後，馬上幫我們換房間。更換的房間相當舒適。,1,1,1,0,0,0,1,1,1,0,0,0,1
整體服務好，房間乾淨衛生,1,1,1,0,0,0,1,1,1,0,0,0,1
服務人員都很有禮貌，很優秀，一直麻煩他們都不好意思了房間整體都很舒服,1,1,1,0,0,0,1,1,1,0,0,0,1
感覺今年（）才剛開幕不久，設備都非常新，check in 及check out 系統先進，房間內非常乾淨。,1,1,1,0,0,0,1,1,1,0,0,0,1
寬敞的大廳親切的服務人員舒適的房間,1,1,1,0,0,0,1,1,1,0,0,0,1
舒適的床親切的服務人員值的推薦和續住的商旅,1,1,1,0,0,0,1,1,1,0,0,0,1
房間很乾淨，浴室很大很舒適，提出的問題能有效的被解決。,1,1,1,0,0,0,1,1,1,0,0,0,1
每個區域的服務人員待客親切、服務周到。客房舒適，整體環境很不錯！,1,1,1,0,0,0,1,1,1,0,0,0,1
櫃檯人員服務態度很好，願意幫忙更換宿舍床位，床位空間大，有獨立換氣口。整體算新，很寬敞乾淨。,1,1,1,0,0,0,1,1,1,0,0,0,1
環境乾淨 ，水強夠熱，櫃檯人員、餐廳人員服務態度很好。,1,1,1,0,0,0,1,1,1,0,0,0,1
房間乾淨整潔，床也很好睡。但凌晨五點誤觸火警大響，負責人竟然不知道怎麼把警報關掉，也沒有直接廣播通知大家是誤處，就這樣響了半個多小時根本沒辦法睡，退房時也沒有說明補償機制，是我認為有點離譜的地方。,1,1,1,0,0,0,1,1,1,0,0,0,3
外觀感覺普通，但是裡面非常出乎意料的好。櫃檯員工非常友善，廁所也很大很乾淨，房間也有很大的空間,1,1,1,0,0,0,1,1,1,0,0,0,1
浴室廁所乾淨且空間很大. 櫃檯態度都不錯,1,1,1,0,0,0,1,1,1,0,0,0,1
床、浴室環境整潔都很棒！連住兩晚皆換上乾淨新的床單、毛巾及備品，還有小朋友的遊戲區，雖然是小小空間但也是用心規劃，工作人員服務友善親切！,1,1,1,0,0,0,1,1,1,0,0,0,1
服務品質很好，房型有創意，乾淨整潔。,1,1,1,0,0,0,1,1,1,0,0,0,1
房間乾淨明亮，中式早餐超豐盛超好吃，每天都有變化菜色！,1,1,1,0,0,0,1,1,1,0,0,0,1
早餐好吃 ，房間乾淨。,1,1,1,0,0,0,1,1,1,0,0,0,1
房間空間大，床也很舒適。人員服務相當好,1,1,1,0,0,0,1,1,1,0,0,0,1
床舒適度不錯，早餐豐盛,1,1,1,0,0,0,1,1,1,0,0,0,1
櫃台人員服務很好、很親切！房間乾淨無煙味！,1,1,1,0,0,0,1,1,1,0,0,0,1
乾淨，電視很大台。飯店工作人員，親切有禮,1,1,1,0,0,0,1,1,1,0,0,0,1
房間很大。床很舒服。員工態度很好。,1,1,1,0,0,0,1,1,1,0,0,0,1
環境早餐跟房間都很舒適，早點ok。,1,1,1,0,0,0,1,1,1,0,0,0,1
喜歡床加大舒服 ，櫃臺服務親切 ，早餐不錯菜色很多 ，但要早點去吃比較好,1,1,1,0,0,0,1,1,1,0,0,0,1
飯店乾淨，服務人員親切熱心，提供的房間與照片一致，床大且寢具舒適，冷氣夠冷，洗澡水量大，中西式早餐菜色豐富以中式居多，連住天菜色有更新，非常棒下次來雲林會再次入住。,1,1,1,0,0,0,1,1,1,0,0,0,1
早餐很豐盛多樣化可以選擇，床很大舒適， 浴室超乎人性化的裝置， 吊鉤很多 ，不會沒地方放衣服。,1,1,1,0,0,0,1,1,1,0,0,0,1
更換後的房間完全沒菸味，服務態度很棒 ,1,1,1,0,0,0,1,1,1,0,0,0,1
房間非常大非常舒適，附早晚兩餐，餐廳也很明亮舒適，餐點樣式多，人員態度良好。下次還會選擇這裡入住。,1,1,1,0,0,0,1,1,1,0,0,0,1
入住時櫃檯人員親切地為我們確認訂房資訊。而一開啟房門就湧上幸福感，館方如我們所願配給我們明亮的房型，房間非常的寬敞，既漂亮又寧靜舒適。早餐時餐廳服務人員態度熱忱地為我們介紹餐點及動線。還見得到廚師作菜，多了一份安心，早餐對我們而言樣式足夠，餐點美味。我們一家三人都很喜歡這次的入住，還刻意延後行程在旅館多停留一些時間。這裡很適合家庭旅客來投宿，我們之後一定也還會再來…,1,1,1,0,0,0,1,1,1,0,0,0,1
乾淨整潔舒適房間又很大，早餐也不錯喔。,1,1,1,0,0,0,1,1,1,0,0,0,1
房間大，很安靜舒適，服務人員好,1,1,1,0,0,0,1,1,1,0,0,0,1
早餐很豐富，床鋪乾淨,1,1,1,0,0,0,1,1,1,0,0,0,1
床很舒適，晚餐雖然簡單，但好吃。,1,1,1,0,0,0,1,1,1,0,0,0,1
住宿空間寬敞舒適，早餐種類很多，可以滿足需要。,1,1,1,0,0,0,1,1,1,0,0,0,1
早餐尚可，房間很舒適，衛浴還有蒸氣室，硬體設備不錯。,1,1,1,0,0,0,1,1,1,0,0,0,1
房間舒適，有大按摩浴缸小孩玩的很開心，房間很大寬敞感覺就舒服，服務人員服務態度很好，以費用來說，提供的餐不錯，另外有提供晚餐倒是出乎我意料，早知道就不在外面吃,1,1,1,0,0,0,1,1,1,0,0,0,1
服務人員親切有禮，房間乾淨，空間很大一進房有煙味，反應後，服務人員馬上來處理，煙味就沒了。,1,1,1,0,0,0,1,1,1,0,0,0,1
房間乾淨 早餐尚可,1,1,1,0,0,0,1,1,1,0,0,0,1
飯店整個味道非常舒服 非常香 。晚上有芋頭粥宵夜 。一樓酒吧 氣氛非常好 值得推薦,1,1,1,0,0,1,1,1,1,0,0,1,1
房間空間不錯也乾淨，另外早餐蠻豐富的，整體來說還算滿意。,1,1,1,0,0,1,1,1,1,0,0,1,1
飯店員工十分親切給人很安心的感覺，延遲退房也能輕鬆辦理，房間內的隔音十分優良床鋪相當舒適，舒舒服服的泡澡後能輕鬆的入睡早餐是中西式的混合自助吧，果汁類相當值得喝喝看整體來說是相當值得入住的飯店，cp值高,1,1,1,0,1,0,1,1,1,0,1,0,1
服務員很有禮貌服務很好床很舒服空調也很好飯店房內咖啡好喝選擇平價住宿推這間喔,1,1,1,0,1,0,1,1,1,0,1,0,1
房間舒適，價格便宜，服務人員親切,1,1,1,0,1,0,1,1,1,0,1,0,1
價格實惠，客房乾淨、舒適且櫃檯人員熱心、親切。,1,1,1,0,1,0,1,1,1,0,1,0,1
Cp值高，晚班櫃檯小姐很親切，房間也很乾淨。,1,1,1,0,1,0,1,1,1,0,1,0,1
房間很舒適，性價比很高。床非常舒適，枕頭跟棉被也非常乾淨，睡起來很安心、舒適。櫃檯人員態度都非常好。,1,1,1,0,1,0,1,1,1,0,1,0,1
二樓的中餐廳，價錢實在、菜色美味，大推!房間清潔的很乾淨。,1,1,1,0,1,0,1,1,1,0,1,0,1
早餐CP值很不錯~床也非常舒服~,1,1,1,0,1,0,1,1,1,0,1,0,1
床很大很舒服（可惜選到了沒浴缸的房型），房間清潔度很好沒有味道，第一次遇到收費平價的飯店晚上居然有提供宵夜，早餐選擇也多樣，服務人員都很親切友善，此次住宿感覺蠻好的,1,1,1,0,1,0,1,1,1,0,1,0,1
就價格和房間還不賴 也有停車場 雖然不是很高級那種 但是就居住熱水及清潔度都很不錯樓下也有簡易的零食及咖啡茶點之類的區域~但我們沒有使用 ~也可以提前先來辦理入住手續及寄放行李 這點很不賴!,1,1,1,0,1,0,1,1,1,0,1,0,1
這次入住了3個晚上，第一天發現馬桶水壓有問題廁所燈故障反應後有馬上處理，價錢便宜又有浴缸，環境乾淨,1,1,1,0,1,0,1,1,1,0,1,0,1
物超所值令人驚喜。有提供宵夜皮蛋瘦肉粥，雖然我們沒有吃宵夜。早餐品項豐富好吃，即使到了即將結束的時間，還是滿滿的。令人感覺誠意十足。裝潢設計很現代感，房間舒服乾淨。飯店本身設有停車位，相當方便！很值得推薦的一家優質飯店,1,1,1,0,1,0,1,1,1,0,1,0,1
清潔、房間舒適、早餐優、1晚2千6百多很ok,1,1,1,0,1,0,1,1,1,0,1,0,1
臨時入住，房間乾淨，價格合理，早餐雖然是採用餐盒房間用餐，但是吃的飽，而且每一樣都很好吃 推,1,1,1,0,1,0,1,1,1,0,1,0,1
住宿便宜、服務人員親切，沒有停車位去路邊停車也會直接幫我們繳清、房間乾淨又舒適、早餐也很棒，整體來說cp值非常高 ,1,1,1,0,1,0,1,1,1,0,1,0,1
簡單，價格合宜，停車位置雖然少，但飯店會吸收路邊停車費用，房間簡約，還算乾淨,1,1,1,0,1,0,1,1,1,0,1,0,1
早餐選擇很多可以吃得很飽!有停車位非常棒!房間舒適乾淨，以這個價格來說非常值得!下次來會願意再住一次!,1,1,1,0,1,0,1,1,1,0,1,0,1
員工服務態度非常好，訂房富自助式早餐，CP值高。房間乾淨舒適。值得再次前往。,1,1,1,0,1,0,1,1,1,0,1,0,1
過年價格可以接受！房間光線充足，很舒適，有先預定嬰兒床也幫我們備妥，很愉快的住宿經驗！,1,1,1,0,1,0,1,1,1,0,1,0,1
晚上有提供免費宵夜，早餐的選擇性很多，房間乾淨，cp值高,1,1,1,0,1,0,1,1,1,0,1,0,1
已多次入住，每次都給人舒服的感覺，房間乾淨，服務人員親切，價位又不會貴，下次會再度光臨,1,1,1,0,1,0,1,1,1,0,1,0,1
乾淨、舒適、空間寬敞、早餐美味、浴缸房型，房價親民！美美的月球燈更是讓人心情美好！,1,1,1,0,1,0,1,1,1,0,1,0,1
停車位超多，但還是會客滿，價格親民、停車方便、房間舒適、接待人員用心。,1,1,1,0,1,0,1,1,1,0,1,0,1
服務人員很親切和藹可親、宵夜當天吃紅藜白粥配小菜很好吃，粥都熱熱的。早餐十分的豐富，中式西式台式皆有。很物超所值的一間飯店！床軟硬度適中、枕頭略嫌矮一點但尚可接受。冷氣出風口超涼的！整體體驗很舒適。,1,1,1,0,1,0,1,1,1,0,1,0,1
，是一間覺得符合性價比的舒適空間。，故給予更實質、深入的評價，希望能供飯店及往後旅客參考。軟體設備：前台接待人員：最喜歡服務人員的接待方式，積極親切但仍保有一定的距離給予旅客更為自在的空間，也很感謝接待人員的巧手，。藍光電影：同行夥伴的最愛，總是說可以在房裡看藍光看到飽吹風機：非壁掛式，非常適合我的需求硬體設備：房間內：床、寢具：床墊的支撐力佳，棉被保暖性足夠亦不會有悶熱感，寢具乾淨無灰塵、頭髮椅子、桌子：椅子舒適度佳，有些房間的桌子為椅邊桌小桌類型，類似床邊桌，較不適合房間飲食，不過樓下有開放空間可使用但我去得時候沒有空調浴廁空間：洗手台在房門進入處，建議一入門將鞋子置於近門口的櫃體下，較不會在使用洗手台時讓水濺到鞋子；免治馬桶加分，水量及溫度控制皆佳，惟浴廁空間稍小但一個人使用仍方便插座、牆壁維護：插座多也有usb孔可使用，牆壁有時可見年齡但不影響整體使用,1,1,1,0,1,0,1,1,1,0,1,0,1
整體來說都很滿意，不管是硬體還是軟體，從飯店的大廳到房間的規劃都讓人覺得舒服，人員十分熱情，房間內也很乾淨舒適，電視也可以免費觀看電影，浴室空間非常大，廁所馬桶有免治，浴缸較一般外面的很大，泡起來也很舒服水也很熱，cp來說價格平價高品質，推薦大家,1,1,1,0,1,0,1,1,1,0,1,0,1
地下三層全部都是平面車位，位置寬敞好停！服務人員很親切，連兩次都被秘密升等真的很幸運！床很好睡，小朋友一覺到天亮 價格很優惠，兩大一小住四人房超舒適！,1,1,1,0,1,0,1,1,1,0,1,0,1
服務人員都很親切，態度都很好。第二天晚上較晚回飯店，地下室停車場已滿，我把車開到門口，櫃檯人員馬上出來幫我找停車位，真的很感謝！房間很乾淨、整潔，cp值超高的！,1,1,1,0,1,0,1,1,1,0,1,0,1
很乾淨舒適、服務很親切，，還有附地下停車場，這真的超重要的阿，早餐種類也不少隨你吃到飽，住宿價格也合理還能用振興卷，整體來說很不錯！,1,1,1,0,1,0,1,1,1,0,1,0,1
這是第三次入住，房內還是相當的乾淨，還有mod電影相當的多且皆有最新影片非常優，早上早餐也算豐盛好吃，熱水也相當大，整體來說非常優質，以逢甲周遭飯店相比cp值超高,1,1,1,0,1,0,1,1,1,0,1,0,1
服務非常親切！房間乾淨！價格很便宜！停車場好停車！,1,1,1,0,1,0,1,1,1,0,1,0,1
早餐簡單好吃，cp值算高。房間也超舒適,1,1,1,0,1,0,1,1,1,0,1,0,1
還未入住的時候看到樓中樓已經非常喜歡。一下車已經有專人接待我們實在是超乎預料，先安排了我的家人休息再幫我辦理入住而且很快速仔細。到了房間果然沒有令我失望，真的超級喜歡  。跟圖片是一樣的，比我預期中的還要更好喲。整個空間很有家的感覺，整潔而且沙發位置也很舒服。白天有日照坐在沙發旁非常好的打卡位置 性價比滿分 電視還設有藍光電影仲有youtube 可以播酒店還可以幫助叫的士，另外還有一些一天遊的包車參考 ,1,1,1,0,1,0,1,1,1,0,1,0,1
價格親民，服務良好，房間舒服，棒!所有設計我們都很喜歡，下次我們還會來住,1,1,1,0,1,0,1,1,1,0,1,0,1
服務人員帥哥美女服務態度親切，帶著微笑，cp值高，房間乾淨整潔，是讓我們再次入住的原因。,1,1,1,0,1,0,1,1,1,0,1,0,1
服務員親切、房間舒適乾淨、最喜歡飯店的早餐、美味好吃cp值高 ,1,1,1,0,1,0,1,1,1,0,1,0,1
住過許多次康橋，每一次都覺得康橋cp值實在太高了，客房設施因為是連鎖飯店所以差別不大，都很乾淨與舒適，開車的人有附停車場非常方便，不用擔心停車不易與停車費問題，也可以租借腳踏車，對於造訪一座城市提供最佳的遊玩體驗，騎著腳踏車遊覽在巷弄間非常棒，適合好好了解一座城市深度旅遊，每一次吃到康橋的早餐都覺得它菜色與內容越來越提升與豐富，期待也能在北部開立分館啊！,1,1,1,0,1,0,1,1,1,0,1,0,1
房間乾淨，服務人員皆很用心體貼，是一間非常棒又超值的飯店。,1,1,1,0,1,0,1,1,1,0,1,0,1
早餐好吃，還有附宵夜，住房很乾淨，cp值高,1,1,1,0,1,0,1,1,1,0,1,0,1
cp值整個超高的。先生和兒子都很開心一直泡澡不想起來，床很大 三個人睡很舒服，早餐很豐盛好吃。,1,1,1,0,1,0,1,1,1,0,1,0,1
很大間 很便宜 很高級 超乾淨 態度很好 ,1,1,1,0,1,0,1,1,1,0,1,0,1
背包客房價，卻住房用品齊全，床具舒適，且附早餐。早餐除了配粥的小菜外還有四道熱菜，餐包有爆漿的奶酥夾心，還有豆漿，真是相當用心。,1,1,1,0,1,0,1,1,1,0,1,0,1
很值得推薦…大家來住…城市商旅在各縣市，所有的分館，城市商旅，很值得讚賞的地方是…旅館設備與裝潢，就跟刊登的圖片，一模一樣，維護的很新…不會像有些旅館，房型簡陋破爛，落差很大，與實際刊登圖片不符的問題出現！！！城市商旅的床睡起來～很舒適柔軟，讓人好眠，浴室乾濕分離，採光的房型也佳，整體住宿起來，讓旅人感到非常滿意，價格也很實惠！櫃臺服務人員，有禮貌，處理問題也很有效率！ ……非常值得推薦大家去住宿，我給住宿評價100分,1,1,1,0,1,0,1,1,1,0,1,0,1
雖然車水馬龍聽得到車聲跟人聲，不過其實已經算安靜了房間寬敞，還有附早餐，價錢上非常划算，大廳及房間的設計給人舒服的感覺，而且看上去非常氣派，整個設計非常特別有走進電影的世界,1,1,1,0,1,0,1,1,1,0,1,0,1
淋浴間跟廁所都很乾淨， 地板很快乾， 就算光著腳走都不覺得髒，價格好， 早餐棒。,1,1,1,0,1,0,1,1,1,0,1,0,1
櫃台小姐人超好，但我們因時間異動有提早，櫃台小姐還請餐廳提早幫忙準備出菜讓我們用餐，主廚真的很辛苦，謝謝大家的幫忙！   房間很大也很乾淨，cp值很高,1,1,1,0,1,0,1,1,1,0,1,0,1
浴缸非常大又舒適，早餐多樣性足夠，價格超值！,1,1,1,0,1,0,1,1,1,0,1,0,1
我住的這間已經夠大夠舒服，好奇的問了櫃台，竟然說我住的還是最小坪數，床乾淨又舒服讓我一覺好眠頂樓餐廳，除了提供早餐和晚餐也有氣氛景觀和舒適座椅，用旅店價格住到飯店等級，很划算。,1,1,1,0,1,0,1,1,1,0,1,0,1
早餐很棒，附近也很方便，夜市也不錯逛，電視還可以接手機追劇，超喜歡滴,0,1,1,1,0,0,1,1,1,1,0,0,1
入住四人房空間寬敞，布置典雅舒適讓人放鬆休息，房間有浴缸，提供免費接駁車來回火車站，地點也很好，8樓樂活區可以看到海景,1,1,1,1,0,0,1,1,1,1,0,0,1
床是舒服的，很舒適，環境是安靜的 視野非常好早餐很豐富,1,1,1,1,0,0,1,1,1,1,0,0,1
空間寬敞舒適 衛浴設備很舒服  工作人員都很親切 停車方便 到各個景點都很近 ,1,1,1,1,0,0,1,1,1,1,0,0,1
好停車，人員防疫規範做的很好，房間舒適,1,1,1,1,0,0,1,1,1,1,0,0,1
早餐好吃且豐盛，房間乾淨，床是加大的，睡得很舒服，窗戶往外就可以看到愛河,1,1,1,1,0,0,1,1,1,1,0,0,1
感謝免費升等高樓層海景房 隔音佳床舒適好睡乾淨 浴缸搭配無敵海景很棒 但是一早剛好遇上5.2級地牛翻身讓人印象深刻 ,1,1,1,1,0,0,1,1,1,1,0,0,1
整個飯店的人員，無論是在哪裡的，看到住宿的旅客都會很親切的問侯，因為客滿所以被升級，有超大落地可以看太平洋美景，還有幫忙叫計程車，人員還會護送上車才離開，從任何的小地方，都可以感受到飯店的用心，房間更是乾淨不已。床軟硬很剛好，睡起來超舒服的，翻身被子也不會有沙沙的聲音。,1,1,1,1,0,0,1,1,1,1,0,0,1
交通方便，早餐精緻美味，舒適好眠，海景遼闊美麗，浴缸寬敞尊榮，沐浴用品精緻芳香，冷氣調節方便,1,1,1,1,0,0,1,1,1,1,0,0,1
地點很好，櫃臺服務人員態度也很好，床很舒適，裡面還有電梯有停車場，一樓也有廁所很方便，退房後還可以寄放行李之後再去取。,1,1,1,1,0,0,1,1,1,1,0,0,1
1.交通便捷2.櫃檯人員親切、有禮貌3.客房舒適、乾淨,1,1,1,1,0,0,1,1,1,1,0,0,1
房間很乾淨 早餐豐富多源 飯店地點離愛河很近很適合飯後走走散心很棒,1,1,1,1,0,0,1,1,1,1,0,0,1
每次來花蓮都會優先考慮的新飯店， 房間很大、乾淨，還可以看的到海，衛浴設備很好，還有一個很大的浴缸。 早餐很好吃，員工服務很好，地下停車方便，去市區也方便。,1,1,1,1,0,0,1,1,1,1,0,0,1
接待人員親切有笑容，房間簡單乾淨。有停車場很方便，第二停車場步行5分鐘就可到，飯店附近飲食選擇多，很方便,1,1,1,1,0,0,1,1,1,1,0,0,1
乾淨，設備新，服務佳，地點好！,1,1,1,1,0,0,1,1,1,1,0,0,1
來花蓮都是選擇布洛灣 櫃檯人員與工作人員很細心。房間廁所乾淨床好睡。交通方便吃喝玩樂方便,1,1,1,1,0,0,1,1,1,1,0,0,1
櫃檯人員服務親切房間乾淨床好睡。交通方便吃的東西很多選擇,1,1,1,1,0,0,1,1,1,1,0,0,1
地點很方便，若沒有停車格，停附近停車格的費用飯店會支付。一大床是併床，蠻舒服的，櫃檯說話也輕聲細語。,1,1,1,1,0,0,1,1,1,1,0,0,1
1.有早餐提供2.住宿位置頗便利3.衛浴設備乾淨,1,1,1,1,0,0,1,1,1,1,0,0,1
設備新穎，乾淨舒服。位置地點好，服務態度佳。,1,1,1,1,0,0,1,1,1,1,0,0,1
早餐很好吃，停車方便，床也很舒適,1,1,1,1,0,0,1,1,1,1,0,0,1
地點離愛河很近，晚上逛愛河很方便。停車空間很夠，若沒有停車位，飯店會代付停車費，很加分。早餐菜色雖然不是非常豐盛，但是每一樣都很精緻，中西式都有準備。房間很乾淨，空間也很夠，免治馬桶很貼心。員工很熱心、禮貌，住起來很舒服。旁邊有一間7-11。,1,1,1,1,0,0,1,1,1,1,0,0,1
早餐餐點豐富、浴缸乾淨舒服、地理位置優良、停車配套完善,1,1,1,1,0,0,1,1,1,1,0,0,1
住宿地點適中，床很大、環境乾淨舒適，員工服務態度很親切。雖然專屬停車場不大，但如果遇到客滿需停到收費停車格，飯店會吸收停車費。,1,1,1,1,0,0,1,1,1,1,0,0,1
距離六合夜市不遠  愛河（鯨魚）沒幾步就到了 很快  房間與相片介紹一樣舒適 有免費室外停車場   洗澡熱水夠熱  早餐好吃 有宵夜鹹粥但沒去吃,1,1,1,1,0,0,1,1,1,1,0,0,1
宵夜～是好好吃的咖喱飯，還有超級好聽駐唱歌手-韡驤。房間也很舒適，然後飯店的位置在很便利的地方！,1,1,1,1,0,0,1,1,1,1,0,0,1
房間設備維護良好，整齊清潔，早餐也不錯，服務良好，停車方便,1,1,1,1,0,0,1,1,1,1,0,0,1
房間舒服，附近有7-11。早餐非常有誠意，種類多，味道都好好。飯店有設計感，舒適時尚。,1,1,1,1,0,0,1,1,1,1,0,0,1
櫃檯人員專業，帥氣，親切，能協助房客完善處理突發問題。床鋪睡得很舒服。插座很足夠，兩邊都有。浴廁是乾濕分離。停車位如果不夠的話，會協助代繳路邊停車格費用，非常貼心。地點很好，離樺達奶茶，郭家肉粽距離近，愛河就在旁邊。,1,1,1,1,0,0,1,1,1,1,0,0,1
1.地理位置優。2.飯店有私人停車位，若額滿可停路邊收費格，繳款單給服務櫃檯即可。3.接待人員親切。4.餐廳環境舒適寬敞。5.早餐選擇多、十分豐富。6.公共+房間，都十分乾淨整潔。,1,1,1,1,0,0,1,1,1,1,0,0,1
環境乾淨，設備新穎，服務優良，停車方便5.離市區近,1,1,1,1,0,0,1,1,1,1,0,0,1
住得很舒服 ，床很軟 ，浴室淋浴很讚，早餐精緻，還有貼心的宵夜，地點好離愛河非常近 ，極為推薦！ ,1,1,1,1,0,0,1,1,1,1,0,0,1
有免費車位 ，離市區哪裡都近，乾淨又新的房間，服務人員都很有善，平日晚上竟然還有宵夜 ，咖哩飯與蘿蔔湯B1， 娛樂區還有好吃的手工餅乾。,1,1,1,1,0,0,1,1,1,1,0,0,1
房間整潔乾淨、冷氣很涼採光好，有提供宵夜還有駐唱可以享受，離愛河很近、下次去高雄會在次選擇WO 飯店,1,1,1,1,0,0,1,1,1,1,0,0,1
、服務態度超級超級好，每一位服務人員都超級友善，一進到飯店，就感覺十分放鬆。、有停車場，對於開車的旅客很方便。、離逢甲夜市很近。、超多影音平台，電影也很多。、房間浴室都非常乾淨、舒適。,1,1,1,1,0,0,1,1,1,1,0,0,1
員工親切專業、房間舒適、近逢甲夜市,1,1,1,1,0,0,1,1,1,1,0,0,1
、員工親切熱情、、地理位置近逢甲商圈，、房間簡約舒適，空間不是很大的那種，但每個地方都物盡其用，會發現很多裝潢小巧思，、防疫期間該有的防護都有,1,1,1,1,0,0,1,1,1,1,0,0,1
雙人房升級為四人房還不錯。有提供藍光電影可以在房間內觀賞，有很多部可以選擇，很棒！房間很舒適，距離逢甲商圈非常近，徒步一下子就到了。,1,1,1,1,0,0,1,1,1,1,0,0,1
旅館交通方便且有室內停車場，拿行李很方便，房間內基本設備一應俱全，疫情期間難免擔心但旅館環境所見處都很乾淨。特別值得一提的是旅館工作人員態度都很貼心親切，熱情協助各種問題處理，非常好的住宿經驗。,1,1,1,1,0,0,1,1,1,1,0,0,1
早餐好吃，東西也很多樣化。房間整齊乾淨舒適。服務人員很親切。離逢甲夜市走路就可以到。停車很方便，無論汽車或機車都有停車的位置。,1,1,1,1,0,0,1,1,1,1,0,0,1
地點很好，走路五分鐘就到逢甲夜市，但又不是在鬧區裡面，晚上很安靜。飯店前方就有專屬車位可以停車、早餐簡單但用料都不錯、連烤箱都是蒸汽烤箱！房間乾淨、浴室的淋浴間很大。最喜歡的是梳子，超有質感又好用！員工非常親切、訓練有素。,1,1,1,1,0,0,1,1,1,1,0,0,1
人員態度非常好，服務很優秀。給予十分評價是一定要的。環境很舒適，區位也很好，走去逢甲夜市很方便。有免治馬桶很好用，電視也很多電影或愛奇藝可以看。早餐很優秀，相當好吃。,1,1,1,1,0,0,1,1,1,1,0,0,1
服務人員態度好非常親切友善，房內簡約舒適，床兩邊皆有插座充電非常方便，附近較空曠，離逢甲夜市近，有平面停車場也相當便利  ,1,1,1,1,0,0,1,1,1,1,0,0,1
第二次入住，因為喜歡房間乾淨舒適、地點方便，距離逢甲夜市很近，服務人員都很和善及熱情，有問題或需求會馬上處理,1,1,1,1,0,0,1,1,1,1,0,0,1
地下室平面停車位 格子也很大 帶小孩入很方便離夜市只有幾分鐘路程 不需要再另外找停車位員工服務態度都很好 很親切房間簡單乾淨,1,1,1,1,0,0,1,1,1,1,0,0,1
員工服務態度非常好，房間及浴室都很乾淨，還有一個小陽台，鬧中取靜的好地點,1,1,1,1,0,0,1,1,1,1,0,0,1
房間每個地方都很喜歡 每個擺設 空間大 廁所好 洗髮精香 住的很舒適 房間很整潔乾淨 空氣也都很好 是我住過最喜歡的房間 房型也很好 地理位置又很好 服務生態度非常好 服務態度真的很棒 會再來觀顧的 ,1,1,1,1,0,0,1,1,1,1,0,0,1
住宿地點離夜市很近，服務人員服務都很好很親切，儘可能讓房客知道飯店的設備及周圍的景點，樓中樓的房間裡有一面落地窗，晚上可以欣賞夜景，房間隔音效果不錯，早餐也很豐盛，整體就是蠻舒適的。,1,1,1,1,0,0,1,1,1,1,0,0,1
房間很乾淨 服務人員也都笑容滿分以後來台中都要住這裡離逢甲夜市很近重點是有自己的停車位啊,1,1,1,1,0,0,1,1,1,1,0,0,1
 前台招呼旅客的小哥非常認真，會隨時留意我們需要幫忙的地方，續住第二天在電梯遇到他也親切的跟我們聊天提醒我們北部現在很冷， 房間很整齊乾淨，空間寬敞，很適合從逢甲夜市買回一堆宵夜大吃。 房間的設計很貼心，空調的風速、溫度和風向都可自行設定；每人枕邊都有夜燈，不想睡也不會打擾別人；入口處的燈是感應式的， 地理位置不錯，在逢甲夜市邊緣近僑光科大，晚上蠻安靜的，離夜市中心不遠，也有多班公車到達。因為出差住過覺得很棒，所以跟家人旅行也選擇探索私旅，第二次入住雖然有點小瑕疵，但也很滿意，希望繼續進步！,1,1,1,1,0,0,1,1,1,1,0,0,1
大廳設計有出國的感覺 很好拍照 房間簡約風乾乾淨淨 很喜歡 接待人員很熱沈 飯店地下室就是自有停車場 對於開車很方便  鬧中取靜的好地點,1,1,1,1,0,0,1,1,1,1,0,0,1
房間乾淨，早餐雖然種類不多但好吃，有免費的停車場，距離逢甲夜市超級近還提供了自製的旅遊地圖！一樓大廳有供應免費的水和茶包！可以讓大家取用！整體來說：好極了 ,1,1,1,1,0,0,1,1,1,1,0,0,1
房間乾淨，很舒適早餐也好吃離逢甲也很近，下次來逢甲會再來報到 ,1,1,1,1,0,0,1,1,1,1,0,0,1
整體很新，房間整潔，工作人員服務相當周到位置佳，離夜市近，晚上不怕無聊也不怕餓著適合一家大小,1,1,1,1,0,0,1,1,1,1,0,0,1
房間大又舒服也乾淨，早餐好吃，停車方便，服務人員很熱情,1,1,1,1,0,0,1,1,1,1,0,0,1
非常乾淨，員工親切有禮貌地理位置佳並附有停車場下次還會再入住～,1,1,1,1,0,0,1,1,1,1,0,0,1
房間舒適整潔，地下停車場車位好停，服務人員熱心親切，飯店距離夜市很近,1,1,1,1,0,0,1,1,1,1,0,0,1
服務人員親切，房間乾淨舒適，有停車場，離逢甲夜市超近，大推,1,1,1,1,0,0,1,1,1,1,0,0,1
這次入住雙人房，服務人員都非常的親切 房間很乾淨有玄關的設計非常中我的喜愛，因為要出門的隨身物可放玄關的櫃子出門非常方便 而飯店位子離夜市步行五分鐘就會到而附近還有便利商店非常的便利下次如果到台中還會選擇這間。,1,1,1,1,0,0,1,1,1,1,0,0,1
設備，乾淨度，地理位置，服務，早餐……等都很令人滿意。,1,1,1,1,0,0,1,1,1,1,0,0,1
豐甲夜市走路就可到達，在大馬路旁，飯店人員非常有禮貌服務佳，停車方便，房間舒適，備品齊全，景觀好，還有藍光電影可看，這點很棒 ，去台中玩會想再入住！,1,1,1,1,0,0,1,1,1,1,0,0,1
櫃台服務和地點好，房間乾淨，蓮蓬頭水量大小適中很舒服。有機會還會在來,1,1,1,1,0,0,1,1,1,1,0,0,1
位置：離逢甲夜市很近 飯店富有停車場  服務：飯店服務人員態度很好，還幫我們免費升級房型。衛生：房間很簡約、乾淨衛浴：使用免治馬桶 ,1,1,1,1,0,0,1,1,1,1,0,0,1
服務好 離夜市近 房間整潔乾淨  還幫我們升等 早餐也不錯吃 下次會再來住,1,1,1,1,0,0,1,1,1,1,0,0,1
位置很好，離夜市近，但不吵雜～有自己的停車場員工很有禮貌，服務態度好很幸運升等vip房電視很大，也有藍光電影可看廁所有toto 免治馬桶沙發很舒服也有漂亮的浴缸頂樓風景很漂亮晚上有美美的夜景可看,1,1,1,1,0,0,1,1,1,1,0,0,1
原本只訂標準雙人房，，真的是感恩私旅，讚嘆私旅，停車位方便，離逢甲也不遠，房間十分乾淨，設備也十分齊全，沒有不滿意的地方，只有讚嘆。在這種防疫人少的時間，反而能提供旅客更好的服務，值得肯定。【早餐也沒有因為疫期而縮水，表現十分卓越。】,1,1,1,1,0,0,1,1,1,1,0,0,1
地下停車場電視頻道多元地點方便房間很新且乾淨服務好,1,1,1,1,0,0,1,1,1,1,0,0,1
離逢甲非常近，飯店乾淨整潔，藍光電影選擇多，早餐優。家人們都非常享受住宿品質。,1,1,1,1,0,0,1,1,1,1,0,0,1
室內空間寬敞，居住環境舒適，室內光線明亮，小姐招待親切，近逢甲夜市商圈。,1,1,1,1,0,0,1,1,1,1,0,0,1
服務親切，位置極佳，環境舒適有創意，電視台還有看不完的強檔影片,1,1,1,1,0,0,1,1,1,1,0,0,1
人員招待都非常親切，房間光線佳，還有適合小小朋友睡的合式房型，這次訂的四人房型人員有免費升級，房型真的非常寬敞舒適，衛浴設備整潔，離逢甲夜市近，還有專屬地下室停車場，整體都很滿意，下次還會想再來住宿,1,1,1,1,0,0,1,1,1,1,0,0,1
早餐豐盛，櫃台及人員服務態度超棒，房間乾淨整齊，有自己的停車場，讓人有賓至如歸感，電視的電影多，離逢甲夜市近，周邊環境棒，非常值得入住，下次再去一定要再次入住,1,1,1,1,0,0,1,1,1,1,0,0,1
交通位置非常方便！走一下就到逢甲夜市了！服務人員也很親切很熱情～房間整體很舒服～早餐也很好吃！,1,1,1,1,0,0,1,1,1,1,0,0,1
車一開到飯店門口，服務人員就馬上出來招呼我們可以先停車再check in 有地下停車場，停車環境明亮乾淨。 住宿位置佳，離逢甲夜市步行很方便。 每間房間前面有投射房號，很酷！找房間滿清楚的 電視有藍光電影，有很多電影以及看劇app可選擇，還不錯！ 房間內的空調控制面版是觸控式，方便操作！ 床的軟硬度對我們來說很ok，睡起來很舒適！ 廁所馬桶是toto免治，不錯！ 早餐好吃，內容滿多樣的！ 另外有些小建議 房間洗手台的台面有點小， 以及女性顧客有化妝需求可能要在桌上有個小鏡子不然只能站在洗手台前化妝會比較吃力一些，不過探索私旅仍是我那麼多住宿的體驗中覺得最舒服的飯店！有機會來台中還會再選擇入住,1,1,1,1,0,0,1,1,1,1,0,0,1
員工非常親切，房間乾淨，床也舒適，鄰近逢甲夜市，逛街方便，非常推薦！,1,1,1,1,0,0,1,1,1,1,0,0,1
服務人員都很親切幸運獲得免費升級 樓中樓採光良好 地理位置好 走路就可到夜市床睡起來也舒適 有機會一定會再來的 ,1,1,1,1,0,0,1,1,1,1,0,0,1
入住升等成家庭房，房間非常乾淨，房間為木地板，即使光腳丫也能感受地面的潔淨，鬧中取靜,1,1,1,1,0,0,1,1,1,1,0,0,1
早餐豐盛，服務人員親切，離逢甲夜市近，停車方便，設備舒服符合我們的需求。,1,1,1,1,0,0,1,1,1,1,0,0,1
服務態度非常好 房間很乾淨備品齊全房間有大落地窗看街景 離逢甲夜市很近很方便,1,1,1,1,0,0,1,1,1,1,0,0,1
早餐料理的很棒，房間整潔很乾淨，離逢甲夜市很近,1,1,1,1,0,0,1,1,1,1,0,0,1
房間乾淨，靠近中科以及逢甲夜市，早餐水果很用心,1,1,1,1,0,0,1,1,1,1,0,0,1
房間雖然比較小，但很乾淨舒適，離夜市又近，又有停車位，員工都很親切服務，很棒，下次會再來住。,1,1,1,1,0,0,1,1,1,1,0,0,1
地理位置很棒 離夜市很近 員工非常熱心跟細心 都會推薦路線跟介紹景點 房間乾淨舒服 電視更是一絕  連youtube 什麼台都有 推推,1,1,1,1,0,0,1,1,1,1,0,0,1
探索私旅的工作人員非常親切有禮又專業，謝謝你們！客房舒適，洗澡舒服。早餐種類豐富好吃，工作人員親切有禮，算是逢甲附近住宿最優。附近停車方便。住的很開心。感謝。下回再訪。   ,1,1,1,1,0,0,1,1,1,1,0,0,1
地點離逢甲近，早餐還可以，乾淨，設施新穎,1,1,1,1,0,0,1,1,1,1,0,0,1
酒店地點適中，交通方便，附近有很多公車站，距離夜市很近，但環境不失清幽，可謂旺中帶靜。酒店設施新淨，員工態度親切友善。,1,1,1,1,0,0,1,1,1,1,0,0,1
住房乾淨，乾溼分離，免治馬桶深得我心。晚上逛夜市超方便，停車服務完善。,1,1,1,1,0,0,1,1,1,1,0,0,1
櫃臺人員服務極好 房間也很乾淨舒適 去逢甲非常方便,1,1,1,1,0,0,1,1,1,1,0,0,1
早餐很棒，住宿位置離逢甲夜市不遠，，乾淨，床舒適，零缺點,1,1,1,1,0,0,1,1,1,1,0,0,1
房間空間溫馨舒適服務非常好早餐也好吃離逢甲夜市也很近,1,1,1,1,0,0,1,1,1,1,0,0,1
地點很棒，停車方便，。房間乾淨，設備算新。服務人員親切。早餐好吃。,1,1,1,1,0,0,1,1,1,1,0,0,1
離逢甲夜市很近、購物方便、房間很乾淨、服務人員態度很親切  ,1,1,1,1,0,0,1,1,1,1,0,0,1
飯店很新很舒適，位置很好、停車也很方便！很幸運被升等四人房型，房間內還有超多電影可以看，，下次來台中一定還會回訪！！,1,1,1,1,0,0,1,1,1,1,0,0,1
人員服務很好喔住宿位置很好離逢甲夜市很近，而且飯店地下室就是停車場很方便房間很乾淨設備也都很新，床睡起來也很舒服小朋友超愛的房間電視還有提供愛奇藝xdd,1,1,1,1,0,0,1,1,1,1,0,0,1
房間內有好看電影，房間大又乾淨，房間內好多插座，toto衛浴設備很棒。服務員都很熱情，離逢甲夜市近。早餐吃很飽也很好吃。突然被升等vip房，全家人都很開心。,1,1,1,1,0,0,1,1,1,1,0,0,1
服務態度佳，附有停車場，房間乾淨舒適，距離逢甲夜市近。,1,1,1,1,0,0,1,1,1,1,0,0,1
插頭滿多的，也蠻亮的，走路就到逢甲夜市，蠻乾淨的，早餐也很好吃，也有咖啡喝，還有toto免治馬統，讚，地下平面停車位。,1,1,1,1,0,0,1,1,1,1,0,0,1
地理位置很好，離逢甲夜市很近，卻又寧靜。飯店很新。床很舒服，一樓大廳空氣中飄著百合花香。櫃檯人員服務很好,1,1,1,1,0,0,1,1,1,1,0,0,1
設施新穎乾淨、員工友善、地點好,1,1,1,1,0,0,1,1,1,1,0,0,1
地點很方便離逢甲夜市很近早餐還不錯房間也很乾淨床很好睡,1,1,1,1,0,0,1,1,1,1,0,0,1
藍光電影，舒服的床，空間配置，早餐餐點味道好，停車方便，距離夜市近，服務態度親切。,1,1,1,1,0,0,1,1,1,1,0,0,1
房間舒適、地點優、晚班的男生服務員親切熱情,1,1,1,1,0,0,1,1,1,1,0,0,1
房間乾淨、服務佳，離逢甲商圈近，電視可投影手機很方便,1,1,1,1,0,0,1,1,1,1,0,0,1
員工都很親切，房間默默幫我們升級，早餐是很豐富多樣的自助早餐，超好吃，房間、環境都非常乾淨，沒看見一點灰塵，免治馬桶很讚，另外離逢甲夜市很近，從住宿旁的路一直走就能到，一切都很棒。,1,1,1,1,0,0,1,1,1,1,0,0,1
飯店有平面停車場，停車方便。走路去逢甲很近，床舒適、周邊安靜，早餐好吃、咖啡好喝。,1,1,1,1,0,0,1,1,1,1,0,0,1
整體環境新穎舒適，可停車，服務佳，影音系統優，早餐豐富鄰近逢甲商圈，地理環境不錯,1,1,1,1,0,0,1,1,1,1,0,0,1
離逢甲商圈很近，服務員很親切且熱情，房間跟床很舒適且有免費的隨選電影可看。,1,1,1,1,0,0,1,1,1,1,0,0,1
位置在市中心，房間不大但很乾淨，宵夜超豐盛的。,1,1,1,1,0,0,1,1,1,1,0,0,1
住宿地點普通，但是門口可免費租借腳踏車算很方便早餐跟宵夜場都很棒，是自助式吃到飽，非常划算房間整理的很乾淨，也有桌子可放筆電辦公用,1,1,1,1,0,0,1,1,1,1,0,0,1
宵夜 早餐菜色多 好吃。 地點很好 。設備 乾淨優。,1,1,1,1,0,0,1,1,1,1,0,0,1
地點佳，停車方便，點心、早餐和宵夜很好。房間與設備整潔。,1,1,1,1,0,0,1,1,1,1,0,0,1
乾淨整潔、服務好、位置佳、早餐宵夜豐富、有停車場其他加分：有免治馬桶、免費洗衣機烘衣機,1,1,1,1,0,0,1,1,1,1,0,0,1
房間乾淨整潔舒適早餐和宵夜還有下午茶都很好吃 還有自助洗衣重點是房間插座很多真的很棒附近景點也很多超棒  ,1,1,1,1,0,0,1,1,1,1,0,0,1
房間很舒適，又有宵夜和早餐可以吃真的超棒！飯店人員服務也很用心，周邊也有很多景點可以逛,1,1,1,1,0,0,1,1,1,1,0,0,1
交通位置方便行車或造訪景點都非常方便，工作人員態度非常棒，供餐豐盛美味，還有宵夜提供非常驚豔內容可充當晚餐的份量了，房間乾淨寬大舒適，下次旅遊首選旅館必是康橋，很滿意！,1,1,1,1,0,0,1,1,1,1,0,0,1
位置很不錯，到很多地方都蠻近的；員工服務佳，枕頭很好睡還有提供消夜，整體環境乾淨，還免費幫我升等三人房！,1,1,1,1,0,0,1,1,1,1,0,0,1
房間舒適、餐點選擇多元性，位在市區有提供免費車位,1,1,1,1,0,0,1,1,1,1,0,0,1
mecanoo的設計很讚！尤其是洗手台旁的收納方便、不佔空間、東西也不會濕掉。整面無分割的大落地窗讓景更突出、窗簾也有巧思，讓人很舒服。枕頭好睡。服務極佳。停車方便且有延長免費的時間。,1,1,1,1,0,0,1,1,1,1,0,0,1
早餐豐富多樣，超乎預期，房間乾淨舒適，最重要的是…住在購物中心，逛街很方便，可以逗留一整天,1,1,1,1,0,0,1,1,1,1,0,0,1
地理位置方便員工會引導到停車場員工很熱情床很舒服,1,1,1,1,0,0,1,1,1,1,0,0,1
地理位置佳、床鋪舒適、提供的洗髮精味道好聞、早餐好吃、隔音很好,1,1,1,1,0,0,1,1,1,1,0,0,1
早餐多樣化，房務清潔很仔細，床很好睡，地點很好,1,1,1,1,0,0,1,1,1,1,0,0,1
建築物在熱鬧的林森北路周邊，房間內幾乎沒有吵雜的聲音，床很大很舒服。櫃檯的服務人員很優秀，這次的體驗很棒。,1,1,1,1,0,0,1,1,1,1,0,0,1
浴室很大 ，房間乾淨，下午飯店還有準備簡單下午茶。走出去外面就是礁溪老街了。,1,1,1,1,0,0,1,1,1,1,0,0,1
房間內部相當乾淨、地理位置交通方便、早餐選擇多樣好吃 、本人因身體不適半夜發高燒，服務人員相當貼心幫忙準備棉被。,1,1,1,1,0,0,1,1,1,1,0,0,1
停車方便，早餐很棒，服務好，房間大乾淨整潔，浴室也很讚，設備齊全，與機場靠近，是隔天要去機場前能夠好好休息的好地方！,1,1,1,1,0,0,1,1,1,1,0,0,1
入住地點距離新竹火車站滿近的，離新竹城隍廟那邊也不會太遠，走一小段路就有很多吃的可以選擇。床滿軟滿舒服的，滿好睡的，有提供沐浴乳、洗髮精，還有很少旅店會主動提供的洗面乳也提供了，不錯。,1,1,1,1,0,0,1,1,1,1,0,0,1
該有的都有房間沒異味還有附早餐離火車站很近附近也很熱鬧,1,1,1,1,0,0,1,1,1,1,0,0,1
地點非常好，房內整齊乾淨，接待服務親切，口條清晰,1,1,1,1,0,0,1,1,1,1,0,0,1
離車站近。wifi訊號強。乾淨整潔。服務親切。,1,1,1,1,0,0,1,1,1,1,0,0,1
地理位置極佳。雖然是老舊建物，但裝潢十分新穎且整潔。櫃台服務人員親切有禮，謝謝你們,1,1,1,1,0,0,1,1,1,1,0,0,1
乾淨、裝潢漂亮、員工態度佳、地點方1F是繼光街商圈,1,1,1,1,0,0,1,1,1,1,0,0,1
地理環境很好，服務台人員也很親切反應問題都很快就幫忙解決！房間很乾淨 ,1,1,1,1,0,0,1,1,1,1,0,0,1
地點非常方便 ，火車站出來走路不到5分鐘，房間舒適 整潔，是舊大樓改造的 一進大廳，彷彿進入另一個世界很舒服，雖然廣場我愛移工居多， 但不排斥也不歧視，飯店以前是電影院 ，所以沿用電影風格很有特色， 也很好拍照櫃檯服務人員也很親切， 熱心整體很不錯呀！,1,1,1,1,0,0,1,1,1,1,0,0,1
第二次入住了，免費幫我升級單人房，非常乾淨舒適，該有的設使都有。員工也很親切熱情，來台中觀光首選這裡、交通超方便！,1,1,1,1,0,0,1,1,1,1,0,0,1
去的時候剛好碰到地方停水 但服務員也很耐心為我們處理，地理位置很好 五人房間很大很舒適 ，前台服務員也很nice。,1,1,1,1,0,0,1,1,1,1,0,0,1
地理位置方便、房間乾淨、服務人員態度良好,1,1,1,1,0,0,1,1,1,1,0,0,1
櫃台4小時有人，且服務親切。地點離車站很近，空間設計有趣且舒適。早餐 buffet 頗豐富且好吃，位置足夠餐具乾淨。 膠囊空間非常舒適且獨立有足夠空間，不容易有雜音，有獨立空調。,1,1,1,1,0,0,1,1,1,1,0,0,1
房間很大，安靜，舒服櫃檯也很熱心，建議的附近烤肉吃到飽也很讚,1,1,1,1,0,0,1,1,1,1,0,0,1
交通方便！老闆態度親切～房間乾淨舒適！,1,1,1,1,0,0,1,1,1,1,0,0,1
地點方便、房內空間大而舒適、服務人員親切。,1,1,1,1,0,0,1,1,1,1,0,0,1
第一個感覺就是房間有夠大！小孩一進房就開心的驚呼連連。整潔度很棒，設備多樣且齊全，有按摩浴缸，蒸氣淋浴室，spa池，按摩椅，房內有露天水池造景，飲水機，沐浴用品是小瓶裝的還有附泡澡精，還有咖啡包，茶包及小餅乾，小孩整個超愛的。硬體設備和服務人員態度都很棒。附近吃的也很多，也可以免費租借腳踏車到處逛逛。,1,1,1,1,0,0,1,1,1,1,0,0,1
地點很方便，就在斗六夜市的附近，。住宿空間有提供停車位，還有餐廳附有早晚餐，十分貼心。房間的空間很大，電視還有兩台真的大加分，浴室空間很棒，有按摩浴缸跟淋浴蒸氣室，讓人可以好好洗澡放鬆，舒適自在。，在安全上也讓人放心。,1,1,1,1,0,0,1,1,1,1,0,0,1
我們是訂三人房，辦入住時被升等2張雙人床的房型，房間也蠻大的，乾淨度也不錯，離鬧區也不遠，價位便宜,1,1,1,1,1,0,1,1,1,1,1,0,1
櫃檯女孩很親切 房間風格很喜歡，該有的都有，蓮蓬頭後座力挺強 很棒，整體覺得算乾淨畢竟是平價的房間，基本上可以說是沒有隔音，但這點沒得嫌，因為價位便宜很正常沒有特約停車場，可以到附近找看看有無路邊停車格位於市區，很方便，，會想再次入住,1,1,1,1,1,0,1,1,1,1,1,0,1
cp值高，在市區還有停車場的住宿非常方便，鄰近許多有名的早餐店！房型有單人床，住起來很舒服，24小時都有櫃台人員很方便！,1,1,1,1,1,0,1,1,1,1,1,0,1
因為疫情的關係，不敢住民宿，想說飯店消毒的會比較徹底一點。地理位置很棒～附近很多好吃的，房間很乾淨，服務很親切。因為是非假日入住，所以覺得價格很OK。,1,1,1,1,1,0,1,1,1,1,1,0,1
單人卻意外升級為三人房，物超所值。房內乾淨且地點便利，下次來還會再住,1,1,1,1,1,0,1,1,1,1,1,0,1
房間很乾淨，附近景點也不錯，服務人員態度很好這個價格CP值很高下次會再來住,1,1,1,1,1,0,1,1,1,1,1,0,1
地點好，商家多，房間整潔，客服員親切，經濟實惠的旅館。會推薦給親友。,1,1,1,1,1,0,1,1,1,1,1,0,1
地點好，房間舒適，衛浴設備優質熱水超強，有停車位，若滿了也可停路邊，再拿收費單給櫃檯，房價優異,1,1,1,1,1,0,1,1,1,1,1,0,1
以這樣的房價還提供中西式自助早餐是很實在的，我們住的雙床房間雖然不大但是睡起來很舒適，清潔度飯店也有在注意，整體感覺很不錯，鄰近愛河可以走走，非常好,1,1,1,1,1,0,1,1,1,1,1,0,1
地理位置非常好，價格很親民，離愛河/丹丹漢堡很近，令人驚艷的是還有附宵夜及下午茶休息區提供了餅乾咖啡，早餐選項非常多，吃的很開心很滿足5.附免費停車位，床很舒服，有浴缸可泡澡,1,1,1,1,1,0,1,1,1,1,1,0,1
第二次入住了，房間比上次更寬敞舒適，地點也方便，且服務態度極佳，整體cp值高，會再次入住！,1,1,1,1,1,0,1,1,1,1,1,0,1
此次為第二次入住，原先預訂標準雙人房，入住時飯店卻幫我們升等樓中樓四人房，受寵若驚！房內的裝潢、環境整潔、基本設備、盥洗配備及服務態度都非常完美，早餐也豐富多樣，離逢甲夜市也近，是間cp值非常高的飯店，來逢甲住這家就對了！,1,1,1,1,1,0,1,1,1,1,1,0,1
cp值超高！房間很乾淨、早餐選擇不算多但很好吃，有上百部藍光電影可觀看，服務人員態度也好，近夜市，大推～,1,1,1,1,1,0,1,1,1,1,1,0,1
房價合理且舒適，設備新穎，地點又好，還有附早餐跟地下停車場，讚  推薦,1,1,1,1,1,0,1,1,1,1,1,0,1
早餐很豐盛也好吃、停車方便（總共有地下三層樓可以停），服務人員都很親切，房間乾淨舒適，有很多電影可以看，cp值超高，就在逢甲夜市附近，下次再去台中仍會選擇入住。,1,1,1,1,1,0,1,1,1,1,1,0,1
位置好，房間舒服！早餐也不錯！價格划算！,1,1,1,1,1,0,1,1,1,1,1,0,1
cp值高、乾淨整潔、離逢甲夜市也超近、早餐也不錯、平日住宿價格優、飯店附有免費停車場不用再花一段時間走到飯店，相當優質的旅宿,1,1,1,1,1,0,1,1,1,1,1,0,1
物超所值 飯店整潔舒適 地點很好 免費給升等了房型 超讚的 服務人員親切有禮 面帶笑容 房間電視好大 我躺在床上看電影 真讚 早餐也豐富好吃   會推薦大家去體驗,1,1,1,1,1,0,1,1,1,1,1,0,1
員工親切又熱情，住宿當天免費幫我們升等房間也很乾淨也有多部藍光電影，去夜市也很近吃的也非常便利早餐新鮮又好吃，是cp值非常高的飯店下次去還會在入住,1,1,1,1,1,0,1,1,1,1,1,0,1
平日cp值即高，房間乾淨明亮，服務人員貼心熱忱，室內停車安全方便，附近生活機能高，已入住多次，每次來台中首選,1,1,1,1,1,0,1,1,1,1,1,0,1
服務親切 cp值超高房間乾淨舒適 地理位置也超方便,1,1,1,1,1,0,1,1,1,1,1,0,1
服務人員非常親切有禮，服務周到賓至如歸。大廳、餐廳乾淨整齊，裝潢新穎，價格合理，櫃台人員也會一直消毒清潔，離逢甲夜市步行就能到，車子可停旅館。兩大兩小（幼稚園）住四人房空間足夠不擁擠，淋浴間偏大舒適（使用過已濕的地板會偏滑要小心），夜晚沒聽到躁音，安靜好眠。電視能看youtube、電影……，相當優秀。,1,1,1,1,1,0,1,1,1,1,1,0,1
物超所值，還有免費藍光電影可以選擇收看，床很軟睡起來舒服，離逢甲夜市也近，服務人員態度也佳,1,1,1,1,1,0,1,1,1,1,1,0,1
意外免費升級為四人房，空間大很多。交通方便，附設停車場就在大樓裡面，離逢甲夜市很近卻不吵，房間很乾淨，浴室乾濕分離還是免治馬桶，員工親切，茶包和咖啡包無限，早餐中西式都有，簡單好吃，cp值很高！！下次去台中還會想要再住！推薦給大家,1,1,1,1,1,0,1,1,1,1,1,0,1
房間乾淨價格合理設備新穎停車場大地理位置有優勢接待人員讓人有賓至如歸的感受,1,1,1,1,1,0,1,1,1,1,1,0,1
房間乾淨，價格合理，設備新穎，停車場大，地理位置有優勢，接待人員讓人有賓至如歸的感受。,1,1,1,1,1,0,1,1,1,1,1,0,1
服務親切，房間乾淨，地理位置cp值高,1,1,1,1,1,0,1,1,1,1,1,0,1
宵夜很超值，員工很友善，房間算乾淨，地理位子很方便,1,1,1,1,1,0,1,1,1,1,1,0,1
房間舒適，早餐及宵夜非常豐盛而且好吃，搭市區公車也還算方便，覺得價錢很超值！,1,1,1,1,1,0,1,1,1,1,1,0,1
離夜市走路一分鐘，廟口紅茶，，服務人員非常親切，也會提供景點參考，房間很乾淨，cp值很高，只有隔音有待加強，其他都非常好，很推薦晚上想逛夜市逛到很晚吃宵夜的人,1,1,1,1,1,0,1,1,1,1,1,0,1
入住很便宜的價格，房間很喜歡，很舒適 服務很好 很超值！古坑咖啡好好喝 環境很不錯，附近很多吃喝逛的地方，下次去新竹還會選擇再來這邊入住,1,1,1,1,1,0,1,1,1,1,1,0,1
因為鄰近桃園車站，周邊非常多好吃的可以選擇。這樣的房價，房間超乎預期，乾淨整潔沒有菸味，浴室浴缸很大，蓮蓬頭水量很優秀。服務人員很親切，我有很棒的住宿體驗，下次來桃園也會選擇這裡入住。,1,1,1,1,1,0,1,1,1,1,1,0,1
早餐真的很不錯，房間也很乾淨，地點好，對面的火鍋好吃！其實cp值算蠻好的,1,1,1,1,1,0,1,1,1,1,1,0,1
床舒適，且方便性高，出去就是夜市-，旁邊就是7-11，雖是舊翻新，但在人員上都很親切，便利性高，物超所值，值得推薦。,1,1,1,1,1,0,1,1,1,1,1,0,1
兩個停車場 ，位置很熱鬧，對面有夜市， 整潔度很高，服務不錯 ，CP值高， 價錢又很合理。,1,1,1,1,1,0,1,1,1,1,1,0,1
服務人員服務非常親切，也會盡可能依照顧客的需求安排，房間床的軟硬適中很舒適好睡，早餐採自助bar非常好吃又營養，距離豐原市區近也有自有停車廠，週邊也算是滿好停車的是一間CP值很高的商旅喔！,1,1,1,1,1,0,1,1,1,1,1,0,1
這是第3次入住他里霧大飯店，櫃檯服務人員相當年輕，態度親切客氣有禮，這家傳統的旅社，住起來更加親切，設施物品也相當齊全，價格親民，周邊生活設施相當齊全，用餐購物都很方便，這裡環境夜間相當安靜，讓我沉浸在鄉村安寧的氣氛中舒適入眠。,1,1,1,1,1,0,1,1,1,1,1,0,1
附近吃食很方便，房間大、床很好睡、晚上蠻安靜的，廁所普通，但蓮蓬頭水量大、熱水穩定。早餐很豐盛，以中式為主，性價比很高。,1,1,1,1,1,0,1,1,1,1,1,0,1
以價位而言，沒有不喜歡的了地點在虎尾市中心，晚上外出覓食相當方便房間空間大，以價位而言相當划算。床是king size雙人大床，舒適好睡。房間視野很不錯，可以看到臺灣海峽的夕陽。早餐配菜種類很多，雖然菜色普通，但是中式西式都能滿足。,1,1,1,1,1,0,1,1,1,1,1,0,1
地點好，過年期間，價格非常便宜，令人驚豔房間舒適度高早餐種類相當豐富，有專門給素食者準備素菜，人員服務態度佳房間視野好，旁邊小北百貨，後面影城，性價比很高，推。,1,1,1,1,1,0,1,1,1,1,1,0,1
價錢合理，cp值高！地點佳，房間乾淨寬敞，大床、入口櫃檯親切！,1,1,1,1,1,0,1,1,1,1,1,0,1
乾淨整齊的房間員工服務態度令人讚賞但離逢甲夜市走路有點距離,1,1,1,1,0,0,1,1,1,3,0,0,1
地點晚上有流浪漢很多 。 整潔 跟設計感很好的旅館 ，早餐豐富 ，床乾淨。,1,1,1,1,0,0,1,1,1,3,0,0,3
地點晚上有流浪漢很多 ，有點可怕。 整潔 跟設計感很好的旅館 ，早餐豐富 ，床乾淨。,1,1,1,1,0,0,1,1,1,3,0,0,1
住宿附近的環境都是外勞或者流浪漢，淋浴間跟廁所都很乾淨， 地板很快乾， 就算光著腳走都不覺得髒，價格好， 早餐棒。,1,1,1,1,1,0,1,1,1,3,1,0,1
晚餐及早餐餐點普通，房內空間很大很舒服。,1,1,1,0,0,0,1,1,2,0,0,0,1
住宿地點在鬧區，找吃的很方便，住宿房間乾淨整潔，早餐為一般中式早點。,1,1,1,1,0,0,1,1,2,1,0,0,1
早餐普通  房間乾淨  洗澡熱水很熱  酒店位置方便,1,1,1,1,0,0,1,1,2,1,0,0,1
房間空間舒適度OK.服務態度也很好.,1,1,1,0,0,0,1,1,3,0,0,0,1
床好睡，菜色可以再加強，房間及環境舒適。,1,1,1,0,0,0,1,1,3,0,0,0,1
早餐的今日特餐真的很糟，雞肉卷乾柴沒肉汁，干貝酥不是干貝做的，蠻無言水果不新鮮。滷肉飯的飯非常硬和乾，我猜是隔夜飯。本來床很舒服，浴室也不錯，很好的住宿體驗，就被早餐毀了。,1,1,1,0,0,0,1,1,3,0,0,0,3
床非常舒服，浴室有浴缸，還有浴缸泡澡，咖啡是磨豆煮的，好香。很好的住宿體驗但早餐呃..不好吃,1,1,1,0,0,0,1,1,3,0,0,0,1
早餐回收分類標示不明確，有點混亂，整體空間非常寬敞，感覺很舒適,1,1,1,0,0,0,1,1,3,0,0,0,3
早餐的粥太稀太水，加上肉鬆吃起來酸酸的，床很舒服軟硬適中,1,1,1,0,0,0,1,1,3,0,0,0,3
浴室廁所乾淨且空間很大. 櫃檯態度都不錯，但有發生員工重複給房卡給其他外國旅客 雖然很快處理好 但是對房客有不好的體驗 應加強員工訓練,1,1,1,0,0,0,1,1,3,0,0,0,3
早餐的選擇可以更多/偏向主食會更好單人房配置非常好，非常舒適，空間非常大,1,1,1,0,0,0,1,1,3,0,0,0,1
早餐有待加強，這是唯一的缺點，。房間大，很舒適，又乾淨，帶女朋友去最好（整夜都不用睡覺，超級累）,1,1,1,0,0,0,1,1,3,0,0,0,1
早餐還有加強的空間，房間很大，舒服。,1,1,1,0,0,0,1,1,3,0,0,0,3
櫃檯入住 退房時間拖很久半夜電音反應兩次，無法解決早餐可以再更精緻，樓中樓空間很大 ，擺設很舒適，Cp值不錯。,1,1,1,0,1,0,1,1,3,0,1,0,1
防疫期間沒有開放早餐，收這樣的價位算貴，房間滿乾淨的，旅館大廳很漂亮,1,1,1,0,1,0,1,1,3,0,3,0,3
有室內停車場、周邊便利性佳、早餐選擇性雖少，但整體環境乾淨,1,1,1,1,0,0,1,1,3,1,0,0,1
給房時間太晚 可能人員太少的關係，床還可以很乾淨，周邊餐廳很多很方便,1,1,1,1,0,0,1,1,3,1,0,0,1
早餐可以再多樣化，房間的舒適度，地點的便利性，非常乾淨。,1,1,1,1,0,0,1,1,3,1,0,0,1
房間設備舒適，床很好睡.浴室水量夠大，整體飯店明亮，住宿地點位在東協廣場，6～7樓有夜店，房間會感受到碰碰碰的tempo，對於聲音敏感的人需考慮.人員出入較為複雜，建議結伴同行，1樓電梯不知道哪一台可以直達飯店，搭了好多台都到不了飯店4.可能遇到連假，check in大排長龍，櫃檯反應力需提升,1,1,1,1,0,0,1,1,3,3,0,0,3
房間內禁用外食有有點不方便，但為了維整體持好清潔可以諒解,1,1,0,0,0,0,1,2,0,0,0,0,1
乾淨、裝潢,1,1,0,0,0,0,1,2,0,0,0,0,1
空調好像不太能調整溫度風量，白天會讓人覺得稍熱,0,1,0,0,0,0,1,3,0,0,0,0,3
乾淨，很不錯，只是車要停外面,1,1,0,0,0,0,1,3,0,0,0,0,1
可能是沒窗戶剛進去時有霉味,1,1,0,0,0,0,1,3,0,0,0,0,3
棉被有些小部分有點髒髒的，但大致上整潔乾淨,1,1,0,0,0,0,1,3,0,0,0,0,1
環境上算乾淨，但房間較小了點,1,1,0,0,0,0,1,3,0,0,0,0,1
房間隔音不佳，聽得到附近廣場的音響bass，整潔度佳,1,1,0,0,0,0,1,3,0,0,0,0,3
整體舒適很好，但是隔音較差。,1,1,0,0,0,0,1,3,0,0,0,0,1
房間乾淨，雖然有點小但還可以接受,1,1,0,0,0,0,1,3,0,0,0,0,1
水壓不足。清潔乾淨,1,1,0,0,0,0,1,3,0,0,0,0,1
乾淨舒適可惜沒有配合停車場,1,1,0,0,0,0,1,3,0,0,0,0,3
房間雖然小了點。但整潔是不錯的,1,1,0,0,0,0,1,3,0,0,0,0,1
膠囊房間建議可以提供些許掛鉤跟衣架，對兩天都下榻在那邊的背包客，沒有這些東西有點困擾。整體都還算蠻乾淨的。,1,1,0,0,0,0,1,3,0,0,0,0,3
浴室排水系統比較弱，安靜舒適,1,1,0,0,0,0,1,3,0,0,0,0,1
隔音很不好整晚無法睡，都聽到外面走廊跟隔壁的聲音房內，環境還不錯乾淨,1,1,0,0,0,0,1,3,0,0,0,0,3
很乾淨但隔音不好,1,1,0,0,0,0,1,3,0,0,0,0,3
隔音有點小差，走廊有人大聲的走路會有聲音傳進房間，淺眠的人會被吵醒。房間跟衛浴的整潔很不錯。,1,1,0,0,0,0,1,3,0,0,0,0,3
隔音不是很好，不過其他旅客音量不高，雖然設備老舊，但是挺舒適的,1,1,0,0,0,0,1,3,0,0,0,0,1
雖然設備老舊，但是挺舒適的,1,1,0,0,0,0,1,3,0,0,0,0,1
房間整體設備有些老舊，住起來算舒適。,1,1,0,0,0,0,1,3,0,0,0,0,1
沒停車場要停很遠，住宿還算舒適。,1,1,0,0,0,0,1,3,0,0,0,0,1
停車位較少，乾淨舒適。,1,1,0,0,0,0,1,3,0,0,0,0,1
多次入住，都很舒適，唯獨隔壁房間盥洗時，供水系統比較大聲。但不影響我們選擇再次入住的意願，CP 值不錯。,1,1,0,0,1,0,1,3,0,0,1,0,1
經濟又實惠，孩子住很開心，只是電視與床距離太近了！整體上是整潔乾淨,1,1,0,0,1,0,1,3,0,0,1,0,1
房間內有些地方老舊如：壞掉的舊冷氣、衣櫥、牆壁及天花板的壁紙有些許脫落，價格便宜、還算舒適,1,1,0,0,1,0,1,3,0,0,1,0,1
價格便宜、還算舒適，房間內有些地方老舊如：壞掉的舊冷氣、衣櫥、牆壁及天花板的壁紙有些許脫落,1,1,0,0,1,0,1,3,0,0,1,0,1
隔音很差，價位合理，清潔度還ok。,1,1,0,0,1,0,1,3,0,0,1,0,1
地點很好，房間比較小，但乾淨,1,1,0,1,0,0,1,3,0,1,0,0,1
很舒適，但是冷氣似乎吹不太進房間裡，幾乎都在門口循環，晚上睡覺時覺得有點熱。附近機能都還不錯，離夜市很近，也很好搭公車，下次再訪台中時依然會再選擇貴飯店。,1,1,0,1,0,0,1,3,0,1,0,0,1
房間規劃動線不便，空間明明不小卻利用的非常不佳，地點還算方便，環境整潔,1,1,0,1,0,0,1,3,0,1,0,0,1
沒有停車的地方。價格、旅館位子、清潔度、都很好,1,1,0,1,1,0,1,3,0,1,1,0,1
隔音效果不好夜深人靜時，還是聽見不同樓層聲音（類似ktv ）太多外勞聚集在一樓廣場，飯店乾淨度ok,1,1,0,1,0,0,1,3,0,3,0,0,3
飯店沒車位，附近也不好停車 旅店乾淨舒適,1,1,0,1,0,0,1,3,0,3,0,0,3
電視訊號一直閃，要一直重開飯店經理很用心，舒適安靜,1,1,1,0,0,0,1,3,1,0,0,0,1
天花板看起來有一點壁癌，不過不影響住宿整體乾淨，住起來算舒適，服務人員也態度良好,1,1,1,0,0,0,1,3,1,0,0,0,1
房內冷氣不涼，恰逢大樓外圍施工，且為綜合大樓出入外勞眾多。雖然位在舊大樓內，但住宿環境整理乾淨，且貼心提供免費停車。,1,1,1,0,0,0,1,3,1,0,0,0,1
房間燈光不足， 燈泡太小。環境乾淨，服務人員態度也很好。,1,1,1,0,0,0,1,3,1,0,0,0,1
房間算乾淨。反應冷氣室外機非常吵雜，有很快幫我們換房間，迅速的處理速度。連假四人房兩晚五千，算便宜。,1,1,1,0,1,0,1,3,1,0,1,0,1
燈無法自由調控，只能全關或全開，一點都不方便。舒適，員工親切，性價比很高。,1,1,1,0,1,0,1,3,1,0,1,0,1
床微硬的一點，枕頭又太軟，很不好睡。整潔度真的很好， 地理位置也很棒， 早餐也很OK， 又有停車位 CP值還蠻ok的,1,1,1,1,1,0,1,3,1,1,1,0,1
很舒適，除了隔音有點差、晚班員工臉很臭，除了這些以外都很好,1,1,1,0,0,1,1,3,3,0,0,1,1
設備 隔音,0,1,0,0,0,0,0,0,0,0,0,0,0
飯店,0,1,0,0,0,0,0,0,0,0,0,0,0
旅店,0,1,0,0,0,0,0,0,0,0,0,0,0
洗衣粉,0,1,0,0,0,0,0,0,0,0,0,0,0
洗衣機,0,1,0,0,0,0,0,0,0,0,0,0,0
烘衣機,0,1,0,0,0,0,0,0,0,0,0,0,0
檯燈,0,1,0,0,0,0,0,0,0,0,0,0,0
書桌,0,1,0,0,0,0,0,0,0,0,0,0,0
電視,0,1,0,0,0,0,0,0,0,0,0,0,0
電視機,0,1,0,0,0,0,0,0,0,0,0,0,0
wifi,0,1,0,0,0,0,0,0,0,0,0,0,0
浴巾,0,1,0,0,0,0,0,0,0,0,0,0,0
衣架,0,1,0,0,0,0,0,0,0,0,0,0,0
梳妝台,0,1,0,0,0,0,0,0,0,0,0,0,0
拖鞋,0,1,0,0,0,0,0,0,0,0,0,0,0
室內拖鞋,0,1,0,0,0,0,0,0,0,0,0,0,0
手機,0,1,0,0,0,0,0,0,0,0,0,0,0
插座,0,1,0,0,0,0,0,0,0,0,0,0,0
usb,0,1,0,0,0,0,0,0,0,0,0,0,0
自助式機器,0,1,0,0,0,0,0,0,0,0,0,0,0
逃生梯,0,1,0,0,0,0,0,0,0,0,0,0,0
逃生入口,0,1,0,0,0,0,0,0,0,0,0,0,0
消防,0,1,0,0,0,0,0,0,0,0,0,0,0
刷卡,0,1,0,0,0,0,0,0,0,0,0,0,0
讀卡機,0,1,0,0,0,0,0,0,0,0,0,0,0
嬰兒車,0,1,0,0,0,0,0,0,0,0,0,0,0
盥洗用品,0,1,0,0,0,0,0,0,0,0,0,0,0
兒童遊戲室,0,1,0,0,0,0,0,0,0,0,0,0,0
遊戲室,0,1,0,0,0,0,0,0,0,0,0,0,0
閱讀室,0,1,0,0,0,0,0,0,0,0,0,0,0
牙膏,0,1,0,0,0,0,0,0,0,0,0,0,0
杯子,0,1,0,0,0,0,0,0,0,0,0,0,0
水壺,0,1,0,0,0,0,0,0,0,0,0,0,0
燈光,0,1,0,0,0,0,0,0,0,0,0,0,0
設備,0,1,0,0,0,0,0,0,0,0,0,0,0
毛毯,0,1,0,0,0,0,0,0,0,0,0,0,0
貓眼,0,1,0,0,0,0,0,0,0,0,0,0,0
蓮蓬頭,0,1,0,0,0,0,0,0,0,0,0,0,0
水壓,0,1,0,0,0,0,0,0,0,0,0,0,0
免治馬桶,0,1,0,0,0,0,0,0,0,0,0,0,0
馬桶刷,0,1,0,0,0,0,0,0,0,0,0,0,0
防水條,0,1,0,0,0,0,0,0,0,0,0,0,0
雙人床,0,1,0,0,0,0,0,0,0,0,0,0,0
雙人房,0,1,0,0,0,0,0,0,0,0,0,0,0
單人床,0,1,0,0,0,0,0,0,0,0,0,0,0
兩張床,0,1,0,0,0,0,0,0,0,0,0,0,0
床頭櫃,0,1,0,0,0,0,0,0,0,0,0,0,0
床單,0,1,0,0,0,0,0,0,0,0,0,0,0
衣櫃,0,1,0,0,0,0,0,0,0,0,0,0,0
梳子,0,1,0,0,0,0,0,0,0,0,0,0,0
保險套,0,1,0,0,0,0,0,0,0,0,0,0,0
刀子,0,1,0,0,0,0,0,0,0,0,0,0,0
叉子,0,1,0,0,0,0,0,0,0,0,0,0,0
湯匙,0,1,0,0,0,0,0,0,0,0,0,0,0
坐位,0,1,0,0,0,0,0,0,0,0,0,0,0
座位,0,1,0,0,0,0,0,0,0,0,0,0,0
公寓,0,1,0,0,0,0,0,0,0,0,0,0,0
電梯,0,1,0,0,0,0,0,0,0,0,0,0,0
筷子,0,1,0,0,0,0,0,0,0,0,0,0,0
熱水,0,1,0,0,0,0,0,0,0,0,0,0,0
冷水,0,1,0,0,0,0,0,0,0,0,0,0,0
手機插座,0,1,0,0,0,0,0,0,0,0,0,0,0
乳液,0,1,0,0,0,0,0,0,0,0,0,0,0
洗面乳,0,1,0,0,0,0,0,0,0,0,0,0,0
方巾,0,1,0,0,0,0,0,0,0,0,0,0,0
置物架,0,1,0,0,0,0,0,0,0,0,0,0,0
水龍頭,0,1,0,0,0,0,0,0,0,0,0,0,0
洗手盆,0,1,0,0,0,0,0,0,0,0,0,0,0
水管,0,1,0,0,0,0,0,0,0,0,0,0,0
冷氣,0,1,0,0,0,0,0,0,0,0,0,0,0
窗戶,0,1,0,0,0,0,0,0,0,0,0,0,0
窗簾,0,1,0,0,0,0,0,0,0,0,0,0,0
枕套,0,1,0,0,0,0,0,0,0,0,0,0,0
被單,0,1,0,0,0,0,0,0,0,0,0,0,0
電線,0,1,0,0,0,0,0,0,0,0,0,0,0
成人平台,0,1,0,0,0,0,0,0,0,0,0,0,0
雨傘,0,1,0,0,0,0,0,0,0,0,0,0,0
接駁巴士,0,1,0,0,0,0,0,0,0,0,0,0,0
曬衣架,0,1,0,0,0,0,0,0,0,0,0,0,0
水瓶,0,1,0,0,0,0,0,0,0,0,0,0,0
鏡子,0,1,0,0,0,0,0,0,0,0,0,0,0
小架子,0,1,0,0,0,0,0,0,0,0,0,0,0
化妝棉,0,1,0,0,0,0,0,0,0,0,0,0,0
濕紙巾,0,1,0,0,0,0,0,0,0,0,0,0,0
隱形眼鏡盒,0,1,0,0,0,0,0,0,0,0,0,0,0
便利條,0,1,0,0,0,0,0,0,0,0,0,0,0
牆壁,0,1,0,0,0,0,0,0,0,0,0,0,0
停車場,0,1,0,0,0,0,0,0,0,0,0,0,0
汽車,0,1,0,0,0,0,0,0,0,0,0,0,0
摩托車,0,1,0,0,0,0,0,0,0,0,0,0,0
腳踏車,0,1,0,0,0,0,0,0,0,0,0,0,0
潤髮乳,0,1,0,0,0,0,0,0,0,0,0,0,0
照明,0,1,0,0,0,0,0,0,0,0,0,0,0
大燈,0,1,0,0,0,0,0,0,0,0,0,0,0
床頭燈,0,1,0,0,0,0,0,0,0,0,0,0,0
設計，被子，擺設、停車位置。,0,1,0,0,0,0,0,0,0,0,0,0,2
紙巾,0,1,0,0,0,0,0,0,0,0,0,0,0
接駁車,0,1,0,0,0,0,0,0,0,0,0,0,0
電話,0,1,0,0,0,0,0,0,0,0,0,0,0
木椅,0,1,0,0,0,0,0,0,0,0,0,0,0
酒杯,0,1,0,0,0,0,0,0,0,0,0,0,0
中央空調,0,1,0,0,0,0,0,0,0,0,0,0,0
樓梯,0,1,0,0,0,0,0,0,0,0,0,0,0
枕頭套,0,1,0,0,0,0,0,0,0,0,0,0,0
壁紙,0,1,0,0,0,0,0,0,0,0,0,0,0
電燈,0,1,0,0,0,0,0,0,0,0,0,0,0
情趣用品,0,1,0,0,0,0,0,0,0,0,0,0,0
上機盒,0,1,0,0,0,0,0,0,0,0,0,0,0
餐盒,0,1,0,0,0,0,0,0,0,0,0,0,0
泡腳池,0,1,0,0,0,0,0,0,0,0,0,0,0
按摩浴缸,0,1,0,0,0,0,0,0,0,0,0,0,0
肥皂,0,1,0,0,0,0,0,0,0,0,0,0,0
機車,0,1,0,0,0,0,0,0,0,0,0,0,0
遊覽車,0,1,0,0,0,0,0,0,0,0,0,0,0
嬰兒用品,0,1,0,0,0,0,0,0,0,0,0,0,0
澡盆,0,1,0,0,0,0,0,0,0,0,0,0,0
臉盆,0,1,0,0,0,0,0,0,0,0,0,0,0
車位,0,1,0,0,0,0,0,0,0,0,0,0,0
桌子,0,1,0,0,0,0,0,0,0,0,0,0,0
位子,0,1,0,0,0,0,0,0,0,0,0,0,0
緊急照明燈,0,1,0,0,0,0,0,0,0,0,0,0,0
wifi機,0,1,0,0,0,0,0,0,0,0,0,0,0
馬桶,0,1,0,0,0,0,0,0,0,0,0,0,0
飲水機,0,1,0,0,0,0,0,0,0,0,0,0,0
布鞋,0,1,0,0,0,0,0,0,0,0,0,0,0
鞋櫃,0,1,0,0,0,0,0,0,0,0,0,0,0
置物櫃,0,1,0,0,0,0,0,0,0,0,0,0,0
化妝鏡,0,1,0,0,0,0,0,0,0,0,0,0,0
沙發床,0,1,0,0,0,0,0,0,0,0,0,0,0
天花板,0,1,0,0,0,0,0,0,0,0,0,0,0
用餐座位,0,1,0,0,0,0,0,0,0,0,0,0,0
usb孔,0,1,0,0,0,0,0,0,0,0,0,0,0
插頭,0,1,0,0,0,0,0,0,0,0,0,0,0
門鎖,0,1,0,0,0,0,0,0,0,0,0,0,0
包包,0,1,0,0,0,0,0,0,0,0,0,0,0
電梯口,0,1,0,0,0,0,0,0,0,0,0,0,0
電梯進出口,0,1,0,0,0,0,0,0,0,0,0,0,0
手套,0,1,0,0,0,0,0,0,0,0,0,0,0
盤子,0,1,0,0,0,0,0,0,0,0,0,0,0
碗筷,0,1,0,0,0,0,0,0,0,0,0,0,0
行李箱,0,1,0,0,0,0,0,0,0,0,0,0,0
架子,0,1,0,0,0,0,0,0,0,0,0,0,0
衣物架,0,1,0,0,0,0,0,0,0,0,0,0,0
火災警報器,0,1,0,0,0,0,0,0,0,0,0,0,0
逃生路口,0,1,0,0,0,0,0,0,0,0,0,0,0
工業風文青風,0,1,0,0,0,0,0,0,0,0,0,0,0
浴缸 ,0,1,0,0,0,0,0,0,0,0,0,0,0
吹風機,0,1,0,0,0,0,0,0,0,0,0,0,0
枕頭,0,1,0,0,0,0,0,0,0,0,0,0,0
健身房,0,1,0,0,0,0,0,0,0,0,0,0,0
硬體設備,0,1,0,0,0,0,0,0,0,0,0,0,0
隔音,0,1,0,0,0,0,0,0,0,0,0,0,0
冰箱,0,1,0,0,0,0,0,0,0,0,0,0,0
地毯,0,1,0,0,0,0,0,0,0,0,0,0,0
浴缸,0,1,0,0,0,0,0,0,0,0,0,0,0
浴室,0,1,0,0,0,0,0,0,0,0,0,0,0
床,0,1,0,0,0,0,0,0,0,0,0,0,0
海景房,0,1,0,0,0,0,0,0,0,0,0,0,0
房間,0,1,0,0,0,0,0,0,0,0,0,0,0
大廳BAR,0,1,0,0,0,0,0,0,0,0,0,0,0
酒吧,0,1,0,0,0,0,0,0,0,0,0,0,0
整間,0,1,0,0,0,0,0,0,0,0,0,0,0
休息閱讀室,0,1,0,0,0,0,0,0,0,0,0,0,0
設施,0,1,0,0,0,0,0,0,0,0,0,0,0
海景浴缸,0,1,0,0,0,0,0,0,0,0,0,0,0
Spa,0,1,0,0,0,0,0,0,0,0,0,0,0
房裡擺設,0,1,0,0,0,0,0,0,0,0,0,0,0
衛浴設備,0,1,0,0,0,0,0,0,0,0,0,0,0
一樓的咖啡機,0,1,0,0,0,0,0,0,0,0,0,0,0
衛浴,0,1,0,0,0,0,0,0,0,0,0,0,0
裝潢,0,1,0,0,0,0,0,0,0,0,0,0,0
乾濕分離浴室,0,1,0,0,0,0,0,0,0,0,0,0,0
枕頭、床,0,1,0,0,0,0,0,0,0,0,0,0,0
棉被,0,1,0,0,0,0,0,0,0,0,0,0,0
各項設施,0,1,0,0,0,0,0,0,0,0,0,0,0
電影,0,1,0,0,0,0,0,0,0,0,0,0,0
藍光電影,0,1,0,0,0,0,0,0,0,0,0,0,0
床鋪,0,1,0,0,0,0,0,0,0,0,0,0,0
停車空間,0,1,0,0,0,0,0,0,0,0,0,0,0
設計風格,0,1,0,0,0,0,0,0,0,0,0,0,0
床鋪和吧台,0,1,0,0,0,0,0,0,0,0,0,0,0
木質地板,0,1,0,0,0,0,0,0,0,0,0,0,0
大廳造型,0,1,0,0,0,0,0,0,0,0,0,0,0
八樓的公共空間,0,1,0,0,0,0,0,0,0,0,0,0,0
公共設施,0,1,0,0,0,0,0,0,0,0,0,0,0
房間設施,0,1,0,0,0,0,0,0,0,0,0,0,0
佈置裝潢,0,1,0,0,0,0,0,0,0,0,0,0,0
房間格局,0,1,0,0,0,0,0,0,0,0,0,0,0
佈置,0,1,0,0,0,0,0,0,0,0,0,0,0
浴室設計,0,1,0,0,0,0,0,0,0,0,0,0,0
小閣樓的床舖,0,1,0,0,0,0,0,0,0,0,0,0,0
大廳設計及設施,0,1,0,0,0,0,0,0,0,0,0,0,0
客房設計,0,1,0,0,0,0,0,0,0,0,0,0,0
雜誌與書籍,0,1,0,0,0,0,0,0,0,0,0,0,0
公共空間,0,1,0,0,0,0,0,0,0,0,0,0,0
大廳,0,1,0,0,0,0,0,0,0,0,0,0,0
小木屋,0,1,0,0,0,0,0,0,0,0,0,0,0
床鋪、盥洗用品,0,1,0,0,0,0,0,0,0,0,0,0,0
房間溫度跟床,0,1,0,0,0,0,0,0,0,0,0,0,0
酒店大堂的休息區,0,1,0,0,0,0,0,0,0,0,0,0,0
裝修風格,0,1,0,0,0,0,0,0,0,0,0,0,0
房間的床,0,1,0,0,0,0,0,0,0,0,0,0,0
洗髮精,0,1,0,0,0,0,0,0,0,0,0,0,0
遊戲設備,0,1,0,0,0,0,0,0,0,0,0,0,0
單人包間,0,1,0,0,0,0,0,0,0,0,0,0,0
沙發,0,1,0,0,0,0,0,0,0,0,0,0,0
房間設施跟旅館,0,1,0,0,0,0,0,0,0,0,0,0,0
泳池,0,1,0,0,0,0,0,0,0,0,0,0,0
房間視野,0,1,0,0,0,0,0,0,0,0,0,0,0
周邊設施,0,1,0,0,0,0,0,0,0,0,0,0,0
外面陽台跟景觀,0,1,0,0,0,0,0,0,0,0,0,0,0
房間景觀,0,1,0,0,0,0,0,0,0,0,0,0,0
床及枕頭,0,1,0,0,0,0,0,0,0,0,0,0,0
游泳池,0,1,0,0,0,0,0,0,0,0,0,0,0
廁所,0,1,0,0,0,0,0,0,0,0,0,0,0
家庭四人房,0,1,0,0,0,0,0,0,0,0,0,0,0
浴室排水系統,0,1,0,0,0,0,0,0,0,0,0,0,0
浴室地上,0,1,0,0,0,0,0,0,0,0,0,0,0
房間隔局,0,1,0,0,0,0,0,0,0,0,0,0,0
我們訂四人房,0,1,0,0,0,0,0,0,0,0,0,0,0
停車位,0,1,0,0,0,0,0,0,0,0,0,0,0
隔音效果,0,1,0,0,0,0,0,0,0,0,0,0,0
空調,0,1,0,0,0,0,0,0,0,0,0,0,0
隔音水流聲,0,1,0,0,0,0,0,0,0,0,0,0,0
電梯設計,0,1,0,0,0,0,0,0,0,0,0,0,0
椅子,0,1,0,0,0,0,0,0,0,0,0,0,0
電視的位子,0,1,0,0,0,0,0,0,0,0,0,0,0
二樓的塗鴉牆,0,1,0,0,0,0,0,0,0,0,0,0,0
房間隔音,0,1,0,0,0,0,0,0,0,0,0,0,0
窗,0,1,0,0,0,0,0,0,0,0,0,0,0
淋浴間跟空調,0,1,0,0,0,0,0,0,0,0,0,0,0
床位,0,1,0,0,0,0,0,0,0,0,0,0,0
浴室洗手台,0,1,0,0,0,0,0,0,0,0,0,0,0
停車距離跟門前鐵片斜坡,0,1,0,0,0,0,0,0,0,0,0,0,0
房間內、地毯,0,1,0,0,0,0,0,0,0,0,0,0,0
鑰匙,0,1,0,0,0,0,0,0,0,0,0,0,0
廁所、馬桶,0,1,0,0,0,0,0,0,0,0,0,0,0
馬桶蓋,0,1,0,0,0,0,0,0,0,0,0,0,0
洗手台,0,1,0,0,0,0,0,0,0,0,0,0,0
安全鎖,0,1,0,0,0,0,0,0,0,0,0,0,0
衛生紙,0,1,0,0,0,0,0,0,0,0,0,0,0
沐浴乳,0,1,0,0,0,0,0,0,0,0,0,0,0
洗手乳,0,1,0,0,0,0,0,0,0,0,0,0,0
牙刷,0,1,0,0,0,0,0,0,0,0,0,0,0
水杯,0,1,0,0,0,0,0,0,0,0,0,0,0
吧檯,0,1,0,0,0,0,0,0,0,0,0,0,0
餅乾、點心,0,1,0,0,0,0,0,0,0,0,0,0,0
餐盤,0,1,0,0,0,0,0,0,0,0,0,0,0
拖把,0,1,0,0,0,0,0,0,0,0,0,0,0
毛巾,0,1,0,0,0,0,0,0,0,0,0,0,0
刮鬍刀,0,1,0,0,0,0,0,0,0,0,0,0,0
行李,0,1,0,0,0,0,0,0,0,0,0,0,0
茶包,0,1,0,0,0,0,0,0,0,0,0,0,0
咖啡機,0,1,0,0,0,0,0,0,0,0,0,0,0
走廊,0,1,0,0,0,0,0,0,0,0,0,0,0
大門,0,1,0,0,0,0,0,0,0,0,0,0,0
裝飾品,0,1,0,0,0,0,0,0,0,0,0,0,0
空間寬敞,0,1,0,0,0,0,0,0,0,0,0,0,0
房間小一點是可以理解的，但是想要洗個貼身衣物，卻沒有任何地方可以鉤掛晾曬，美中不足。,0,1,0,0,0,0,0,0,0,0,0,0,3
入住房間的環境，內部空間、擺設,0,1,0,0,0,0,0,0,0,0,0,0,0
一張雙人床,0,1,0,0,0,0,0,0,0,0,0,0,0
設備充足，燈光明亮，床非常好睡,0,1,0,0,0,0,0,0,0,0,0,0,1
空間,0,1,0,0,0,0,0,0,0,0,0,0,0
火災警報 ,0,1,0,0,0,0,0,0,0,0,0,0,0
床上,0,1,0,0,0,0,0,0,0,0,0,0,0
膠囊旅館,0,1,0,0,0,0,0,0,0,0,0,0,0
玻璃,0,1,0,0,0,0,0,0,0,0,0,0,0
膠囊,0,1,0,0,0,0,0,0,0,0,0,0,0
膠囊房,0,1,0,0,0,0,0,0,0,0,0,0,0
旅館,0,1,0,0,0,0,0,0,0,0,0,0,0
沐浴用品,0,1,0,0,0,0,0,0,0,0,0,0,0
把手,0,1,0,0,0,0,0,0,0,0,0,0,0
衣物掛勾,0,1,0,0,0,0,0,0,0,0,0,0,0
出入口,0,1,0,0,0,0,0,0,0,0,0,0,0
緊急指示燈,0,1,0,0,0,0,0,0,0,0,0,0,0
火警,0,1,0,0,0,0,0,0,0,0,0,0,0
掛勾,0,1,0,0,0,0,0,0,0,0,0,0,0
地板,0,1,0,0,0,0,0,0,0,0,0,0,0
客廳,0,1,0,0,0,0,0,0,0,0,0,0,0
衣櫥,0,1,0,0,0,0,0,0,0,0,0,0,0
好，床,0,1,0,0,0,0,0,0,0,0,0,0,1
非特約停車位,0,1,0,0,0,0,0,0,0,0,0,0,0
四人房,0,1,0,0,0,0,0,0,0,0,0,0,0
單人房,0,1,0,0,0,0,0,0,0,0,0,0,0
地下停車場,0,1,0,0,0,0,0,0,0,0,0,0,0
分離式冷氣,0,1,0,0,0,0,0,0,0,0,0,0,0
玩具室,0,1,0,0,0,0,0,0,0,0,0,0,0
附屬停車場,0,1,0,0,0,0,0,0,0,0,0,0,0
按摩椅,0,1,0,0,0,0,0,0,0,0,0,0,0
水柱,0,1,0,0,0,0,0,0,0,0,0,0,0
裝潢設計,0,1,0,0,0,0,0,0,0,0,0,0,0
緊急出口,0,1,0,0,0,0,0,0,0,0,0,0,0
禁菸房間,0,1,0,0,0,0,0,0,0,0,0,0,0
禁菸空間,0,1,0,0,0,0,0,0,0,0,0,0,0
早餐的盤子,0,1,0,0,0,0,0,0,0,0,0,0,0
盤子和叉子,0,1,0,0,0,0,0,0,0,0,0,0,0
早餐位子,0,1,0,0,0,0,0,0,0,0,0,0,0
早餐位置,0,1,0,0,0,0,0,0,0,0,0,0,0
刷卡機,0,1,0,0,0,0,0,0,0,0,0,0,0
小燈,0,1,0,0,0,0,0,0,0,0,0,0,0
大廳酒吧,0,1,0,0,0,0,0,0,0,0,0,0,0
藝術裝置,0,1,0,0,0,0,0,0,0,0,0,0,0
沐浴乳和洗面乳,0,1,0,0,0,0,0,0,0,0,0,0,0
設備還算可以,0,1,0,0,0,0,0,0,0,0,0,0,1
熱水器,0,1,0,0,0,0,0,0,0,0,0,0,0
電視訊號,0,1,0,0,0,0,0,0,0,0,0,0,0
wifi訊號,0,1,0,0,0,0,0,0,0,0,0,0,0
成人節目,0,1,0,0,0,0,0,0,0,0,0,0,0
機上盒,0,1,0,0,0,0,0,0,0,0,0,0,0
桌子和杯子,0,1,0,0,0,0,0,0,0,0,0,0,0
筆電,0,1,0,0,0,0,0,0,0,0,0,0,0
玻璃杯,0,1,0,0,0,0,0,0,0,0,0,0,0
浴室鏡子,0,1,0,0,0,0,0,0,0,0,0,0,0
浴室的通風口,0,1,0,0,0,0,0,0,0,0,0,0,0
停車場的位子,0,1,0,0,0,0,0,0,0,0,0,0,0
停車場環境,0,1,0,0,0,0,0,0,0,0,0,0,0
鞋子,0,1,0,0,0,0,0,0,0,0,0,0,0
櫃子,0,1,0,0,0,0,0,0,0,0,0,0,0
衣服掛勾,0,1,0,0,0,0,0,0,0,0,0,0,0
棉被和毯子,0,1,0,0,0,0,0,0,0,0,0,0,0
緊急通道,0,1,0,0,0,0,0,0,0,0,0,0,0
沙發區,0,1,0,0,0,0,0,0,0,0,0,0,0
手壓式的吹風機,0,1,0,0,0,0,0,0,0,0,0,0,0
籃子,0,1,0,0,0,0,0,0,0,0,0,0,0
衣櫥和櫃子,0,1,0,0,0,0,0,0,0,0,0,0,0
茶几,0,1,0,0,0,0,0,0,0,0,0,0,0
茶包與咖啡機,0,1,0,0,0,0,0,0,0,0,0,0,0
暖氣,0,1,0,0,0,0,0,0,0,0,0,0,0
冷氣機,0,1,0,0,0,0,0,0,0,0,0,0,0
檯燈燈光,0,1,0,0,0,0,0,0,0,0,0,0,0
點唱機,0,1,0,0,0,0,0,0,0,0,0,0,0
延長線,0,1,0,0,0,0,0,0,0,0,0,0,0
桌前的桌子,0,1,0,0,0,0,0,0,0,0,0,0,0
門前的貓眼,0,1,0,0,0,0,0,0,0,0,0,0,0
樓梯間,0,1,0,0,0,0,0,0,0,0,0,0,0
走廊燈光昏暗，浴室設計不佳，沒有停車場,0,1,0,0,0,1,0,0,0,0,0,0,1
價錢、房間,0,1,0,0,1,0,0,0,0,0,0,0,0
價格 裝潢,0,1,0,0,1,0,0,0,0,0,0,0,0
價位與設施,0,1,0,0,1,0,0,0,0,0,0,0,0
公共空間及附近餐飲,0,1,0,1,0,0,0,0,0,0,0,0,0
空間及地點,0,1,0,1,0,0,0,0,0,0,0,0,0
位置和佈置,0,1,0,1,0,0,0,0,0,0,0,0,0
價位、位置、設備！,0,1,0,1,1,0,0,0,0,0,0,0,0
美之海景房，早餐小捲米粉，蔓越莓麵包,0,1,1,0,0,0,0,0,0,0,0,0,0
三溫暖跟早餐,0,1,1,0,0,0,0,0,0,0,0,0,0
早餐，下午茶，咖啡，腳踏車，停車場,0,1,1,0,0,0,0,0,0,0,0,0,0
早餐及頂樓,0,1,1,0,0,0,0,0,0,0,0,0,0
早餐、空間,0,1,1,0,0,0,0,0,0,0,0,0,0
設計風格與特色小火鍋早餐,0,1,1,0,0,0,0,0,0,0,0,0,0
早餐跟裝潢,0,1,1,0,0,0,0,0,0,0,0,0,0
晚餐、游泳池,0,1,1,0,0,0,0,0,0,0,0,0,0
隔音，早餐,0,1,1,0,0,0,0,0,0,0,0,0,0
地理位置、早餐以及房間設備,0,1,1,1,0,0,0,0,0,0,0,0,0
設備 地點 員工 舒適,1,1,1,1,0,0,0,0,0,0,0,0,0
房型跟預定的不同,0,1,0,0,0,0,0,0,0,0,0,3,3
房號及樓層，窗外風景不ok,0,1,0,1,0,0,0,0,0,3,0,0,3
跟櫃檯反應能不能拿電風扇，飯店人員有給予。後來因房間內蚊子太多，有一位阿姨有給我們補蚊燈和延長線。櫃檯服務人員親切。早上下樓用餐，有外籍旅客未配戴口罩，櫃檯人員有確實像那兩名旅客要求現在疫情期間需配戴口罩才可以進入餐廳用餐，覺得很棒。,1,1,1,0,0,0,3,1,1,0,0,0,1
房間有蚊子，被叮得好痛。服務人員都非常客氣友善。,1,1,1,0,0,0,3,3,1,0,0,0,3
飯店逃生方向需要有人來說明，不然實在看不懂,0,1,0,0,0,0,0,0,3,0,0,0,3
如果有配合的停車場更好,0,1,0,0,0,0,0,0,3,0,0,0,3
電話要打好久才有人接,0,1,1,0,0,0,0,0,3,0,0,0,3
 通知處理再送來的也是缺 浴室蚊子非常多 在付費後  這方面的問題  應該在訂房網就備註吧 至少在我們到現場付費check in前就應該告知吧    分不清是外面還是樓上 很差的住房經驗,1,1,1,0,0,0,3,3,3,0,0,3,3
親子友善空間,0,1,0,0,0,0,0,1,0,0,0,0,1
實際入住與網頁照片無出入,0,1,0,0,0,0,0,1,0,0,0,0,1
即使是半夜，飯店走廊上也會有明亮的燈光，不用害怕。,0,1,0,0,0,0,0,1,0,0,0,0,1
洗髮精味道好好聞,0,1,0,0,0,0,0,1,0,0,0,0,1
房間設計上的小巧思，讓人為之一亮,0,1,0,0,0,0,0,1,0,0,0,0,1
小而巧  ,0,1,0,0,0,0,0,1,0,0,0,0,1
電視很好，視覺享受一級棒,0,1,0,0,0,0,0,1,0,0,0,0,1
當天騎乘大型重機入住，還好有自家停車場可以放,0,1,0,0,0,0,0,1,0,0,0,0,1
採光好,0,1,0,0,0,0,0,1,0,0,0,0,1
整體很新穎,0,1,0,0,0,0,0,1,0,0,0,0,1
5樓、8樓有點不便，但還可接受,0,1,0,0,0,0,0,1,0,0,0,0,1
員工說花蓮煙波定位於商旅以商旅來說房間大小尚可thats all,0,1,0,0,0,0,0,1,0,0,0,0,2
非常多電影可以選擇。,0,1,0,0,0,0,0,1,0,0,0,0,1
雖小，但充滿高中時宿舍的感覺,0,1,0,0,0,0,0,1,0,0,0,0,1
房間可以看到夕陽,0,1,0,0,0,0,0,1,0,0,0,0,1
落地窗可以看市景,0,1,0,0,0,0,0,1,0,0,0,0,1
超棒的裝潢，超新的設計,0,1,0,0,0,0,0,1,0,0,0,0,1
裝潢美,0,1,0,0,0,0,0,1,0,0,0,0,1
停車場環境對於女孩子感覺不安全,0,1,0,0,0,0,0,1,0,0,0,0,3
整体感很簡約，但不失特色！很喜歡,0,1,0,0,0,0,0,1,0,0,0,0,1
整體很新,0,1,0,0,0,0,0,1,0,0,0,0,1
整體設計很有特色。 也兼顧當地的特色。 ,0,1,0,0,0,0,0,1,0,0,0,0,1
空間設計佳，收納具巧思。,0,1,0,0,0,0,0,1,0,0,0,0,1
入住後發現每個地方的設計都有巧思 讓使用者覺得貼心的設計 喜歡這樣的風格,0,1,0,0,0,0,0,1,0,0,0,0,1
裝潢設計很特別,0,1,0,0,0,0,0,1,0,0,0,0,1
設計有自己的風格,0,1,0,0,0,0,0,1,0,0,0,0,1
房間擺設風格還可,0,1,0,0,0,0,0,1,0,0,0,0,1
獨立空間夠大隱私性尚可,0,1,0,0,0,0,0,1,0,0,0,0,1
富有年代感的旅館，對於老舊及睡眠品質要求的旅人，較不建議嘗試。有機會體驗西元1986年落成的老旅館，館內的陳設及廊道壁面上的告示，都是古董等級的收藏品，在現代化旅館到處林立的時代，能夠體驗到老時代與在地性旅店，覺得很值得。,0,1,0,0,0,0,0,1,0,0,0,0,1
很有設計感的旅店，很適合拍照。,0,1,0,0,0,0,0,1,0,0,0,0,1
房內環境稍微老舊，但尚能接受,0,1,0,0,0,0,0,1,0,0,0,0,1
餐廳環境不錯。,0,1,0,0,0,0,0,1,0,0,0,0,1
汽?旅?，?于??的人真的是很方便。,0,1,0,0,0,0,0,1,0,0,0,0,1
飯店餐廳環境還不錯,0,1,0,0,0,0,0,1,0,0,0,0,1
大間,0,1,0,0,0,0,0,1,0,0,0,0,1
有停車場,0,1,0,0,0,0,0,1,0,0,0,0,1
1樓有吧檯,0,1,0,0,0,0,0,1,0,0,0,0,1
家庭房有玩具,0,1,0,0,0,0,0,1,0,0,0,0,1
有停車場！,0,1,0,0,0,0,0,1,0,0,0,0,1
大浴缸,0,1,0,0,0,0,0,1,0,0,0,0,1
有自家停車場,0,1,0,0,0,0,0,1,0,0,0,0,1
飯店房間的設計太漂亮了,0,1,0,0,0,0,0,1,0,0,0,0,1
設備很新,0,1,0,0,0,0,0,1,0,0,0,0,1
洗漱施施干濕分离不錯,0,1,0,0,0,0,0,1,0,0,0,0,1
附淋浴間,0,1,0,0,0,0,0,1,0,0,0,0,1
空間大,0,1,0,0,0,0,0,1,0,0,0,0,1
 還有電腦,0,1,0,0,0,0,0,1,0,0,0,0,1
高樓層，獨立一間。,0,1,0,0,0,0,0,1,0,0,0,0,1
乾濕分離,0,1,0,0,0,0,0,1,0,0,0,0,1
有供停車位,0,1,0,0,0,0,0,1,0,0,0,0,1
房間有特色和主題 ,0,1,0,0,0,0,0,1,0,0,0,0,1
新裝修,0,1,0,0,0,0,0,1,0,0,0,0,1
游泳池，有沙用通道,0,1,0,0,0,0,0,1,0,0,0,0,1
房間大門,0,1,0,0,0,0,0,1,0,0,0,0,1
已新增車位,0,1,0,0,0,0,0,1,0,0,0,0,1
網路快速,0,1,0,0,0,0,0,1,0,0,0,0,1
設計簡約時尚,0,1,0,0,0,0,0,1,0,0,0,0,1
整體裝潢風格一致，相當賞心悅目。,0,1,0,0,0,0,0,1,0,0,0,0,1
裝潢都蠻不錯,0,1,0,0,0,0,0,1,0,0,0,0,1
重新裝修很新很漂亮,0,1,0,0,0,0,0,1,0,0,0,0,1
很精細的設計,0,1,0,0,0,0,0,1,0,0,0,0,1
設計感很棒,0,1,0,0,0,0,0,1,0,0,0,0,1
空間大 停車方便,0,1,0,0,0,0,0,1,0,0,0,0,1
樓下一樓WO bar調酒很好喝,0,1,0,0,0,0,0,1,0,0,0,0,1
浴室還好有窗戶可以開，否則真的很臭，開了窗戶就好了。,0,1,0,0,0,0,0,1,0,0,0,0,1
超大間,0,1,0,0,0,0,0,1,0,0,0,0,1
出差時間緊迫無多於時間享受設施！對於該飯店的設計風格非常滿意！,0,1,0,0,0,0,0,1,0,0,0,0,1
房間採光好,0,1,0,0,0,0,0,1,0,0,0,0,1
酒店簡潔的設計風格優,0,1,0,0,0,0,0,1,0,0,0,0,1
內裝有設計感,0,1,0,0,0,0,0,1,0,0,0,0,1
裝潢很好,0,1,0,0,0,0,0,1,0,0,0,0,1
時尚的風格與俐落品牌設計，房間空間感也算獨特,0,1,0,0,0,0,0,1,0,0,0,0,1
中式餐廳餐廳不錯,0,1,0,0,0,0,0,1,0,0,0,0,1
床軟硬適中好睡,0,1,0,0,0,0,0,1,0,0,0,0,1
飯店裝潢環境不錯 ,0,1,0,0,0,0,0,1,0,0,0,0,1
3人房的床是單人床，廁所很迷你，沒有衣櫃有點可惜， 不過牆上有衣架彌補了，空間利用很充分其實滿不錯的。,0,1,0,0,0,0,0,1,0,0,0,0,1
插頭不太會用 豆腐頭不太好叉但usb的插頭很好用 不用再帶豆腐來了,0,1,0,0,0,0,0,1,0,0,0,0,1
隔音也不錯。浴室寬廣、蓮蓬頭水量充足，浴缸也非常寬敞,0,1,0,0,0,0,0,1,0,0,0,0,1
隔音也不錯,0,1,0,0,0,0,0,1,0,0,0,0,1
三溫暖讓120-140公分的孩童也可使用，很多母女和父子都玩的很開心,0,1,0,0,0,0,0,1,0,0,0,0,1
三溫暖跟房間超優,0,1,0,0,0,0,0,1,0,0,0,0,1
三溫暖也很棒,0,1,0,0,0,0,0,1,0,0,0,0,1
設施很棒，還有提供免費的遊戲機台，玩得非常開心,0,1,0,0,0,0,0,1,0,0,0,0,1
大浴場棒Nice Staff ,0,1,0,0,0,0,0,1,0,0,0,0,1
泡湯很棒，會想多留一些時間在飯店享受,0,1,0,0,0,0,0,1,0,0,0,0,1
兒童遊戲區玩不夠太好玩,0,1,0,0,0,0,0,1,0,0,0,0,1
自助洗衣方便,0,1,0,0,0,0,0,1,0,0,0,0,1
房間大很棒,0,1,0,0,0,0,0,1,0,0,0,0,1
房間很大的床很好睡,0,1,0,0,0,0,0,1,0,0,0,0,1
很多設備可以使用 ,0,1,0,0,0,0,0,1,0,0,0,0,1
整體硬體設施不錯,0,1,0,0,0,0,0,1,0,0,0,0,1
整體外觀很新,0,1,0,0,0,0,0,1,0,0,0,0,1
房間大很讚,0,1,0,0,0,0,0,1,0,0,0,0,1
房間空間大,0,1,0,0,0,0,0,1,0,0,0,0,1
衛浴清潔用品超推,0,1,0,0,0,0,0,1,0,0,0,0,1
房間蠻大的且蠻新的,0,1,0,0,0,0,0,1,0,0,0,0,1
房間設備不錯，面海房很美,0,1,0,0,0,0,0,1,0,0,0,0,1
單人房還算是小而巧，算不錯,0,1,0,0,0,0,0,1,0,0,0,0,1
推 空間蠻大的,0,1,0,0,0,0,0,1,0,0,0,0,1
空調系統滿意～,0,1,0,0,0,0,0,1,0,0,0,0,1
床很好睡,0,1,0,0,0,0,0,1,0,0,0,0,1
浴室很美,0,1,0,0,0,0,0,1,0,0,0,0,1
有浴缸可以泡澡,0,1,0,0,0,0,0,1,0,0,0,0,1
客房很新,0,1,0,0,0,0,0,1,0,0,0,0,1
熱水水壓強，大推,0,1,0,0,0,0,0,1,0,0,0,0,1
有停車位,0,1,0,0,0,0,0,1,0,0,0,0,1
停車場位子雖然不多，但是還有預備停車場,0,1,0,0,0,0,0,1,0,0,0,0,1
床很好睡、房間空間大～,0,1,0,0,0,0,0,1,0,0,0,0,1
燈光不錯,0,1,0,0,0,0,0,1,0,0,0,0,1
水力很強的浴缸,0,1,0,0,0,0,0,1,0,0,0,0,1
浴室大有浴缸,0,1,0,0,0,0,0,1,0,0,0,0,1
房間插座很多,0,1,0,0,0,0,0,1,0,0,0,0,1
床OK啊,0,1,0,0,0,0,0,1,0,0,0,0,1
寬廣的大廳,0,1,0,0,0,0,0,1,0,0,0,0,1
房間設施整體都很新穎,0,1,0,0,0,0,0,1,0,0,0,0,1
有停車場可惜車位太少，大約只有10個車位，但是有提供第二個停車場走路要3分鐘、設備蠻新,0,1,0,0,0,0,0,1,0,0,0,0,1
浴室很新。隔音不錯。,0,1,0,0,0,0,0,1,0,0,0,0,1
浴缸超讚的！！,0,1,0,0,0,0,0,1,0,0,0,0,1
軟硬體設想周到,0,1,0,0,0,0,0,1,0,0,0,0,1
大廳感覺不錯,0,1,0,0,0,0,0,1,0,0,0,0,1
熱水超棒。泡澡爽,0,1,0,0,0,0,0,1,0,0,0,0,1
有浴缸 ,0,1,0,0,0,0,0,1,0,0,0,0,1
淋浴水流很強,0,1,0,0,0,0,0,1,0,0,0,0,1
浴室空間很大,0,1,0,0,0,0,0,1,0,0,0,0,1
大廳茶水Bar，小孩吵鬧時有小餅乾可以安撫，熱咖啡大人可以醒醒腦放鬆一點。對於旅人來說，這設置很好 ,0,1,0,0,0,0,0,1,0,0,0,0,1
有飲水機好方便,0,1,0,0,0,0,0,1,0,0,0,0,1
房間很大間，很寬敞,0,1,0,0,0,0,0,1,0,0,0,0,1
床上用品和衛浴設備都很新,0,1,0,0,0,0,0,1,0,0,0,0,1
有停車場很方便,0,1,0,0,0,0,0,1,0,0,0,0,1
房間大！裝潢都蠻新的！隔音很好！,0,1,0,0,0,0,0,1,0,0,0,0,1
蓮蓬頭水量剛好,0,1,0,0,0,0,0,1,0,0,0,0,1
冷氣涼，水壓大！！,0,1,0,0,0,0,0,1,0,0,0,0,1
有提供停車位，這點很好,0,1,0,0,0,0,0,1,0,0,0,0,1
房間空間大。連浴室都很大,0,1,0,0,0,0,0,1,0,0,0,0,1
床很大。隔音不錯  ,0,1,0,0,0,0,0,1,0,0,0,0,1
房內空間寬敞,0,1,0,0,0,0,0,1,0,0,0,0,1
床大是King size，又好睡!,0,1,0,0,0,0,0,1,0,0,0,0,1
有大浴缸,0,1,0,0,0,0,0,1,0,0,0,0,1
設備很不錯，包含免治馬桶，個性浴缸等,0,1,0,0,0,0,0,1,0,0,0,0,1
公用水龍頭已改為感應式，減少接觸機會，值得讚許,0,1,0,0,0,0,0,1,0,0,0,0,1
浴缸大，讚!,0,1,0,0,0,0,0,1,0,0,0,0,1
有嬰兒床、嬰兒浴盆、消毒鍋可借用對有小孩的家庭很方便,0,1,0,0,0,0,0,1,0,0,0,0,1
馬桶有恆溫功能，乾濕分離很棒,0,1,0,0,0,0,0,1,0,0,0,0,1
房間蠻大的很棒,0,1,0,0,0,0,0,1,0,0,0,0,1
衛浴品品質好衣櫃衣架多整體設施還算新穎,0,1,0,0,0,0,0,1,0,0,0,0,1
電視前有橫桌 方便放東西,0,1,0,0,0,0,0,1,0,0,0,0,1
從停車到飯店內設置房間酒吧非常的鍾意呀,0,1,0,0,0,0,0,1,0,0,0,0,1
連沐浴乳洗髮乳都很好用 ,0,1,0,0,0,0,0,1,0,0,0,0,1
房間空間大很好,0,1,0,0,0,0,0,1,0,0,0,0,1
我喜歡有浴缸 很棒～水也夠強隔音也不錯,0,1,0,0,0,0,0,1,0,0,0,0,1
房間寬敞很好,0,1,0,0,0,0,0,1,0,0,0,0,1
浴缸泡澡不錯,0,1,0,0,0,0,0,1,0,0,0,0,1
房間室內空間大，值得讚許,0,1,0,0,0,0,0,1,0,0,0,0,1
我覺得有浴缸不錯 ,0,1,0,0,0,0,0,1,0,0,0,0,1
房間很棒,0,1,0,0,0,0,0,1,0,0,0,0,1
2人房一大床，床很大king size，還不錯,0,1,0,0,0,0,0,1,0,0,0,0,1
冷氣安靜 蓮蓬頭水壓強 寶寶用品也齊全,0,1,0,0,0,0,0,1,0,0,0,0,1
床很大很棒,0,1,0,0,0,0,0,1,0,0,0,0,1
停車位多，很好停,0,1,0,0,0,0,0,1,0,0,0,0,1
空調聲音不大  不錯,0,1,0,0,0,0,0,1,0,0,0,0,1
浴缸可泡澡看電視,0,1,0,0,0,0,0,1,0,0,0,0,1
房間大 有質感,0,1,0,0,0,0,0,1,0,0,0,0,1
房間質感比照片好很多，停車位充足,0,1,0,0,0,0,0,1,0,0,0,0,1
房間很大，不錯！,0,1,0,0,0,0,0,1,0,0,0,0,1
我喜歡浴室泡澡浴缸很大，還可以欣賞外面景色,0,1,0,0,0,0,0,1,0,0,0,0,1
開車不用煩惱，設備優良,0,1,0,0,0,0,0,1,0,0,0,0,1
裝潢很好，房間夠大，冷氣夠涼，下次會在光顧,0,1,0,0,0,0,0,1,0,0,0,0,1
 有水池可以玩，小朋友玩的開心,0,1,0,0,0,0,0,1,0,0,0,0,1
房內電視不在是普通的電視台，可以自己選擇想看的電影或是連續劇來看，讓電視不在只是個“放著出聲音”的東西了，推推!,0,1,0,0,0,0,0,1,0,0,0,0,1
硬體設施新,0,1,0,0,0,0,0,1,0,0,0,0,1
停車場都是薰衣草的味道不是臭臭的那種，麻雀雖小 五臟俱全的一間房,0,1,0,0,0,0,0,1,0,0,0,0,1
飯店會議室可以用來辦公開會或喝茶聊天，這樣吃東西不用在房裡吃沒有異味很棒,0,1,0,0,0,0,0,1,0,0,0,0,1
每一層樓有不同的可愛卡通壁畫，與許多有趣的小裝飾，很可愛。,0,1,0,0,0,0,0,1,0,0,0,0,1
有設計感好拍,0,1,0,0,0,0,0,1,0,0,0,0,1
很喜歡這種構造的房間，構想很棒但規模可以再大一些會更好。,0,1,0,0,0,0,0,1,0,0,0,0,1
有拖鞋，交誼廳設計很特別，可以很放鬆地休息，女性宿舍有專屬衛浴空間，旅館位於四、五樓，從樓梯間可以通往六樓的頂樓有曬衣場、投幣式洗衣機烘衣機，也有洗手台、臉盆可以手洗衣物，雖然無法單獨脫水，但我洗完後用毛巾稍微壓乾，掛在頂樓吹吹風，一個晚上還是會乾的，。,0,1,0,0,0,0,0,1,0,0,0,0,1
最滿意是雖然是最簡單的個人房還是有窗戶,0,1,0,0,0,0,0,1,0,0,0,0,1
設備挺好的,0,1,0,0,0,0,0,1,0,0,0,0,1
洗澡水很大太棒了,0,1,0,0,0,0,0,1,0,0,0,0,1
住房空間大，不會有壓迫感,0,1,0,0,0,0,0,1,0,0,0,0,1
房間空間大，沒壓迫感。,0,1,0,0,0,0,0,1,0,0,0,0,1
海景房超推,0,1,0,0,0,0,0,1,0,0,0,0,1
牙刷很可愛,0,1,0,0,0,0,0,1,0,0,0,0,1
樓中樓不錯,0,1,0,0,0,0,0,1,0,0,0,0,1
乾溼分離浴室很安全,0,1,0,0,0,0,0,1,0,0,0,0,1
隔音良好,0,1,0,0,0,0,0,1,0,0,0,0,1
各樓層的磁卡不能相通保護性很好，因帶學生參加比賽，減少了管理上的麻煩。,0,1,0,0,0,0,0,1,0,0,0,0,1
沐浴用品很香,0,1,0,0,0,0,0,1,0,0,0,0,1
隔音有一點點不好，聽得到隔壁打噴嚏，但算是接受的範圍內。,0,1,0,0,0,0,0,1,0,0,0,0,1
電視還可以,0,1,0,0,0,0,0,1,0,0,0,0,1
電視尚可,0,1,0,0,0,0,0,1,0,0,0,0,1
浴室大！房間小,0,1,0,0,0,0,0,1,0,0,0,0,1
有車位,0,1,0,0,0,0,0,1,0,0,0,0,1
還真的沒有缺點，如果有的話就是很多房間有點會迷路的感覺，但還是不錯的！,0,1,0,0,0,0,0,1,0,0,0,0,1
空調有點難調就是 但問題不大,0,1,0,0,0,0,0,1,0,0,0,0,1
隔音很差，有人在公共浴室洗澡時房間內都聽得到，但旅店有附贈耳塞所以還算可以接受,0,1,0,0,0,0,0,1,0,0,0,0,1
隔音部份只能說是料想中的事 個人還能接受 哈哈,0,1,0,0,0,0,0,1,0,0,0,0,1
隔音稍差但不會影響睡眠,0,1,0,0,0,0,0,1,0,0,0,0,1
隔音沒有很好但不會特別影響睡眠淋浴間的門如果有關上就沒什麼特別感覺,0,1,0,0,0,0,0,1,0,0,0,0,1
床還可以，,0,1,0,0,0,0,0,1,0,0,0,0,1
床可能稍微軟，但可以接受了,0,1,0,0,0,0,0,1,0,0,0,0,1
房間小了點，但可以接受,0,1,0,0,0,0,0,1,0,0,0,0,1
房間空間適中，不算小,0,1,0,0,0,0,0,1,0,0,0,0,1
房間還可以 ,0,1,0,0,0,0,0,1,0,0,0,0,1
訂的是豪華家庭房，空間還算大,0,1,0,0,0,0,0,1,0,0,0,0,1
床大,0,1,0,0,0,0,0,1,0,0,0,0,1
浴室及浴缸很大,0,1,0,0,0,0,0,1,0,0,0,0,1
房間大,0,1,0,0,0,0,0,1,0,0,0,0,1
房間寬敞,0,1,0,0,0,0,0,1,0,0,0,0,1
床很大，很軟,0,1,0,0,0,0,0,1,0,0,0,0,1
四張大椅子適中,0,1,0,0,0,0,0,1,0,0,0,0,1
飯店地下有提供車位,0,1,0,0,0,0,0,1,0,0,0,0,1
床鋪非常軟硬適中,0,1,0,0,0,0,0,1,0,0,0,0,1
 有公用停車場，位置算多,0,1,0,0,0,0,0,1,0,0,0,0,1
床墊軟硬適中,0,1,0,0,0,0,0,1,0,0,0,0,1
房間空間大，有停車場,0,1,0,0,0,0,0,1,0,0,0,0,1
飯店算新,0,1,0,0,0,0,0,1,0,0,0,0,1
房間大小適中,0,1,0,0,0,0,0,1,0,0,0,0,1
冷氣很涼,0,1,0,0,0,0,0,1,0,0,0,0,1
有免洗衣烘干還可以,0,1,0,0,0,0,0,1,0,0,0,0,1
住起來不錯，只是空調稍不易調整，不影響,0,1,0,0,0,0,0,1,0,0,0,0,1
房間裝潢，和另一家相比雖然坪數差不多但看起來就大很多,0,1,0,0,0,0,0,1,0,0,0,0,1
電視有電影,0,1,0,0,0,0,0,1,0,0,0,0,1
樓中樓格局，很適合家庭入住。,0,1,0,0,0,0,0,1,0,0,0,0,1
朋友來也會推薦住這家，不過房間有點小就是了，但沒事，依然值得住,0,1,0,0,0,0,0,1,0,0,0,0,1
頂樓還可以休息聊聊天很有感覺,0,1,0,0,0,0,0,1,0,0,0,0,1
浴室很大,0,1,0,0,0,0,0,1,0,0,0,0,1
房間大，有沙發，早上陽光直射,0,1,0,0,0,0,0,1,0,0,0,0,1
隔音尚可,0,1,0,0,0,0,0,1,0,0,0,0,1
冰箱可以製冰，冷氣夠冷,0,1,0,0,0,0,0,1,0,0,0,0,1
床很軟,0,1,0,0,0,0,0,1,0,0,0,0,1
有飲水機,0,1,0,0,0,0,0,1,0,0,0,0,1
有停機車的地方,0,1,0,0,0,0,0,1,0,0,0,0,1
有附免費停車場，,0,1,0,0,0,0,0,1,0,0,0,0,1
豪華雙人房的床是兩張單人床併在一起，四人睡都沒問題,0,1,0,0,0,0,0,1,0,0,0,0,1
游泳池有分大人池與小孩池,0,1,0,0,0,0,0,1,0,0,0,0,1
有室內停車,0,1,0,0,0,0,0,1,0,0,0,0,1
停車場是室內的,0,1,0,0,0,0,0,1,0,0,0,0,1
沐浴的裝置有點壞掉，不過並不影響洗澡。,0,1,0,0,0,0,0,1,0,0,0,0,1
停車位少了點但是不影響,0,1,0,0,0,0,0,1,0,0,0,0,1
隔音還好,0,1,0,0,0,0,0,1,0,0,0,0,1
拉皮過的飯店 ,0,1,0,0,0,0,0,1,0,0,0,0,1
冷氣機好像有點故障，但還好。,0,1,0,0,0,0,0,1,0,0,0,0,1
有線電視頻道不多，但居然有大陸電視台。,0,1,0,0,0,0,0,1,0,0,0,0,1
這次給的房間比較尾端，但還是可以接受。,0,1,0,0,0,0,0,1,0,0,0,0,1
wifi 速度尚可,0,1,0,0,0,0,0,1,0,0,0,0,1
隔音略為不佳，但未影響到睡眠。,0,1,0,0,0,0,0,1,0,0,0,0,1
雙人房看電視只能坐在樓梯間但值得入住,0,1,0,0,0,0,0,1,0,0,0,0,1
因為房型的關係所以隔音不大好，但帶耳塞睡覺就可以解決了,0,1,0,0,0,0,0,1,0,0,0,0,1
我的房間除了下午西晒比較熱以外，沒什麼問題,0,1,0,0,0,0,0,1,0,0,0,0,1
門口聽得到腳步聲室內隔音還ok,0,1,0,0,0,0,0,1,0,0,0,0,1
隔音有點差，真的需要改善歐,0,1,0,0,0,0,0,3,0,0,0,0,1
淋浴有置物架    衣服之的洗漱用品地方放,0,1,0,0,0,0,0,1,0,0,0,0,1
牆壁稍微薄了一點，會聽到一點隔壁的聲音，但影響不太大,0,1,0,0,0,0,0,1,0,0,0,0,1
隔音有比較差一點，但還算ok,0,1,0,0,0,0,0,1,0,0,0,0,1
有牙膏,0,1,0,0,0,0,0,1,0,0,0,0,1
電視選項有非常多電影可以選擇，很讚,0,1,0,0,0,0,0,1,0,0,0,0,1
電視選項有電影可以看！,0,1,0,0,0,0,0,1,0,0,0,0,1
房間床舖是和式，並有落地窗,0,1,0,0,0,0,0,1,0,0,0,0,1
旅館新，很漂亮,0,1,0,0,0,0,0,1,0,0,0,0,1
衛浴不會太小，電視很多電影可以看，很好!!!!!!!,0,1,0,0,0,0,0,1,0,0,0,0,1
房間電影可以看到飽、有地下室停車場,0,1,0,0,0,0,0,1,0,0,0,0,1
有電影可以觀賞,0,1,0,0,0,0,0,1,0,0,0,0,1
隔音確實如之前看到的評論一樣沒有很好，但各飯店確實都有這個通病，所以還可以接受,0,1,0,0,0,0,0,1,0,0,0,0,1
浴室稍微有點悶悶的味道，但是可接受的。,0,1,0,0,0,0,0,1,0,0,0,0,1
走廊隔音稍差 不過還好 房間隔音ok,0,1,0,0,0,0,0,1,0,0,0,0,1
走廊間路人講話聽的到，但大致上隔音還不錯,0,1,0,0,0,0,0,1,0,0,0,0,1
燈光有點昏暗，但很適合看電影就是了。,0,1,0,0,0,0,0,1,0,0,0,0,1
近門口會聽到走廊腳步聲跟隔壁開關門聲，但晚上睡覺時是安靜的,0,1,0,0,0,0,0,1,0,0,0,0,1
隔音比較不好一點點，但還在接受範圍內,0,1,0,0,0,0,0,1,0,0,0,0,1
空調好像不太能調整溫度風量，白天會讓人覺得稍熱，但還可接受,0,1,0,0,0,0,0,1,0,0,0,0,1
房間沒有想像中的大不過沒有行李箱要放所以還可以,0,1,0,0,0,0,0,1,0,0,0,0,1
浴室的乾濕分離玻璃只有一半，但還好排水順暢，否則容易濺濕浴室地面。,0,1,0,0,0,0,0,1,0,0,0,0,1
隔音算還好,0,1,0,0,0,0,0,1,0,0,0,0,1
浴室乾濕分離設計容易賤水到洗手台地板處，但影響不大。,0,1,0,0,0,0,0,1,0,0,0,0,1
房間有吹風機,0,1,0,0,0,0,0,1,0,0,0,0,1
吹風機有兩台,0,1,0,0,0,0,0,1,0,0,0,0,1
停車場空間大停車方便,0,1,0,0,0,0,0,1,0,0,0,0,1
室內停車方便,0,1,0,0,0,0,0,1,0,0,0,0,1
地下平面停車埸方便,0,1,0,0,0,0,0,1,0,0,0,0,1
開車有地下室停車場很便利又具安全性,0,1,0,0,0,0,0,1,0,0,0,0,1
有附停車位停車方便,0,1,0,0,0,0,0,1,0,0,0,0,1
電梯方便 附設停車場停車方便,0,1,0,0,0,0,0,1,0,0,0,0,1
附有一條大浴巾,0,1,0,0,0,0,0,1,0,0,0,0,1
停車位稍嫌不夠，但有遠一點的停車場，走路約兩三分鐘，還可以接受。,0,1,0,0,0,0,0,1,0,0,0,0,1
隔音有點差，但可以接受,0,1,0,0,0,0,0,1,0,0,0,0,1
房型實在是太適合小家庭出遊,0,1,0,0,0,0,0,1,0,0,0,0,1
房間比一般飯店大,0,1,0,0,0,0,0,1,0,0,0,0,1
房間明亮不會太昏暗，備品齊全,0,1,0,0,0,0,0,1,0,0,0,0,1
設備及隔音都很好,0,1,0,0,0,0,0,1,0,0,0,0,1
室內的設計上非常有特色，是網美打卡的好地方,0,1,0,0,0,0,0,1,0,0,0,0,1
備品完善很方便，有免費洗衣房很方便，minibar還有泡麵很特別。,0,1,0,0,0,0,0,1,0,0,0,0,1
隔音好,0,1,0,0,0,0,0,1,0,0,0,0,1
床很棒,0,1,0,0,0,0,0,1,0,0,0,0,1
房間明亮,0,1,0,0,0,0,0,1,0,0,0,0,1
床不錯   ,0,1,0,0,0,0,0,1,0,0,0,0,1
房內電影蠻多的,0,1,0,0,0,0,0,1,0,0,0,0,1
設施完善,0,1,0,0,0,0,0,1,0,0,0,0,1
有vod隨選影片還不錯，浴室水柱很強，沖澡很舒服,0,1,0,0,0,0,0,1,0,0,0,0,1
有窗戶的房間很棒 ,0,1,0,0,0,0,0,1,0,0,0,0,1
熱水夠大,0,1,0,0,0,0,0,1,0,0,0,0,1
有vod 免費、wifi訊號強。,0,1,0,0,0,0,0,1,0,0,0,0,1
浴室很棒,0,1,0,0,0,0,0,1,0,0,0,0,1
床跟枕頭超好睡,0,1,0,0,0,0,0,1,0,0,0,0,1
燈光控制跟插座夠多,0,1,0,0,0,0,0,1,0,0,0,0,1
房間寬敞，床墊和枕頭很好睡。,0,1,0,0,0,0,0,1,0,0,0,0,1
房內設施相當新,0,1,0,0,0,0,0,1,0,0,0,0,1
裝潢跟舒適的床,0,1,0,0,0,0,0,1,0,0,0,0,1
吹風機一級棒,0,1,0,0,0,0,0,1,0,0,0,0,1
熱水一秒就熱，水量充足,0,1,0,0,0,0,0,1,0,0,0,0,1
適合帶小朋友來，在房間都很安全。,0,1,0,0,0,0,0,1,0,0,0,0,1
房內設備：房內設施完善，應有盡有。整體裝潢風格一致，相當賞心悅目。,0,1,0,0,0,0,0,1,0,0,0,0,1
床位環境不錯，床位的隱私度很好。,0,1,0,0,0,0,0,1,0,0,0,0,1
房間擺設跟設計很棒,0,1,0,0,0,0,0,1,0,0,0,0,1
設施環境不錯！浴室很美、洗髮精吹風機好用,0,1,0,0,0,0,0,1,0,0,0,0,1
房間空間大，設備算新，餐廳環境不錯。,0,1,0,0,0,0,0,1,0,0,0,0,1
房間和浴室都頗大，浴室是乾濕分離床大棉被大，枕頭軟硬以及高度都很適中我只要枕頭太軟或太硬太高都會睡不好，但是這間的枕頭讓我一覺到天明!!!實在很喜歡這間，可惜只住宿一個晚上而已我要推薦朋友來住!!!,0,1,0,0,0,0,0,1,0,0,0,0,1
床頗大,0,1,0,0,0,0,0,1,0,0,0,0,1
有自己的停車場方便停車,0,1,0,0,0,0,0,1,0,0,0,0,1
隔局方正,0,1,0,0,0,0,0,1,0,0,0,0,1
餐廳環境還不錯,0,1,0,0,0,0,0,1,0,0,0,0,1
如果喜歡老式飯店的人會發現許多令人驚喜的物件。,0,1,0,0,0,0,0,1,0,0,0,0,1
進去大廳就能看到粉粉裝置少女心噴發,0,1,0,0,0,0,0,1,0,0,0,0,1
膠囊咖啡機任你使用,0,1,0,0,0,0,0,1,0,0,0,0,1
設備新,0,1,0,0,0,0,0,1,0,0,0,0,1
有窗戶,0,1,0,0,0,0,0,1,0,0,0,0,1
隔音也可以 床很大但是是兩張單人加大床拼在一起 不介意的人可以入住,0,1,0,0,0,0,0,1,0,0,0,0,1
雙人床很大,0,1,0,0,0,0,0,1,0,0,0,0,1
燈光柔和,0,1,0,0,0,0,0,1,0,0,0,0,1
熱水不錯,0,1,0,0,0,0,0,1,0,0,0,0,1
大廳還蠻漂亮的,0,1,0,0,0,0,0,1,0,0,0,0,1
衛浴水壓水溫足，床鋪軟硬適中，中央空調溫控好,0,1,0,0,0,0,0,1,0,0,0,0,1
大廳很漂亮，外面也有吸菸區。,0,1,0,0,0,0,0,1,0,0,0,0,1
大廳設計的很美,0,1,0,0,0,0,0,1,0,0,0,0,1
房間簡潔的設計,0,1,0,0,0,0,0,1,0,0,0,0,1
整體空間設計感很棒,0,1,0,0,0,0,0,1,0,0,0,0,1
設計感還不錯,0,1,0,0,0,0,0,1,0,0,0,0,1
大廳、房間明亮,0,1,0,0,0,0,0,1,0,0,0,0,1
吹風機風很大，用過最滿意的旅館吹風機了！,0,1,0,0,0,0,0,1,0,0,0,0,1
設備挺新穎,0,1,0,0,0,0,0,1,0,0,0,0,1
雖然這次入住的房間比較小間，但隔音很不錯，也相當溫馨～～,0,1,0,0,0,0,0,1,0,0,0,0,1
外面場景佈置很漂亮,0,1,0,0,0,0,0,1,0,0,0,0,1
房間佈置的不錯，我喜歡這樣的風格,0,1,0,0,0,0,0,1,0,0,0,0,1
房間大，床很大,0,1,0,0,0,0,0,1,0,0,0,0,1
房間空間比預期大很多，有帶小孩的家庭也很充裕。有主題的室內擺設，很好拍照。有小的兒童遊戲區、健身房。,0,1,0,0,0,0,0,1,0,0,0,0,1
雖然沒有窗戶，但是房間的擺設、裝飾不會給人很暗的感覺。,0,1,0,0,0,0,0,1,0,0,0,0,1
寬敞整齊的大廳 給行者有置放跟休息的空間,0,1,0,0,0,0,0,1,0,0,0,0,1
有健身房非常棒，床位空間非常足夠早餐的座位充足，大廳空間非常用心布置，走道的部分全部都是無障礙走道非常好有專用電梯直達超棒的,0,1,0,0,0,0,0,1,0,0,0,0,1
裝潢漂亮有特色。,0,1,0,0,0,0,0,1,0,0,0,0,1
大廳的壁畫和電影情境 搭配精心配置的燈光落點 頗適合人像拍攝,0,1,0,0,0,0,0,1,0,0,0,0,1
裝潢時尚。,0,1,0,0,0,0,0,1,0,0,0,0,1
整個大廳設計裝潢很有藝術風格 ，主題應該是攝影器材之類 ，配色很適合拍照 很特別。,0,1,0,0,0,0,0,1,0,0,0,0,1
房間空間不錯,0,1,0,0,0,0,0,1,0,0,0,0,1
空間設計感非常好,0,1,0,0,0,0,0,1,0,0,0,0,1
膠囊空間非常好，行李有地方放，高度也很夠,0,1,0,0,0,0,0,1,0,0,0,0,1
裝潢美麗,0,1,0,0,0,0,0,1,0,0,0,0,1
入住女生膠囊床，整體感覺很明亮也很寬闊,0,1,0,0,0,0,0,1,0,0,0,0,1
外觀佈置有特色，適合拍照,0,1,0,0,0,0,0,1,0,0,0,0,1
隔音整體都不錯,0,1,0,0,0,0,0,1,0,0,0,0,1
房間很漂亮,0,1,0,0,0,0,0,1,0,0,0,0,1
房型有創意,0,1,0,0,0,0,0,1,0,0,0,0,1
有提供專屬電梯，方便直達旅店。,0,1,0,0,0,0,0,1,0,0,0,0,1
我入住的是有窗雙人房，房間和衛浴很寬敞，有大片落地窗很棒。,0,1,0,0,0,0,0,1,0,0,0,0,1
裝潢漂亮,0,1,0,0,0,0,0,1,0,0,0,0,1
大廳有特色,0,1,0,0,0,0,0,1,0,0,0,0,1
裝潢新穎,0,1,0,0,0,0,0,1,0,0,0,0,1
梳妝台照明不錯，有遙控可以控制電燈很方便。,0,1,0,0,0,0,0,1,0,0,0,0,1
冷氣冷度還可以,0,1,0,0,0,0,0,1,0,0,0,0,1
有停車場可免費停車，每個房間都可以連線免費WiF,0,1,0,0,0,0,0,1,0,0,0,0,1
附盥洗衛浴用品適合背包客。,0,1,0,0,0,0,0,1,0,0,0,0,1
隔音覺得可以沒被吵到。,0,1,0,0,0,0,0,1,0,0,0,0,1
樓層有飲水機，方便補水。,0,1,0,0,0,0,0,1,0,0,0,0,1
房間滿大的，不會有壓迫感。,0,1,0,0,0,0,0,1,0,0,0,0,1
房間大小適中，還有個很大的玄關，可以放行李，還有椅子可以穿鞋,0,1,0,0,0,0,0,1,0,0,0,0,1
房間空間很大很棒,0,1,0,0,0,0,0,1,0,0,0,0,1
空間很大,0,1,0,0,0,0,0,1,0,0,0,0,1
房間環境還不錯。,0,1,0,0,0,0,0,1,0,0,0,0,1
床好睡。,0,1,0,0,0,0,0,1,0,0,0,0,1
房間很大，適合家庭旅遊。,0,1,0,0,0,0,0,1,0,0,0,0,1
這次入住的是房中房爸媽老人家同行也可一起入住，非常之好,0,1,0,0,0,0,0,1,0,0,0,0,1
房間空間算蠻大的,0,1,0,0,0,0,0,1,0,0,0,0,1
房間好大！很棒！,0,1,0,0,0,0,0,1,0,0,0,0,1
有提供免費的停車位，當然先到先停制,0,1,0,0,0,0,0,1,0,0,0,0,1
床很軟，一下就睡著了！,0,1,0,0,0,0,0,1,0,0,0,0,1
ktv包廂音響很好，歌很新，空間寬敞，還有獨立廁所,0,1,0,0,0,0,0,1,0,0,0,0,1
躺床上可以看電視，小客廳可以看電視泡澡，也可以看電視，有spa水柱，有按摩椅，有spa浴缸，有蒸氣間，可以玩很久。,0,1,0,0,0,0,0,1,0,0,0,0,1
房間超大，設備也很好，沙發很好坐，坐著就想睡覺  有按摩浴缸，有簡單spa設備 ,0,1,0,0,0,0,0,1,0,0,0,0,1
房間超大，太好了。,0,1,0,0,0,0,0,1,0,0,0,0,1
很適合全家入住的motel,0,1,0,0,0,0,0,1,0,0,0,0,1
房間寬敞，高樓層有專用電梯,0,1,0,0,0,0,0,1,0,0,0,0,1
飯店內有按摩浴缸、按摩椅，還有景觀陽台。 ,0,1,0,0,0,0,0,1,0,0,0,0,1
房間內有菸味浴缸放水速度蠻快的，蓮蓬頭提供多樣淋浴方式選擇。,0,1,0,0,0,0,0,1,0,0,0,0,1
 房間很大 非常大 非常大間,0,1,0,0,0,0,0,1,0,0,0,0,1
按摩浴缸優,0,1,0,0,0,0,0,1,0,0,0,0,1
房間很大，浴室特大超讚,0,1,0,0,0,0,0,1,0,0,0,0,1
房間很大很好,0,1,0,0,0,0,0,1,0,0,0,0,1
四人房超大的小朋友都可以在裡面跑來跑去的超推,0,1,0,0,0,0,0,1,0,0,0,0,1
第一次入住motel地中海風，深得我意。四人房空間超級大，還有免代幣按摩椅洗澡 。,0,1,0,0,0,0,0,1,0,0,0,0,1
衛浴設備多樣化,0,1,0,0,0,0,0,1,0,0,0,0,1
浴室有蒸氣、浴缸有按摩水療,0,1,0,0,0,0,0,1,0,0,0,0,1
房間很有特色,0,1,0,0,0,0,0,1,0,0,0,0,1
房間使用的坪數很大,0,1,0,0,0,0,0,1,0,0,0,0,1
浴室很大，泡澡很享受。,0,1,0,0,0,0,0,1,0,0,0,0,1
房間空間很大，適合親子住宿,0,1,0,0,0,0,0,1,0,0,0,0,1
有按摩浴缸 與 spa蒸氣,0,1,0,0,0,0,0,1,0,0,0,0,1
沒有不喜歡按摩浴缸，真的不錯。,0,1,0,0,0,0,0,1,0,0,0,0,1
房間很大，衛浴，spa不錯很喜歡,0,1,0,0,0,0,0,1,0,0,0,0,1
房間超大，根本豪宅,0,1,0,0,0,0,0,1,0,0,0,0,1
房間真的很大,0,1,0,0,0,0,0,1,0,0,0,0,1
床很大一家人兩大兩小沒問題。,0,1,0,0,0,0,0,1,0,0,0,0,1
房間大活動很方便。,0,1,0,0,0,0,0,1,0,0,0,0,1
房間風格多樣化很漂亮，空間大，有專屬停車格。,0,1,0,0,0,0,0,1,0,0,0,0,1
安靜程度須鄰居配合，隔音還可接受。,0,1,0,0,0,0,0,1,0,0,0,0,1
床上的控制器與插座，空調設備好冷氣強。,0,1,0,0,0,0,0,1,0,0,0,0,1
整體風格很優,0,1,0,0,0,1,0,1,0,0,0,0,1
房間清潔舒適,1,1,0,0,0,0,0,1,0,0,0,0,1
房間格局整體還不錯，床蠻軟的，浴室空間設計也不錯，整體而言很棒的,0,1,0,0,0,1,0,1,0,0,0,1,1
一樓酒吧 氣氛非常好 值得推薦,0,1,0,0,0,1,0,1,0,0,0,1,1
有附設停車場對面的小吃攤很好吃回來到現在還念念不忘,0,1,0,0,0,1,0,1,0,0,0,1,1
4人房，房間滿大的，靠窗還做了架高木地板擺上小桌及座墊，泡壼茶吃點小點心很舒適優閒。晚餐附近家咖哩不錯吃,0,1,0,0,0,1,0,1,0,0,0,1,1
浴缸很特別 很棒的氣氛,0,1,0,0,0,1,0,1,0,0,0,1,1
衛浴設備新，人員顏值高,0,1,0,0,0,1,0,1,0,0,0,1,1
旅店風格都很好品質也不錯,0,1,0,0,0,1,0,1,0,0,0,1,1
房間夠大，整體還不錯。,0,1,0,0,0,1,0,1,0,0,0,1,1
隔音有一點點不好，但不影響到睡眠，就是偶爾會聽到隔壁的小細語。,0,1,0,0,0,1,0,1,0,0,0,3,3
網站上的訊息應該要註明停車費的相關訊息，住房可以免費的銷磁一次，但因為是booking的會員以有訂房折扣所以並沒有免費，須加收一次兩百元的費用，這個訊息是訂完後才收到的email，會讓人覺得有點不愉快，房間空間算大，有健身房不錯。 ,0,1,0,0,0,1,0,1,0,0,0,3,3
我們預訂的是四人房，房間很不錯，價格cp值蠻高，價格實惠,0,1,0,0,1,0,0,1,0,0,1,0,1
這房價有浴缸可以泡澡來講算很便宜了，浴缸是按摩浴缸超棒,0,1,0,0,1,0,0,1,0,0,1,0,1
設計不錯，性價比高,0,1,0,0,1,0,0,1,0,0,1,0,1
性價比高雖然只睡一晚但是房間雖小該有的都有非常適合背包客,0,1,0,0,1,0,0,1,0,0,1,0,1
便宜又精緻，房間裝潢舒服且價格真的太親民。,0,1,0,0,1,0,0,1,0,0,1,0,1
房間大小適中，價格親民。,0,1,0,0,1,0,0,1,0,0,1,0,1
價格便宜，還有浴缸超優,0,1,0,0,1,0,0,1,0,0,1,0,1
浴室水壓超大，這樣價位的房間能有浴缸，實屬難得。,0,1,0,0,1,0,0,1,0,0,1,0,1
這個價錢我非常的滿意兩個晚上 才1800元房間佈置簡單大方,0,1,0,0,1,0,0,1,0,0,1,0,1
平日住宿很划算，以這個價格還有浴缸，真的cp值還不賴,0,1,0,0,1,0,0,1,0,0,1,0,1
CP值很高 房間也算新穎漂亮 冷氣很棒 浴室也乾的很快不會臭,0,1,0,0,1,0,0,1,0,0,1,0,1
房間很大，價格便宜還有停車場,0,1,0,0,1,0,0,1,0,0,1,0,1
物美價廉，有停車位很方便！,0,1,0,0,1,0,0,1,0,0,1,0,1
有電梯 冷熱飲水機 免費停車場可以停車 CP值蠻高的,0,1,0,0,1,0,0,1,0,0,1,0,1
價格經濟實惠 房間備有浴缸 後方有停車場 ,0,1,0,0,1,0,0,1,0,0,1,0,1
價格不貴，床好睡。,0,1,0,0,1,0,0,1,0,0,1,0,1
有提供大型停車場可免費停車，疫情解封、暑假期間價格合理，不隨便哄抬價格,0,1,0,0,1,0,0,1,0,0,1,0,1
房間及浴缸都非常大，以這個價錢來說cp值非常高，四五年前來住過印象就很好，這次依然沒有讓我失望！非常推薦～,0,1,0,0,1,0,0,1,0,0,1,0,1
價格便宜有浴缸可泡澡,0,1,0,0,1,0,0,1,0,0,1,0,1
性價比高，設備好。,0,1,0,0,1,0,0,1,0,0,1,0,1
洗手台和廁所是分開的，很喜歡這個設計。插頭很多很方便，不用擔心吃東西還是睡覺前拿手機或充電器不方便。性價比高，值得入住！,0,1,0,0,1,0,0,1,0,0,1,0,1
房間價錢與設備都是符合的！,0,1,0,0,1,0,0,1,0,0,1,0,1
擺設溫馨 設施齊全 衛浴設備高級 性價比超高,0,1,0,0,1,0,0,1,0,0,1,0,1
價格合理，大廳美麗有創意,0,1,0,0,1,0,0,1,0,0,1,0,1
設備很不錯物超所值,0,1,0,0,1,0,0,1,0,0,1,0,1
設備新穎，價格合理，值得再住,0,1,0,0,1,0,0,1,0,0,1,0,1
床很好睡 浴缸很大 價格很優惠,0,1,0,0,1,0,0,1,0,0,1,0,1
房間優質物超所值,0,1,0,0,1,0,0,1,0,0,1,0,1
床很好睡，空間算大，住宿費便宜,0,1,0,0,1,0,0,1,0,0,1,0,1
設備性價比極高,0,1,0,0,1,0,0,1,0,0,1,0,1
非常喜歡櫃檯入住的設計 房間cp值很高   ,0,1,0,0,1,0,0,1,0,0,1,0,1
設備跟價錢cp值很高,0,1,0,0,1,0,0,1,0,0,1,0,1
很棒有電梯棒棒，連二樓都可以不用爬樓梯 浴室蠻大的還有陽台可以出去電視很大台真是出乎意料之外房價真的有便宜到下次來花蓮還會光顧的謝謝,0,1,0,0,1,0,0,1,0,0,1,0,1
背包客房價，卻住房用品齊全,0,1,0,0,1,0,0,1,0,0,1,0,1
價錢實惠房內設備齊全,0,1,0,0,1,0,0,1,0,0,1,0,1
價格實在，宿舍型的上下舖是由厚實木板連結牆壁隔開，不會有干擾別人的問題隱私性也很夠。,0,1,0,0,1,0,0,1,0,0,1,0,1
房子老舊但是cp值高,0,1,0,0,1,0,0,1,0,0,1,0,1
價格便宜，熱水有熱,0,1,0,0,1,0,0,1,0,0,1,0,1
 cp質超高 房間超大超讚。,0,1,0,0,1,0,0,1,0,0,1,0,1
這次房間好大很滿意，價格很實惠，還有機會還會再次入住。,0,1,0,0,1,0,0,1,0,0,1,0,1
房間空間大又便宜,0,1,0,0,1,0,0,1,0,0,1,0,1
價錢很值得，超大四人房很讚。,0,1,0,0,1,0,0,1,0,0,1,0,1
房內空間超大，除了室內設施，還有私人露天spa區性價比高,0,1,0,0,1,0,0,1,0,0,1,0,1
只能夠在下午才能入住，枉費了那麼好的設施，cp 值超級高，且房間大得不像話,0,1,0,0,1,0,0,1,0,0,1,0,1
房間很大，物超所值,0,1,0,0,1,0,0,1,0,0,1,0,1
房間景觀超讚,0,1,0,1,0,0,0,1,0,1,0,0,1
窗戶景觀佳,0,1,0,1,0,0,0,1,0,1,0,0,1
窗外的景色很漂亮,0,1,0,1,0,0,0,1,0,1,0,0,1
工業風主題的風格飯店，附近就有便利商店。,0,1,0,1,0,0,0,1,0,1,0,0,1
採光好地點好,0,1,0,1,0,0,0,1,0,1,0,0,1
有浴缸，位置尚可,0,1,0,1,0,0,0,1,0,1,0,0,1
有陽台(住的是面街道但是可以看到山)，桌椅很悠閒,0,1,0,1,0,0,0,1,0,1,0,0,1
整體設施環境不錯,0,1,0,1,0,0,0,1,0,1,0,0,1
停車方便房間很大電視有第四台海景美麗,0,1,0,1,0,0,0,1,0,1,0,0,1
機能強，有酒吧,0,1,0,1,0,0,0,1,0,1,0,0,1
房間有落地窗，城市風景不錯,0,1,0,1,0,0,0,1,0,1,0,0,1
有自己的停車場。周遭有不少小店,0,1,0,1,0,0,0,1,0,1,0,0,1
室內停車場一進門就有空調，附近環境很安靜,0,1,0,1,0,0,0,1,0,1,0,0,1
位置很好，飯店有還有酒吧跟餐廳，晚上小酌後能直接回房休息,0,1,0,1,0,0,0,1,0,1,0,0,1
位置便利性高，裝潢都蠻不錯,0,1,0,1,0,0,0,1,0,1,0,0,1
高樓層的房間面海的話可以俯瞰整個花蓮港，尤其有浴缸可以面對海，真的是非常的奢華。,0,1,0,1,0,0,0,1,0,1,0,0,1
很有質感的飯店，停車方便,0,1,0,1,0,0,0,1,0,1,0,0,1
地點視野、空間優,0,1,0,1,0,0,0,1,0,1,0,0,1
環境非常好，浴缸面朝大海。,0,1,0,1,0,0,0,1,0,1,0,0,1
隔音很好，不會聽到其他房客的聲音，地理位址很好離市區很近,0,1,0,1,0,0,0,1,0,1,0,0,1
煙波雙人套房非常大，浴室有非常舒適的浴池泡澡!窗外可以直接看到海岸線。,0,1,0,1,0,0,0,1,0,1,0,0,1
地點風景美，床軟，棉被薄但很暖,0,1,0,1,0,0,0,1,0,1,0,0,1
飯店附近環境舒適 交通方便 設備齊全,0,1,0,1,0,0,0,1,0,1,0,0,1
1.有停車場可供旅客停車。2.周邊生活機能方便鄰近便利商店、全聯，還有許多小吃店家。,0,1,0,1,0,0,0,1,0,1,0,0,1
房間空間大很好  附近商店機能充足便利,0,1,0,1,0,0,0,1,0,1,0,0,1
地理位置相當便利，且設有停車場，房間採光很好！,0,1,0,1,0,0,0,1,0,1,0,0,1
所在位子方便也有提供停車場算方便,0,1,0,1,0,0,0,1,0,1,0,0,1
非常喜歡房間的樣子 很漂亮 離夜市非常近 有機會一定還會再住！,0,1,0,1,0,0,0,1,0,1,0,0,1
位置好，床也舒服還有一個小陽臺,0,1,0,1,0,0,0,1,0,1,0,0,1
房間滿大的、有浴缸；飯店後面有車位但數量有限、鄰近車站、對面有有名的早餐店,0,1,0,1,0,0,0,1,0,1,0,0,1
樓層夠高，房間夠大，有停車場，地理位置不錯,0,1,0,1,0,0,0,1,0,1,0,0,1
地點方便，房間燈光夠亮,0,1,0,1,0,0,0,1,0,1,0,0,1
豪華家庭房房間夠大很棒，飯店位置靠近愛河很方便,0,1,0,1,0,0,0,1,0,1,0,0,1
房間隔音還算安靜停車方便,0,1,0,1,0,0,0,1,0,1,0,0,1
位置方便，床很大很好睡，隔音效果也不錯。,0,1,0,1,0,0,0,1,0,1,0,0,1
飯店設備都很新，停車方便,0,1,0,1,0,0,0,1,0,1,0,0,1
覺得很棒 可以散步去逛夜市 還有宵夜可以吃  廁所很明亮 還有浴缸可泡澡    超棒！！,0,1,0,1,0,0,0,1,0,1,0,0,1
熱水很快有以及地點在夜市附近很方便,0,1,0,1,0,0,0,1,0,1,0,0,1
豪華客房有浴缸廁所夠大間，離愛河近可以順路去散散步。,0,1,0,1,0,0,0,1,0,1,0,0,1
位置非常便利，房內燈光適中,0,1,0,1,0,0,0,1,0,1,0,0,1
飯店位於愛河邊3分鐘.有自家的停車場,0,1,0,1,0,0,0,1,0,1,0,0,1
位置在市區，仍有提供地下停車場,0,1,0,1,0,0,0,1,0,1,0,0,1
離文化夜市不算太遠有沙發床,0,1,0,1,0,0,0,1,0,1,0,0,1
距離夜市有段距離，但延途走走看看不知不覺也到了。房間燈光太浪漫，希望能明亮一點。,0,1,0,1,0,0,0,1,0,1,0,0,1
地點位置適中，大廳色調很好，四張大椅子適中,0,1,0,1,0,0,0,1,0,1,0,0,1
地理位置便利，附近有逢甲夜市，有停車場方便停車。,0,1,0,1,0,0,0,1,0,1,0,0,1
設備新。。環境清靜。。,0,1,0,1,0,0,0,1,0,1,0,0,1
房間大，離夜市很近，有很多電影可以看,0,1,0,1,0,0,0,1,0,1,0,0,1
電影很多又是最新的，離夜市超近，在逢甲夜市買完吃的後，可以看片看到爽，很讚。停車是平面式，安全很夠。,0,1,0,1,0,0,0,1,0,1,0,0,1
臨近逢甲夜市，地點方便且附設停車場，房間隔音好,0,1,0,1,0,0,0,1,0,1,0,0,1
離逢甲夜市非常近飯店電視有許多電影可選擇,0,1,0,1,0,0,0,1,0,1,0,0,1
位置很好 用走的就可以去逛夜市 飯店還有免費電影可以讓小孩看,0,1,0,1,0,0,0,1,0,1,0,0,1
床墊很好睡偏硬，若是同行人在旁翻身也不太會影響。地點靠逢甲但是不會吵。還有很多電影可以看。,0,1,0,1,0,0,0,1,0,1,0,0,1
地點絕佳，可帶小孩步行至逢甲夜市，房間空間雖不大，但五臟俱全，佈置也很新穎！,0,1,0,1,0,0,0,1,0,1,0,0,1
地點很好，距離逢甲夜市大概只有五到十份鐘的距離。跟一般的飯店比起來，多了mod，可以去夜市買晚餐回來慢慢看影片享受。地下停車場是平面式，位置應該頗足的。,0,1,0,1,0,0,0,1,0,1,0,0,1
位置方便 有停車場,0,1,0,1,0,0,0,1,0,1,0,0,1
飯店離夜市很近最喜歡大落地窗房間內規劃也都不錯,0,1,0,1,0,0,0,1,0,1,0,0,1
設備很新，離逢甲夜市五分鐘不到的腳程,0,1,0,1,0,0,0,1,0,1,0,0,1
位置好，免治馬桶超讚,0,1,0,1,0,0,0,1,0,1,0,0,1
 鬧中取靜，住的區域安靜，，吃東西非常方便。 ，車位數多，相較其它同級飯店好很多。 房間有挑高，空間感很好。,0,1,0,1,0,0,0,1,0,1,0,0,1
離逢甲夜市很近，地點好有室內專屬停車位，超方便房間電影超多選擇，讚,0,1,0,1,0,0,0,1,0,1,0,0,1
位置佳，走到逢甲超方便  旅店設計感佳 ，硬體設備新,0,1,0,1,0,0,0,1,0,1,0,0,1
離夜市近插座多，不用外接床頭有小閱讀燈,0,1,0,1,0,0,0,1,0,1,0,0,1
有免治馬桶非常好電視有很多選擇，還可以看電影地點很好，,0,1,0,1,0,0,0,1,0,1,0,0,1
步行就可以到逢甲夜市，電視很大,0,1,0,1,0,0,0,1,0,1,0,0,1
位置便利 房間設施很棒,0,1,0,1,0,0,0,1,0,1,0,0,1
離逢甲夜市很近，還有停車場，飯店有藍光電影，非常推薦,0,1,0,1,0,0,0,1,0,1,0,0,1
離逢甲夜市超近，就算還沒走到逢甲也很多東西可以吃！電影超新還有影集可以看～買東西回到房間就都不想出門了 ,0,1,0,1,0,0,0,1,0,1,0,0,1
飯店的樓中樓房型非常適合有帶孩子的家庭飯店的位置在逢甲商圈附近,0,1,0,1,0,0,0,1,0,1,0,0,1
地點很棒 電視也令人滿意,0,1,0,1,0,0,0,1,0,1,0,0,1
離逢甲夜市近，飯店自有停車場,0,1,0,1,0,0,0,1,0,1,0,0,1
地理位置不錯 安靜 視野寬廣  我住家庭房  房間格局還算滿意,0,1,0,1,0,0,0,1,0,1,0,0,1
外觀很新，地點好，如果是要逛夜市很方便，停車場還算方便,0,1,0,1,0,0,0,1,0,1,0,0,1
開車有地下室停車場很便利又具安全性！離逢甲商圈很近很便利,0,1,0,1,0,0,0,1,0,1,0,0,1
床很好睡，離赤崁樓近,0,1,0,1,0,0,0,1,0,1,0,0,1
位置佳、設備完善。,0,1,0,1,0,0,0,1,0,1,0,0,1
地點方便，好停車。房間走簡約黑色風格，蠻特別的。,0,1,0,1,0,0,0,1,0,1,0,0,1
房間夠大 旁邊就是百貨公司 買東西很方便,0,1,0,1,0,0,0,1,0,1,0,0,1
房間對外視野好大面窗，地點棒可逛街,0,1,0,1,0,0,0,1,0,1,0,0,1
地點方便，旁邊即是shopping mall；房間俐落明亮。,0,1,0,1,0,0,0,1,0,1,0,0,1
飯店的裝潢 設計風格 創意 相較以往住過的飯店 是給我比較多新奇的 飯店隔壁就是購物中心 可以逛累的 馬上到達飯店 之後有機會再到台南玩 會考慮再住一晚的 ,0,1,0,1,0,0,0,1,0,1,0,0,1
地點在市區，位置非常方便。飯店有停車場，自行開車的可以選擇。,0,1,0,1,0,0,0,1,0,1,0,0,1
附近很多吃的，還有全聯，旅館附近的樂包子肉包和饅頭都很好吃，床的軟硬適中，蠻好睡的。,0,1,0,1,0,0,0,1,0,1,0,0,1
房間格局，浴室不大，洗手台在廁所外，地理位置吃的很多很方便。,0,1,0,1,0,0,0,1,0,1,0,0,1
有附停車位，離鬧區近。,0,1,0,1,0,0,0,1,0,1,0,0,1
按摩浴缸很讚，對面就是家樂福,0,1,0,1,0,0,0,1,0,1,0,0,1
地點在火車站旁邊，附近有很多可以逛的商店，飯店停車位不多，要停到附近的停車場。,0,1,0,1,0,0,0,1,0,1,0,0,1
附近城市偏安靜、房間大,0,1,0,1,0,0,0,1,0,1,0,0,1
離夜市很近，有電梯很方便,0,1,0,1,0,0,0,1,0,1,0,0,1
地理位置佳，就在離火車站步行不遠處，獨立空間夠大隱私性尚可,0,1,0,1,0,0,0,1,0,1,0,0,1
周遭環境便利，房間溫馨。,0,1,0,1,0,0,0,1,0,1,0,0,1
飯店位置很好，公車火車自行車都很方便；房間備有除濕機,0,1,0,1,0,0,0,1,0,1,0,0,1
有免費wifi有線電視與vod距離火車站近。,0,1,0,1,0,0,0,1,0,1,0,0,1
離火車站很近。wifi訊號很強。有免費的vod隨選視訊。,0,1,0,1,0,0,0,1,0,1,0,0,1
房間、浴室都很新！飯店樓下很熱鬧吃喝、購物很方便,0,1,0,1,0,0,0,1,0,1,0,0,1
床很柔軟非常好睡 ，樓下有寶雅以及很多美食小吃,0,1,0,1,0,0,0,1,0,1,0,0,1
位置很棒 但如果不是當地人可能會稍微找一下 裝潢都很新很好睡,0,1,0,1,0,0,0,1,0,1,0,0,1
位置真的很好，離車站很近，附近餐食選擇多，不會買不到宵夜。本身雖無停車場，但有配合嘟嘟房，，可以停到退房，很方便。,0,1,0,1,0,0,0,1,0,1,0,0,1
有浴缸還不錯，離火車站也不會很遠,0,1,0,1,0,0,0,1,0,1,0,0,1
自助入住及退房系統很棒，地理位置很好，只是這棟樓其它樓層有點可怕。,0,1,0,1,0,0,0,1,0,1,0,0,1
設備好 床也喜歡 地點附近熱鬧,0,1,0,1,0,0,0,1,0,1,0,0,1
吃東西方便 逛街也很方便房間非常新,0,1,0,1,0,0,0,1,0,1,0,0,1
位置好 電視大 住這真的很方便 吃東西樓下到處都能買,0,1,0,1,0,0,0,1,0,1,0,0,1
對開車族來說，地點還不錯，飯店本身有停車場，停車方便。,0,1,0,1,0,0,0,1,0,1,0,0,1
位置方便 停車位是平面式好停,0,1,0,1,0,0,0,1,0,1,0,0,1
離一中非常近 位子很好附近就有停車場房間算大浴室偏小,0,1,0,1,0,0,0,1,0,1,0,0,1
周邊夜晚安靜，房間隔音很好離便利商店很近，一樓也有合作的餐廳可以用餐早餐除了住宿加價提供的之外，旅館隔壁就有早餐店,0,1,0,1,0,0,0,1,0,1,0,0,1
裝潢很新、明亮，電視台也多選擇，周邊環境安靜單純是我最喜歡的原因之一,0,1,0,1,0,0,0,1,0,1,0,0,1
空間夠大，絕對的放鬆。交通便利。,0,1,0,1,0,0,0,1,0,1,0,0,1
地點還不錯，房間空間也寬敞,0,1,0,1,0,0,0,1,0,1,0,0,1
地理位置佳，設備有些老舊還可以。,0,1,0,1,0,0,0,1,0,1,0,0,1
設備有些老舊還可以，地理位置佳。,0,1,0,1,0,0,0,1,0,1,0,0,1
如果以經濟考量，是可以接受老舊的衛浴設備，及所有內部陳設價錢決定一切，很愉快的古早飯店體驗，外圍生活機能佳，彷彿回到50年代的他里霧,0,1,0,1,0,0,0,1,0,1,0,0,1
設備陳舊無大礙。交通便利。,0,1,0,1,0,0,0,1,0,1,0,0,1
房間夠大，飯店地點機能性很高。,0,1,0,1,0,0,0,1,0,1,0,0,1
房間很大，交通方便,0,1,0,1,0,0,0,1,0,1,0,0,1
房內空間大、地理位置佳、停車方便,0,1,0,1,0,0,0,1,0,1,0,0,1
雖然三樓是ktv但飯店的隔音不錯，飯店位置也很便利。,0,1,0,1,0,0,0,1,0,1,0,0,1
地點、設備、環境都很棒！,0,1,0,1,0,0,0,1,0,1,0,0,1
地點、設備、房間大小都非常的棒,0,1,0,1,0,0,0,1,0,1,0,0,1
環境優，房間大，下次會在去。,0,1,0,1,0,0,0,1,0,1,0,0,1
房間很有特色，種類豐富，離家樂福，麥當勞，星巴克，斗六夜市都很近，旁邊中堅西路美食一堆，真是很好的地點,0,1,0,1,0,0,0,1,0,1,0,0,1
去雲林就會選擇住的地方，房間很大而且旁邊就有星巴客跟麥當勞很便利。,0,1,0,1,0,0,0,1,0,1,0,0,1
房間超大，餐廳食物好吃。離車站不遠，沿著商圈走走逛逛就到車站。，晚上不怕沒東西吃。,0,1,0,1,0,0,0,1,0,1,0,0,1
位置佳，房間寬敞很讚。,0,1,0,1,0,0,0,1,0,1,0,0,1
地點還不錯。整體風格特別！,0,1,0,1,0,1,0,1,0,1,0,0,1
住宿地點超級棒，，附近也有全家、、全聯，生活機能非常棒。停車場也非常方便，有地下三層樓可以停放。房間很有設計感，整體而言無可挑剔。,0,1,0,1,0,1,0,1,0,1,0,1,1
旅店位置、風格都很好品質也不錯,0,1,0,1,0,1,0,1,0,1,0,1,1
飯店前身趣旅館時就住過，那時候的經驗不錯，但這次令人非常失望。除了，熱水很快有以及地點在夜市附近很方便之外，已無其他優點。,0,1,0,1,0,1,0,1,0,1,0,3,3
交通位置非常方便，旅館的外圍機能齊全，環島的人能在旅館對面使用自己付費的自助洗衣服，價格非常親民，超級優質的一家旅店,0,1,0,1,1,0,0,1,0,1,1,0,1
在市區價格便宜，空間大。,0,1,0,1,1,0,0,1,0,1,1,0,1
位子很棒距離市區不會太遠空間寬敞、物超所值隔音效果好，不怕別的房客吵鬧,0,1,0,1,1,0,0,1,0,1,1,0,1
視野、空間優，隔音很好，cp中高,0,1,0,1,1,0,0,1,0,1,1,0,1
Cp值很高。有停車位，走路去東大門夜市也不算遠~,0,1,0,1,1,0,0,1,0,1,1,0,1
酒店地理位置優越，房間十分寬闊，是一家性價比十分高的酒店。,0,1,0,1,1,0,0,1,0,1,1,0,1
所有的！前台很棒 房很棒 位置很方便 性价比非常高,0,1,0,1,1,0,0,1,0,1,1,0,1
性价比非常高，有停車場相當方便，可以走去夜市和金三角還不錯,0,1,0,1,1,0,0,1,0,1,1,0,1
酒店與高雄市議廳捷運站只需步程約十多分鐘，愛河及六合夜市等景點就在附近，位置十分方便，房間十分寬闊，雙人房的特大雙人床足夠唾兩個大人及一個小孩很讚，除了早餐，還特設宵夜，是一家性價比十分高的酒店。,0,1,0,1,1,0,0,1,0,1,1,0,1
離夜市距離還可以接受，飯店有自製一個小的逢甲夜市美食地圖，很棒。，電視節目選擇多元，很適合去夜市買小吃回來配著看。，以這個價錢入住覺得cp值很高。,0,1,0,1,1,0,0,1,0,1,1,0,1
cp值很高 地點很方便 用走的就可以到逢甲夜市 對開車的人來說很棒 有自己的停車場 下次還會再來住,0,1,0,1,1,0,0,1,0,1,1,0,1
價位低是重點。騎車距離一中街、中友百貨、秀泰百貨很近。洗澡水壓特別強！,0,1,0,1,1,0,0,1,0,1,1,0,1
價格及地點都很好，燈光明亮，適合商務出差，使用電腦工作。,0,1,0,1,1,0,0,1,0,1,1,0,1
房間空間大、裝潢很新，旅館離火車站近，cp值高！,0,1,0,1,1,0,0,1,0,1,1,0,1
設備太老舊了，有點害怕，便宜，地點方便。,0,1,0,1,1,0,0,1,0,1,1,0,3
便宜，地點方便，設備太老舊了，有點害怕。,0,1,0,1,1,0,0,1,0,1,1,0,3
鄰近斗六火車站和傳統市場生活機能方便，有停車場可免費停車，每個房間都可以連線免費WiFi，便宜房價還有附盥洗衛浴用品適合背包客。,0,1,0,1,1,0,0,1,0,1,1,0,1
便宜便宜、地點方便、有停車場,0,1,0,1,1,0,0,1,0,1,1,0,1
地理位置好周邊很多吃的，有停車場方便，價格便宜。,0,1,0,1,1,0,0,1,0,1,1,0,1
住宿地點可能因為正在施工，標示不清楚....找了快20分鐘才找到，專用電梯房間很不錯，空間很大，公用設施也很完善,0,1,0,1,0,0,0,1,0,3,0,0,1
左右隔音還不錯，離捷運還是有點小距離。牙刷不會太硬，很多飯店牙刷都超硬，這間不會。,0,1,0,1,0,0,0,1,0,3,0,0,1
位置在東協廣場，一早被附近的活動吵醒，飯店本身樓層改裝的好、房間也大，但大樓出入的人比較複雜。附近宵夜選擇少，而且多不良場所,0,1,0,1,0,0,0,1,0,3,0,0,3
旅館下面有非常多外勞，晚上在下面群聚喝酒大聲喧嘩，旅店附近出入非常複雜。床很舒服,0,1,0,1,0,0,0,1,0,3,0,0,3
附近環境太差，房間設施算新,0,1,0,1,0,0,0,1,0,3,0,0,3
有擺設消毒水，供每個人噴,0,1,1,0,0,0,0,1,1,0,0,0,1
有會議室可以借,0,1,1,0,0,0,0,1,1,0,0,0,1
提供免費車位,0,1,1,0,0,0,0,1,1,0,0,0,1
早餐很棒，種類很多，鍋邊素也能和大家一起享用早餐。包子和饅頭還有提供奶蛋素，很友善。有提供車位，或是補助停車費，很貼心。,0,1,1,0,0,0,0,1,1,0,0,0,1
早餐好吃，最喜歡餐廳環境的設計風格，很典雅很棒,0,1,1,0,0,0,0,1,1,0,0,0,1
加大床。,0,1,1,0,0,0,0,1,1,0,0,0,1
家庭房有附玩具還有故事書-好餓的毛毛蟲有提供 寶寶澡盆消毒鍋及嬰兒床。,0,1,1,0,0,0,0,1,1,0,0,0,1
可以借自行車，提供自助洗衣，提供地下停車場。,0,1,1,0,0,0,0,1,1,0,0,0,3
有洗衣房，提供洗衣粉,0,1,1,0,0,0,0,1,1,0,0,0,1
三溫暖和好吃的早餐，早餐還有雞湯很棒！,0,1,1,0,0,0,0,1,1,0,0,0,1
原本是預定山景尊爵雙人房 ＆ 豪華雙床房紛紛被升級一階泡在浴缸就可以欣賞外面的海景,0,1,1,0,0,0,0,1,1,0,0,0,1
早餐很好吃，服務很好；雖然地下停車場是機械式，但服務員很有熱忱的在引導,0,1,1,0,0,0,0,1,1,0,0,0,1
和式型的休息空間櫃檯服務人員很親切房間附的咖啡很棒,0,1,1,0,0,0,0,1,1,0,0,0,1
訂雙人房被升級成三人房空間很大被子是羽絨被非常溫暖,0,1,1,0,0,0,0,1,1,0,0,0,1
因為有帶一個快一歲的嬰兒！所以請飯店準備澡盆嬰兒床及消毒鍋！很少遇到在房間可以有消毒鍋的！非常感謝   ,0,1,1,0,0,0,0,1,1,0,0,0,1
第二次住宿了，整體來說都是滿意的，無論是早餐的豐富、精緻度外，工作人員的用心也值得讚賞！多數的飯店在我們需求幼兒澡盆時，大部分就單純的給個澡盆，甚至連水瓢都沒有，但此飯店除了該有的有外，還會詢問是否有要嬰兒床及奶瓶消毒器，非常貼心，我們不是澳洲來的，就算沒有澡盆也無仿，但相較之下，同為服務業的我認為他們非常優秀。,0,1,1,0,0,0,0,1,1,0,0,0,1
晚上竟然有海鮮粥可以吃！還有酒吧喝酒或點茶類！滿放鬆的好地方。,0,1,1,0,0,0,0,1,1,0,0,0,1
提供宵夜和有駐唱的小酒吧！,0,1,1,0,0,0,0,1,1,0,0,0,1
1、早上櫃檯小姐跟清潔人員員態度很好2、早餐餐點跟擺設還不錯,0,1,1,0,0,0,0,1,1,0,0,0,1
停車位 接待 房型 宵夜 早餐 都很好 特別要感謝他們 因為我忘了帶手機充電線 有打去櫃檯問 說有借的服務但是要押金（蠻合理 ）,0,1,1,0,0,0,0,1,1,0,0,0,1
冷氣很涼，早餐好吃還可以加大 ,0,1,1,0,0,0,0,1,1,0,0,0,1
自助早餐選擇多且美味。室內設計空間佳。,0,1,1,0,0,0,0,1,1,0,0,0,1
飯店整體外觀很新 接待人員服務很好,0,1,1,0,0,0,0,1,1,0,0,0,1
我們住豪華雙人房-床蠻大的，浴缸也很大、水力強、退房時間至中午十二時，吃完早餐還能回房間整理一下，不會太趕！,0,1,1,0,0,0,0,1,1,0,0,0,1
早餐好吃、床軟硬適中好睡、服務人員態度親切,0,1,1,0,0,0,0,1,1,0,0,0,1
早餐很好吃，床很軟很舒服，有幫準備嬰兒床，寶寶睡的很舒服,0,1,1,0,0,0,0,1,1,0,0,0,1
飯店裝潢環境和服務都不錯 ,0,1,1,0,0,0,0,1,1,0,0,0,1
喜歡飯店設計風格，也有提供我們所需要的嬰兒用品,0,1,1,0,0,0,0,1,1,0,0,0,1
服務人員親切車位很優，雖然是戶外但還是足夠,0,1,1,0,0,0,0,1,1,0,0,0,1
早餐品項很多元，食材新鮮，很好吃。清潔用品品質不錯，使用起來很不錯。,0,1,1,0,0,0,0,1,1,0,0,0,1
房間設備舒適，早餐非常豐富多樣。,0,1,1,0,0,0,0,1,1,0,0,0,1
人員親切舒服，床也好睡。,0,1,1,0,0,0,0,1,1,0,0,0,1
1.停車場有人引導2.房間隔音不錯3.大廳明亮寬敞4.早餐豐富多元5.有健身房、桌球、SPA、投幣式洗衣間6.飯店人員有禮貌,0,1,1,0,0,0,0,1,1,0,0,0,1
服務、設施、房間大小等都很好,0,1,1,0,0,0,0,1,1,0,0,0,1
泡湯還是一樣讚，早餐有很多特色美食,0,1,1,0,0,0,0,1,1,0,0,0,1
獨立的浴缸很棒，被升等海景房，view很不錯；因為當初訂房沒有含早餐，現場加購$420/人，早餐種類豐富，還有現包的割包、現燙燙青菜，很優質。,0,1,1,0,0,0,0,1,1,0,0,0,1
本來是單純訂豪華大雙人床房，至於是不是海景也沒有多麼重視，到飯店check in的時候櫃檯人員告知我說已經主動升級海景房讓我蠻驚喜的，後來也知道原來我住的那間海景房是唯一一間有鋪木質地板的豪華海景房，這次的住宿經驗真的很好 ,0,1,1,0,0,0,0,1,1,0,0,0,1
早餐每一種都好吃。三溫暖也很棒。服務人員都很有耐心笑容滿面。甚至維修人員服務人員都很有禮貌，讓你有回家感覺。,0,1,1,0,0,0,0,1,1,0,0,0,1
早餐好吃  三溫暖很棒,0,1,1,0,0,0,0,1,1,0,0,0,1
浴缸很大而且看海泡澡很讓人放鬆~P.S退房後小孩衣服忘記拿，再回飯店時已經看到包好折好放置櫃檯準備打電話通知我！8月生日還要再去花蓮玩，到時還是我的首選飯店~,0,1,1,0,0,0,0,1,1,0,0,0,1
壽星幸運的被免費升級到行政套房，有好大的浴室！非常舒適的住宿體驗～check in櫃檯的小姐很客氣，早餐餐廳的服務人員很親切，三溫暖的工作人員也很熱情,0,1,1,0,0,0,0,1,1,0,0,0,1
很幸運被升級海景套房，還有浴缸飯店三溫暖非常棒。,0,1,1,0,0,0,0,1,1,0,0,0,1
飯店所提供的三溫暖、健身房、遊戲室和早餐不錯，房間夠大，只是這次沒住到海景房。,0,1,1,0,0,0,0,1,1,0,0,0,1
浴缸很大很棒，早餐多樣而且很美味。,0,1,1,0,0,0,0,1,1,0,0,0,1
早餐好吃，房間很大，棒!,0,1,1,0,0,0,0,1,1,0,0,0,1
房間、早餐都很棒，還有面對山景的大陽台,0,1,1,0,0,0,0,1,1,0,0,0,1
服務人員很親切，知道我們有小孩子主動問需要靠床，早餐很豐富，有給10個代幣去兒童遊戲區玩不夠太好玩,0,1,1,0,0,0,0,1,1,0,0,0,1
早餐屌打許多飯店-是我住過算很好吃的~~真心不騙~飯店挑有浴缸直接可以看海就好不用去頂樓泡了~真的~而且有冰的飲水機~這很重要--,0,1,1,0,0,0,0,1,1,0,0,0,1
早餐豐富多樣，床的軟硬適中還不錯睡,0,1,1,0,0,0,0,1,1,0,0,0,1
空間大飯店設施多還有免費的遊戲代幣東西忘記帶回，飯店人員主動處理且積極,0,1,1,0,0,0,0,1,1,0,0,0,1
1.飯店免費升級2.親切的服務3.多樣式可供選擇的早餐4.大浴池5.休閒娛樂設施,0,1,1,0,0,0,0,1,1,0,0,0,1
早餐豐盛，自助洗衣方便,0,1,1,0,0,0,0,1,1,0,0,0,1
早餐不錯，床好睡，被子不厚重但很暖,0,1,1,0,0,0,0,1,1,0,0,0,1
原本住的那間隔壁洗澡有水加壓的聲音會到我們這房間，經反應後直接幫我們升等換成海景房然後旁邊都故意不安排住客，這服務真的好到爆！停車場都很足夠，不會開出去回來就沒位置停了！,0,1,1,0,0,0,0,1,1,0,0,0,1
硬體新穎、人員親切,0,1,1,0,0,0,0,1,1,0,0,0,1
大廳有設計感，提供小點心跟飲料。,0,1,1,0,0,0,0,1,1,0,0,0,1
服務人員客氣有禮，大廳備有點心吧可以使用，並有多台飲水機可供使用，粉方便,0,1,1,0,0,0,0,1,1,0,0,0,1
有停車場粉好、櫃檯人員很熱情 ,0,1,1,0,0,0,0,1,1,0,0,0,1
服務態度良好，隔音還不錯,0,1,1,0,0,0,0,1,1,0,0,0,1
房間空間很大，床很大很軟很棒，早餐很好吃，兩天的餐點內容不同。,0,1,1,0,0,0,0,1,1,0,0,0,1
服務人員親切，房間設備很棒，早餐好吃。,0,1,1,0,0,0,0,1,1,0,0,0,1
早餐很不錯，請保持。床很好睡，員工態度很好 ，有訓練過。,0,1,1,0,0,0,0,1,1,0,0,0,1
床很寬敞，但是是兩張單人床拼起來的。房中備品齊全，蓮蓬頭的水力也很足夠。早餐種類眾多，中西式都有，而且好吃。一樓即是酒吧，不用出飯店就能享受悠閒時光。,0,1,1,0,0,0,0,1,1,0,0,0,1
櫃檯人員很親切、房間設備完善！,0,1,1,0,0,0,0,1,1,0,0,0,1
早餐豐盛、交誼廳很安靜、藝術裝置很典雅!!,0,1,1,0,0,0,0,1,1,0,0,0,1
雙人床很大很好躺，飯店煮的宵夜比夜市好吃...,0,1,1,0,0,0,0,1,1,0,0,0,1
早餐及床都好,0,1,1,0,0,0,0,1,1,0,0,0,1
酒吧很棒，房間設計很棒，早餐豐富好吃,0,1,1,0,0,0,0,1,1,0,0,0,1
早餐好 又有宵夜可以吃 好棒 浴室水量夠強 好洗好舒服,0,1,1,0,0,0,0,1,1,0,0,0,1
訂的是豪華房，大小剛好，可以開2個26寸的行李還有很多空位，有設計感，早餐豐富,0,1,1,0,0,0,0,1,1,0,0,0,1
早餐不錯！床好睡！,0,1,1,0,0,0,0,1,1,0,0,0,1
早餐好吃，床好睡，豪華雙人房漂亮,0,1,1,0,0,0,0,1,1,0,0,0,1
接駁服務很方便，房間空間寬敞，佳!,0,1,1,0,0,0,0,1,1,0,0,0,1
房間很寬敞，浴室設計也非常有現代感，早餐好吃到出乎我意料，選擇也很多樣。,0,1,1,0,0,0,0,1,1,0,0,0,1
早餐豐富，床好睡,0,1,1,0,0,0,0,1,1,0,0,0,1
房間意外升等（空間變大、有浴缸），有驚喜感；房內裝潢雅致，有時尚氣氛。,0,1,1,0,0,0,0,1,1,0,0,0,1
床非常大，小朋友橫睡中間，完全不會踢到。飯店停車場客滿的話可以停，附近路邊停車格繳費單，飯店會幫忙付有提供宵夜，還有駐唱歌手，可邊吃邊聽大理石裝潢很美,0,1,1,0,0,0,0,1,1,0,0,0,1
早餐豐富。設備新穎,0,1,1,0,0,0,0,1,1,0,0,0,1
早餐很豐富  大廳很漂亮,0,1,1,0,0,0,0,1,1,0,0,0,1
房間漂亮，床好睡，早餐吃的很好，宵夜每天不一樣，有感受出用心，房間很多鏡面設計，比較適合情侶去,0,1,1,0,0,0,0,1,1,0,0,0,1
床超大 真過癮  早餐的服務人員很棒...隨時注意 菜的狀況 補菜速度快,0,1,1,0,0,0,0,1,1,0,0,0,1
早餐不錯，房間的黑色系牆面可當鏡面使用，非常有質感,0,1,1,0,0,0,0,1,1,0,0,0,1
早餐好吃。房間裝潢很不錯。,0,1,1,0,0,0,0,1,1,0,0,0,1
床鋪很大（雙人房是兩張單人床合併大小）。房間空間足夠 ，讚。早餐是自助餐，算豐盛。,0,1,1,0,0,0,0,1,1,0,0,0,1
早餐樣式多，都很好吃，所以很多人吃的時間比較長，位子不多，輪動比較慢，慢來的人要等排隊吃早餐，房間配置蠻好，有淋浴有浴缸。,0,1,1,0,0,0,0,1,1,0,0,0,1
房內空間還不錯 早餐也好吃,0,1,1,0,0,0,0,1,1,0,0,0,1
房型升等房間，整齊有設計感，早餐很好吃。,0,1,1,0,0,0,0,1,1,0,0,0,1
最滿意員工的服務態度，床好睡,0,1,1,0,0,0,0,1,1,0,0,0,1
疫情期間附贈的早餐真的讓人意外不錯，另外有停車場及門口旁的停車位，停車算方便。,0,1,1,0,0,0,0,1,1,0,0,0,1
早餐選擇多，服務人員很親切。家庭房有準備孩子們的玩具及書本，孩子玩得很開心。,0,1,1,0,0,0,0,1,1,0,0,0,1
最喜愛整個飯店的裝潢，尤其是大理石的廁所與舒適的客房，同時很喜愛樓下的酒吧與豐富的自助早餐。,0,1,1,0,0,0,0,1,1,0,0,0,1
早餐 很棒沐浴乳 洗髮精都是大瓶的 不是那種迷你瓶很大器,0,1,1,0,0,0,0,1,1,0,0,0,1
早餐跟宵夜都超讚 酒吧也好讚 ,0,1,1,0,0,0,0,1,1,0,0,0,1
早餐好吃，床很不錯。,0,1,1,0,0,0,0,1,1,0,0,0,1
房間算是很大的，床鋪很軟很好睡。1F餐廳的早餐buffet很豐富也很好吃，加分！,0,1,1,0,0,0,0,1,1,0,0,0,1
推～房間大 浴室是乾濕分離 浴缸也大泡起來很舒服 晚上又有簡單的美味宵夜 隔音還不錯下次還會選擇這一家飯店服務人員服務都很好     ,0,1,1,0,0,0,0,1,1,0,0,0,1
服務人員態度良好，設備齊全，備有車位，提供宵夜，早點豐盛,0,1,1,0,0,0,0,1,1,0,0,0,1
晚間還有提供簡單的宵夜，也有歌手駐唱，整個氣氛很好，早餐的菜色很豐富，樣式種類超多，房間隔音也很好,0,1,1,0,0,0,0,1,1,0,0,0,1
小孩的巧虎忘記帶走了。服務人員盡力協助找尋。以最快的時間回覆，給予100分的評價。服務人員態度都很好很貼心。房間跟早餐也都很不錯。,0,1,1,0,0,0,0,1,1,0,0,0,1
服務跟房間都很好，我跟家人都住得非常愉快！十分推薦Wo Hotel,0,1,1,0,0,0,0,1,1,0,0,0,1
早餐很讚!浴缸比想像中大，整體非常滿意!,0,1,1,0,0,0,0,1,1,0,0,0,1
早餐好吃，床好睡,0,1,1,0,0,0,0,1,1,0,0,0,1
我喜歡早餐很豐盛，我喜歡房間空間很大。,0,1,1,0,0,0,0,1,1,0,0,0,1
櫃檯人員對客人親切 停車也非常方便 早餐準備的也不錯 房間隔音很好 浴缸也很好泡澡 讓人去了還會想再去,0,1,1,0,0,0,0,1,1,0,0,0,1
早餐很棒，床很好睡,0,1,1,0,0,0,0,1,1,0,0,0,1
早餐蠻豐富，床蠻好入睡。,0,1,1,0,0,0,0,1,1,0,0,0,1
早餐還不錯，床也好睡,0,1,1,0,0,0,0,1,1,0,0,0,1
b1的健身房，（沒人跟我搶。）房間內的浴缸，（泡澡好舒服。）2樓餐廳的櫃檯阿姨，（人好親切。）,0,1,1,0,0,0,0,1,1,0,0,0,1
住宿空間寬敞，個人覺得很棒，服務態度很好,0,1,1,0,0,0,0,1,1,0,0,0,1
早餐好吃。多樣。床很好睡,0,1,1,0,0,0,0,1,1,0,0,0,1
服務人員態度佳、房間空間好,0,1,1,0,0,0,0,1,1,0,0,0,1
床舒服不會太軟，早餐很好吃 ,0,1,1,0,0,0,0,1,1,0,0,0,1
服務親切，床鋪好睡,0,1,1,0,0,0,0,1,1,0,0,0,1
房間裝潢及早餐不錯,0,1,1,0,0,0,0,1,1,0,0,0,1
早餐好吃，房間浴缸不錯，空間大。,0,1,1,0,0,0,0,1,1,0,0,0,1
隔音好，方便有停車場，早餐多樣化，服務人員親切,0,1,1,0,0,0,0,1,1,0,0,0,1
親子房真的不錯，可以讓小孩打發時間，早餐不賴,0,1,1,0,0,0,0,1,1,0,0,0,1
員工有禮貌，其餘設備都不錯。,0,1,1,0,0,0,0,1,1,0,0,0,1
入住時的需求員工都有協助達成，整體環境設備都很好。西式早餐不錯，中式還好,0,1,1,0,0,0,0,1,1,0,0,0,1
有停車場，早餐，時尚的風格與俐落品牌設計，房間空間感也算獨特，基本有的都有，很不錯！,0,1,1,0,0,0,0,1,1,0,0,0,1
房間不大，但有落地窗，視覺效果舒服。澡間水量夠強，熱水夠熱早餐豐富選擇性多,0,1,1,0,0,0,0,1,1,0,0,0,1
早餐很棒，選擇挺多的，服務人員態度很好，設施也很不錯，三溫暖提供毛巾和浴帽這點非常棒，不需要再從自己房間準備，住宿體驗非常好,0,1,1,0,0,0,0,1,1,0,0,0,1
嬰兒備品齊全，很貼心停車方便，早餐選擇性高,0,1,1,0,0,0,0,1,1,0,0,0,1
早餐還行˙床很舒服,0,1,1,0,0,0,0,1,2,0,0,0,1
枕頭兩顆一顆軟的一顆硬的 ，很好。 早餐還可以， 中等，浴室浴缸很好泡。,0,1,1,0,0,0,0,1,1,0,0,0,1
早餐不錯，房間空間蠻大,0,1,1,0,0,0,0,1,1,0,0,0,1
空間大，服務人員有問必答。,0,1,1,0,0,0,0,1,1,0,0,0,1
入住的時候被升級海景房，海景很漂亮，不過因為是整個浴室的部分在窗戶邊，後來窗簾都是拉起來的。早餐很好吃，食物多樣化，中式西式都有，疫情期間取餐要戴口罩戴手套。飯店地下有提供車位，有員工指揮很貼心。,0,1,1,0,0,0,0,1,1,0,0,0,1
有停車場 櫃檯的小姐都很親切～,0,1,1,0,0,0,0,1,1,0,0,0,1
有停車場，原工親切,0,1,1,0,0,0,0,1,1,0,0,0,1
服務態度好、早餐好吃、房間大,0,1,1,0,0,0,0,1,1,0,0,0,1
早餐選項豐富，有停車場,0,1,1,0,0,0,0,1,1,0,0,0,1
房間有浴缸，早餐也好吃。,0,1,1,0,0,0,0,1,1,0,0,0,1
早餐滿多樣的，因起得比較晚，服務人員很熱心協助延長取餐時間． 晚上浴室電燈異常，通知櫃檯後馬上換了一間房間，態度也很好． 有公用停車場，位置算多，不過訂房率算高建議早點停放，如果真的滿了，也可停路邊收費停車格， 再把收費單給櫃檯即可．,0,1,1,0,0,0,0,1,1,0,0,0,1
床墊軟硬適中，自助早餐種類不算少，也還不錯吃！,0,1,1,0,0,0,0,1,1,0,0,0,1
房間空間大，還有小朋友的遊戲區，早餐選擇多且豐盛，可以吃得很飽。晚上還有一個酒吧，可惜沒能去喝一杯。,0,1,1,0,0,0,0,1,1,0,0,0,1
早餐不錯，房間空間大，有停車場,0,1,1,0,0,0,0,1,1,0,0,0,1
有浴缸可以泡澡，早餐選擇不錯！,0,1,1,0,0,0,0,1,1,0,0,0,1
床頗大 …早餐頗佳 …協助停車的員工親切有禮,0,1,1,0,0,0,0,1,1,0,0,0,1
工作人員都非常親切熱情，家庭房有附玩具還有故事書-好餓的毛毛蟲有提供 寶寶澡盆消毒鍋及嬰兒床。,0,1,1,0,0,0,0,1,1,0,0,0,1
大廳有提供小點心有兩處停車場,0,1,1,0,0,0,0,1,1,0,0,0,1
大廳有免費小餅乾跟咖啡，三人房的空間算大。,0,1,1,0,0,0,0,1,1,0,0,0,1
特定房型附有停車位，且部分停車位有遮雨棚，且有第二停車場(離飯店路程3分鐘)；大廳有免費的即溶式飲品及熱咖啡。,0,1,1,0,0,0,0,1,1,0,0,0,1
早餐採用自助式，用餐區有兩處，住宿房卡有偽出國機票加護照，大廳設計也是機場跑道，房間門號投射地面新鮮感十足！房間內部也色調也一致，簡約環保，電視有藍光影集選項，想再飯店耍廢也很棒！人員服務佳,0,1,1,0,0,0,0,1,1,0,0,0,1
接待人員超客氣，服務態度超級好，有好多免費的電影可以看有好多國外的電視台，一秒像住在國外飯店,0,1,1,0,0,0,0,1,1,0,0,0,1
早餐很豐盛好吃 相信疫情解除後可以自助的話會更好  隔音也還不錯  ,0,1,1,0,0,0,0,1,1,0,0,0,1
地下平面停車埸方便、電影看到飽、房務服務好、早餐好吃。,0,1,1,0,0,0,0,1,1,0,0,0,1
宵夜很豐富，停車方便（有自己停車場）。,0,1,1,0,0,0,0,1,1,0,0,0,1
接待人員態度親切；迎賓水果好幾種，顏色搭配讚；有專屬停車位，停車便利。,0,1,1,0,0,0,0,1,1,0,0,0,1
服務人員親切，附有停車（包括訪客）方便！,0,1,1,0,0,0,0,1,1,0,0,0,1
服務親切，設備齊全，早餐，宵夜非常豐盛，令人驚艷！提供停車場，腳踏車，很貼心！,0,1,1,0,0,0,0,1,1,0,0,0,1
房間很大 音響很不錯採光良好隔音良好早餐不錯吃,0,1,1,0,0,0,0,1,1,0,0,0,1
服務，設備，房間都超棒,0,1,1,0,0,0,0,1,1,0,0,0,1
員工親切，早餐令人驚艷，，雖然菜色種類不如大飯店多，但幾乎樣樣精緻可口，值得為此再訪。按摩浴缸很讚。,0,1,1,0,0,0,0,1,1,0,0,0,1
員工非常親切房間非常滿意床非常好睡，有去桃園，一定首選   ,0,1,1,0,0,0,0,1,1,0,0,0,1
服務好，設備佳，早餐也很棒,0,1,1,0,0,0,0,1,1,0,0,0,1
早餐很不錯，寵物可以進房，而且沒有另外的收費，四人房寬敞而且浴室獨立隔間，和一般汽車旅館不同。,0,1,1,0,0,0,0,1,1,0,0,0,1
床很好睡、早餐好吃、員工態度都很棒,0,1,1,0,0,0,0,1,1,0,0,0,1
早餐豐富多樣，房間設計很時尚，jbl藍芽音響 ，燈光鏡子很漂亮拍照起來很美,0,1,1,0,0,0,0,1,1,0,0,0,1
房間居然有飲料 泡麵 重點是超好吃 很會挑 對於晚入住 又不知吃什麼的外地人 真是太棒了 還有自助洗衣 完全免費 隔天早餐也很棒 下次還會想去住 且意外發現原來他是人際關係事務所偶像劇拍攝景點 ,0,1,1,0,0,0,0,1,1,0,0,0,1
床超好睡的，電視超大，早餐好吃，又可以免費洗衣，大贏市面上的五星級旅館,0,1,1,0,0,0,0,1,1,0,0,0,1
冷氣夠冷、熱水及水壓很穩，入住前會主動確認入住時間！,0,1,1,0,0,0,0,1,1,0,0,0,1
服務人員親切早餐家常菜還不錯吃房間略小但齊全,0,1,1,0,0,0,0,1,1,0,0,0,1
早餐還不錯。房間裝潢棒,0,1,1,0,0,0,0,1,1,0,0,0,1
櫃檯人員服務周到、隔音不錯、設備新穎俱全,0,1,1,0,0,0,0,1,1,0,0,0,1
超親切地員工，訓練很好、服務很讚。大廳很漂亮。大推,0,1,1,0,0,0,0,1,1,0,0,0,1
員工態度與服務良好，電視很大，使用起來很舒服。,0,1,1,0,0,0,0,1,1,0,0,0,1
員工服務好也很貼心，告知需要嬰兒澡盆也貼心的準備，早餐也不錯，也有自己的停車場方便停車,0,1,1,0,0,0,0,1,1,0,0,0,1
整體外觀很新 接待人員服務很好,0,1,1,0,0,0,0,1,1,0,0,0,1
房間裝潢及規劃很棒,0,1,1,0,0,0,0,1,1,0,0,0,0
服務態度跟走廊氣氛不錯,0,1,1,0,0,0,0,1,1,0,0,0,1
早餐超棒！浴室很好洗水注很強～設備都很新,0,1,1,0,0,0,0,1,1,0,0,0,1
整體裝潢還不錯，早餐還不錯。,0,1,1,0,0,0,0,1,1,0,0,0,1
隔音從大廳到房間配置都很棒，服務人員更是親切,0,1,1,0,0,0,0,1,1,0,0,0,1
提供早餐，房子很漂亮,0,1,1,0,0,0,0,1,1,0,0,0,1
員工服務非常親切、空間設計感非常好,0,1,1,0,0,0,0,1,1,0,0,0,1
膠囊房間夠大，我本身有在帶戲偶出去走跳的，就算將偶袋放進去空間還是很大活動空間也足夠，早餐部分也多樣選擇可滿足，以純休息一晚的人是很 容易放鬆的   ,0,1,1,0,0,0,0,1,1,0,0,0,1
櫃檯很親切 大廳挑高美麗可拍照分享朋友，休息區也寬敞,0,1,1,0,0,0,0,1,1,0,0,0,1
雖然有附早餐但東西真的不多，過年住宿客人多大家一拿就沒了一直沒什麼東西可以夾（不過服務員人很好跟她說了馬上就補上）大廳漂亮 指示清楚。,0,1,1,0,0,0,0,1,1,0,0,0,1
早餐很滿意，阿姨還會問下是否要幫忙泡研磨咖啡，浴室的蒸氣室優,0,1,1,0,0,0,0,1,1,0,0,0,1
早餐很好吃，房間不大太擁擠,0,1,1,0,0,0,0,1,1,0,0,0,1
房間不大太擁擠，早餐很好吃,0,1,1,0,0,0,0,1,1,0,0,0,1
飯店早餐沒有冷飲可以喝有點可惜大致上還不錯吃！枕頭很好躺,0,1,1,0,0,0,0,1,1,0,0,0,1
房間的空間感還蠻寬敞的，光線尚可不昏暗，早餐還不錯。,0,1,1,0,0,0,0,1,1,0,0,0,1
中式早餐還不錯分離式冷氣棒,0,1,1,0,0,0,0,1,1,0,0,0,1
早餐豐富，房間空間大超good!,0,1,1,0,0,0,0,1,1,0,0,0,1
蒸氣室很棒，電視影像和音效很棒，床好睡。早晚餐很棒！,0,1,1,0,0,0,0,1,1,0,0,0,1
房間空間很大很棒，服務人員很親切。,0,1,1,0,0,0,0,1,1,0,0,0,1
獨棟，獨立空間及多樣性的硬體設施。tokuyo按摩椅、按摩浴缸、蒸氣及spa都非常好用。早餐很豐盛，選擇很多。,0,1,1,0,0,0,0,1,1,0,0,0,1
房間空間很大，員工超有禮貌服務很棒,0,1,1,0,0,0,0,1,1,0,0,0,1
房間大、格調高雅，旅館入口處人員服務很棒！,0,1,1,0,0,0,0,1,1,0,0,0,1
服務跟設備都非常好。,0,1,1,0,0,0,0,1,1,0,0,0,1
房間空間很大附晚餐。,0,1,1,0,0,0,0,1,1,0,0,0,1
早餐多樣選擇多性令人期待，食物品質好，餐廳環境還不錯。,0,1,1,0,0,1,0,1,1,0,0,0,1
價錢實在太實惠了！一樓咖啡廳下午茶飲料和晚餐餐點真的很便宜也很好吃，早上早餐的選擇也很豐富。房間床很好睡枕頭高度也剛剛好。大廳設計很棒，停車場位置也很多，非常超值的飯店。,0,1,1,0,1,0,0,1,1,0,0,0,1
停車位多，房間大，早餐好吃選擇多，CP值超高,0,1,1,0,1,0,0,1,1,0,0,0,1
Cp值超高，雙人床超大，也有宵夜跟早餐自助服務,0,1,1,0,1,0,0,1,1,0,0,0,1
少數價格已經有附早餐的店，早餐內容就算是餐盒，內容依然很大方停車部分，很棒，內部停車位很多，就算滿了停外面指定位置，停車費由飯店吸收，真佛心標準房，空間夠大，房內設計的巧思，好放東西，房房採光都很棒，冷氣降溫快又超冷，熱水一下子就來了，還很熱只要我開車來或騎車來高雄市，必定再次入住，,0,1,1,0,1,0,0,1,1,0,0,0,1
整體看起來不錯，一樓大廳也有小吧台，有點心和飲料可以自行取用。,0,1,1,0,0,1,0,1,1,0,0,1,1
喜歡整體住宿環境，大廳很明亮~防疫期間更嚴格要求口罩~很棒,0,1,1,0,0,1,0,1,1,0,0,1,1
豪華雙人房浴室很寬敞，浴缸很大。加大雙人床帶著寶寶睡很剛好。有提供停車位很棒。員工服務態度很親切。整體來說還算不錯，會願意再入住。,0,1,1,0,0,1,0,1,1,0,0,1,1
馬桶有免治  有浴缸  水壓強夠熱  床跟枕頭軟硬適中  適逢聖誕節  整體氣氛溫馨  早餐也很好  服務人員親切  ,0,1,1,0,0,1,0,1,1,0,0,1,1
大廳有免費小餅乾跟咖啡，三人房的空間算大。斜對面的早餐店不錯,0,1,1,0,0,1,0,1,1,0,0,1,1
超棒的裝潢，超新的設計，超棒的服務體驗。物超所值，非常喜歡。,0,1,1,0,1,0,0,1,1,0,1,0,1
裝潢跟房內環境很優 價格也可以 櫃檯服務很棒,0,1,1,0,1,0,0,1,1,0,1,0,1
家庭房房間寬敞 ，布置得很漂亮，還有牙刷很貼心 兩種不同顏色。早餐不錯 性價比很高,0,1,1,0,1,0,0,1,1,0,1,0,1
用餐區及餐品佳，戶外裝置藝術佳，CP值算是高的了！,0,1,1,0,1,0,0,1,1,0,1,0,1
早餐非常好吃也物美價廉！房間也都非常好！,0,1,1,0,1,0,0,1,1,0,1,0,1
所有的軟、硬體皆很滿意，早餐美味！物超所值！,0,1,1,0,1,0,0,1,1,0,1,0,1
價錢來說CP值算高，有免費宵夜跟早餐，早餐不錯，有嬰兒床、消毒鍋跟澡盆,0,1,1,0,1,0,0,1,1,0,1,0,1
房間設備很棒，早餐也很好，CP值超高！,0,1,1,0,1,0,0,1,1,0,1,0,1
櫃檯人員很客氣、冷氣很涼很好、性價比很高。,0,1,1,0,1,0,0,1,1,0,1,0,1
該有的設備及服務都有，CP值算很高!,0,1,1,0,1,0,0,1,1,0,1,0,1
可以寄放、價格便宜、附贈零食、有浴缸、窗戶非常好下次會再來,0,1,1,0,1,0,0,1,1,0,1,0,1
房間很大，很明亮雙人床也很大，兩個人睡很足夠有停車位及早餐，整體cp值高,0,1,1,0,1,0,0,1,1,0,1,0,1
房間性價比非常高，隔音也不若其他留言這麼糟糕（住704）用餐空間不錯，宵夜極端簡單好吃（海鮮粥），還有酒吧空間,0,1,1,0,1,0,0,1,1,0,1,0,1
飯店算新，價格很優惠，並且房型是有浴缸的，一晚不超過1千元！很可惜被安排在邊間，個人比較不太喜歡，但櫃檯人員很親切、貼心，不只能先寄放行李（也有對應的行李號碼牌跟扣環，不用怕拿錯或遺失）也會幫忙叫車～,0,1,1,0,1,0,0,1,1,0,1,0,1
有停車位置，不錯的價錢就有早餐，晚上還有宵夜,0,1,1,0,1,0,0,1,1,0,1,0,1
入住的整體都超滿意 房間整體風格—簡單舒服很愜意 房內備品—沐浴乳跟洗髮精很讚，忘了帶潤髮的我，洗完頭髮後頭髮還是很順 牙刷毛很細軟棒棒的 房內設備—吹風機是移動式的～ 插座超多～不用怕大家都要充電會不夠用～早餐—早餐真的跟大家推薦的一樣好吃 種類中西式都有，不到超級豐富，但味道都不錯～個人覺得cp值很高推推 服務人員都很親切～下次會想再去回訪 ,0,1,1,0,1,0,0,1,1,0,1,0,1
服務很親切 cp值高 備有妥善停車位,0,1,1,0,1,0,0,1,1,0,1,0,1
簡直完美這價格無可挑剔什麼到門口還有接待員幫忙提行李每間房間格局不同只能說簡單，美  下次有到台中一定還會選擇入住（探索私旅） ,0,1,1,0,1,0,0,1,1,0,1,0,1
簡直完美這價格無可挑剔什麼，到門口還有接待員幫忙提行李，每間房間格局不同只能說簡單，美  下次有到台中一定還會選擇入住（探索私旅） ,0,1,1,0,1,0,0,1,1,0,1,0,1
性價比超高，房間的設計非常令人放鬆，早晨從落地窗透進來的光讓起床更幸福了。早餐選擇不多但不馬虎，覺得有超過此價位的價值。,0,1,1,0,1,0,0,1,1,0,1,0,1
酒店幫我們升級至最高樓層只有一間的樓中樓房一進去就驚喜萬分 空間很大  加一個人泡浴 而且浴缸也感覺超高級的 可以邊泡 邊看星空浴室跟廁所是分開的 人多的話也比較方便然後還有一個超大的陽臺 大到可以辦一個大型bbq了吧總之 這次真的物超所值 謝謝酒店的招待,0,1,1,0,1,0,0,1,1,0,1,0,1
被升等到頂樓套房，空間很大，有浴缸、超大露台，孩子們很開心。服務人員態度也都非常好，早餐也很不錯，補充食物的速度很快，以這樣的價格入住很值得！,0,1,1,0,1,0,0,1,1,0,1,0,1
真的 便宜 大間 又很時尚的房型 整體來說沒得挑剔 服務小姐都很親切 早餐也很棒 ,0,1,1,0,1,0,0,1,1,0,1,0,1
這次訂樓中樓四人房，幸運的是還幫我們升等到頂樓的四人房，還有一個大陽台，晚上看出去的夜景很棒！每位員工都很親切！cp值很高，下次會再選擇這家！,0,1,1,0,1,0,0,1,1,0,1,0,1
因很晚才到達旅店，不限時間的check in及免費車位，超棒！另有附早餐，雖然選擇並不多，但其中現煎蛋餅、蘿蔔糕、荷包蛋挺好吃的，且因應防疫措施，有一部分取餐是由工作人員協助夾取，用餐時也有隔板，覺得這部分很值得讚許。整體來說，依這個價位的住宿，很超值 ,0,1,1,0,1,0,0,1,1,0,1,0,1
這樣的價格，能有浴缸泡澡，還有早餐和宵夜，真的真的非常棒，已經入住多次   ,0,1,1,0,1,0,0,1,1,0,1,0,1
早餐和宵夜很超值，床也很好睡,0,1,1,0,1,0,0,1,1,0,1,0,1
早餐的部分算比較普通，可以吃粗飽，四人房的房價才兩千多，真的不貴，房間大小適中，還有個很大的玄關，可以放行李，還有椅子可以穿鞋,0,1,1,0,1,0,0,1,1,0,1,0,1
早餐非常好吃，房間有浴缸、按摩椅以及智能馬桶因生理週期可惜沒有使用到浴缸，但這是會一來再來的汽旅～比我住過的汽旅來說～cp值很高～ps：我住的房型是高跟鞋浴缸～～～,0,1,1,0,1,0,0,1,1,0,1,0,1
cp值高浴室大 早餐也很好,0,1,1,0,1,0,0,1,1,0,1,0,1
浴缸小小的很可愛，服務櫃檯態度還不錯，價格不貴，空間很大。,0,1,1,0,1,0,0,1,1,0,1,0,1
以拍攝電影為裝潢很特別！服務人員親切，借用衣架很方便，住宿含早餐覺得很划算！四處有飲水機可飲用，很方便。,0,1,1,0,1,0,0,1,1,0,1,0,1
裝潢蠻漂亮的，櫃檯人員很親切，整體來說Cp值算高的,0,1,1,0,1,0,0,1,1,0,1,0,1
裝潢跟設施還算蠻新的，自助早餐很不錯，價格實惠。,0,1,1,0,1,0,0,1,1,0,1,0,1
房間的空間很寬敞，房價便宜，早餐美味，物超所值。,0,1,1,0,1,0,0,1,1,0,1,0,1
床很好睡早餐算豐盛，cp值很高,0,1,1,0,1,0,0,1,1,0,1,0,1
戶外泡湯池旁的木板有破裂，但不影響整個住宿品質，原則上是非常滿意的這間房除了一個房間外、還有一個和室、一個餐廳有門冰箱和熱水、客廳有兩張沙發和一個tokuyo的背部按摩椅、一個半套廁所、一個全套衛浴有淋浴間、按摩浴缸、sap室，戶外還有一個超大泡湯池可躺個人，車庫到房間有電梯，這個價格cp值高還含早餐，小孩玩躲貓貓都很多地方可以躲，非常非常的滿意，整個房間大到驚艷。店家提供的照片完全無偏差，就是實際的樣子,0,1,1,0,1,0,0,1,1,0,1,0,1
物超所值，房間超大還有早晚餐，下次一定會再去。,0,1,1,0,1,0,0,1,1,0,1,0,1
cp值非常高的一間旅館，有蒸氣浴、按摩浴缸、大陽台和躺椅、按摩椅、客廳，房間乾淨舒服，床跟枕頭都不錯，附的午餐跟晚餐雖然不是特別豪華的菜色，口味也不錯,0,1,1,0,1,0,0,1,1,0,1,0,1
櫃檯人員很滿意，洗髮精帶潤滑很好用。可能因為假日關係房價高了點，只是覺得還是有許多不足的地方。,0,1,1,0,1,0,0,1,1,0,3,0,3
早餐棒，地點好，裝潢美，服務佳，會再來,0,1,1,1,0,0,0,1,1,1,0,0,1
被升等為海景雙人床房，浴缸出去的海景真的美瘋了，床很大，房間空間很足夠，兩天下來真的睡很好！走路外出離有名的家咖喱真的很近！,0,1,1,1,0,0,0,1,1,1,0,0,1
此分館的設備較新，地點好。這次睡商務雙床房被升級成四人房，一人睡一張雙人床，空間很寬敞。,0,1,1,1,0,0,0,1,1,1,0,0,1
車站接駁服務很方便，雖然忘記前一晚要預約，但飯店很貼心還是即時協助安排。早餐非常好吃，彩色多樣化。 服務人員每個都很貼心親切，而且不是讓人感到制式化的笑容 有陽台(住的是面街道但是可以看到山)，有桌椅坐，很悠閒5. 三溫暖在高樓層，可以看到花蓮港海景,0,1,1,1,0,0,0,1,1,1,0,0,1
環境很好，房間很大，早餐豐富。,0,1,1,1,0,0,0,1,1,1,0,0,1
環境很好，有停車場，還有宵夜很神奇,0,1,1,1,0,0,0,1,1,1,0,0,1
地點環境設備都很棒。餐點一樣棒,0,1,1,1,0,0,0,1,1,1,0,0,1
窗外的景色很漂亮，室內環境裝潢設備好、服務人員表現優秀,0,1,1,1,0,0,0,1,1,1,0,0,1
再度光臨，依然超讚！不論環境、燈光、服務...等等，都超乎預期。,0,1,1,1,0,0,0,1,1,1,0,0,1
附近停車方便2. 家有長者，剛好房間已整理好，給予提早入住，非常感恩3. B1有咖啡機和餅乾，覺得很讚4. 櫃台人員很親切,0,1,1,1,0,0,0,1,1,1,0,0,1
有大停車場解決有開車的困擾！離愛河很近很讚，飯店早餐也很棒。,0,1,1,1,0,0,0,1,1,1,0,0,1
床好睡，熱水來的很快，電視很大訊號好，早餐不錯 選擇很多，停車方便，晚上可以去愛河散步！,0,1,1,1,0,0,0,1,1,1,0,0,1
地點好，近愛河，床好眠，早餐不錯，設計新穎。,0,1,1,1,0,0,0,1,1,1,0,0,1
地理位置離市區開車約5分鐘十分方便，停車場雖然平面和機械都有但是都算好停，飯店人員每位都很親切友善，房間很大而且床軟硬適中超好睡的，8樓的三溫暖人少的時候去比較好,0,1,1,1,0,0,0,1,1,1,0,0,1
櫃檯員工態度非常好 ，有問題提出，他們都會馬上解決也很親切，洗澡水水量大，飯店在市區，也有停車場很方便,0,1,1,1,0,0,0,1,1,1,0,0,1
隔音不錯，地理位置很讚！員工很有禮貌,0,1,1,1,0,0,0,1,1,1,0,0,1
離市區近，又有停車位！退房時水壺忘我拿飯店人員還馬上電話告知！下回再訪會再去,0,1,1,1,0,0,0,1,1,1,0,0,1
地理位置方便，大廳及外觀很美，服務人員親切！,0,1,1,1,0,0,0,1,1,1,0,0,1
地點方便，櫃檯人很好，房間夠大行李箱可以攤開，冷氣很涼在花蓮很優秀，一樓有飲水機。,0,1,1,1,0,0,0,1,1,1,0,0,1
新的飯店，大廳有咖啡點心很貼心，停車場也滿大的好停。附近交通很方便。,0,1,1,1,0,0,0,1,1,1,0,0,1
服務人員很親切，地點位置也不錯，房間很大，床也很大很好躺，大致上都很不錯,0,1,1,1,0,0,0,1,1,1,0,0,1
床真的很大好睡，服務也很棒，停車方便。,0,1,1,1,0,0,0,1,1,1,0,0,1
1.停車場備的很齊，如若沒有停車場也會替客人想辦法 2.所在位置很好，到其他觀光景點都方便。,0,1,1,1,0,0,0,1,1,1,0,0,1
位置很好，有私人停車場、離愛河走路5分鐘內可以到，要到六合夜市散步走路大概15分鐘左右。早餐選擇還算不錯。,0,1,1,1,0,0,0,1,1,1,0,0,1
地理位置不錯，又有很大的停車位蠻好停的，即使沒有飯店的停車位還有可停高雄市外面的停車格然後飯店會幫忙繳費,0,1,1,1,0,0,0,1,1,1,0,0,1
11F打掃姨很親切人好，飯店位置和床很棒,0,1,1,1,0,0,0,1,1,1,0,0,1
整體設備具現代感，離愛河邊近，有散步的地方，很放鬆，此外，飯店貼心的提供附近小吃美食地圖。早餐多樣化且豐富好吃。由於停車位有限，當天住客率高，服務人員會盡責的不斷巡視停車空位狀況，並出來貼心的指導那裡可停車。,0,1,1,1,0,0,0,1,1,1,0,0,1
飯店位置算是很不錯，停車場位子雖然不多，但是還有預備停車場，房價很親民，住房期間馬桶不通，房務人員很親切的協助處理,0,1,1,1,0,0,0,1,1,1,0,0,1
交通很方便 有專用停車場 房價包含早餐服務人員態度親切 大廳有藝術感,0,1,1,1,0,0,0,1,1,1,0,0,1
地點很棒，房間大小適中早餐很豐富，服務親切,0,1,1,1,0,0,0,1,1,1,0,0,1
離市區很近還有停車位，還有提供寶寶洗澡盆，服務人員親切,0,1,1,1,0,0,0,1,1,1,0,0,1
空間蠻大的，有提前通知如果車位滿了可以停路邊停車格，飯店會補貼，附近就可以看到愛河！,0,1,1,1,0,0,0,1,1,1,0,0,1
早餐豐富飯店位於愛河邊3分鐘.有自家的停車場,0,1,1,1,0,0,0,1,1,1,0,0,1
早餐很好吃、有專屬停車位、距愛河沿岸近,0,1,1,1,0,0,0,1,1,1,0,0,1
地理位置佳，可徒步行走到鬧區(如夜市及市區)；特定房型附有停車位，且部分停車位有遮雨棚，且有第二停車場(離飯店路程3分鐘)；大廳有免費的即溶式飲品及熱咖啡。,0,1,1,1,0,0,0,1,1,1,0,0,1
散步走路可到東大門夜市及太平洋燈會，服務人員能即時處理問題有浴缸可以泡澡，可惜累了沒時間用。,0,1,1,1,0,0,0,1,1,1,0,0,1
有早餐、有停車、有捷運,0,1,1,1,0,0,0,1,1,1,0,0,1
地點很好很方便地下室停車車位多check in速度很快,0,1,1,1,0,0,0,1,1,1,0,0,1
櫃檯幫我們升級樓中樓房很驚喜！房間小巧精緻，窗外視野很好電視也可以看很多電影超棒的！辦理入住每位員工也都很親切有禮貌，尤其是戴眼鏡的一位年輕男員工很親切介紹我們附近拍照景點 雖然逢甲走路有點小距離但還可以接受,0,1,1,1,0,0,0,1,1,1,0,0,1
這次入住小驚喜免費升等、洒店離夜市近、房間雖然小了一點不過可以接受,0,1,1,1,0,0,0,1,1,1,0,0,1
地點很好，，房間還升級有浴缸，很棒下會有機會還會入住，很適合家庭入住。,0,1,1,1,0,0,0,1,1,1,0,0,1
服務人員很親切，飯店位置也很方便，走路就可以到逢甲夜市，也有提供停車位,0,1,1,1,0,0,0,1,1,1,0,0,1
接待人員都非常熱情客氣，服務非常好。飯店位置很棒，走路一下就到逢甲夜市，且飯店停車位很多。浴室淋浴間很大。,0,1,1,1,0,0,0,1,1,1,0,0,1
員工態度良好有停車場距離夜市近,0,1,1,1,0,0,0,1,1,1,0,0,1
地點很好，只需走一點路到達逢甲夜市，有點小小的距離。服務人員很客氣，始終保持禮貌。有藍光電影，很不錯。,0,1,1,1,0,0,0,1,1,1,0,0,1
地點離逢甲夜市很近走路一下就到了，員工服務態度很好，還有製作台中知名景點的dm非常用心跟貼心，開車還有停車場可以停非常方便，裝潢也很漂亮值得推薦來住宿 ,0,1,1,1,0,0,0,1,1,1,0,0,1
原本是定雙人房，很幸運的房間被升等變成四人房，住宿前有打電話詢問是否有消毒鍋及澡盆，他們都有提供，我覺得這對家庭住宿的旅客來說是很棒的，因為帶嬰兒出門原本行李就很多了，有提供這些省去了很多麻煩行李可以更簡便許多，至於嬰兒床或加床則是沒有及無法，不過我覺得還好我們有自備可收納的小床，而且後來房間幸運的被升等所以我們自備的小床也就不用用到了 地點離逢甲也很近很方便，而且有提供停車位！！很多逢甲周圍的住宿是沒有提供的～還有住宿很注重的隔音我覺得也算不錯，整體來說是個很棒的住宿旅店,0,1,1,1,0,0,0,1,1,1,0,0,1
服務人員每個都很貼心又有禮貌，離逢甲夜市很近，又有停車場,0,1,1,1,0,0,0,1,1,1,0,0,1
硬體設備及空間設計很理想、新穎，check in的飛機主題設計很特別。早餐普通，有地下免費停車場，加分。飯店地點很好，離逢甲夜市很近，走路就可以了。,0,1,1,1,0,0,0,1,1,1,0,0,1
房間電視很多樣，有youtube tv，藍光電影，愛奇藝等。櫃檯接待人員態度很好，離逢甲夜市也很近！,0,1,1,1,0,0,0,1,1,1,0,0,1
房間新 有設計感很明亮 很喜歡大大的落地窗員工親切電視有很多電影可選擇離逢甲夜市很近,0,1,1,1,0,0,0,1,1,1,0,0,1
位置、設備、服務都棒棒,0,1,1,1,0,0,0,1,1,1,0,0,1
服務人員很棒床很好睡免治馬桶超讚離逢甲夜市很近有停車設備,0,1,1,1,0,0,0,1,1,1,0,0,1
服務人員態度親切離逢甲夜市近步行可抵達有免治馬桶電視可以選擇電影或是愛奇藝等等其他線上頻道 晚上不無聊,0,1,1,1,0,0,0,1,1,1,0,0,1
服務態度好有汽車停車位很方便走路到夜市很近早餐選擇多,0,1,1,1,0,0,0,1,1,1,0,0,1
位置地點離逢甲商圈走路可到，飯店人員親切，早餐精美，房間小而巧,0,1,1,1,0,0,0,1,1,1,0,0,1
有藍光電影真的很讚～完全可以窩在房間不出門！有停車位加上離逢甲夜市也很近，非常方便！櫃檯人員都很親切的介紹與指引，這次是第二次入住，下次一樣會選擇這裡 ,0,1,1,1,0,0,0,1,1,1,0,0,1
員工服務熱沉，地點方便，床好睡，有電影可以看，早餐豐富。,0,1,1,1,0,0,0,1,1,1,0,0,1
地點位置很好、服務人員很熱情、有藍光電影、早餐也不錯。,0,1,1,1,0,0,0,1,1,1,0,0,1
距離逢甲夜市蠻近的，，一到門口也有兩位先生來幫忙告知停車位還有拎行李很貼心，電梯裡有洋甘菊香香的味道蠻抒壓的。,0,1,1,1,0,0,0,1,1,1,0,0,1
對於開車的人來說旅館的地理位置反而方便，去逢甲夜市雖然要走一段路但沿路就有許多小攤和餐廳可以覓食，旅館內的服務和硬體也好，很讚！,0,1,1,1,0,0,0,1,1,1,0,0,1
附近有全聯、便利商店、吃的店家也很多，先前擔心離逢甲夜市會很遠， 住宿有專屬停車場，早餐簡單但可以吃飽，抱歉我把單子搞丟了，謝謝人員的協助，值得讚賞 也謝謝你們讓我們一家人很開心的住宿體驗,0,1,1,1,0,0,0,1,1,1,0,0,1
整體感覺不錯。離逢甲近、地下停車場很棒、服務人員態度好。,0,1,1,1,0,0,0,1,1,1,0,0,1
飯店位置離逢甲夜市相當近，離國道也不遠，跑景點都相當方便。服務人員都非常親切，原本預訂的是樓中樓四人房，沒想到入住時又再被升等到有浴缸、吧台以及小客廳的vip四人房，家人們都留下十分深刻的印象，馬上把探索私旅列入往後的台中旅遊住宿首選！,0,1,1,1,0,0,0,1,1,1,0,0,1
飯店附近相當多美食地理位置很好可停車飯店步行前往早餐多元化服務人員態度很好電視節目多種選擇不用拘束於無線電視台中的家探索私旅,0,1,1,1,0,0,0,1,1,1,0,0,1
這次來臺中逢甲，，飯店都幫我們免費升等房型，，夜景非常漂亮，除了燈光暗了點，女生化妝上可能有困難外，整體設備都很完美，飯店的電視可以看愛奇藝vip的所有電影，還有藍光電影跟youtube可以使用，這個一般房型的房間好像也可以喔～完全追劇電影看不完！房間的衛浴設備是toto的，還有免治馬桶可以體驗！距離逢甲夜市，，非常方便。，直接搭電梯就能回房間！早餐自助式的部分中西式的都有，我認為非常好吃，樣式也不少，缺點是飲料只有咖啡跟豆漿和柳橙汁，、、，大門跟早餐門也都有量體溫跟噴酒精，服務人員態度很棒，會主動迎接客人，值得給讚 ,0,1,1,1,0,0,0,1,1,1,0,0,1
工作人員專業親切，停車方便，地點離逢甲夜市很近，廁所有免治馬桶,0,1,1,1,0,0,0,1,1,1,0,0,1
商務需求住宿台中多次 這間以後是我的首選 地理位置優秀 飯店公設及房間裝修風格簡約穩重有品味 房間內燈光要放鬆氣氛或明亮辦公都可以自由切換 床頭兩側都配有插座 這點是很多大型飯店也沒做到的細心   服務人員非常熱忱專業 接待細節做的非常好 真的有賓至如歸感 絕對會推薦親友,0,1,1,1,0,0,0,1,1,1,0,0,1
房間的採光明亮格局方正，動線也很好， 一樓備有瓶裝水與茶包可以自行取用，早餐很用心，飯店 地理位置離逢甲商圈很近， 已是二次入住非常滿意！,0,1,1,1,0,0,0,1,1,1,0,0,1
地點優越很方便又有停車場，這次住宿還免費升等為樓中樓，早餐樣式雖說簡單但也還算不錯。,0,1,1,1,0,0,0,1,1,1,0,0,1
停車位很多（且不是機械式的），地理位置好（離逢甲近，），員工都很親切，房間內的廁所是免治馬桶,0,1,1,1,0,0,0,1,1,1,0,0,1
位置很好，有停車位，早餐好吃,0,1,1,1,0,0,0,1,1,1,0,0,1
訂了標準四人房，沒想到被升等為樓中樓的sky suite，非常意外且開心，整層樓就我們一間房，而且有超大的露台可以喝小酒看夜景，真的非常棒。飯店本身有地下停車場，沿著飯店旁的路走就會到逢甲大學，離逢甲夜市超級近。最後要稱讚一下櫃臺服務人員，態度非常好，房間也介紹的很詳細，真的覺得很幸運訂到這間飯店。,0,1,1,1,0,0,0,1,1,1,0,0,1
服務態度好，有市內地下室停車場很方便，離夜市很近房間又升等，很滿意！,0,1,1,1,0,0,0,1,1,1,0,0,1
地點很棒，客房的視野遼闊，非常紓壓。工作人員們有同理心，充滿微笑。停車場明亮，車位夠大。,0,1,1,1,0,0,0,1,1,1,0,0,1
離逢甲夜市近，附停車場，飯店人員親切，房卡有設計感，房號投射在地上很特別。,0,1,1,1,0,0,0,1,1,1,0,0,1
有地下停車場，房間空間很大，電視節目有很多可以選擇，服務人員的服務態度非常好，離逢甲也很近！下次出差會再來入住！,0,1,1,1,0,0,0,1,1,1,0,0,1
位置方便，交通便利，服務親切，有自備停車空間，很方便，離逢甲夜市很近，,0,1,1,1,0,0,0,1,1,1,0,0,1
早餐好吃、地點方便、有停車位,0,1,1,1,0,0,0,1,1,1,0,0,1
位置好，離逢甲夜市近，設備很新，電視有很多電影可以看，早餐也不錯,0,1,1,1,0,0,0,1,1,1,0,0,1
停車方便，離逢甲近，卻又沒噪音。設備新、早餐好吃！,0,1,1,1,0,0,0,1,1,1,0,0,1
電影真的很多，又離夜市很近，非常適合買宵夜回來看電影度過夜晚。有免費的地下停車場，位子很寬敞。被升等成四人房還蠻開心的。,0,1,1,1,0,0,0,1,1,1,0,0,1
地點很好，飯店內設施也不錯早餐也越變越好,0,1,1,1,0,0,0,1,1,1,0,0,1
工作人員服務很好、親切，房間風格、很喜歡離夜市很近又有停車場,0,1,1,1,0,0,0,1,1,1,0,0,1
飯店有地下停車場離逢甲不遠，省下一大筆停車費，接待人員每個人都會微笑打招呼很親切，非常nice ！電話索取塑膠袋值夜班先生親自拿上來房間，大心！,0,1,1,1,0,0,0,1,1,1,0,0,1
員工態度親切，細心介紹。，一踏進房間就驚呼連連，光線明亮，很多綠色植物，小樹，非常愜意，，，超級美，房間外的廣場都是我們的私人空間！！！浴室寬廣，還有舒適的浴缸，而廁所是在另一側空間，是免治馬桶唷！房間有很多電影可選擇，有很多小朋友喜歡的卡通影片，帶小孩來很ok。探索私旅是個鬧中取靜的點，離逢甲商圈很進，走路就可以到。這次的住宿經驗真的非常棒，我們大人小孩都很喜歡。,0,1,1,1,0,0,0,1,1,1,0,0,1
這次意外的被升級客房～真的是旅程中的小驚喜，房間電視還可以連接手機，甚至直接開啟youtube愛奇藝，也有很多電影可以選擇，對現在的人真的很方便，每個床位也都有插頭！和朋友一起出去玩就不怕插頭不夠用～走出去幾分鐘就可以到夜市，也有兩三家超商，下次來台中還會選擇這裡！而且在辦理入住時，服務我們的人員emily和peggy態度真的非常有禮貌，也很主動的向我們介紹旅店設施及周邊美食路線，在進出旅店時也會和我們打招呼，真的很客氣～有用心在關心住客！,0,1,1,1,0,0,0,1,1,1,0,0,1
樓中樓房型空間很大、早餐好吃、交通方便。,0,1,1,1,0,0,0,1,1,1,0,0,1
飯店服務非常好，環境優良，步行即可到逢甲商圈，飯店影音設施很棒！多部影片可觀看～會值得繼續入住,0,1,1,1,0,0,0,1,1,1,0,0,1
此次飯店免費升等房間，，和夜景真的很棒，屋內擺設視覺上很舒服。離逢甲夜市很近，走路就可以到。,0,1,1,1,0,0,0,1,1,1,0,0,1
有自己的地下停車場，離逢甲夜市不遠。早餐麵包很好吃，電視除了有youtube,0,1,1,1,0,0,0,1,1,1,0,0,1
離逢甲夜市很近，。服務人員服務態度佳，特別是入住當天指引停車的男服務員。房間內電視有愛奇藝，此大大加分。早餐菜色不多，但口味還可以,0,1,1,1,0,0,0,1,1,1,0,0,1
入住當天獲得免費升等，房間超棒，離逢甲夜市不遠，服務人員超親切，整體的住宿體驗滿分  ,0,1,1,1,0,0,0,1,1,1,0,0,1
地點好，離逢甲夜市很近。服務好，員工親切有禮。房間內的電視頻道很多，有很多小孩可以收看的節目。,0,1,1,1,0,0,0,1,1,1,0,0,1
早餐很棒，停車場在地下室，很方便，離夜市近，電視有藍光電影，員工服務態度很好，突然下雨還還主動詢問提供愛心傘，房間採光好，空間足夠使用。,0,1,1,1,0,0,0,1,1,1,0,0,1
早餐不錯、地點不錯、環境跟設備都不錯！,0,1,1,1,0,0,0,1,1,1,0,0,1
員工態度非常好，很開心能有機會入住。地點離逢甲夜市非常近，且有免費停車位。房間使用的洗髮精及沐浴乳是上山採藥的，非常香而且好用～,0,1,1,1,0,0,0,1,1,1,0,0,1
有早餐跟宵夜，吃得好飽，旅店位置附近有許多光觀景點，美味店家，都是走路會到的。有附停車場,0,1,1,1,0,0,0,1,1,1,0,0,1
提供豐盛宵夜、早餐選擇。地點好，有停車位,0,1,1,1,0,0,0,1,1,1,0,0,1
位置不錯，有停車位，服務人員態度良好,0,1,1,1,0,0,0,1,1,1,0,0,1
有租機車的話位置方便，也有停車位有提供早餐跟宵夜插頭很多連續住宿的房間清理也很快,0,1,1,1,0,0,0,1,1,1,0,0,1
服務人員親切和善，早餐豐富，停車、交通都很方便，雙人床也不會很擁擠，是在台南住宿的好選擇,0,1,1,1,0,0,0,1,1,1,0,0,1
很棒的商旅，有消夜 很貼心 還有腳踏車可以租借  很方便  離市區很近,0,1,1,1,0,0,0,1,1,1,0,0,1
地點方便，旅館設備環境都很棒早餐很美味，下次來台南旅遊還會再選擇這裡,0,1,1,1,0,0,0,1,1,1,0,0,1
服務人員態度好，設備、地點好，值得推薦。,0,1,1,1,0,0,0,1,1,1,0,0,1
早餐選擇眾多，包括台南地方美食，非常美味。位置優越，距離交流道不遠，開車非常方便就能抵達。飯店一旁就有購物中心，不用跑很遠就能逛街，還有地方美食可以吃。房內光線充足，設計感強烈卻不失溫馨，浴室小而精巧，還有提供嬰兒澡盆。,0,1,1,1,0,0,0,1,1,1,0,0,1
老爺真的就是棒，服務與住宿品質都非常好，早餐也是一級棒，停車方便而且旁邊就是很大的百貨商場，房間的設計很好，住了都不想離開了,0,1,1,1,0,0,0,1,1,1,0,0,1
散步走路可到東大門夜市及太平洋燈會，服務人員能即時處理問題，有浴缸可以泡澡，可惜累了沒時間用。,0,1,1,1,0,0,0,1,1,1,0,0,1
離東大門無敵近，有電梯，在夏天拿取行李不費力。老闆的服務、處理問題態度很好很阿沙力，是一次開心的住宿經驗,0,1,1,1,0,0,0,1,1,1,0,0,1
早餐非常好房間也好，地點出入方便。,0,1,1,1,0,0,0,1,1,1,0,0,1
第二次入住了，不管是位置還是交通上都很方便。這次入住時因為刷卡上的問題，服務人員花了三四天的時間一直調查問題在哪，也會打電話細心地教我接下來該怎麼做，態度親切，很有耐心的幫我解決問題。，進了房間最喜歡的是浴室，乾濕分離，鏡前的燈光也很剛好不會說太亮或太暗，大鏡子旁的牆上還有一個雙面的鏡子，可以直接在浴室化妝。,0,1,1,1,0,0,0,1,1,1,0,0,1
接待人員態度很好 離火車站很近 樓下有許多攤販買吃的很方便 房間很新,0,1,1,1,0,0,0,1,1,1,0,0,1
位置距離台中火車站非常近，就在第一廣場樓上，附近就有全家！隔音蠻不錯，不太會聽到走廊的聲音，隔壁的聲音也都聽不到. 樓下有停車場，而且可以免費折抵一次，台中寸土寸金能免費停車真的很讚！櫃檯人員服務很好，即使忙到翻掉一邊要接電話一邊處理問題還是非常客氣！謝謝櫃檯那位阿姨！,0,1,1,1,0,0,0,1,1,1,0,0,1
廁所位於房間內裡的夾層空間，廁所和洗澡間各有四間，對於女生來說，蠻安全的。即使晚歸也不擔心洗澡的安全。也有吹頭髮的空間和大鏡子，進房門吧是用磁卡，安全掌控很棒。小小的背包客房，有拉門簾可有自己的私人空間，還有插座可以使用很棒。房門內外有密碼和鑰匙置物櫃可放物品，很貼心。可以先入住再到景點逛，出入非常方便。晚上櫃檯也有人。也離火車站很近，走路五分鐘到。一個人旅行大推。,0,1,1,1,0,0,0,1,1,1,0,0,1
飯店設備非常新，地點也在鬧區靠近台中車站很方便，櫃檯服務人員也相當和善,0,1,1,1,0,0,0,1,1,1,0,0,1
早餐很好吃，熱豆漿好喝，中式早餐，也有吐司跟水果房間有浴缸，有電視，鏡子很大服務人員很貼心，有一種很親近的感覺(這點我覺得很棒)有停車場，也可以停放機車沒有小孩的吵鬧聲，整體居住起來感覺很棒現在疫情期間，控管的也很實在附近就有夜市，距離火車站(台鐵)大概走路14分鐘，附近就有公車站,0,1,1,1,0,0,0,1,1,1,0,0,1
飯店對面就是夜市，附近還有便利商店、全聯、很多餐廳，員工服務態度很好。地點很好~床跟枕頭的軟硬度很喜歡。浴室大，水壓強，水溫穩定,0,1,1,1,0,0,0,1,1,1,0,0,1
生活機能非常好，走路五分鐘就有小夜市，樓下是小北百貨、早餐普通但可接受，還有一個小客廳可以使用。,0,1,1,1,0,0,0,1,1,1,0,0,1
櫃檯人員服務親切、房間空間大、地點位置交通在當地算是熱鬧區域、附近生活機能良好、有三點的irent同站租還可選擇。,0,1,1,1,0,0,0,1,1,1,0,0,1
早餐非常豐盛，各種青菜小炒配粥、一整鍋的蔬菜湯和關東煮湯、包子饅頭、飲品水果還有肉燥飯可以吃（滷肉、豬腳、丸子、肉燥，就四種任選），都可以當早午餐吃了。房間很大，還有茶几和椅子，浴室非常大（乾濕分離），中規中矩，停車場有兩處，不用煩惱，連飯店前大馬路（畫白線內）全都可以停附近很熱鬧，對面就一間紅蟳餐廳櫃檯人員非常親切及友善，家人都非常喜歡。,0,1,1,1,0,0,0,1,1,1,0,0,1
停車場有兩處，不用煩惱，連飯店前大馬路（畫白線內）全都可以停附近很熱鬧，對面就一間紅蟳餐廳，櫃檯人員非常親切及友善，家人都非常喜歡。,0,1,1,1,0,0,0,1,1,1,0,0,1
整體服務是ｏｋ的地理位置相當不錯，位於市區的鬧區，逛街吃喝附近都有！有提供免費的停車位，當然先到先停制，早餐整體也相當豐富能夠滿足大眾化的味蕾！,0,1,1,1,0,0,0,1,1,1,0,0,1
早餐餐廳寬敞，菜色豐富，周圍停車算方便。,0,1,1,1,0,0,0,1,1,1,0,0,1
旅館附近機能佳，房間空間超級大，浴室水溫熱水壓夠強，有按摩浴缸且提供泡澡精油讓人舒壓，房內有冷熱水開飲機，住的當晚沒被蚊子吵醒，晚餐美味，櫃檯接待人員親切有活力，主動提供床圍讓寶寶使用很貼心，也有提供澡盆，如果能搭配小椅子會更棒,1,1,1,1,0,0,1,1,1,1,0,0,1
早餐自助式，餐點雖然沒有很多，但味道都不錯；房間超大，車庫連接房間有獨立電梯，不用提行李；浴室也超寬敞，週遭環境有家樂福、星巴克、麥當勞相當方便。,0,1,1,1,0,0,0,1,1,1,0,0,1
四人房超大很不錯，離夜市 星巴克 麥當勞 家樂福都很近，早餐很簡單不過，不錯吃，以後有機會還會想要入住。,0,1,1,1,0,0,0,1,1,1,0,0,1
因為促銷活動，從兩間雙人房被升級成兩間四人房！旅店所在地點鄰近斗六火車站，有免治馬桶、浴缸、好用的吹風機！,0,1,1,1,0,1,0,1,1,1,0,0,1
環境、設備、房間、位置都不錯，飯店服務，都不錯，,0,1,1,1,0,1,0,1,1,1,0,0,1
停車方便，位置到夜市很近，床很好睡，當天房型升等意外驚喜，早餐選擇多 cp值高,0,1,1,1,1,0,0,1,1,1,1,0,1
櫃台人員專業度很高，價格非常便宜又有很大的床，離商圈很近很好逛，飯店外觀和內部裝潢充滿設計感，以及完善的設施,0,1,1,1,1,0,0,1,1,1,1,0,1
早餐豐盛，停車位方便，地理位置，性價比，都滿意,0,1,1,1,1,0,0,1,1,1,1,0,1
CP值很高的飯店，地理位置也不錯，去哪都不會太遠；而且一樓有酒吧，懶得出飯店的話也不會無聊；早餐菜色簡單，但以這個價位來說，有附早餐已經很不錯了~,0,1,1,1,1,0,0,1,1,1,1,0,1
飯店位置好找，有停車位子很好，跟客服要一張椅子也很快就送來，價格也很漂亮,0,1,1,1,1,0,0,1,1,1,1,0,1
飯店前面就有高雄單車站很方便，早餐選項很多，各項設施都很好，飯店整體及服務人員有五星級飯店水準，物超所值!!,0,1,1,1,1,0,0,1,1,1,1,0,1
飯店位置，服務態度，房價，房間大小，早餐，停車都很不錯，下次會在考慮住此飯店。讚！,0,1,1,1,1,0,0,1,1,1,1,0,1
早餐好吃，床很好睡，離捷運站近，且旁邊就有城市腳踏車可以租借，CP值高，物超所值！,0,1,1,1,1,0,0,1,1,1,1,0,1
性價比高 相對便宜 房間舊 大小尚可 早餐不錯 地點也還不錯,0,1,1,1,1,0,0,1,1,1,1,0,1
員工親切，停車方便，且幸運升級樓中樓套房，空間超大，cp值簡直爆表！,0,1,1,1,1,0,0,1,1,1,1,0,1
很有設計感，是間印象深刻的旅館！櫃檯人員親切，會主動協助引導停車，看到也會親切問候～房間擺設方式讓動線不亂，更讓空間變大許多，洗手台備於外面，很方便使用和盥洗。住宿鄰近交流道和逢甲商圈，交通位置很方便，整體cp值很高，很適合旅客居住，下次到台中住宿首選。,0,1,1,1,1,0,0,1,1,1,1,0,1
我必須說，太超值且房間有設計感，整體住起來加上地點、早餐都很超值！尤其現在疫情下，你們做得很棒，有機會會再入佳！,0,1,1,1,1,0,0,1,1,1,1,0,1
cp值很高 非常推薦位置非常好 ！ 員工親切且專業！！裝潢設備都非常棒,0,1,1,1,1,0,0,1,1,1,1,0,1
價格合理，離夜市近但很安靜，cp值很高，櫃檯人員待客態度很好，有地下平面停車場很好。,0,1,1,1,1,0,0,1,1,1,1,0,1
第一次遇到我會想給滿分的飯店住宿最怕就是吵 房間床頭床尾都做了隔音棉板還有免治馬桶，早餐也豐盛，重點房價漂亮！地點超好，走路五分鐘到逢甲夜市大推！！,0,1,1,1,1,0,0,1,1,1,1,0,1
交通超方便，房間很大又有宵夜跟早餐～物超所值,0,1,1,1,1,0,0,1,1,1,1,0,1
這樣的價錢，設備服務都很可以，飯店近交流道附近， 早餐也不錯,0,1,1,1,1,0,0,1,1,1,1,0,1
車可以直接停進去非常方便！隱密性很高，而且以連續假日來說這樣的房價很便宜，離置地廣場也不遠，早餐很豐富還有現點現做的歐姆蛋！接待人員也非常親切～有提供嬰兒澡盆、嬰兒床跟嬰兒床組等?帶著小朋友去很方便,0,1,1,1,1,0,0,1,1,1,1,0,1
早餐有白飯、小饅頭、粥和基本的配菜如炒青菜、炒蛋和蘿蔔燉肉、肉燥，也有提供抹醬、土司和豆漿房間的部分以價錢來說算是非常滿意，空間很大、照明足夠、電視提供許多電影距離火車站也非常近，旁邊還有康是美十分方便,0,1,1,1,1,0,0,1,1,1,1,0,1
附中式早餐很有飽足感，空間充足，位於鬧區中心非常便利，cp值高的暫宿地點,0,1,1,1,1,0,0,1,1,1,1,0,1
服務人員態度很好！登記入住會細心教導，並告知位置，！天啊！而且設備超新，性價比真的超好的啦！推推！下次有機會再來！,0,1,1,1,1,0,0,1,1,1,1,0,1
地理位置好！房間空間大、設備好！物超所值！還附晚餐早餐,0,1,1,1,1,0,0,1,1,1,1,0,1
住宿地點附近逛街買東西都十分便利，房間十分大，浴室浴缸和設備小朋友玩得不亦樂乎，自助式早餐也不錯；住宿加早、晚餐，這個價位真的超值。,0,1,1,1,1,0,0,1,1,1,1,0,1
這價錢有附早晚兩餐真的很划算，且地點也不錯！櫃檯人員服務態度很親切！洗澡的水壓很ok且熱水很快就熱！,0,1,1,1,1,0,0,1,1,1,1,0,1
浴缸很大，免治馬桶很棒。早餐選擇性很多樣，人多時，可以先打給櫃檯詢問侯位狀況。飯店離市議會站走路約10分鐘，附有停車場。,0,1,1,1,0,0,0,1,1,2,0,0,1
早餐好吃，離逢甲夜市不近但是也不遠，不需要跟人潮車潮擠，飯店內也直接有停車位,0,1,1,1,0,0,0,1,1,2,0,0,1
可以寄放、價格便宜、附贈零食、有浴缸、窗戶都很好，下次會再來  位置如果要去東海岸沿線開車兜風的話算好，要去山區的話因為離市區很遠就不好,0,1,1,1,1,0,0,1,1,2,1,0,1
離捷運站有一段距離，員工的服務很貼心，住宿設施環境也很棒，甚至餐點也超豐富,0,1,1,1,0,0,0,1,1,3,0,0,1
樓下廣場的泰國.越南人比較多，環境比較糟。距離車站很近，而且旅館裡面都滿好的，空間很大。人員也親切,0,1,1,1,0,0,0,1,1,3,0,0,1
服務人員的態度、床非常大,0,1,1,0,0,0,0,1,2,0,0,0,1
早餐、晚餐菜色普通，房間超大，根本豪宅,0,1,1,0,0,0,0,1,2,0,0,0,1
浴室非常的寬敞；設備也都很完善；餐點一般般；旅店旁邊有星巴克對面有麥當勞，很不錯,0,1,1,1,0,0,0,1,2,1,0,0,1
停車方面這邊合作的停車場就是地下室的台灣聯通，位置方便，但業者只負擔一次的停車費，所以建議要回去休息過夜時的那一次再把車停下去，或是停最長時間的一次讓業者負擔，其他就只能自行負擔停車費。以這個價位來說，空間蠻大的浴室也算寬敞、乾淨硬體設備整體都還算不錯沐浴乳、洗髮精很香！,0,1,1,1,1,0,0,1,2,1,1,0,1
飯店附的伙食不好，房間大活動很方便。,0,1,0,1,0,0,0,1,3,0,0,0,3
有浴缸但沒有提供泡澡，需要花錢買,0,1,1,0,0,0,0,1,3,0,0,0,3
大廳很有設計感，主題也清楚，但是沒有看到相關解說資料，有點可惜我猜應該跟附近的飛機工業或歷史有關。,0,1,1,0,0,0,0,1,3,0,0,0,1
可能因為是跨年夜，當天員工有點混亂，很多床位、房間還沒打掃完，我等到晚上六點左右才有辦法入住。床位環境不錯，床位的隱私度很好。,0,1,1,0,0,0,0,1,3,0,0,0,1
5點才可以進房，當初也要求兩間房要在一起，結果當天到了，房間隔了有夠遠，加上早餐的食物，因為人太多，剩沒多少可以選擇，希望可以改進。大廳的擺設不錯。,0,1,1,0,0,0,0,1,3,0,0,0,3
入住當天居然遇到火災警報器烏龍，搞得整棟住客人心惶惶，當下又只有一位服務員，服務員應對反應不佳。建議應該馬上向大家解釋，而不是等到房客到大廳來詢問，若真的發生火災，根本逃生不及，飯店人員危機處理不夠好。大廳環境設計很優美，適合拍照打卡,0,1,1,0,0,0,0,1,3,0,0,0,3
房間很大，適合家庭旅遊。早餐東西太少，一下就沒了，也沒補充。,0,1,1,0,0,0,0,1,3,0,0,0,3
客人房間抽煙，早上四點消防警報大響，飯店應每間房客入住提醒房間不能抽煙，消防系統很敏感,0,1,1,0,0,1,0,1,3,0,0,3,3
房間很大，cp值很高，唯有早餐有待加強,0,1,1,0,1,0,0,1,3,0,1,0,1
早餐實在有待加強，地點很便利、裝潢很有特色！,0,1,1,1,0,0,0,1,3,1,0,0,1
晚餐如果能在門口有明確告示今日套餐會更好，客人可以更清楚晚餐的用餐方式。地點、設備、房間大小都非常的棒,0,1,1,1,0,0,0,1,3,1,0,0,1
餐點內容不優，環境雖在市區卻很安靜，設備維護很好。,0,1,1,1,0,0,0,1,3,1,0,0,1
飯店規定房間內不可飲食,0,1,0,0,0,0,0,2,0,0,0,0,2
此次入住單人房間,0,1,0,0,0,0,0,2,0,0,0,0,2
床周邊的空間設計感,0,1,0,0,0,0,0,2,0,0,0,0,2
如果再改善這一塊就無敵了另外三溫暖平日如果早上能開放會更好,0,1,0,0,0,0,0,2,0,0,0,0,2
此商旅之服務櫃檯位於五樓，與該大廈其他用戶共用升降機，進出時要等候多輪,0,1,0,0,0,0,0,2,0,0,0,0,2
工業風設計氛圍特別  但感受可能因人而異 ,0,1,0,0,0,0,0,2,0,0,0,0,2
床的大小,0,1,0,0,0,0,0,2,0,0,0,0,2
有二張獨立的床,0,1,0,0,0,0,0,2,0,0,0,0,2
浴缸「大小」,0,1,0,0,0,0,0,2,0,0,0,0,2
整體的房間空間,0,1,0,0,0,0,0,2,0,0,0,0,2
入住的是樓中樓房型,0,1,0,0,0,0,0,2,0,0,0,0,2
房間的裝潢,0,1,0,0,0,0,0,2,0,0,0,0,2
樓中樓的view,0,1,0,0,0,0,0,2,0,0,0,0,2
兩人住雙床房 ,0,1,0,0,0,0,0,2,0,0,0,0,2
使用上山採藥 沐浴乳 洗髮乳,0,1,0,0,0,0,0,2,0,0,0,0,2
飯店房間的設計,0,1,0,0,0,0,0,2,0,0,0,0,2
房間的風格,0,1,0,0,0,0,0,2,0,0,0,0,2
復古工業設計,0,1,0,0,0,0,0,2,0,0,0,0,2
工業風設計,0,1,0,0,0,0,0,2,0,0,0,0,2
我定的窗房,0,1,0,0,0,0,0,2,0,0,0,0,2
停車跟飯店的佈置,0,1,0,0,0,0,0,2,0,0,0,0,2
浴室的排水設計 ,0,1,0,0,0,0,0,2,0,0,0,0,2
冷氣和床的位置,0,1,0,0,0,0,0,2,0,0,0,0,2
樓層內的高度,0,1,0,0,0,0,0,2,0,0,0,0,2
房間大小,0,1,0,0,0,0,0,2,0,0,0,0,2
建議有六人房,0,1,0,0,0,0,0,2,0,0,0,0,2
住宿的樓層很關鍵!,0,1,0,0,0,0,0,2,0,0,0,0,2
電梯與大樓共用，搭乘時需要等待一下,0,1,0,0,0,0,0,2,0,0,0,0,2
隔音效果普通,0,1,0,0,0,0,0,2,0,0,0,0,2
是否可在洗澡淋浴間裡放置洗髮精及沐浴乳,0,1,0,0,0,0,0,2,0,0,0,0,2
沒有獨立冷氣 是中央空調,0,1,0,0,0,0,0,2,0,0,0,0,2
房很一般。,0,1,0,0,0,0,0,2,0,0,0,0,2
房間屬於復古風設計,0,1,0,0,0,0,0,2,0,0,0,0,2
都是雙人房價錢一樣但是大小不同,0,1,0,0,0,0,0,2,0,0,0,0,2
希望有乳液 潤絲精等衛浴用品,0,1,0,0,0,0,0,2,0,0,0,0,2
樓中樓客廳套房房型,0,1,0,0,0,0,0,2,0,0,0,0,2
枕頭比較高,0,1,0,0,0,0,0,2,0,0,0,0,3
床比較軟,0,1,0,0,0,0,0,2,0,0,0,0,3
房型樓型是樓中樓,0,1,0,0,0,0,0,2,0,0,0,0,2
飯店設施普通,0,1,0,0,0,0,0,2,0,0,0,0,2
設施普通,0,1,0,0,0,0,0,2,0,0,0,0,2
所訂房型為無車位,0,1,0,0,0,0,0,2,0,0,0,0,2
靠窗,0,1,0,0,0,0,0,2,0,0,0,0,2
隔音普普,0,1,0,0,0,0,0,2,0,0,0,0,2
戶外泡湯池旁的木板有破裂，但不影響整個住宿品質。,0,1,0,0,0,0,0,2,0,0,0,0,2
住宿客人電動車充電車位須付費,0,1,0,0,0,0,0,2,0,0,0,0,2
海景房的景色尚可,0,1,0,1,0,0,0,2,0,1,0,0,1
門口有洗衣店可以洗對面有早餐店隔壁有停車場（位置有限）入住三人房（二大三小）,0,1,0,1,0,0,0,2,0,1,0,0,1
冰箱放置在公用區距離東大門夜市很近,0,1,0,1,0,0,0,2,0,1,0,0,1
冰箱放置在公用區，距離東大門夜市很近。,0,1,0,1,0,0,0,2,0,1,0,0,1
離地鐵站路程不短；隔音一般,0,1,0,1,0,1,0,2,0,1,0,0,1
海景房的景色,0,1,0,1,0,0,0,2,0,2,0,0,2
如何開機空調和調整溫度我研究了一陣子，但無大礙 可以直接詢問櫃台比較快,0,1,1,0,0,0,0,2,1,0,0,0,2
如何開機空調和調整溫度我研究了一陣子，但無礙 可以直接詢問櫃台比較快,0,1,1,0,0,0,0,2,1,0,0,0,2
1.接待人員態度良好2.所訂房型為無車位，接待人員還是讓我們停在第二停車場,0,1,1,0,0,0,0,2,1,0,0,0,1
房間有煙味，反應後員工有提供除味的機器但睡到半夜又聞到煙味了，不知是不是用中央空調，導致別的房客偷抽煙就散佈過來??,0,1,1,0,0,1,0,2,1,0,0,3,3
設備普通，鄰近方便購物覓食，早餐不錯， 種類滿多供選擇。,0,1,1,1,0,0,0,2,1,1,0,0,1
房間有分新舊，服務人員服務很好，態度很好 地點很方便。,0,1,1,1,0,0,0,2,1,1,0,0,1
應該規劃出吸煙區,0,1,1,0,0,0,0,2,2,0,0,0,2
它的早餐下午茶與相關設備例如腳踏車,0,1,1,0,0,0,0,2,2,0,0,0,2
裝潢風格及人員態度一般,0,1,1,0,0,0,0,2,2,0,0,0,2
設備與員工的服務,0,1,1,0,0,0,0,2,2,0,0,0,0
隔音效果、設備品質及員工服務素質,0,1,1,0,0,0,0,2,2,0,0,0,2
隔音及早餐較為一般,0,1,1,0,0,0,0,2,2,0,0,0,2
飯店在一棟大樓內，但外牆沒有任何旅店名。第一次入住時不知道接待處是在5樓。提議在確認訂房時要講明大樓名稱及接待處。,0,1,1,0,0,0,0,2,3,0,0,0,3
可能booking上太多優良的評價，對於此住宿有過高期待，但事實上卻沒有期待中那麼好，有點落差。另外停車問題，可以理解飯店沒有足夠的停車位，要請客人去找路邊停車格，然後飯店會代為支付費用這件事，但對於從外地來的人，飯店可以做得更好的是主動告知客人可以去哪邊找路邊停車格，而不是丟一句話叫客人去找路邊停車格而已，還不允許客人停路邊停車場，以我自己那天碰到的狀況為例，那附近的路邊停車格都停滿了，對於當地也不熟悉，只能亂繞就為了找路邊停車格，結果繞了好幾圈才找到停車格。,0,1,1,0,0,0,0,2,3,0,0,0,3
沐浴的裝置有點壞掉，不過並不影響洗澡。剛到時向櫃檯詢問停車的地方，櫃檯說外頭有服務人員會引導，但我們有表示沒有，原本是要請我們稍等，不過我們停的地方是會影響車流的地方，所以櫃檯才走出來跟我們指示，希望下次能夠有更明顯的指示或是有人員指引，才不致於讓客人影響到車流，謝謝 ,0,1,1,0,0,0,0,2,3,0,0,0,3
隔壁水聲有夠大聲，似乎隔音不太好,0,1,0,0,0,0,0,3,0,0,0,0,3
有安全上的疑慮,0,1,0,0,0,0,0,3,0,0,0,0,3
位置不夠，人多要併桌吃有點尷尬,0,1,0,0,0,0,0,3,0,0,0,0,3
附近房間有人在房內抽煙的話，整個影響到其他房間內，導致房間會充滿煙味。,0,1,0,0,0,0,0,3,0,0,0,0,3
現場房間與網路提供房型照片不同，感受不是很好,0,1,0,0,0,0,0,3,0,0,0,0,3
房間在晚間充滿菸味，有房客可能在房內抽菸，透過空調入侵，非常難受，不會考慮再入住。,0,1,0,0,0,0,0,3,0,0,0,0,3
男女混宿對女生不太方便,0,1,0,0,0,0,0,3,0,0,0,0,3
好像情趣旅店，感覺怪怪的,0,1,0,0,0,0,0,3,0,0,0,0,3
因為疫情警戒所以無法開放酒吧的部分，些許的遺憾,0,1,0,0,0,0,0,3,0,0,0,0,3
可惜因為疫情關係，小孩的遊戲區沒辦法開放。,0,1,0,0,0,0,0,3,0,0,0,0,3
由於台北常下雨，所以房間有點潮濕,0,1,0,0,0,0,0,3,0,0,0,0,3
有煙味可能是機器問題所導致,0,1,0,0,0,0,0,3,0,0,0,0,3
美中不足的是設施還不夠好,0,1,0,0,0,0,0,3,0,0,0,0,3
狹長房型的空間，令人…,0,1,0,0,0,0,0,3,0,0,0,0,3
吹風機的風太燙了,0,1,0,0,0,0,0,3,0,0,0,0,3
停車位置不夠,0,1,0,0,0,0,0,3,0,0,0,0,3
淋浴間不夠,0,1,0,0,0,0,0,3,0,0,0,0,3
自家沒停車場，所以在外面尋找停車位尋好久,0,1,0,0,0,0,0,3,0,0,0,0,3
沒有自家停車場，車子沒地方停,0,1,0,0,0,0,0,3,0,0,0,0,3
停車格太小了,0,1,0,0,0,0,0,3,0,0,0,0,3
2.房間動線安排不佳，走很久繞到都懷疑自己走錯樓層了才找到房間，希望下午房號標示可以更仔細具體一點。,0,1,0,0,0,0,0,3,0,0,0,0,3
旅店招牌太難找,0,1,0,0,0,0,0,3,0,0,0,0,3
既使是上agod， 也不能無窗戶的客房這是公安問題萬一有火警，房客無法逃生，你們業者怎麼處理？,0,1,0,0,0,0,0,3,0,0,0,0,3
非一次性的拖鞋，有環保意識，但材質建議更改為塑膠止滑，咖啡色布料拖鞋讓人感覺較不潔。,0,1,0,0,0,0,0,3,0,0,0,0,3
期望有環境較佳的停車空間,0,1,0,0,0,0,0,3,0,0,0,0,3
園內很寬很大，如果在可以維持安全的情況下，過度的燈飾反而不利看星星,0,1,0,0,0,0,0,3,0,0,0,0,3
餐廳的油煙太重，應在抽風機上改善,0,1,0,0,0,0,0,3,0,0,0,0,3
房型選項不多,0,1,0,0,0,0,0,3,0,0,0,0,3
招牌需要更大。,0,1,0,0,0,0,0,3,0,0,0,0,3
裸湯就還是建議是用泳褲比較好 畢竟大家不一定能接受 就不太敢去用 也就可惜了這個設施的存在,0,1,0,0,0,0,0,3,0,0,0,0,3
中央空調 對於疫情期間 比較相對不放心 如果今天剛好有感染旅客入住 可能大家都相對不安全 雖然台灣還滿安全的拉,0,1,0,0,0,0,0,3,0,0,0,0,3
遊戲區看不出是要孩子脫鞋玩，還是穿著鞋玩,0,1,0,0,0,0,0,3,0,0,0,0,3
停車位一直客滿,0,1,0,0,0,0,0,3,0,0,0,0,3
雖然有第二停車場真的有點距離天氣好就沒差只是下雨就有點,0,1,0,0,0,0,0,3,0,0,0,0,3
希望停車場可以做更完善一點的規劃,0,1,0,0,0,0,0,3,0,0,0,0,3
被分配到無窗的雙人房,0,1,0,0,0,0,0,3,0,0,0,0,3
以及陽台的部分，可以增加一至二張的躺椅。搭配台東美麗的風景，讓人更想多停留在娜路彎地下停車場充滿大自然感，成群的鳥類會停留在管線上方造成車頂上方出現超多鳥屎，希望能針對這部份做出改善的對策，例如加裝板子，防止鳥屎掉落於顧客車頂上,0,1,0,0,0,0,0,3,0,0,0,0,3
深夜的時候看到餐盤擺放在開放式的櫃子，怕有蟑螂老鼠爬過，早上不知情的人拿來使用，也許可以放在收納櫃裡會比較好。,0,1,0,0,0,0,0,3,0,0,0,0,3
沒有標示牌有點難找,0,1,0,0,0,0,0,3,0,0,0,0,3
完全找不到，而且也沒有招牌。到後來才發現招牌上的名字和bookingcom 不一樣。因為英文名字完全不一樣。我的bookingcom是英文版的。下雨天我走了好幾次 去到別家分店 才被告知去錯了。,0,1,0,0,0,0,0,3,0,0,0,0,3
夜晚安靜時，竟然能聽見車流的聲音有點令人意外。,0,1,0,0,0,0,0,3,0,0,0,0,3
也許是邊間，馬路上車子的聲音稍大,0,1,0,0,0,0,0,3,0,0,0,0,3
停車要跟南紡購物的民眾一起排隊?嚇到我了。車子停進去完全不想也不敢移動。相對也影響旅遊的心情。,0,1,0,0,0,0,0,3,0,0,0,0,3
停車問題，找了附近收費停車場，因為是假日，沒有優惠，住宿外，多了停車費，……停多久算多久，如果有自家停車場就好了。,0,1,0,0,0,0,0,3,0,0,0,0,3
停車地方可以稍微改善一下,0,1,0,0,0,0,0,3,0,0,0,0,3
通往旅館的路的標示有點不清楚。,0,1,0,0,0,0,0,3,0,0,0,0,3
入口沒有指引,0,1,0,0,0,0,0,3,0,0,0,0,3
請增加機車停車位,0,1,0,0,0,0,0,3,0,0,0,0,3
用餐位子很擁擠,0,1,0,0,0,0,0,3,0,0,0,0,3
電影更新慢,0,1,0,0,0,0,0,3,0,0,0,0,3
冷氣對著臉吹,0,1,0,0,0,0,0,3,0,0,0,0,3
沒窗戶,0,1,0,0,0,0,0,3,0,0,0,0,3
沒飲水機,0,1,0,0,0,0,0,3,0,0,0,0,3
沒洗衣機,0,1,0,0,0,0,0,3,0,0,0,0,3
水壓小,0,1,0,0,0,0,0,3,0,0,0,0,3
飯店房間的設計醜,0,1,0,0,0,0,0,3,0,0,0,0,3
公共區域很不ok,0,1,0,0,0,0,0,3,0,0,0,0,3
不只是否booking下單因素，房間位置在邊間。,0,1,0,0,0,0,0,3,0,0,0,0,3
沒有吸菸區,0,1,0,0,0,0,0,3,0,0,0,0,3
半夜火災警鈴大作，擾人睡眠,0,1,0,0,0,0,0,3,0,0,0,0,3
淋浴間水量稍小,0,1,0,0,0,0,0,3,0,0,0,0,3
面積有小,0,1,0,0,0,0,0,3,0,0,0,0,3
房有小,0,1,0,0,0,0,0,3,0,0,0,0,3
這次入住的是地下室單人房,0,1,0,0,0,0,0,3,0,0,0,0,3
不隔音,0,1,0,0,0,0,0,3,0,0,0,0,3
剛好無窗 ,0,1,0,0,0,0,0,3,0,0,0,0,3
無窗,0,1,0,0,0,0,0,3,0,0,0,0,3
網路接收不良,0,1,0,0,0,0,0,3,0,0,0,0,3
原本看的照片有浴缸,0,1,0,0,0,0,0,3,0,0,0,0,3
房間沒椅子,0,1,0,0,0,0,0,3,0,0,0,0,3
水壓很夠...,0,1,0,0,0,0,0,3,0,0,0,0,3
房間較小 門口進來就是浴室門口，進來的鞋子容易踩溼踩髒，門口有可以另外擺放鞋子的空間比較好，浴室有抽風機， 但過了一晚仍然濕氣很重。,0,1,0,0,0,0,0,3,0,0,0,0,3
榻榻米房的地板異常的堅硬,0,1,0,0,0,0,0,3,0,0,0,0,3
晚上都能聽見外面的聲音,0,1,0,0,0,0,0,3,0,0,0,0,3
打去櫃台無人接聽，隔音不是很好，都能聽到吵鬧的聲音,0,1,0,0,0,0,0,3,0,0,0,0,3
大廳在5樓，住宿房在三樓，check in/out 稍有不便。,0,1,0,0,0,0,0,3,0,0,0,0,3
原本升級訂2大單人床很期待，但因客員多，雖提供3張小床，還是有稍小失望,0,1,0,0,0,0,0,3,0,0,0,0,3
床板也是毛毯設計，最容易有髒污，過敏體質會很排斥。,0,1,0,0,0,0,0,3,0,0,0,0,3
入住前有心理準備，但早上還是會被住客搬行李的聲音嚇醒,0,1,0,0,0,0,0,3,0,0,0,0,3
隔壁洗澡的熱水聲還是聽得到，但不在意的人就沒差。,0,1,0,0,0,0,0,3,0,0,0,0,3
電視節目少，哈哈,0,1,0,0,0,0,0,3,0,0,0,0,3
電視只有無限幾個頻道,0,1,0,0,0,0,0,3,0,0,0,0,3
很可惜空間太小,0,1,0,0,0,0,0,3,0,0,0,0,3
沐浴乳不好擠,0,1,0,0,0,0,0,3,0,0,0,0,3
空間太小，四人房放行李取用行李不方便。浴室已用浴簾但還是容易整個浴室溼答答。,0,1,0,0,0,0,0,3,0,0,0,0,3
牆壁潮濕斑駁,0,1,0,0,0,0,0,3,0,0,0,0,3
通風不好,0,1,0,0,0,0,0,3,0,0,0,0,3
電視頻道很少,0,1,0,0,0,0,0,3,0,0,0,0,3
浴室衛生紙潮濕,0,1,0,0,0,0,0,3,0,0,0,0,3
淋浴間無盒子放沐浴乳及洗髮精,0,1,0,0,0,0,0,3,0,0,0,0,3
但是美中不足的地方是廁所洗髮乳跟沐浴乳有些淋浴間是空的,0,1,0,0,0,0,0,3,0,0,0,0,3
隔音差一點,0,1,0,0,0,0,0,3,0,0,0,0,3
隔音可以在改善,0,1,0,0,0,0,0,3,0,0,0,0,3
浴室裡沒有洗手台，洗手台設在浴室外面，洗臉時很容易把房間的地板弄得都是水。,0,1,0,0,0,0,0,3,0,0,0,0,3
床太軟,0,1,0,0,0,0,0,3,0,0,0,0,3
床不好睡,0,1,0,0,0,0,0,3,0,0,0,0,3
吹風機風量很小不好吹,0,1,0,0,0,0,0,3,0,0,0,0,3
水一下忽冷忽熱很難洗,0,1,0,0,0,0,0,3,0,0,0,0,3
設備不是很好,0,1,0,0,0,0,0,3,0,0,0,0,3
空調太冷,0,1,0,0,0,0,0,3,0,0,0,0,3
隔音很差,0,1,0,0,0,0,0,3,0,0,0,0,3
都能聽見隔壁的聲音,0,1,0,0,0,0,0,3,0,0,0,0,3
半夜都能聽到外面的聲音,0,1,0,0,0,0,0,3,0,0,0,0,3
隔音做得不好,0,1,0,0,0,0,0,3,0,0,0,0,3
隔音確實很不好,0,1,0,0,0,0,0,3,0,0,0,0,3
隔音略差,0,1,0,0,0,0,0,3,0,0,0,0,3
能聽到外面走動的聲音,0,1,0,0,0,0,0,3,0,0,0,0,3
隔音不好，半夜都睡不好,0,1,0,0,0,0,0,3,0,0,0,0,3
隔音有待加強,0,1,0,0,0,0,0,3,0,0,0,0,3
設施破舊,0,1,0,0,0,0,0,3,0,0,0,0,3
電梯也很少,0,1,0,0,0,0,0,3,0,0,0,0,3
沒有飲水機不方便,0,1,0,0,0,0,0,3,0,0,0,0,3
電視也老舊,0,1,0,0,0,0,0,3,0,0,0,0,3
衣櫥破舊,0,1,0,0,0,0,0,3,0,0,0,0,3
洗衣機很舊,0,1,0,0,0,0,0,3,0,0,0,0,3
隔音也很差,0,1,0,0,0,0,0,3,0,0,0,0,3
而且還能聽到隔壁的電視聲,0,1,0,0,0,0,0,3,0,0,0,0,3
隔音不好,0,1,0,0,0,0,0,3,0,0,0,0,3
能聽見走路聲,0,1,0,0,0,0,0,3,0,0,0,0,3
隔音可以再改善好一點,0,1,0,0,0,0,0,3,0,0,0,0,3
隔音差,0,1,0,0,0,0,0,3,0,0,0,0,3
隔音真的很差,0,1,0,0,0,0,0,3,0,0,0,0,3
設備不好,0,1,0,0,0,0,0,3,0,0,0,0,3
沒有電梯很不方便,0,1,0,0,0,0,0,3,0,0,0,0,3
設備不完善，要甚麼沒什麼,0,1,0,0,0,0,0,3,0,0,0,0,3
空調沒辦法自己調,0,1,0,0,0,0,0,3,0,0,0,0,3
衣櫃壞掉,0,1,0,0,0,0,0,3,0,0,0,0,3
如果有衣架會更好，不然都沒地方掛衣服。,0,1,0,0,0,0,0,3,0,0,0,0,3
隔音爛,0,1,0,0,0,0,0,3,0,0,0,0,3
都能聽到隔壁房嗯嗯啊啊的聲音吵死了,0,1,0,0,0,0,0,3,0,0,0,0,3
隔音也差爆,0,1,0,0,0,0,0,3,0,0,0,0,3
隔音能不能做好阿，真的讓人受不了ㄟ,0,1,0,0,0,0,0,3,0,0,0,0,3
隔音也是不好,0,1,0,0,0,0,0,3,0,0,0,0,3
隔音不太好,0,1,0,0,0,0,0,3,0,0,0,0,3
床太硬不好睡,0,1,0,0,0,0,0,3,0,0,0,0,3
水壓太小不好洗,0,1,0,0,0,0,0,3,0,0,0,0,3
沒熱水怎麼洗,0,1,0,0,0,0,0,3,0,0,0,0,3
水溫忽冷忽熱,0,1,0,0,0,0,0,3,0,0,0,0,3
插頭壞掉，空調無法自己調,0,1,0,0,0,0,0,3,0,0,0,0,3
沒窗戶很悶不舒服,0,1,0,0,0,0,0,3,0,0,0,0,3
水龍頭壞掉,0,1,0,0,0,0,0,3,0,0,0,0,3
窗簾破損，隔音不好,0,1,0,0,0,0,0,3,0,0,0,0,3
沒有很多插座，隔音差,0,1,0,0,0,0,0,3,0,0,0,0,3
冰箱壞掉，隔音稍差,0,1,0,0,0,0,0,3,0,0,0,0,3
電梯要等很久，隔音爛,0,1,0,0,0,0,0,3,0,0,0,0,3
衣櫃發出怪聲壞掉，隔音不好,0,1,0,0,0,0,0,3,0,0,0,0,3
空調太冷，晚上都能聽見外面的聲音,0,1,0,0,0,0,0,3,0,0,0,0,3
床太硬長度不夠很難睡，隔音爛,0,1,0,0,0,0,0,3,0,0,0,0,3
窗簾破損,0,1,0,0,0,0,0,3,0,0,0,0,3
沒有很多插座,0,1,0,0,0,0,0,3,0,0,0,0,3
冰箱壞掉,0,1,0,0,0,0,0,3,0,0,0,0,3
電梯要等很久,0,1,0,0,0,0,0,3,0,0,0,0,3
衣櫃發出怪聲壞掉,0,1,0,0,0,0,0,3,0,0,0,0,3
床太硬長度不夠很難睡,0,1,0,0,0,0,0,3,0,0,0,0,3
隔音稍差,0,1,0,0,0,0,0,3,0,0,0,0,3
燈壞掉,0,1,0,0,0,0,0,3,0,0,0,0,3
熱水壺無法用,0,1,0,0,0,0,0,3,0,0,0,0,3
沒有停車場很不方便,0,1,0,0,0,0,0,3,0,0,0,0,3
設施都很破舊,0,1,0,0,0,0,0,3,0,0,0,0,3
設備可以好一點太舊了,0,1,0,0,0,0,0,3,0,0,0,0,3
電話壞掉,0,1,0,0,0,0,0,3,0,0,0,0,3
浴室蓮蓬頭壞掉,0,1,0,0,0,0,0,3,0,0,0,0,3
隔音不是很好，都能聽到吵鬧的聲音,0,1,0,0,0,0,0,3,0,0,0,0,3
飯店隔音也很差,0,1,0,0,0,0,0,3,0,0,0,0,3
能聽到樓上蹦蹦蹦的聲音,0,1,0,0,0,0,0,3,0,0,0,0,3
旅店隔音也不好,0,1,0,0,0,0,0,3,0,0,0,0,3
都能聽到別房的做愛聲音。,0,1,0,0,0,0,0,3,0,0,0,0,3
格音效果不好,0,1,0,0,0,0,0,3,0,0,0,0,3
房間隔音很不好都能聽到外面走動的聲音,0,1,0,0,0,0,0,3,0,0,0,0,3
隔音不好好吵,0,1,0,0,0,0,0,3,0,0,0,0,3
隔音也不好,0,1,0,0,0,0,0,3,0,0,0,0,3
晚上都能聽到外面的聲音,0,1,0,0,0,0,0,3,0,0,0,0,3
一直聽到敲牆壁的聲音好吵,0,1,0,0,0,0,0,3,0,0,0,0,3
免治馬桶故障,0,1,0,0,0,0,0,3,0,0,0,0,3
隔音差，連隔壁用插頭或者一般聊天都能聽見聲音。然後附近房間有人在房內抽煙的話，整個影響到其他房間內，導致房間會充滿煙味。,0,1,0,0,0,0,0,3,0,0,0,0,3
隔壁的水聲聽得到,0,1,0,0,0,0,0,3,0,0,0,0,3
地板走路會有聲音,0,1,0,0,0,0,0,3,0,0,0,0,3
全部很好除了隔音 ,0,1,0,0,0,0,0,3,0,0,0,0,3
因入睡時燈會全關，那會有消防的藍光險的特別刺眼。,0,1,0,0,0,0,0,3,0,0,0,0,3
電梯要等很久非常不方便,0,1,0,0,0,0,0,3,0,0,0,0,3
樓上一直有咚咚聲 空調會聞到附近房間的菸味,0,1,0,0,0,0,0,3,0,0,0,0,3
冷氣溫度無法調整，整夜都太冷,0,1,0,0,0,0,0,3,0,0,0,0,3
房間內桌子比較少且放置點離窗邊較遠，有些不方便,0,1,0,0,0,0,0,3,0,0,0,0,3
隔音稍差一點點,0,1,0,0,0,0,0,3,0,0,0,0,3
隔音有一點點不是很好,0,1,0,0,0,0,0,3,0,0,0,0,3
床鋪太硬隔音有些差,0,1,0,0,0,0,0,3,0,0,0,0,3
隔音差 ,0,1,0,0,0,0,0,3,0,0,0,0,3
隔音上確實會聽到隔壁房沖水聲，或是門外走動聊天聲，如果怕吵建議自己戴耳塞好入眠,0,1,0,0,0,0,0,3,0,0,0,0,3
上下電梯太少。偶爾聽得見隔壁笑聲。,0,1,0,0,0,0,0,3,0,0,0,0,3
排水孔排水很慢、床單觸感偏粗,0,1,0,0,0,0,0,3,0,0,0,0,3
逃生路線標示不清楚,0,1,0,0,0,0,0,3,0,0,0,0,3
隔音效果不是這麼好，可以知道隔壁何時使用衛浴設備,0,1,0,0,0,0,0,3,0,0,0,0,3
床太軟，床架都會有聲音，就算睡覺房間電燈全關結果火災感應器上面藍色的等太亮導致睡眠品質不好,0,1,0,0,0,0,0,3,0,0,0,0,3
隔音設施太差了，隔壁在開水聲也聽得到,0,1,0,0,0,0,0,3,0,0,0,0,3
沒有窗戶，不太滿意,0,1,0,0,0,0,0,3,0,0,0,0,3
床有點偏軟 ， 我們住的4021房排水系統有點不佳,0,1,0,0,0,0,0,3,0,0,0,0,3
枕頭太軟很難睡,0,1,0,0,0,0,0,3,0,0,0,0,3
停車位的部分有點雜,0,1,0,0,0,0,0,3,0,0,0,0,3
隔音的部分有待加強，都可以聽到別人開門聲音跟回來的開關門聲音還有水龍頭打開的聲音。一人房，沒有掛衣服的地方,0,1,0,0,0,0,0,3,0,0,0,0,3
房間很小  有點擠,0,1,0,0,0,0,0,3,0,0,0,0,3
隔音不大好，隔壁半夜疑似在喝酒吵到不行，旅館人員無法處理，我們只能在半夜時換間房間睡。另外房間沒有對外窗，空調溫度貌似是中央空調也很難調整,0,1,0,0,0,0,0,3,0,0,0,0,3
1300的雙人房有窗戶，但是窗戶看出去完全沒辦法看到什麼 ，都是冷氣機 有點.....還以為可以看到外面的景色,0,1,0,0,0,0,0,3,0,0,0,0,3
飲料機投了竟然是常溫...然後拿回去冰箱冰，冰箱又不夠冷，等了好久也只是變涼涼的而已。,0,1,0,0,0,0,0,3,0,0,0,0,3
隔音不好，要有好的住宿體驗很吃運氣，如果隔壁房客講話很大聲就會很吵,0,1,0,0,0,0,0,3,0,0,0,0,3
隔音不好，浴室上面，逆止閥太大聲，吵到休息品質。,0,1,0,0,0,0,0,3,0,0,0,0,3
有點老舊,0,1,0,0,0,0,0,3,0,0,0,0,3
住在最後一間，剛好正對大門，一個晚上都睡不好。,0,1,0,0,0,0,0,3,0,0,0,0,3
沒有窗戶 ㄧ進去像火爐石冷氣開了三小時 比走出戶外海熱,0,1,0,0,0,0,0,3,0,0,0,0,3
枕頭太低不好躺,0,1,0,0,0,0,0,3,0,0,0,0,3
椅子離電視有點遠 ,0,1,0,0,0,0,0,3,0,0,0,0,3
1.應該是管線的關係，會有水從水管沖下來的聲音，不是牆壁或者門板隔音不好的聲音。2.有蚊子，不過自己解決了。,1,1,0,0,0,0,3,3,0,0,0,0,3
電梯不好,0,1,0,0,0,0,0,3,0,0,0,0,3
前ㄧ晚是訂4人房，隔天是訂8人房，結果房間是4人房的大小差不多，因此很擠。,0,1,0,0,0,0,0,3,0,0,0,0,3
房間真的面積不大，隔音很差晚上有人在走道上說話都聽得很清楚，還有門需要注意很多人都關的很大力，希望飯店能增加門上的緩衝，還有酒店的樓層電梯真的不怎樣，因為樓下的電梯只要遇到高峰期就要等很久,0,1,0,0,0,0,0,3,0,0,0,0,3
枕頭有點硬，不好入睡,0,1,0,0,0,0,0,3,0,0,0,0,3
隔音效果不佳,0,1,0,0,0,0,0,3,0,0,0,0,3
房間是插卡導電。出門前，因為有使用浴室，所以出門前有點潮濕。回來後因為出門就斷電的關係（空調不運轉），房間沒有通風，進門後房間整體感覺很潮濕，不過插卡導電有空調後很快就好多了。,0,1,0,0,0,0,0,3,0,0,0,0,3
隔音稍不好,0,1,0,0,0,0,0,3,0,0,0,0,3
隔音好像不是太好。,0,1,0,0,0,0,0,3,0,0,0,0,3
房間隔音不夠好,0,1,0,0,0,0,0,3,0,0,0,0,3
覺得隔壁的關門聲，超級大聲 ,0,1,0,0,0,0,0,3,0,0,0,0,3
隔音稍嫌差，電梯部數稍嫌不足,0,1,0,0,0,0,0,3,0,0,0,0,3
飯店隔音效果不太好，走廊聲音、腳步聲、關門聲響房間內都聽得到,0,1,0,0,0,0,0,3,0,0,0,0,3
隔音可以加強下,0,1,0,0,0,0,0,3,0,0,0,0,3
房間太多不好找，進出都得搭間隔有點遠的兩部電梯很麻煩而且不好等到，隔音很不好，,0,1,0,0,0,0,0,3,0,0,0,0,3
隔音有點差,0,1,0,0,0,0,0,3,0,0,0,0,3
房間真的很小內裝簡陋壁紙掉了電梯動線設計爛到令人發火,0,1,0,0,0,0,0,3,0,0,0,0,3
隔音不佳，門口燈為半夜時常自行亮起，詢問櫃台人員表示為感應式無法關閉。,0,1,0,0,0,0,0,3,0,0,0,0,3
配套措施不多,0,1,0,0,0,0,0,3,0,0,0,0,3
空調傳出來的味道很怪,0,1,0,0,0,0,0,3,0,0,0,0,3
鏡子不要面對床位，不太好,0,1,0,0,0,0,0,3,0,0,0,0,3
馬桶水箱一直滴水 影響睡眠,0,1,0,0,0,0,0,3,0,0,0,0,3
隔音真的稍嫌不好,0,1,0,0,0,0,0,3,0,0,0,0,3
插座位置稍遠,0,1,0,0,0,0,0,3,0,0,0,0,3
床太軟難睡,0,1,0,0,0,0,0,3,0,0,0,0,3
無法調整冷氣,0,1,0,0,0,0,0,3,0,0,0,0,3
管路會有很大的水聲,0,1,0,0,0,0,0,3,0,0,0,0,3
房間沒有冰箱，設備老舊,0,1,0,0,0,0,0,3,0,0,0,0,3
房?隔音不太好,0,1,0,0,0,0,0,3,0,0,0,0,3
地下室，共用浴室常會聽到走來走去的聲音。通風口很大，隱密性不是很好。有蚊子。,1,1,0,0,0,0,0,3,0,0,0,0,3
青旅 門聲 水聲很大聲  ,0,1,0,0,0,0,0,3,0,0,0,0,3
隔音不好 睡眠會影響休息 ,0,1,0,0,0,0,0,3,0,0,0,0,3
浴室設備有點舊,0,1,0,0,0,0,0,3,0,0,0,0,3
牆面破舊，水管外露。,0,1,0,0,0,0,0,3,0,0,0,0,3
沒有晾衣場所不方便,0,1,0,0,0,0,0,3,0,0,0,0,3
中央空調有一個應該一般人可以忍受，但我個人特別敏感的微弱低頻噪音,0,1,0,0,0,0,0,3,0,0,0,0,3
略有空?机噪音。,0,1,0,0,0,0,0,3,0,0,0,0,3
浴室的浴缸有膠布黏貼修整的痕跡，洗澡很還怕踩破,0,1,0,0,0,0,0,3,0,0,0,0,3
冷氣開太強了，棉被太薄了,0,1,0,0,0,0,0,3,0,0,0,0,3
機房低頻震動 插頭損壞 備品及 用水待加強,0,1,0,0,0,0,0,3,0,0,0,0,3
我覺得水溫一下子冷一下子熱，很難調，希望能改善這個部分。,0,1,0,0,0,0,0,3,0,0,0,0,3
房間隔音較差,0,1,0,0,0,0,0,3,0,0,0,0,3
四人房的房間走道狹窄,0,1,0,0,0,0,0,3,0,0,0,0,3
8樓沒有飲水機不太方便,0,1,0,0,0,0,0,3,0,0,0,0,3
我們住的是友善房，但浴室裏沒有可以放換洗衣服的架子,0,1,0,0,0,0,0,3,0,0,0,0,3
雙人床太小,0,1,0,0,0,0,0,3,0,0,0,0,3
廁所偏小，無法鎖門，馬桶離門非常近,0,1,0,0,0,0,0,3,0,0,0,0,3
洗衣設備不足,0,1,0,0,0,0,0,3,0,0,0,0,3
隔間設計讓房間濕氣不易排出,0,1,0,0,0,0,0,3,0,0,0,0,3
沒有停車位,0,1,0,0,0,0,0,3,0,0,0,0,3
1.隔音稍差。2.沒有窗戶。,0,1,0,0,0,0,0,3,0,0,0,0,3
隔音設備不太好835裡面門會發出聲音,0,1,0,0,0,0,0,3,0,0,0,0,3
浴室無高低落差，沖澡時水會漏出非常不方便,0,1,0,0,0,0,0,3,0,0,0,0,3
隔音沒有很好,0,1,0,0,0,0,0,3,0,0,0,0,3
只有一套洗、烘衣机，稍嫌不足。,0,1,0,0,0,0,0,3,0,0,0,0,3
枕頭稍硬 睡起來不舒服,0,1,0,0,0,0,0,3,0,0,0,0,3
冷氣set定！不能調低！,0,1,0,0,0,0,0,3,0,0,0,0,3
房間比較小，洗手台地板容易積水,0,1,0,0,0,0,0,3,0,0,0,0,3
房內沒有梳妝鏡，對女生來說很不方便,0,1,0,0,0,0,0,3,0,0,0,0,3
就是洗手間有一點窄啊！,0,1,0,0,0,0,0,3,0,0,0,0,3
房間比想像中小些,0,1,0,0,0,0,0,3,0,0,0,0,3
隔音效果稍差,0,1,0,0,0,0,0,3,0,0,0,0,3
洗手間太細。,0,1,0,0,0,0,0,3,0,0,0,0,3
浴室和床鋪的隔間是玻璃，晚上上廁所不能開浴室燈，否則整間房間都會變很亮,0,1,0,0,0,0,0,3,0,0,0,0,3
隔音設備不太好  ,0,1,0,0,0,0,0,3,0,0,0,0,3
隔音不太好一直聽到樓上腳步聲,0,1,0,0,0,0,0,3,0,0,0,0,3
比較不喜歡的是 房間內空間太小行李 打開後更加嚴重。,0,1,0,0,0,0,0,3,0,0,0,0,3
隔音有待改善,0,1,0,0,0,0,0,3,0,0,0,0,3
廁所小了點,0,1,0,0,0,0,0,3,0,0,0,0,3
枕頭厚度太高，不好睡,0,1,0,0,0,0,0,3,0,0,0,0,3
房間有點小,0,1,0,0,0,0,0,3,0,0,0,0,3
可能因為位置太好，房間真的很小，放行李都很困難,0,1,0,0,0,0,0,3,0,0,0,0,3
雙床房的床與床之間間距太窄，放那么近几乎不具有雙床房的意義了。,0,1,0,0,0,0,0,3,0,0,0,0,3
窗戶隔音差,0,1,0,0,0,0,0,3,0,0,0,0,3
冷氣機稍嫌大聲,0,1,0,0,0,0,0,3,0,0,0,0,3
冷氣有點吵 浴室門沒鎖，浴室非禁閉空間，上廁所外面的人一起聞？廁所空間較小,0,1,0,0,0,0,0,3,0,0,0,0,3
可惜遇到冷氣可能有問題，風量不是均勻，隨機變速聲還不小聲，不過睡個幾天應該也能習慣 ,0,1,0,0,0,0,0,3,0,0,0,0,3
床頭的插座為何不能插台灣的插頭？,0,1,0,0,0,0,0,3,0,0,0,0,3
1) 502房冷氣機有雜聲，用遙控器也難以控制2) 電視機經常也是沒訊號，遙控器也難以控制3) 枕頭床褥太軟,0,1,0,0,0,0,0,3,0,0,0,0,3
房間還是窄了一點.,0,1,0,0,0,0,0,3,0,0,0,0,3
房間806的電視，打開後只有畫面卻無聲音。雖然經過服務人員重新接機上盒插座及線路後，有聲音了。但第二天早上再次開機，仍然有畫面無聲音。所以，這個項目需要徹底地維修。,0,1,0,0,0,0,0,3,0,0,0,0,3
乾濕分離設計不好，洗完澡整個房間內都是霧氣。另外雙人床是用兩張單人床拼起來，但兩張床的軟硬度竟然不相同。,0,1,0,0,0,0,0,3,0,0,0,0,3
房間沒開空調較悶,0,1,0,0,0,0,0,3,0,0,0,0,3
廁所排水系統很差洗澡像快淹水廁所塑膠拉門悶味很重,0,1,0,0,0,0,0,3,0,0,0,0,3
冷氣開大後聲音會變大比較吵,0,1,0,0,0,0,0,3,0,0,0,0,3
電視沒聲音,0,1,0,0,0,0,0,3,0,0,0,0,3
枕頭太硬,0,1,0,0,0,0,0,3,0,0,0,0,3
電梯等很久,0,1,0,0,0,0,0,3,0,0,0,0,3
隔音稍微差,0,1,0,0,0,0,0,3,0,0,0,0,3
隔音不是太好,0,1,0,0,0,0,0,3,0,0,0,0,3
浴室門與馬桶太靠近對於腳長的人會有點不方便,0,1,0,0,0,0,0,3,0,0,0,0,3
住宿八樓處沒有飲水機，沒得喝水,0,1,0,0,0,0,0,3,0,0,0,0,3
電梯有時要等很久，廁所浴室沒有鎖。,0,1,0,0,0,0,0,3,0,0,0,0,3
能聽到隔壁動靜，隔音有待改善。房間沒有夜燈，僅因房內階梯的指引燈光源不足。,0,1,0,0,0,0,0,3,0,0,0,0,3
隔音不太理想。外面很吵。,0,1,0,0,0,0,0,3,0,0,0,0,3
隔音設備可再加強,0,1,0,0,0,0,0,3,0,0,0,0,3
這次住的小冰箱冰了一天竟然沒辦法製冷，因為技師下班了只能請服務人員幫忙冰。,0,1,0,0,0,0,0,3,0,0,0,0,3
廁所空間太小,0,1,0,0,0,0,0,3,0,0,0,0,3
隔音奇差，晚上睡覺隔壁在用吹風機、講話聲音非常明顯。對於聲音敏感非常影響睡眠品質的房客需要三思，要不然就會花了一筆錢換來很差的睡眠經驗。,0,1,0,0,0,0,0,3,0,0,0,0,3
不喜歡床兩側靠牆沒活動空間上下床困難，不喜歡沒有放行李箱的空間，不喜歡沒靠背的椅子，不喜歡沒有書桌。,0,1,0,0,0,0,0,3,0,0,0,0,3
房間隔音房門開關時有噪音,0,1,0,0,0,0,0,3,0,0,0,0,3
隔音較差房型較小,0,1,0,0,0,0,0,3,0,0,0,0,3
地方太少 尤其是洗手間 一打開浴室門就是馬桶 坐著時浴室門會頂腳 很狹窄,0,1,0,0,0,0,0,3,0,0,0,0,3
隔音設備不佳冷氣忽冷忽熱,0,1,0,0,0,0,0,3,0,0,0,0,3
電梯旁，那台外面廠商進來放的投幣式自動咖啡機，極差。千萬不要用,0,1,0,0,0,0,0,3,0,0,0,0,3
電梯太難等,0,1,0,0,0,0,0,3,0,0,0,0,3
床是兩張單人床合併的，廁所沒有掛毛巾跟放換置衣服的地方，熱水沒有很多 洗久或第二個洗就剩冷水,0,1,0,0,0,0,0,3,0,0,0,0,3
晚上燈光感覺有些不足,0,1,0,0,0,0,0,3,0,0,0,0,3
淋浴間置物架壞了沒有修,0,1,0,0,0,0,0,3,0,0,0,0,3
有些硬體設備是該修整了，浴室部分,0,1,0,0,0,0,0,3,0,0,0,0,3
浴室木頭地板不穩,0,1,0,0,0,0,0,3,0,0,0,0,3
冷氣不冷，無法調低,0,1,0,0,0,0,0,3,0,0,0,0,3
淋浴間裡完全沒有可放東西的支架、床頭板因為材質關係有痕跡和異味，其他都還可以,0,1,0,0,0,0,0,3,0,0,0,0,3
浴室不是那麼優！！,0,1,0,0,0,0,0,3,0,0,0,0,3
房間的燈光是黃色的，晚上就會不夠亮。,0,1,0,0,0,0,0,3,0,0,0,0,3
冷氣聲音比較大一點，有點吵,0,1,0,0,0,0,0,3,0,0,0,0,3
帎頭太軟，窗沒隔音。,0,1,0,0,0,0,0,3,0,0,0,0,3
設施老舊，有股味道。,0,1,0,0,0,0,0,3,0,0,0,0,3
房間感覺是雙人房再另外塞一張床進去變成家庭房.整個空間變得很小.,0,1,0,0,0,0,0,3,0,0,0,0,3
枕頭太軟，房間燈光較為昏暗，個人喜好全黑睡覺，但燈光全關時原先的兩盞燈轉為小夜燈，找不到開關不知道如何關閉,0,1,0,0,0,0,0,3,0,0,0,0,3
蓮蓬頭有些漏水,0,1,0,0,0,0,0,3,0,0,0,0,3
1.浴室馬桶區沒排水孔到處溼答答而且地板感覺隨時會褟餡的2.電話線路都不通，網路也不穩ㄧ下就斷3.房間內還有蚊子,1,1,0,0,0,0,0,3,0,0,0,0,3
停車場不方便,0,1,0,0,0,0,0,3,0,0,0,0,3
蓮蓬頭好像壞了水很散,0,1,0,0,0,0,0,3,0,0,0,0,3
床太軟、隔音不好,0,1,0,0,0,0,0,3,0,0,0,0,3
廁所會漏水，隔音不太好，樓上在跑樓下都聽的到,0,1,0,0,0,0,0,3,0,0,0,0,3
隔音差，抽風機和冷氣也超吵,0,1,0,0,0,0,0,3,0,0,0,0,3
燈光暗了點,0,1,0,0,0,0,0,3,0,0,0,0,3
房間擺設真的很不好！連個桌子都沒！浴缸設計太深不方便上下！浴室也太小！臉盆旁無法放置用品很不方便！,0,1,0,0,0,0,0,3,0,0,0,0,3
1. 浴室地板會滲水，讓整間客房濕氣很重。,0,1,0,0,0,0,0,3,0,0,0,0,3
電梯老舊,0,1,0,0,0,0,0,3,0,0,0,0,3
停車位太少了位置沒了就只能停收費的地下一樓有洗衣烘衣很方便但是在地下一樓暗暗的一道門都半開裡面黑的感覺很詭異而且晚上自己下去用衣服不敢待太久後來又下去要看衣服好了沒其他房客自己在下面然後突然看到我也嚇到下面真的燈光那些什麼的真的很容易讓人覺得怕怕的,0,1,0,0,0,0,0,3,0,0,0,0,3
隔音待加強，有點潮濕，可能房間剛好位於管道間旁，晚上有水管異音,0,1,0,0,0,0,0,3,0,0,0,0,3
隔音太差,0,1,0,0,0,0,0,3,0,0,0,0,3
隔音差，但沒辦法聽得到在浴室洗澡上廁所的聲音 ,0,1,0,0,0,0,0,3,0,0,0,0,3
房門隔音太差，可以聽見走廊聲音,0,1,0,0,0,0,0,3,0,0,0,0,3
隔音稍差住宿的房間剛好無窗，有些幽閉感,0,1,0,0,0,0,0,3,0,0,0,0,3
房間有隔音問題。,0,1,0,0,0,0,0,3,0,0,0,0,3
隔音不適很好，在房間可以聽到公共浴室洗澡的聲音還有吹風機的聲音,0,1,0,0,0,0,0,3,0,0,0,0,3
隔音真的蠻差的,0,1,0,0,0,0,0,3,0,0,0,0,3
房間隔音不算好。,0,1,0,0,0,0,0,3,0,0,0,0,3
房間隔音比較不好，容易聽到其他聲音,0,1,0,0,0,0,0,3,0,0,0,0,3
隔音較差,0,1,0,0,0,0,0,3,0,0,0,0,3
隔音比較差,0,1,0,0,0,0,0,3,0,0,0,0,3
唯一缺點，隔音不好,0,1,0,0,0,0,0,3,0,0,0,0,3
空間小沒有窗戶 隔音超差,0,1,0,0,0,0,0,3,0,0,0,0,3
單人房的設計，可能會讓人誤會隔音很好，但其實不然，如果碰到會在外面喧嘩的鄰居，真的會吵到睡不著,0,1,0,0,0,0,0,3,0,0,0,0,3
隔音很差，導致睡眠品質糟糕。房門以及廁所門的設計非常差勁，半夜睡到一半常常被開關門聲驚醒。,0,1,0,0,0,0,0,3,0,0,0,0,3
隔音真的很一般進進出出吹風机生音很清楚 不知道住在裡面的人什么感受 噪音很大 對聲音有要求的不建議入住,0,1,0,0,0,0,0,3,0,0,0,0,3
唯一缺點是隔音不好，房間裡面都會聽到外面開關門聲音，影響睡眠。,0,1,0,0,0,0,0,3,0,0,0,0,3
隔音不太好 門外走動都很清楚,0,1,0,0,0,0,0,3,0,0,0,0,3
隔音非常差，整個晚上一直聽到浴室洗澡沖馬桶吹風機的聲音，戴耳塞也沒用,0,1,0,0,0,0,0,3,0,0,0,0,3
隔音有點不好  洗澡/吹頭髮都能聽到,0,1,0,0,0,0,0,3,0,0,0,0,3
隔音不好，開關門製造的聲音很大。,0,1,0,0,0,0,0,3,0,0,0,0,3
房間隔音稍差，但總比多人房好太多。,0,1,0,0,0,0,0,3,0,0,0,0,3
隔音差，容易被其他顧客打擾。,0,1,0,0,0,0,0,3,0,0,0,0,3
隔音有點差，聽的到別人洗澡的聲音,0,1,0,0,0,0,0,3,0,0,0,0,3
隔音不太好房門鎖設計要拉了才能關上每個房門開關的砰砰聲很明顯有附耳塞有改善但早上仍被吵醒對聲音敏感者宜考慮,0,1,0,0,0,0,0,3,0,0,0,0,3
隔音真的很糟糕，即使戴了耳塞也很糟，如果隔天有重要事項的人，請再三考慮。,0,1,0,0,0,0,0,3,0,0,0,0,3
隔音差，雖然在預料之內…,0,1,0,0,0,0,0,3,0,0,0,0,3
隔音效果有待加強,0,1,0,0,0,0,0,3,0,0,0,0,3
隔音差了點。,0,1,0,0,0,0,0,3,0,0,0,0,3
隔音美中不足,0,1,0,0,0,0,0,3,0,0,0,0,3
隔音不是太理想,0,1,0,0,0,0,0,3,0,0,0,0,3
隔音不好，每間開關門的聲音都聽的一清二楚,0,1,0,0,0,0,0,3,0,0,0,0,3
隔音不好，因為門鎖打開後會立刻自動上鎖，導致旅客關房門的聲音很大聲。,0,1,0,0,0,0,0,3,0,0,0,0,3
隔音效果不好,0,1,0,0,0,0,0,3,0,0,0,0,3
隔音有點不太好,0,1,0,0,0,0,0,3,0,0,0,0,3
隔音很差，是只要有房客開啟或關閉房門聲音就很大，另外有人於半夜才淋浴聲音也是很大。,0,1,0,0,0,0,0,3,0,0,0,0,3
浴室洗手台流水孔堵塞,0,1,0,0,0,0,0,3,0,0,0,0,3
隔音非常非常非常差,0,1,0,0,0,0,0,3,0,0,0,0,3
隔音有點差，房間內都還聽得到廁所吹風機的聲音，門外走動聲也明顯,0,1,0,0,0,0,0,3,0,0,0,0,3
隔音真的很差 我的房間還是在浴室正對面 被吵了一個晚上..（水聲、沖水聲、關門聲）,0,1,0,0,0,0,0,3,0,0,0,0,3
客房隔音非常差無法好好休息,0,1,0,0,0,0,0,3,0,0,0,0,3
隔音不好，遇到在房間大聲講電話講很久的房客(還開著房門聊)，真的很吵。,0,1,0,0,0,0,0,3,0,0,0,0,3
唯一美中不足的大概就是沒有免治馬桶,0,1,0,0,0,0,0,3,0,0,0,0,3
房間太小無窗,0,1,0,0,0,0,0,3,0,0,0,0,3
唯獨隔壁房間盥洗時，供水系統比較大聲。,0,1,0,0,0,0,0,3,0,0,0,0,3
無停車位.光找停車位就花了許多時間,0,1,0,0,0,0,0,3,0,0,0,0,3
房間可以再大些,0,1,0,0,0,0,0,3,0,0,0,0,3
 房間舊 ,0,1,0,0,0,0,0,3,0,0,0,0,3
床太硬 ，廁所除了淋浴間 ，其餘沒有排水設備 ，因此會積水不退 。另外 ，廁所是全透明不適合有小孩家庭,0,1,0,0,0,0,0,3,0,0,0,0,3
1.免治馬桶對者門，對腿長的人可能不適合，吹風機插頭，插不太住插座會脫落,0,1,0,0,0,0,0,3,0,0,0,0,3
1、房間無收訊，只能使用飯店提供的wifi（只想使用自己的網路，不想連公共網路）2、洗澡時蓮蓬頭與水管脫離，只能像澆花般洗澡，建議入住前，飯店可以先檢查設施妥善狀況。,0,1,0,0,0,0,0,3,0,0,0,0,3
隔音不是很好，希望其他客人在晚上的時候可以把聲音壓低,0,1,0,0,0,0,0,3,0,0,0,0,3
1.隔音差 2.半夜有人在洗澡，大聲講話擾民3.在二樓吃東西還有房客在大聲喧嘩做運動真傻眼,0,1,0,0,0,0,0,3,0,0,0,0,3
房間偏小，電梯與建築樓層中其他公司、餐廳共用，較不好等。,0,1,0,0,0,0,0,3,0,0,0,0,3
隔音實在太差，馬路聲音、鄰居開關門聲、鄰居鬧鐘聲，加上附的耳塞品質沒有很好。這部分可以再加強！,0,1,0,0,0,0,0,3,0,0,0,0,3
廁所洗髮乳跟沐浴乳有些淋浴間是空的,0,1,0,0,0,0,0,3,0,0,0,0,3
床太軟 軟到會不舒服的那種，希望可以改進。,0,1,0,0,0,0,0,3,0,0,0,0,3
隔音比較不好之外其他都還好另外因為住地下室房型的關係，訊號差的可以（但是有wifi所以整體上來說還可以）,0,1,0,0,0,0,0,3,0,0,0,0,3
隔壁房間手機鬧鐘響的時候，可以順便聽到，很方便，下次不會來住了,0,1,0,0,0,0,0,3,0,0,0,0,3
冷氣太冷,0,1,0,0,0,0,0,3,0,0,0,0,3
設施有點舊,0,1,0,0,0,0,0,3,0,0,0,0,3
浴室真的要改善 不然真的很容易滑倒大人小孩真的要小心,0,1,0,0,0,0,0,3,0,0,0,0,3
廁所燈會自己暗掉，嚇到我,0,1,0,0,0,0,0,3,0,0,0,0,3
別太期待免治馬桶的房型,0,1,0,0,0,0,0,3,0,0,0,0,3
實際上就不是親子房，就是一般的商務套房而已，還說家庭適合狗屁,0,1,0,0,0,0,0,3,0,0,0,0,3
健身房在地下一樓，位置稍微偏僻且紅色樓梯小有壓迫感停車位偏少,0,1,0,0,0,0,0,3,0,0,0,0,3
打開空調時，會有淡淡的菸味飄出。不然原本房間都很棒,0,1,0,0,0,0,0,3,0,0,0,0,3
雖有停車場，但車位有限，若晚上出門回來後，有可能面臨無位可停的狀況，是最可惜的地方,0,1,0,0,0,0,0,3,0,0,0,0,3
洗澡在浴缸中有點不方便，尤其進去時有點高度，對於老人或小孩 ，可能比較不方便 改成淋浴式  ，兼具省水， 也不會有水濺至地板上 ， 防止濕滑如果可以 ， 改成免治馬桶  ，會更有魅力的。,0,1,0,0,0,0,0,3,0,0,0,0,3
烘衣機如果是不能使用，或是要讓客戶等很久的話，就不需要讓這個服務產生。,0,1,0,0,0,0,0,3,0,0,0,0,3
買靠窗房型結果是廁所靠窗是哪招啊？,0,1,0,0,0,0,0,3,0,0,0,0,3
停車場都是月租車，房客是要停哪裡,0,1,0,0,0,0,0,3,0,0,0,0,3
四人房靠窗的床座是木合式地板，家母剛進房間，窗簾沒有閉合，看著窗外的夜景走向窗戶時未能發現有高低落差被木合式地板絆倒，當時雙腳破皮流血隔天瘀青，心裡很心疼，在這裡善意提醒貴飯店可以在高低落差地方放一個汽球或很輕的障礙物擋住通道，房客進房後可以馬上發現且容易的將障礙物放到旁邊（主要要讓房客一進去就能第一眼看到那裡是個高低落差要很小心。,0,1,0,0,0,0,0,3,0,0,0,0,3
浴室排水孔有點堵塞，唉,0,1,0,0,0,0,0,3,0,0,0,0,3
牙刷太小及浴室門採推拉式無鎖，小小孩較易夾手。,0,1,0,0,0,0,0,3,0,0,0,0,3
房間空間不大，不是很喜歡  ,0,1,0,0,0,0,0,3,0,0,0,0,3
冷氣空調忽冷忽熱，很難受,0,1,0,0,0,0,0,3,0,0,0,0,3
浴室內如有小型置物架會更方便，在鏡子前吹頭髮或梳化房內的感應燈有點煩,0,1,0,0,0,0,0,3,0,0,0,0,3
無置放行李空間,0,1,0,0,0,0,0,3,0,0,0,0,3
電視放在樓下不知道怎麼看,0,1,0,0,0,0,0,3,0,0,0,0,3
電視位置有點可惜隔音不太好，樓上沖馬桶的聲音超清楚,0,1,0,0,0,0,0,3,0,0,0,0,3
有窗，但不能看外面風景,0,1,0,0,0,0,0,3,0,0,0,0,3
房間內樓梯陡峭滑溜，很容易滑腳摔落,0,1,0,0,0,0,0,3,0,0,0,0,3
睡的地方格局有些壓迫,0,1,0,0,0,0,0,3,0,0,0,0,3
諾大的台中，第一次住在這麼這麼tiny的房間，坐馬桶會錯覺自己是大長腿，無處安放膝蓋哩。,0,1,0,0,0,0,0,3,0,0,0,0,3
空間小小小，不好活動,0,1,0,0,0,0,0,3,0,0,0,0,3
有沒有可能小聲點， only的架上晾內褲、短褲，沒空間可掛，以空間來說也不夠掛八條毛巾，會貼在一起，能否再多條橫槓來掛，，乾的空間的可放待穿衣物，脫下的可掛著，待穿的可有地方平放，要穿時也方便拿取，以現有空間配置看來，不會跟毛巾浴巾混一起，也確保未用毛巾浴巾的清潔；，能否在梳妝區也放？垃圾桶若能改用腳踏掀蓋式會較便利，因為不管是刷牙洗臉或化妝卸妝，，分到的鞋櫃在最高層，櫃門又高又緊，打開不易、放鞋子得很小心一定要盡量靠外面，很怕放了會拿不到，放或取都必須用手伸高去摸索。放鞋子的位置能否有其他位置可選擇？,0,1,0,0,0,0,0,3,0,0,0,0,3
套房只有一個房卡，因為從櫃檯入住宿區要刷房卡，這時候外出買東西，進出時會比較不方便。,0,1,0,0,0,0,0,3,0,0,0,0,3
房間牆上的圖案是蜥蜴圖，很嚇人,0,1,0,0,0,0,0,3,0,0,0,0,3
房間燈光亮度稍嫌不足,0,1,0,0,0,0,0,3,0,0,0,0,3
蓮蓬頭的水壓可以稍微調低一點，像極了印度的眼鏡蛇秀xd,0,1,0,0,0,0,0,3,0,0,0,0,3
十二樓交宜廳可再規劃發展目前狀況不是很好,0,1,0,0,0,0,0,3,0,0,0,0,3
 只要有人洗手 洗澡 就很清楚 因為不是行程滿檔的旅行 不夠累真的睡不著,0,1,0,0,0,0,0,3,0,0,0,0,3
有點沒有隱私可以掛個簾子會更好,0,1,0,0,0,0,0,3,0,0,0,0,3
可掛衣服的地方太少了,0,1,0,0,0,0,0,3,0,0,0,0,3
沒什麼地方可以放行李，小可惜,0,1,0,0,0,0,0,3,0,0,0,0,3
本來訂雙人床，結果變成兩個單人床，心情不是很好,0,1,0,0,0,0,0,3,0,0,0,0,3
浴室不太通風，有開窗會比較好,0,1,0,0,0,0,0,3,0,0,0,0,3
房間空調系統有煙味，可考慮做調整,0,1,0,0,0,0,0,3,0,0,0,0,3
樓板可能薄了點。樓上小朋友跳一跳我都很有感。,0,1,0,0,0,0,0,3,0,0,0,0,3
浴室外無吸水地毯，應該鋪張地毯，才不會出來腳濕濕的又踩去房間,0,1,0,0,0,0,0,3,0,0,0,0,3
安排的房間位置不好,0,1,0,0,0,0,0,3,0,0,0,0,3
洗澡熱水部分要改善 還有水量能大一點,0,1,0,0,0,0,0,3,0,0,0,0,3
電視節目過少，建議有電影台，希望可以顧及年輕顧客的需求,0,1,0,0,0,0,0,3,0,0,0,0,3
隔音效果比較差，提供的停車場需要在走一小段路程比較不方便，但，在這裡有停車為低價,0,1,0,0,0,0,0,3,0,0,0,0,3
停車場要走兩個路口，有點遠,0,1,0,0,0,0,0,3,0,0,0,0,3
電視頻道少且沒有小孩可以看，洗手台在浴室外面，洗臉刷牙都需要在浴室外訂房網站圖片有兩大面窗戶漂亮夜景，實際入住只有一面窗建築物遮蔽景,0,1,0,0,0,0,0,3,0,0,0,0,3
冷氣機聲音大,0,1,0,0,0,0,0,3,0,0,0,0,3
太晚回去 停車位很滿 希望有其他停車場有配合的車位 晚回飯店才沒有壓力,0,1,0,0,0,0,0,3,0,0,0,0,3
 影音設備不足比較可惜一點,0,1,0,0,0,0,0,3,0,0,0,0,3
洗澡空間稍微小了些，手臂會撞到玻璃。,0,1,0,0,0,0,0,3,0,0,0,0,3
浴室的簾子遮蔽效果可以再密合一點會更好、因為總是覺得外面會看到。,0,1,0,0,0,0,0,3,0,0,0,0,3
隔音，排水管水流聲超大很吵,0,1,0,0,0,0,0,3,0,0,0,0,3
我們是雙人房，說是幫我們自動升級一進房……變成四人房或許價格上多了幾百元但感覺沒有比較好……,0,1,0,0,0,0,0,3,0,0,0,0,3
停車場有點遠如果再近一點點就更完美了。,0,1,0,0,0,0,0,3,0,0,0,0,3
房間有點小如果能大一點會更好,0,1,0,0,0,0,0,3,0,0,0,0,3
客房在餐廳旁，早上有點吵,0,1,0,0,0,0,0,3,0,0,0,0,3
廁所水管聲音太大，樓上一沖水，馬上就知道,0,1,0,0,0,0,0,3,0,0,0,0,3
自助洗衣永遠是在運作當中，從白天到晚上，但輪不到我,0,1,0,0,0,0,0,3,0,0,0,0,3
給大家一個非常重要及誠心的建議：千萬不要騎該依館免費的自行車，話衹能講到此，不想詳述請聽的進去,0,1,0,0,0,0,0,3,0,0,0,0,3
停車便利性尚有進步空間,0,1,0,0,0,0,0,3,0,0,0,0,3
飯店比較有時間性了，都沒有整修，比較可惜,0,1,0,0,0,0,0,3,0,0,0,0,3
唯一希望能改善的部分是牆壁能重新粉刷，已經被小朋友畫的亂七八糟，看起來不是那麼美觀,0,1,0,0,0,0,0,3,0,0,0,0,3
沒有陽傘跟躺椅，隔壁的凱撒都有。,0,1,0,0,0,0,0,3,0,0,0,0,3
浴室水壓小不好洗,0,1,0,0,0,0,0,3,0,0,0,0,3
沒什麼設施可以在室內玩,0,1,0,0,0,0,0,3,0,0,0,0,3
商場建構半年前已接近完成，半年前去的時候讓人相當期待，這次去期待滿滿，卻仍然還在施工中，有點失望,0,1,0,0,0,0,0,3,0,0,0,0,3
雖然有心理準備，不過整體空間還是太小。,0,1,0,0,0,0,0,3,0,0,0,0,3
唯一小小的缺點大概是吹風機沒有很熱 ,0,1,0,0,0,0,0,3,0,0,0,0,3
早餐位子少,0,1,0,0,0,0,0,3,0,0,0,0,3
早餐座位太密集,0,1,0,0,0,0,0,3,0,0,0,0,3
早餐座位數量不足,0,1,0,0,0,0,0,3,0,0,0,0,3
早餐地點在一樓的夾層，沒有電梯所以帶娃娃車有點不方便,0,1,0,0,0,0,0,3,0,0,0,0,3
樓中樓半夜要上廁所不太方便,0,1,0,0,0,0,0,3,0,0,0,0,3
房間地方太小了，擠到受不了,0,1,0,0,0,0,0,3,0,0,0,0,3
半夜冷氣自動停止,0,1,0,0,0,0,0,3,0,0,0,0,3
早餐地方太擠了,0,1,0,0,0,0,0,3,0,0,0,0,3
入住多次，這回美中不足的是浴室門超級難開啟,0,1,0,0,0,0,0,3,0,0,0,0,3
房間晚上有低頻的噪音，房間牆上有明顯裂痕,0,1,0,0,0,0,0,3,0,0,0,0,3
只是隔音有點不好,0,1,0,0,0,0,0,3,0,0,0,0,3
只有隔音比較不好，大家走來走去的聲音都聽得到，塞耳塞還是會容易吵醒QQ,0,1,0,0,0,0,0,3,0,0,0,0,3
除了隔音,0,1,0,0,0,0,0,3,0,0,0,0,3
除了隔音不好,0,1,0,0,0,0,0,3,0,0,0,0,3
除了設施有點舊 ,0,1,0,0,0,0,0,3,0,0,0,0,3
希望房間天花板不要有鏡子 ,0,1,0,0,0,0,0,3,0,0,0,0,3
隔音效果不太好， ,0,1,0,0,0,0,0,3,0,0,0,0,3
美中不足的地方是廁所洗髮乳跟沐浴乳有些淋浴間是空的,0,1,0,0,0,0,0,3,0,0,0,0,3
隔音差，務必要戴上耳塞才能入睡,0,1,0,0,0,0,0,3,0,0,0,0,3
隔音不佳,0,1,0,0,0,0,0,3,0,0,0,0,3
隔音會比較差一點 ,0,1,0,0,0,0,0,3,0,0,0,0,3
只是洗澡空間稍微小了些，手臂會撞到玻璃。,0,1,0,0,0,0,0,3,0,0,0,0,3
隔音較差。,0,1,0,0,0,0,0,3,0,0,0,0,3
唯一小小的缺點大概是吹風機沒有很熱,0,1,0,0,0,0,0,3,0,0,0,0,3
因為是大樓用電梯，有時要等比較久,0,1,0,0,0,0,0,3,0,0,0,0,3
吹風機共用，使用時間需配合好。沒有電梯，樓梯很迷你，行李不建議帶太大。,0,1,0,0,0,0,0,3,0,0,0,0,3
比較喜歡有窗房間,0,1,0,0,0,0,0,3,0,0,0,0,3
如果有提供小孩遊戲室或泳池就更棒了！,0,1,0,0,0,0,0,3,0,0,0,0,3
台階有點高~要小心,0,1,0,0,0,0,0,3,0,0,0,0,3
浴室如果能有置物架就更好了,0,1,0,0,0,0,0,3,0,0,0,0,3
因無窗，若有空氣清新機較佳,0,1,0,0,0,0,0,3,0,0,0,0,3
洗手台在外面，很容易地板濕。自己要很小心，也怕讓打掃阿姨太辛苦，不好整理。,0,1,0,0,0,0,0,3,0,0,0,0,3
大廳的白色燈光很出戲，建議改成暖黃色，更有回家的感覺,0,1,0,0,0,0,0,3,0,0,0,0,3
電視可以大一些.,0,1,0,0,0,0,0,3,0,0,0,0,3
大廳可以亮一點 ,0,1,0,0,0,0,0,3,0,0,0,0,3
停車場位子有限！！,0,1,0,0,0,0,0,3,0,0,0,0,3
床...普普,0,1,0,0,0,0,0,3,0,0,0,0,3
房間沒有飲水設備，我住二樓房間要步行上一層才有冷熱水飲用機。,0,1,0,0,0,0,0,3,0,0,0,0,3
硬件需要更新,0,1,0,0,0,0,0,3,0,0,0,0,3
房間浴室需要維修一下了,0,1,0,0,0,0,0,3,0,0,0,0,3
洗烘衣机只一套，要排隊,0,1,0,0,0,0,0,3,0,0,0,0,3
馬桶和門機會貼近 腳會頂開門喔！,0,1,0,0,0,0,0,3,0,0,0,0,3
隔音能在好一點點就好,0,1,0,0,0,0,0,3,0,0,0,0,3
一歲以上的孩子不適合建議可以考慮換成中型或大一些的嬰兒床床，我想 有些家庭應該跟我們一樣不和寶寶共床的（安全考量）家庭房的玩具壞損，不過孩子也還不懂玩這～,0,1,0,0,0,0,0,3,0,0,0,0,3
如果衛浴空間能保有隱私與地滑改善，有機會的話會再回來。,0,1,0,0,0,0,0,3,0,0,0,0,3
房間舊 大小尚可 ,0,1,0,0,0,0,0,3,0,0,0,0,3
只是電視與床距離太近了！,0,1,0,0,0,0,0,3,0,0,0,0,3
若廁所管道會飄出屎味的問題能夠改善的話就更完美了！,0,1,0,0,0,0,0,3,0,0,0,0,3
床軟硬度適中、枕頭略嫌矮一點但尚可接受。冷氣出風口超涼的！,0,1,0,0,0,0,0,3,0,0,0,0,3
停車位有限,0,1,0,0,0,0,0,3,0,0,0,0,3
床旁邊是窗好危險,0,1,0,0,0,0,0,3,0,0,0,0,3
停車場坡道角度太大、底盤低的車要小心,0,1,0,0,0,0,0,3,0,0,0,0,3
房無衣架,0,1,0,0,0,0,0,3,0,0,0,0,3
原訂一張加大雙人床，現場是兩張單人床拼成大床。,0,1,0,0,0,0,0,3,0,0,0,0,3
透明廁所玻璃最起碼設個窗簾之類的,0,1,0,0,0,0,0,3,0,0,0,0,3
建議增加可掛毛巾及浴巾的地方,0,1,0,0,0,0,0,3,0,0,0,0,3
無障礙房間的洗手間座廁沒有蓋版，雖然了解到是受制於無障礙房間的設備，若果有自動打開的蓋版就解決了這個問題，現在衛生意識真的很重要呢,0,1,0,0,0,0,0,3,0,0,0,0,3
廁所門是透明的,0,1,0,0,0,0,0,3,0,0,0,0,3
咖啡機可多一台,0,1,0,0,0,0,0,3,0,0,0,0,3
不知為何房間空調一直太冷，調整溫度也降不下來，還好被子夠大。,0,1,0,0,0,0,0,3,0,0,0,0,3
如果增加一些可以挂西的架子，我想更完美,0,1,0,0,0,0,0,3,0,0,0,0,3
淋浴的水量若再大些會更佳,0,1,0,0,0,0,0,3,0,0,0,0,3
浴室要小心會滑,0,1,0,0,0,0,0,3,0,0,0,0,3
無地下停車位,0,1,0,0,0,0,0,3,0,0,0,0,3
竟然是飯店，還是要有飯店式管理，出入電梯建議要有房卡管制,0,1,0,0,0,0,0,3,0,0,0,0,3
早餐位置冷氣很冷，要慎選位置。,0,1,0,0,0,0,0,3,0,0,0,0,3
建議夫妻或者親密情侶入住這房型。如果是朋友的話會比較尷尬。因為房間跟浴室只隔一扇玻璃以及有點透明的窗簾，所以無論洗澡泡澡或者廁所，都可以看的很清楚 ,0,1,0,0,0,0,0,3,0,0,0,0,3
浴室地磚的材質超級滑,0,1,0,0,0,0,0,3,0,0,0,0,3
盥洗用品可以改罐裝式會更方便。,0,1,0,0,0,0,0,3,0,0,0,0,3
房間有房中門，,0,1,0,0,0,0,0,3,0,0,0,0,3
不一定會有停車位,0,1,0,0,0,0,0,3,0,0,0,0,3
房間沒室內拖鞋房間內的鎖不是感應的，外出時需用鑰匙自己上鎖,0,1,0,0,0,0,0,3,0,0,0,0,3
希望房間電視收訊可以再改善一下，就更好了,0,1,0,0,0,0,0,3,0,0,0,0,3
停車格小,0,1,0,0,0,0,0,3,0,0,0,0,3
洗衣機跟烘衣機可以增加的話更好。,0,1,0,0,0,0,0,3,0,0,0,0,3
床是單人合併，不是整個大床,0,1,0,0,0,0,0,3,0,0,0,0,3
房間窗戶可以改成氣密窗,0,1,0,0,0,0,0,3,0,0,0,0,3
房間有根柱子,0,1,0,0,0,0,0,3,0,0,0,0,3
房間格局不正 像是邪角區 不適合當客房 適合當茶水間或者健身區及其它用途 ,0,1,0,0,0,0,0,3,0,0,0,0,3
有個小建議，飯店是一般大小的雙人床沒有加大，可能因為自己習慣睡加大的床，所以略顯的稍小些，如果是加大的床會更好 ,0,1,0,0,0,0,0,3,0,0,0,0,3
房間偏長方型的。,0,1,0,0,0,0,0,3,0,0,0,0,3
無特別不喜歡的，但要注意的是，房間隔音稍差，如果習慣早睡，容易被隔壁房間的聊天聲音影響，不過到晚點大家都睡了就還好。 床墊是稍微軟一點，枕頭較高，但這很看個人的喜好來決定，如果是疲勞過後的一天，睡好應該是不成問題。,0,1,0,0,0,0,0,3,0,0,0,0,3
希望下次房內能有小沙發,0,1,0,0,0,0,0,3,0,0,0,0,3
有穿衣鏡會更加分,0,1,0,0,0,0,0,3,0,0,0,0,3
沒有台灣的新聞台,0,1,0,0,0,0,0,3,0,0,0,0,3
浴室地板濕了之後很滑，建議鋪防滑的,0,1,0,0,0,0,0,3,0,0,0,0,3
無浴缸,0,1,0,0,0,0,0,3,0,0,0,0,3
希望能增設個浴巾與毛巾的回收桶在房內，這樣使用完就可以直接放在回收桶內，而不至於使用完不知道該擺哪．　謝謝,0,1,0,0,0,0,0,3,0,0,0,0,3
房間一進去就洗手台,0,1,0,0,0,0,0,3,0,0,0,0,3
行李箱建議以登機箱大小為主，房間能置放行李後攤開的空間有限。,0,1,0,0,0,0,0,3,0,0,0,0,3
最近發現廁所拉門的縫隙蠻大的，從門的側面跟上面可以看得到裡面透明隔間的浴室，如果非單人入住又很重視盥洗時的隱私的話最好選別的房型。,0,1,0,0,0,0,0,3,0,0,0,0,3
樓梯的部分是木頭樓梯，很怕跌倒不穩固，若改成金屬加木頭材質的樓梯會更好,0,1,0,0,0,0,0,3,0,0,0,0,3
在床上無法看到電視，電視建議可以安裝個活動架，,0,1,0,0,0,0,0,3,0,0,0,0,3
因為是夾層式的房間，起身時要小心頭撞到天花板。,0,1,0,0,0,0,0,3,0,0,0,0,3
房間樓梯比較危險，不建議帶小孩,0,1,0,0,0,0,0,3,0,0,0,0,3
隔音設備可以更好一點,0,1,0,0,0,0,0,3,0,0,0,0,3
廁所的窗戶是建議不要開，怕小黑蚊飛進來，可是不開霧氣又太重 ,0,1,0,0,0,0,0,3,0,0,0,0,3
爬上床的樓梯要小心,0,1,0,0,0,0,0,3,0,0,0,0,3
空間再大些就完美。,0,1,0,0,0,0,0,3,0,0,0,0,3
房間略小，但是也理解火站附近金地段,0,1,0,0,0,0,0,3,0,0,0,0,3
樓梯只有下樓第一階有防滑條，其他階沒有，還是要小心不然會滑,0,1,0,0,0,0,0,3,0,0,0,0,3
很蝸居上下床要小心,0,1,0,0,0,0,0,3,0,0,0,0,3
太小了，真的是mini，適合年輕人，需要爬上爬下的，老人家還是比較喜歡大一點的空間,0,1,0,0,0,0,0,3,0,0,0,0,3
電視不在床的周圍因為床在閣樓，但電視在樓下，比較可惜一點點。,0,1,0,0,0,0,0,3,0,0,0,0,3
微小 電視位置很奇妙,0,1,0,0,0,0,0,3,0,0,0,0,3
希望在洗手台處能增加洗手乳皂，方便手部清潔。,0,1,0,0,0,0,0,3,0,0,0,0,3
夜間是否可以站在環保 角度，節省一些照明設備？燈火通明的公共空間不一定與安全疑慮有關,0,1,0,0,0,0,0,3,0,0,0,0,3
水龍頭位置小卡,0,1,0,0,0,0,0,3,0,0,0,0,3
可惜沒有停車，要到附近洛陽停車停車,0,1,0,0,0,0,0,3,0,0,0,0,3
廁所面對床,0,1,0,0,0,0,0,3,0,0,0,0,3
房間在地下室,0,1,0,0,0,0,0,3,0,0,0,0,3
可以提供公共飲水機（熱水）,0,1,0,0,0,0,0,3,0,0,0,0,3
地下一樓房間太過密集，擔心意外發生的疏散動線,0,1,0,0,0,0,0,3,0,0,0,0,3
空調聲音較大，燈很亮，可以增設小燈,0,1,0,0,0,0,0,3,0,0,0,0,3
如果有機車停車處就更好了,0,1,0,0,0,0,0,3,0,0,0,0,3
雖然不會很大聲但還是聽得到電梯出入的聲音,0,1,0,0,0,0,0,3,0,0,0,0,3
停車位要先搶先贏，這點如果能改善就完美了,0,1,0,0,0,0,0,3,0,0,0,0,3
床的擺設位置如官網照片，會過敏或怕冷的人要考慮一下,0,1,0,0,0,0,0,3,0,0,0,0,3
唯一美中不足是，雖然訂房時已選填男性單人房，但入住時發現飯店提供的單人房是位於女性宿舍的內部，向工作人員反映後得知單人間是混合的，男女宿舍內各有數間單人間，若有顧慮者建議考慮此一因素。,0,1,0,0,0,0,0,3,0,0,0,0,3
希望可以有澡盆,0,1,0,0,0,0,0,3,0,0,0,0,3
可以的話，給入住青年館的客人附上毛巾，就更好了。,0,1,0,0,0,0,0,3,0,0,0,0,3
衛浴並非乾濕分離,0,1,0,0,0,0,0,3,0,0,0,0,3
如果有代步的電動車之類的交通工具會更好,0,1,0,0,0,0,0,3,0,0,0,0,3
希望每個房間內可以提供小洗衣籃。,0,1,0,0,0,0,0,3,0,0,0,0,3
必須到房間外使用廁所衛浴,0,1,0,0,0,0,0,3,0,0,0,0,3
停車位不多，有開車建議早點入住,0,1,0,0,0,0,0,3,0,0,0,0,3
哈 如果有窗就更好啦,0,1,0,0,0,0,0,3,0,0,0,0,3
枕頭有點高，如果可以更好躺就完美了,0,1,0,0,0,0,0,3,0,0,0,0,3
唯一的缺點就是停車問題，開車下來玩的朋友可能要早一點停樓下停車場，不然就要像我太晚停只能在外面付費找停車格就只有這點比較麻煩,0,1,0,0,0,0,0,3,0,0,0,0,3
車位有限,0,1,0,0,0,0,0,3,0,0,0,0,3
希望房間能有全身鏡,0,1,0,0,0,0,0,3,0,0,0,0,3
大廳建議增加桌子,0,1,0,0,0,0,0,3,0,0,0,0,3
隔音可更好,0,1,0,0,0,0,0,3,0,0,0,0,3
房間小,0,1,0,0,0,0,0,3,0,0,0,0,3
四人房很奇妙,0,1,0,0,0,0,0,3,0,0,0,0,3
個人覺得沒啥缺點可挑剔，若樓層有飲水機就更棒了,0,1,0,0,0,0,0,3,0,0,0,0,3
沒有拋棄式拖鞋,0,1,0,0,0,0,0,3,0,0,0,0,3
空調聲音較大,0,1,0,0,0,0,0,3,0,0,0,0,3
沒有第四台,0,1,0,0,0,0,0,3,0,0,0,0,3
可考慮加一把梳子及潤絲精或謢乳,0,1,0,0,0,0,0,3,0,0,0,0,3
免費停車場有點距離，步行需要五分鐘,0,1,0,0,0,0,0,3,0,0,0,0,3
使用水樂園需要另外付費,0,1,0,0,0,0,0,3,0,0,0,0,3
公共區域景觀希望可以改善，其實上簡單的裝飾與燈飾也能讓遊客感受更多的舒適。,0,1,0,0,0,0,0,3,0,0,0,0,3
希望健身房可以有一個專區,0,1,0,0,0,0,0,3,0,0,0,0,3
不是不滿意，建議泳池邊可以放點輕音樂。,0,1,0,0,0,0,0,3,0,0,0,0,3
住宿房間在半戶外，因下雨天又有帶小朋友跟長輩很害怕有跌倒的危險,0,1,0,0,0,0,0,3,0,0,0,0,3
開放設施時間能增加上午至中午時段，讓隔日退房前的顧客還能享有使用設施的機會。,0,1,0,0,0,0,0,3,0,0,0,0,3
有些地方在裝修,0,1,0,0,0,0,0,3,0,0,0,0,3
因工作關係，到飯店已經接近半夜時分了。停車位已滿，只能停在附近的停車格內。房間的空間雖不大，一個人商務夠用了。,0,1,0,0,0,0,0,3,0,0,0,0,3
1.室內拖鞋，希望改環保式，穿完就可丟棄。2.房間再放一個小桌子，方便用餐及辦公。,0,1,0,0,0,0,0,3,0,0,0,0,3
只有一個插頭充電樓梯,0,1,0,0,0,0,0,3,0,0,0,0,3
可以多一些掛勾 或是衣架,0,1,0,0,0,0,0,3,0,0,0,0,3
房間太小,0,1,0,0,0,0,0,3,0,0,0,0,3
如果浴室有花灑就好了,0,1,0,0,0,0,0,3,0,0,0,0,3
浴室、廁所的部分，空調，白天較悶熱,0,1,0,0,0,0,0,3,0,0,0,0,3
床較小,0,1,0,0,0,0,0,3,0,0,0,0,3
隔音真的會比較差一些，但入夜後大家還是有注意音量,0,1,0,0,0,0,0,3,0,0,0,0,3
我是覺得放置熱水壺那邊需要有個電燈,0,1,0,0,0,0,0,3,0,0,0,0,3
窗簾應該可以在厚一點，透光。,0,1,0,0,0,0,0,3,0,0,0,0,3
浴廁空調，會感覺比較熱。,0,1,0,0,0,0,0,3,0,0,0,0,3
浴室內建議可以增設置物空間及插座,0,1,0,0,0,0,0,3,0,0,0,0,3
房間沒衣櫃,0,1,0,0,0,0,0,3,0,0,0,0,3
房間略小,0,1,0,0,0,0,0,3,0,0,0,0,3
雖然是全新蓋的 隔音不錯但是感覺還好,0,1,0,0,0,0,0,3,0,0,0,0,3
建議挪點公共空間增加兒童方面的娛樂設施可以讓小孩放電，家長能有一點悠閒時間,0,1,0,0,0,0,0,3,0,0,0,0,3
建議可以多個衣帽架，讓我們掛外套、帽子,0,1,0,0,0,0,0,3,0,0,0,0,3
早餐時段分流後人潮仍顯擁擠，在防疫期間兩人桌的桌距不應太近，或至少應加裝隔板，一點建議。,0,1,0,0,0,0,0,3,0,0,0,0,3
個人習慣自帶沐浴用品，但淋浴間沒有物品架可放置，建議加裝物品架，會方便許多。,0,1,0,0,0,0,0,3,0,0,0,0,3
如果有澡盆就更完美了,0,1,0,0,0,0,0,3,0,0,0,0,3
房間有比較小,0,1,0,0,0,0,0,3,0,0,0,0,3
浴室 盥洗水量略小，希望能大一點,0,1,0,0,0,0,0,3,0,0,0,0,3
房間格局略小。,0,1,0,0,0,0,0,3,0,0,0,0,3
希望有頂樓有酒吧之類的地方，可以賞夜景聊聊天,0,1,0,0,0,0,0,3,0,0,0,0,3
如果浴室可以有架子放自己帶的沐浴用品會更好。,0,1,0,0,0,0,0,3,0,0,0,0,3
浴室地板比較滑,0,1,0,0,0,0,0,3,0,0,0,0,3
沒有usb頭，涼地方增設掛衣服地方,0,1,0,0,0,0,0,3,0,0,0,0,3
須排隊停地下立體停車位,0,1,0,0,0,0,0,3,0,0,0,0,3
希望電視可以多些台灣節目，而非只有傳統三台及其衛星台，其餘皆為大陸頻道,0,1,0,0,0,0,0,3,0,0,0,0,3
淋浴間內可設置個放私人沐浴用品的吸盤可在房間多設置個鏡子,0,1,0,0,0,0,0,3,0,0,0,0,3
房間冷氣會對著頭吹,0,1,0,0,0,0,0,3,0,0,0,0,3
希望酒店能提供行李架。另外淋浴室內加設小架，讓客人擺放自己的涼洗用品。,0,1,0,0,0,0,0,3,0,0,0,0,3
希望能有洗衣機及烘衣機,0,1,0,0,0,0,0,3,0,0,0,0,3
房間空間再大一點更完美,0,1,0,0,0,0,0,3,0,0,0,0,3
房間不大，使用空間有限,0,1,0,0,0,0,0,3,0,0,0,0,3
衣架如果可以多幾個會更好,0,1,0,0,0,0,0,3,0,0,0,0,3
房間有更大的桌子會更好,0,1,0,0,0,0,0,3,0,0,0,0,3
沒有不滿意，只希望洗手台可以多一個化妝鏡就更棒了，然後改白燈。,0,1,0,0,0,0,0,3,0,0,0,0,3
停車場出入口單車道雙向。房卡是固定感應式的，有被盜拷的風險，且搭乘電梯不用刷房卡。,0,1,0,0,0,0,0,3,0,0,0,0,3
樓中樓的床邊窗戶看出去很美，但是起身要小心很容易撞到頭   ,0,1,0,0,0,0,0,3,0,0,0,0,3
如果房內有全身鏡、書桌、暖氣的話直接完美,0,1,0,0,0,0,0,3,0,0,0,0,3
建議空調可以再給降低溫度,0,1,0,0,0,0,0,3,0,0,0,0,3
如果能有全身鏡或是化妝鏡直接完美,0,1,0,0,0,0,0,3,0,0,0,0,3
電視節目本國的較少，雖然有藍光電影，可能旅客較多元吧！,0,1,0,0,0,0,0,3,0,0,0,0,3
希望電視頻道可以在多一些,0,1,0,0,0,0,0,3,0,0,0,0,3
一般雙人房空間能大一點就好,0,1,0,0,0,0,0,3,0,0,0,0,3
淋浴間置放盥洗物空間可以多一點,0,1,0,0,0,0,0,3,0,0,0,0,3
浴室淋浴時水會噴濺出來，能增加門簾或玻璃門改為全關就更好,0,1,0,0,0,0,0,3,0,0,0,0,3
此次住的房型無乾濕分離,0,1,0,0,0,0,0,3,0,0,0,0,3
多一些燈光可使房間更理想。,0,1,0,0,0,0,0,3,0,0,0,0,3
室內空間比較小,0,1,0,0,0,0,0,3,0,0,0,0,3
建議浴室增設浴簾或趟門,0,1,0,0,0,0,0,3,0,0,0,0,3
淋浴間玻璃牆且沒門,0,1,0,0,0,0,0,3,0,0,0,0,3
半夜上廁所時，若開燈會影響到其他人，燈會照射到床這邊,0,1,0,0,0,0,0,3,0,0,0,0,3
床有輪子,0,1,0,0,0,0,0,3,0,0,0,0,3
標準雙人房離逃生設備太過近，床邊容易一直撞到。,0,1,0,0,0,0,0,3,0,0,0,0,3
隔音不良,0,1,0,0,0,0,0,3,0,0,0,0,3
隔音不大好 別的房間洗澡都聽得到,0,1,0,0,0,0,0,3,0,0,0,0,3
吧檯的椅子只有一張，有點少，很可惜！還有房內的鏡子只有廁所裡一面，如果可以在小客廳或吧檯再增加一面會更好喔！,0,1,0,0,0,0,0,3,0,0,0,0,3
不知道是每間樓中樓房都一樣還是只有我們入住的這間，覺得房內燈光太少、光源太暗，尤其晚上感受更明顯，希望可以多配置一點電燈照明會更好哦！,0,1,0,0,0,0,0,3,0,0,0,0,3
隔壁洗澡的聲音聽的到,0,1,0,0,0,0,0,3,0,0,0,0,3
隔音差、房間小,0,1,0,0,0,0,0,3,0,0,0,0,3
設備不足！四人房只有一個雙人沙發跟小小邊桌，沒地方坐跟放行李。,0,1,0,0,0,0,0,3,0,0,0,0,3
房間內只有一張小茶几，沒有擺放物品的桌面，對有小孩的家庭（小用品很多）不太方便,0,1,0,0,0,0,0,3,0,0,0,0,3
隔音有待加強，半夜聽到隔壁房間聊天聊很嗨！住宿空間非常狹窄，行李箱沒地方可以置放開啟！,0,1,0,0,0,0,0,3,0,0,0,0,3
隔音不是很好，可以清楚聽到隔壁及走廊上，人員的聲音。,0,1,0,0,0,0,0,3,0,0,0,0,3
玄關感應燈剛好在手台附近一點，但站在手台久了會感熄掉， 手台本身燈光需要加上玄關燈才夠亮看，如果有鏡子或梳妝燈會好很多，就不需要一直去感應玄關燈,0,1,0,0,0,0,0,3,0,0,0,0,3
可以聽到隔壁講話聲,0,1,0,0,0,0,0,3,0,0,0,0,3
隔音待加強,0,1,0,0,0,0,0,3,0,0,0,0,3
枕頭容易下陷，不好睡。,0,1,0,0,0,0,0,3,0,0,0,0,3
電視台都是偏大陸媒體，可以再多點選擇會更好,0,1,0,0,0,0,0,3,0,0,0,0,3
水壓太小,0,1,0,0,0,0,0,3,0,0,0,0,3
浴室地板有點滑,0,1,0,0,0,0,0,3,0,0,0,0,3
可惜停車場偏小、停車位稍嫌不足,0,1,0,0,0,0,0,3,0,0,0,0,3
空調設備不好用,0,1,0,0,0,0,0,3,0,0,0,0,3
冷氣位置不適合，一直吹頭太冷，但不吹又很悶若房間有額外的化妝鏡更好，女孩子才不會不方便化妝,0,1,0,0,0,0,0,3,0,0,0,0,3
房間隔音略顯不足，會聽到走廊上的聲音另外房間內有個燈晚上會閃,0,1,0,0,0,0,0,3,0,0,0,0,3
電視操作上比較不熟悉，不太順，因為台數不像電視台，因此我們還想連手機投射，但都卡住，就沒再試了，另外隔音比較不好，有人稍微大聲一點其實聽得蠻清楚的，但如果正常音量都是ok的。,0,1,0,0,0,0,0,3,0,0,0,0,3
廁所前的感應燈 似乎故障  一直閃,0,1,0,0,0,0,0,3,0,0,0,0,3
洗澡水不夠強,0,1,0,0,0,0,0,3,0,0,0,0,3
隔音有一點點不好容易聽到隔壁關門聲浴室洗澡的水壓希望能夠在大一點,0,1,0,0,0,0,0,3,0,0,0,0,3
隔音效果沒有到很好,0,1,0,0,0,0,0,3,0,0,0,0,3
早上電梯不好等,0,1,0,0,0,0,0,3,0,0,0,0,3
衛浴水壓超級小的，女生洗頭要沖洗超久的隔音普普，夜晚會有嗡嗡的機械聲，不知從哪來的，夜深人靜時特別的明顯,0,1,0,0,0,0,0,3,0,0,0,0,3
隔音效果不好，說話聲會聽到，,0,1,0,0,0,0,0,3,0,0,0,0,3
wifi速度蠻慢的，很不穩,0,1,0,0,0,0,0,3,0,0,0,0,3
房間偏小一點，開行李時稍稍不便。,0,1,0,0,0,0,0,3,0,0,0,0,3
唯一缺點就是隔音不太好,0,1,0,0,0,0,0,3,0,0,0,0,3
隔音稍差，下午一直聽見隔壁房聊天 ,0,1,0,0,0,0,0,3,0,0,0,0,3
房間內的紅色警示燈很刺眼影響入睡。門口感應燈可不要做感應式，想維持燈亮時卻一直忽暗很不便。隔音較差,0,1,0,0,0,0,0,3,0,0,0,0,3
隔音效果不好，燈光有點暗,0,1,0,0,0,0,0,3,0,0,0,0,3
房間稍嫌小一點,0,1,0,0,0,0,0,3,0,0,0,0,3
房間隔音欠佳,0,1,0,0,0,0,0,3,0,0,0,0,3
唯一一點是電視遙控器可能有膠在上面整隻黏黏的建議可以用遙控器保護套,0,1,0,0,0,0,0,3,0,0,0,0,3
床有一點點硬，不怎麼好躺,0,1,0,0,0,0,0,3,0,0,0,0,3
停車位 有點少 不夠停,0,1,0,0,0,0,0,3,0,0,0,0,3
房間燈光太暗,0,1,0,0,0,0,0,3,0,0,0,0,3
房間逃生設施離床邊過近。,0,1,0,0,0,0,0,3,0,0,0,0,3
洗澡水壓不高……,0,1,0,0,0,0,0,3,0,0,0,0,3
房間空間好像小了一點,0,1,0,0,0,0,0,3,0,0,0,0,3
房間內隔音不佳，會聽到走廊上的聲音,0,1,0,0,0,0,0,3,0,0,0,0,3
隔音不好，隔壁洗澡水聲與關門聲很明顯只有兩台電梯，checkout時排了四回電梯還是進不去，最後扛行李走樓梯,0,1,0,0,0,0,0,3,0,0,0,0,3
房間相比附近其他旅館略小一點,0,1,0,0,0,0,0,3,0,0,0,0,3
隔音稍差，聽到有人從外面回來的講話聲,0,1,0,0,0,0,0,3,0,0,0,0,3
門口隔音不好,0,1,0,0,0,0,0,3,0,0,0,0,3
還是可以聽到隔壁看電視的聲音,0,1,0,0,0,0,0,3,0,0,0,0,3
唯獨停車位太少，雖然有飯店人員引導停車，但是是停在汽車走道跟別台汽車並排停，總覺得有點風險，深怕被別人的車子ㄟ到。,0,1,0,0,0,0,0,3,0,0,0,0,3
隔音效果不太好,0,1,0,0,0,0,0,3,0,0,0,0,3
隔音稍差 隔壁講話聽的到,0,1,0,0,0,0,0,3,0,0,0,0,3
隔音較不好,0,1,0,0,0,0,0,3,0,0,0,0,3
美中不足的部分是美美的牆面都有些落漆。建議巡視做填補會較為加分哦！,0,1,0,0,0,0,0,3,0,0,0,0,3
 房間隔音太差，豪華四人房（樓中樓）可以清楚聽到隔壁年輕男女持續到凌晨三點的吵鬧。 wifi在樓中樓的上層訊號差，斷斷續續。,0,1,0,0,0,0,0,3,0,0,0,0,3
隔音效果不佳，被隔壁房吵的不好睡,0,1,0,0,0,0,0,3,0,0,0,0,3
洗熱水澡的蓮蓬頭的出水量有點小，電視頻道太少台可以觀看,0,1,0,0,0,0,0,3,0,0,0,0,3
隔音普通，早餐吃飯的地方太小，尤其現在疫情大家裝東西都在講話。,0,1,0,0,0,0,0,3,0,0,0,0,3
唯一缺點就是房間隔音差，會很清楚聽到隔壁住客聊天及電視聲音，以及開關門時聲響很大,0,1,0,0,0,0,0,3,0,0,0,0,3
隔音稍差，加上電視有限制音量，無法更好的體驗聲光享受！,0,1,0,0,0,0,0,3,0,0,0,0,3
盥洗用的拋棄式牙刷使用時掉了刷毛 不太好用,0,1,0,0,0,0,0,3,0,0,0,0,3
可能在高樓層水有點小！隔壁房間聲音有些大，隔音效果比較不好一點！,0,1,0,0,0,0,0,3,0,0,0,0,3
網路的部分沒有很好，洗手台的燈光稍稍不足。,0,1,0,0,0,0,0,3,0,0,0,0,3
停車位不夠,0,1,0,0,0,0,0,3,0,0,0,0,3
浴室水壓較不足,0,1,0,0,0,0,0,3,0,0,0,0,3
洗手台式開放式沒在浴室內頗不習慣，容易把地板噴濕,0,1,0,0,0,0,0,3,0,0,0,0,3
這次是第二次住宿，第一次住比較高樓層樓中樓的房型，，相比之下比較喜歡樓中樓，，睡眠品質稍差了點。,0,1,0,0,0,0,0,3,0,0,0,0,3
隔音可再加強,0,1,0,0,0,0,0,3,0,0,0,0,3
隔音還好，別的房間開關門都聽得到……網路有點跑不動,0,1,0,0,0,0,0,3,0,0,0,0,3
高樓層淋浴水量略為不足,0,1,0,0,0,0,0,3,0,0,0,0,3
隔音有點小差，凌晨一點還聽到隔壁房的電視聲,0,1,0,0,0,0,0,3,0,0,0,0,3
熱水有點不夠熱,0,1,0,0,0,0,0,3,0,0,0,0,3
房間桌子太小、隔音不佳,0,1,0,0,0,0,0,3,0,0,0,0,3
房間稍小連開行李的地方都要橋一下,0,1,0,0,0,0,0,3,0,0,0,0,3
浴室稍微擁擠，在房間裡能聽見隔壁交談的聲音有點困擾。,0,1,0,0,0,0,0,3,0,0,0,0,3
隔音要加強一點點，其他非常非常好,0,1,0,0,0,0,0,3,0,0,0,0,3
室內燈光太暗了，浴室的蓮蓬頭水量太小了。,0,1,0,0,0,0,0,3,0,0,0,0,3
水錘聲 開關起浴室蓮蓬頭可以明顯聽到「控」的聲響樓上用廁所時 沖水聲明顯床是一般的彈簧床 兩人睡一大床 容易相互影響,0,1,0,0,0,0,0,3,0,0,0,0,3
沒有果醬的抹刀很不方便,0,1,0,0,0,0,0,3,0,0,0,0,3
洗澡的水量有點小，沖澡不夠舒服、隔音不夠好常聽到隔壁及樓上聲音,0,1,0,0,0,0,0,3,0,0,0,0,3
親子設施略少,0,1,0,0,0,0,0,3,0,0,0,0,3
走廊上的隔音不是很好,0,1,0,0,0,0,0,3,0,0,0,0,3
頂樓空調可以再加強。,0,1,0,0,0,0,0,3,0,0,0,0,3
電視沒有第四台、隔音有點差,0,1,0,0,0,0,0,3,0,0,0,0,3
出水量有點小,0,1,0,0,0,0,0,3,0,0,0,0,3
隔音太差，晚上睡覺被隔壁房的吵到快睡不著,0,1,0,0,0,0,0,3,0,0,0,0,3
隔音不太好，會聽到其他房客交談聲。,0,1,0,0,0,0,0,3,0,0,0,0,3
空間比較小一點,0,1,0,0,0,0,0,3,0,0,0,0,3
電視沒什麼節目、訊號不好、一直停格,0,1,0,0,0,0,0,3,0,0,0,0,3
隔壁有家庭帶小朋友，隔音效果不是很好。,0,1,0,0,0,0,0,3,0,0,0,0,3
隔音不太好，剛好隔壁住客超過十一點了還在走廊及房內大聲說話笑鬧，門開關的聲音超吵，所以睡不著，很想起來罵人……另晚上房間的wifi連不上，有些不便。,0,1,0,0,0,0,0,3,0,0,0,0,3
兩點困擾，，首先是電視上方天花板的防火裝置，晚上睡覺關燈後、那個防火裝置閃著超亮紅光，太亮了，實在讓怕亮的人不太好睡。另一點是浴室外的洗手台大鏡子處也是化妝鏡，但天花板的燈是感應式的所以在化妝時他幾乎不太亮，所以有點太暗了。,0,1,0,0,0,0,0,3,0,0,0,0,3
唯有隔音比較弱一點。,0,1,0,0,0,0,0,3,0,0,0,0,3
晚上睡覺時隔音較差會聽到別的房間開關門或開關水的聲音浴室洗澡水較弱,0,1,0,0,0,0,0,3,0,0,0,0,3
房間的隔音不是很好，可以聽到隔壁房間的電視及人的講話聲音,0,1,0,0,0,0,0,3,0,0,0,0,3
隔音較差，半夜會聽到隔壁的水聲,0,1,0,0,0,0,0,3,0,0,0,0,3
淋浴的水量可以再強一些,0,1,0,0,0,0,0,3,0,0,0,0,3
空調略顯不足,0,1,0,0,0,0,0,3,0,0,0,0,3
燈光及空調設備不穩定，晚上睡覺受干擾,0,1,0,0,0,0,0,3,0,0,0,0,3
隔音真的挺不好的，晚上聽得到附近房間孩子在哭鬧（可能只是例外），早上起來也有聽到隔壁打掃房間甚至是放杯子的聲音，但對我來說是不至於影響到睡眠品質，淺眠的人可能需要留意一下,0,1,0,0,0,0,0,3,0,0,0,0,3
枕頭太高太硬了,0,1,0,0,0,0,0,3,0,0,0,0,3
天板壁燈接觸不良，半夜閃燈的狀況,0,1,0,0,0,0,0,3,0,0,0,0,3
沐浴蓮蓬頭水壓過低、冷氣可以再加強一點,0,1,0,0,0,0,0,3,0,0,0,0,3
冷氣不夠強,0,1,0,0,0,0,0,3,0,0,0,0,3
缺點應該是隔音設備吧！,0,1,0,0,0,0,0,3,0,0,0,0,3
洗澡蓮蓬頭出水量有點小，不知道是不是那時是大家都在洗澡，所以用水量較多（）,0,1,0,0,0,0,0,3,0,0,0,0,3
垃圾桶太小建議放兩個,0,1,0,0,0,0,0,3,0,0,0,0,3
枕頭太軟,0,1,0,0,0,0,0,3,0,0,0,0,3
可惜的地方：可能最近疫情的關係，住宿率較低，所以幫我們升級成四人房（兩張雙人床），但可惜是我們也只有兩個人，空間感覺也沒有比較大。美中不足：還有雖然在七樓屬於高樓層也有很大的落地窗，但那一側完全沒有景，而且旁邊也有建築物。衛浴：洗手台在外面，不在廁所裡，如果裡外都有可能會比較方便。,0,1,0,0,0,0,0,3,0,0,0,0,3
飲水機不夠剛好飲水機壞了水要一直下樓拿如果每間房型都可以裝浴缸的話那就真的很完美完美,0,1,0,0,0,0,0,3,0,0,0,0,3
沒有化妝鏡或連身鏡、對出遊想打扮的女性有點不方便,0,1,0,0,0,0,0,3,0,0,0,0,3
插座離牆壁太近，不是很好使用,0,1,0,0,0,0,0,3,0,0,0,0,3
很開心入住vip房但也是惡夢的開始因為空調的溫度ㄧ直很不穩定空間大，但冷氣ㄧ直不夠涼洗澡的時候開了點冷水洗，才感受到涼睡覺時，二樓溫度ㄧ直降不下來所以只好改在沙發上睡覺幾乎不需要蓋被子睡覺如果冷氣上，沒有問題這房間真的很棒,0,1,0,0,0,0,0,3,0,0,0,0,3
床頭上的插座因為牆壁裝潢突出，手機充電頭插不上去,0,1,0,0,0,0,0,3,0,0,0,0,3
房間的隔音有稍微的不是很好！但是還勉強可以接受！還有廁所的摺疊門關起來之後縫隙有點大，如果是住四人房的會有點尷尬…,0,1,0,0,0,0,0,3,0,0,0,0,3
床墊偏硬,0,1,0,0,0,0,0,3,0,0,0,0,3
有些物品有些舊了，洗澡水壓不足,0,1,0,0,0,0,0,3,0,0,0,0,3
隔音設備真的需要再加強,0,1,0,0,0,0,0,3,0,0,0,0,3
床墊的長度不太夠,0,1,0,0,0,0,0,3,0,0,0,0,3
隔音不是很好 聽得到隔壁間馬桶沖水跟拔插頭的聲音,0,1,0,0,0,0,0,3,0,0,0,0,3
隔音效果不好、沒有浴帽,0,1,0,0,0,0,0,3,0,0,0,0,3
客廳椅子超難坐,0,1,0,0,0,0,0,3,0,0,0,0,3
空調已經關閉，靠窗戶的床位還是有冷風的感覺,0,1,0,0,0,0,0,3,0,0,0,0,3
枕頭不太好睡床有點硬,0,1,0,0,0,0,0,3,0,0,0,0,3
隔音稍嫌不好,0,1,0,0,0,0,0,3,0,0,0,0,3
床稍硬，冷氣不夠冷。,0,1,0,0,0,0,0,3,0,0,0,0,3
枕頭太硬，太高,0,1,0,0,0,0,0,3,0,0,0,0,3
牙刷很可愛但很容易撞到牙齦xd,0,1,0,0,0,0,0,3,0,0,0,0,3
早餐地方太迫了,0,1,0,0,0,0,0,3,0,0,0,0,3
沒有衣櫃,0,1,0,0,0,0,0,3,0,0,0,0,3
隔音差 房間小,0,1,0,0,0,0,0,3,0,0,0,0,3
原本看網路有些評價說隔音不好有點擔心，但飯店人員表示房間都有隔音板。所以很放心的入住了～可是隔音真的不太好晚上關門聲很大，床頭那面牆一直傳來隔壁房間的講話聲，還聽得到電影音樂的聲音慶幸的是半夜大概大家都睡了，所以沒有法入眠的情形,0,1,0,0,0,0,0,3,0,0,0,0,3
冷氣不冷，整夜很熱，隔音不好隔壁聽的到聲音,0,1,0,0,0,0,0,3,0,0,0,0,3
唯一小小美中不足的地方，浴室的水溫調控有一點過於敏感，容易一下子太燙或太冷，可能因為是在酒樓樓層較高的關係，水壓也比較小。樓中樓，靠的部分一開始有一點悶，將冷氣的風扇調到後立即做改善，不過開到最大的冷氣風扇聲音有點過大，會影響睡眠，因此後來還是調回來了,0,1,0,0,0,0,0,3,0,0,0,0,3
晚上冷氣會稍微不穩定，只有這個小缺點,0,1,0,0,0,0,0,3,0,0,0,0,3
 現在有些人停車較沒公德心，易擦碰到臨車，停車位如果可以設計較寬一點會更好。 房間的浴室與廁所分開是好的，但廁所寬度窄了點但不影響使用。 隔音可以再加強，，左右房的聲音都會聽到，甚至床頭這側的鄰房有房客敲牆壁，也聽得清楚。 二樓商務中心的空調可再多送風一點。,0,1,0,0,0,0,0,3,0,0,0,0,3
床偏硬，長度較不適合身高較高者,0,1,0,0,0,0,0,3,0,0,0,0,3
房型比較小,0,1,0,0,0,0,0,3,0,0,0,0,3
空間稍小,0,1,0,0,0,0,0,3,0,0,0,0,3
沒有飲水機,0,1,0,0,0,0,0,3,0,0,0,0,3
浴室空間再加強擴大些，會更好,0,1,0,0,0,0,0,3,0,0,0,0,3
隔音沒那麼好 房間不算大,0,1,0,0,0,0,0,3,0,0,0,0,3
房間有鏡子更好,0,1,0,0,0,0,0,3,0,0,0,0,3
房間的光線較暗,0,1,0,0,0,0,0,3,0,0,0,0,3
建議投宿這家就不要開車來賭人品了。旅館前車位不多容易停滿，當天只能停山下再拖著行李推著嬰兒車爬山。睡覺到清晨時聞到濃濃二手菸，問櫃台人員的回答是房間都用中央空調，只能關空調開窗戶自行通風。房間窗戶沒有紗窗，如果夏天來不就只能在煙味或悶熱蚊子二選一。,0,1,0,0,0,0,0,3,0,0,0,0,3
 床墊已明顯感受彈簧，可考慮更換。 浴室地墊建議多預留兩條，減少地板濕氣。,0,1,0,0,0,0,0,3,0,0,0,0,3
可惜無停車空間,0,1,0,0,0,0,0,3,0,0,0,0,3
樓上有其他大樓住戶，只有一部電梯，要等一下。、如果有開車，要在附近找付費停車位。,0,1,0,0,0,0,0,3,0,0,0,0,3
浴室洗澡時沒有架子能放衣服，放置物品的區域希望能多一點更好哦！,0,1,0,0,0,0,0,3,0,0,0,0,3
可能因為床的位子在上鋪，離天花板比較近，晚上睡覺時會聽到水流動的聲音～,0,1,0,0,0,0,0,3,0,0,0,0,3
床可再大一些,0,1,0,0,0,0,0,3,0,0,0,0,3
床墊品質不一，有些可以更換了。,0,1,0,0,0,0,0,3,0,0,0,0,3
個人住宿雙人小床過小需要一大床,0,1,0,0,0,0,0,3,0,0,0,0,3
雙人床感覺是用兩張單人併起來的，雖然很大，但是感覺得到中間有一條縫，不太好。,0,1,0,0,0,0,0,3,0,0,0,0,3
沒有冰箱,0,1,0,0,0,0,0,3,0,0,0,0,3
建議一樓接待處可多置椅子，讓等候客人可以稍做休息。,0,1,0,0,0,0,0,3,0,0,0,0,3
房間很小，很擠,0,1,0,0,0,0,0,3,0,0,0,0,3
如果有窗戶會更好,0,1,0,0,0,0,0,3,0,0,0,0,3
水再熱一些就更好了,0,1,0,0,0,0,0,3,0,0,0,0,3
網路顯示，飯店有配合國旅卡但是到現場，飯店表示，國旅卡的機器故障，無法過卡，僅能當一般卡刷,0,1,0,0,0,0,0,3,0,0,0,0,3
有煙味，應該是通風口的關係，還有如果有安全鏈就好了，一個人住有點不安。,0,1,0,0,0,0,0,3,0,0,0,0,3
美中不足的地方是隔音效果差強人意，，不適合晚睡晚起的旅客。,0,1,0,0,0,0,0,3,0,0,0,0,3
廁所和浴室一間太小！,0,1,0,0,0,0,0,3,0,0,0,0,3
淋浴間只有兩個，遇到一個洗澡一洗就半小時太扯了隔音效果不行小心服務機不會找零,0,1,0,0,0,0,0,3,0,0,0,0,3
隔音真的不太行,0,1,0,0,0,0,0,3,0,0,0,0,3
床太低 隔音差,0,1,0,0,0,0,0,3,0,0,0,0,3
蓮蓬頭漏水，致出水不足，希望改善,0,1,0,0,0,0,0,3,0,0,0,0,3
房間平時若有簡單通風較好,0,1,0,0,0,0,0,3,0,0,0,0,3
熱水器有時候沒熱水冷氣忽冷忽熱,0,1,0,0,0,0,0,3,0,0,0,0,3
馬桶堵塞、沒有附紙拖鞋,0,1,0,0,0,0,0,3,0,0,0,0,3
住過絕大多數的飯店旅館民宿隔音都不怎麼好，但這間隔音超級無敵差，半夜有人在走廊走路都被吵醒，因為聲音太清楚了，整個晚上睡不好！,0,1,0,0,0,0,0,3,0,0,0,0,3
浴室廁所共用，蠻小間的。,0,1,0,0,0,0,0,3,0,0,0,0,3
· 隔音比較差，如果遇到素質差的房客很不美好· 浴室比較小，衣服沒放好，會掉到下方的馬桶裡· 浴室只有兩間，人多的時候要等· 房間空氣比較不通風,0,1,0,0,0,0,0,3,0,0,0,0,3
房卡只有一張 然後插卡取電和房卡進出 等同上個廁所還是洗澡就要拿走房卡 很不方便,0,1,0,0,0,0,0,3,0,0,0,0,3
隔音不太好，容易被隔壁吵醒然後它是共用衛浴只有兩間而且很窄,0,1,0,0,0,0,0,3,0,0,0,0,3
浴室太少，衛生紙都淋濕了，可以在房間放一些衛生紙，上廁所自己帶去用，以免都被洗澡的人淋濕。,0,1,0,0,0,0,0,3,0,0,0,0,3
入住的 信用卡機當機，尷尬,0,1,0,0,0,0,0,3,0,0,0,0,3
冷氣漏水,0,1,0,0,0,0,0,3,0,0,0,0,3
沒有椅子坐，下鋪的人看不到電視。,0,1,0,0,0,0,0,3,0,0,0,0,3
燈故障,0,1,0,0,0,0,0,3,0,0,0,0,3
冷氣不冷上鋪不好爬上去,0,1,0,0,0,0,0,3,0,0,0,0,3
床太短了 ,0,1,0,0,0,0,0,3,0,0,0,0,3
隔音很不好，只要有門開關都聽的很清楚,0,1,0,0,0,0,0,3,0,0,0,0,3
房間隔音設備太差,0,1,0,0,0,0,0,3,0,0,0,0,3
其實 隔音不是很好  那天 我是卡片是給我  美髮店旁邊 那邊有幾間房間  隔音狀況不好耶  而且都能聽到隔壁美髮的聲音    至少要有基本的水準  ,0,1,0,0,0,0,0,3,0,0,0,0,3
浴廁太小，個高腿長、心肥體胖的小夥伴使用會不方便。床太硬、枕頭太低；電視沒法兒開，不曉得是不是裝飾用的。此外，隔音效果不太好，不知道是不是我幸運，我剛好住在最裡面那間，不但走道有人講話的聲音聽的到，連沖馬桶的聲音都一清二楚。,0,1,0,0,0,0,0,3,0,0,0,0,3
沒有飲水機，飯店出入口沒有標示,0,1,0,0,0,0,0,3,0,0,0,0,3
房間空間小了點,0,1,0,0,0,0,0,3,0,0,0,0,3
高個女生床長度不夠。大家各自進進出出造成用電困擾，作息不同干擾很大，比較適合四人都是朋友同進出。,0,1,0,0,0,0,0,3,0,0,0,0,3
隔音很糟糕,0,1,0,0,0,0,0,3,0,0,0,0,3
浴室的門鎖總是很難轉打不太開， 有時候真的很害怕被鎖在裡面。,0,1,0,0,0,0,0,3,0,0,0,0,3
浴室沒有浴簾，和太亮，沒有遮光布,0,1,0,0,0,0,0,3,0,0,0,0,3
電視壞掉不能看,0,1,0,0,0,0,0,3,0,0,0,0,3
房間的燈光有點暗，不是很好,0,1,0,0,0,0,0,3,0,0,0,0,3
隔音差，某些住戶夜歸 出入的聲音、電視聲都清楚聽到。 冷氣溫度不能調節，有潮濕的氣味,0,1,0,0,0,0,0,3,0,0,0,0,3
碰到與網路照片完全沒有的隱藏房間又破又小又醜,0,1,0,0,0,0,0,3,0,0,0,0,3
隔音差，半夜被吵醒好幾次。,0,1,0,0,0,0,0,3,0,0,0,0,3
隔音需加強,0,1,0,0,0,0,0,3,0,0,0,0,3
房間潮濕老舊，而且隔音非常差，隔壁晚上講話大聲聽得很清楚,0,1,0,0,0,0,0,3,0,0,0,0,3
空間超小 電視不是面對床 隔音很差 門鎖不易關上,0,1,0,0,0,0,0,3,0,0,0,0,3
太吵了 隔音真的不好,0,1,0,0,0,0,0,3,0,0,0,0,3
床會搖晃,0,1,0,0,0,0,0,3,0,0,0,0,3
令人小小失望的地方是通風管會傳來其他地方的煙味 qq,0,1,0,0,0,0,0,3,0,0,0,0,3
手機要充電必須拔掉電視 插座少,0,1,0,0,0,0,0,3,0,0,0,0,3
馬桶的馬達好像不太夠力，沖水都沖不太下去,0,1,0,0,0,0,0,3,0,0,0,0,3
窗簾都不裝，睡覺的時候看到窗外防火巷其實滿可怕的,0,1,0,0,0,0,0,3,0,0,0,0,3
每次上廁所離開房間都要帶ˊ著房卡有些不方便,0,1,0,0,0,0,0,3,0,0,0,0,3
上下床鋪的樓梯感覺不太穩，上床鋪的人翻身，晃動的聲音很大聲,0,1,0,0,0,0,0,3,0,0,0,0,3
自助機台很爛,0,1,0,0,0,0,0,3,0,0,0,0,3
上完廁所不知道洗手台在哪裡所以只好在殘障廁所洗手這點太前衛了些我有點意外，不過幸好週間其他旅客不多所以也沒啥不方便就是了,0,1,0,0,0,0,0,3,0,0,0,0,3
入住房間只有桌子沒有椅子可以坐著看電視呢？至於電視安裝的角度有點太高 仰著頭看電視 看太久時候 脖子就會感覺稍微不舒服,0,1,0,0,0,0,0,3,0,0,0,0,3
廁所擺著一個很大的東西，使空間小很多,0,1,0,0,0,0,0,3,0,0,0,0,3
隔音差一點而已,0,1,0,0,0,0,0,3,0,0,0,0,3
浴室塞住。環境隔音差。沒有明顯招牌。沒有熱水。很崩潰,0,1,0,0,0,0,0,3,0,0,0,0,3
自助式很麻煩  機器難以適用 ,0,1,0,0,0,0,0,3,0,0,0,0,3
洗澡到一半沒熱水只能洗冷水,0,1,0,0,0,0,0,3,0,0,0,0,3
房間沒有衛生紙？,0,1,0,0,0,0,0,3,0,0,0,0,3
熱水忽冷忽熱,0,1,0,0,0,0,0,3,0,0,0,0,3
入住當晚房內wifi 一直連不上建議給旅客入住前可先測試,0,1,0,0,0,0,0,3,0,0,0,0,3
窗戶捲簾與窗台有點距離，一早陽光直入床頭，睡眠品質受到影響，需要黏膠帶，但仍會撬開,0,1,0,0,0,0,0,3,0,0,0,0,3
枕頭偏硬，如果可以選用更舒適的款式，大大加分,0,1,0,0,0,0,0,3,0,0,0,0,3
若能有usb插孔提供充電 就更棒了,0,1,0,0,0,0,0,3,0,0,0,0,3
衛浴設備有些故障，希望能更新一下,0,1,0,0,0,0,0,3,0,0,0,0,3
床偏軟,0,1,0,0,0,0,0,3,0,0,0,0,3
沒有全身鏡,0,1,0,0,0,0,0,3,0,0,0,0,3
馬桶坐圈會滑走,0,1,0,0,0,0,0,3,0,0,0,0,3
房型小,0,1,0,0,0,0,0,3,0,0,0,0,3
洗手間地板有一點滑，不過如果有穿提供的拖鞋就好很多,0,1,0,0,0,0,0,3,0,0,0,0,3
雙人房空間稍小,0,1,0,0,0,0,0,3,0,0,0,0,3
不能同時使用電視及電腦，看電視時會停頓,0,1,0,0,0,0,0,3,0,0,0,0,3
若地下室可停車就更好了,0,1,0,0,0,0,0,3,0,0,0,0,3
房間格局較小,0,1,0,0,0,0,0,3,0,0,0,0,3
停車位與百貨共用，假日停車尋找較久。,0,1,0,0,0,0,0,3,0,0,0,0,3
建議住宿樓層的電梯玄關不要用的暗暗的，白天讓陽光透進來感覺會更好,0,1,0,0,0,0,0,3,0,0,0,0,3
希望附設的咖啡吧，能早一點開,0,1,0,0,0,0,0,3,0,0,0,0,3
枕頭與床都是偏軟的形式，睡了會整個陷下去，支撐力較不足，建議可以多放一個枕頭讓客人自己選擇使用，但這是我個人的習慣問題，供參考。,0,1,0,0,0,0,0,3,0,0,0,0,3
建議可在隔壁飲水機旁放置紙杯,0,1,0,0,0,0,0,3,0,0,0,0,3
與購物中心共用停車場熱門時段可能需要排隊停車,0,1,0,0,0,0,0,3,0,0,0,0,3
機車停車場離門口有一點點遠,0,1,0,0,0,0,0,3,0,0,0,0,3
停車格有些擁擠，考驗駕駛的技術，不過市區寸土寸金，也很難為,0,1,0,0,0,0,0,3,0,0,0,0,3
回房時門鎖感應有問題，被困在外面很久,0,1,0,0,0,0,0,3,0,0,0,0,3
床鋪不是獨立筒墊,0,1,0,0,0,0,0,3,0,0,0,0,3
隔音稍差。,0,1,0,0,0,0,0,3,0,0,0,0,3
霜淇淋機，一直沒修好,0,1,0,0,0,0,0,3,0,0,0,0,3
床墊太軟，翻身會晃！枕頭太硬,0,1,0,0,0,0,0,3,0,0,0,0,3
對內隔音不理想，走廊光線會由房間門下方透入，且可聽到走廊開關門聲及人聲,0,1,0,0,0,0,0,3,0,0,0,0,3
停車場總是超級難停，位置總是不夠，對身障朋友要停車真的很困擾,0,1,0,0,0,0,0,3,0,0,0,0,3
蓮蓬頭出水有點故障，因此使用起來沒有很好浴室排水孔是新型的排水很慢，所以洗澡時會踩在積水洗澡，如果能改善會更好,0,1,0,0,0,0,0,3,0,0,0,0,3
床偏軟，雙人床一方若翻身，很容易感到床在晃,0,1,0,0,0,0,0,3,0,0,0,0,3
床鋪太過於軟塌，同床者翻身或挪動容易影響～,0,1,0,0,0,0,0,3,0,0,0,0,3
隔音不好，服務人員清潔房間、樓上走動、房客關門都聽得到聲音，有點美中不足,0,1,0,0,0,0,0,3,0,0,0,0,3
電視遙控器開關時好時壞，沖澡背部沖水左半部故障。,0,1,0,0,0,0,0,3,0,0,0,0,3
床不太好躺太軟了,0,1,0,0,0,0,0,3,0,0,0,0,3
樓板層高度不足有點壓迫。,0,1,0,0,0,0,0,3,0,0,0,0,3
床舖有點過軟,0,1,0,0,0,0,0,3,0,0,0,0,3
隔音需要加強,0,1,0,0,0,0,0,3,0,0,0,0,3
房間偏小比想像中小,0,1,0,0,0,0,0,3,0,0,0,0,3
房間隔音稍差,0,1,0,0,0,0,0,3,0,0,0,0,3
床墊的部分，晚上有人起身上廁所的話，另一個人會很明顯的感覺的床在搖晃,0,1,0,0,0,0,0,3,0,0,0,0,3
床太軟了,0,1,0,0,0,0,0,3,0,0,0,0,3
廁所乾濕分離會漏水，房間配置太小。,0,1,0,0,0,0,0,3,0,0,0,0,3
毛巾浴巾老舊,0,1,0,0,0,0,0,3,0,0,0,0,3
三人房的單人床有點窄，很難翻身，而且床墊太彈。,0,1,0,0,0,0,0,3,0,0,0,0,3
隔音效果較差,0,1,0,0,0,0,0,3,0,0,0,0,3
浴室有點滑，差點跌倒,0,1,0,0,0,0,0,3,0,0,0,0,3
很可惜冰淇淋機沒開放,0,1,0,0,0,0,0,3,0,0,0,0,3
浴室的淋浴設備很不好用,0,1,0,0,0,0,0,3,0,0,0,0,3
隔音有一點點不好,0,1,0,0,0,0,0,3,0,0,0,0,3
房間燈光稍微暗了些,0,1,0,0,0,0,0,3,0,0,0,0,3
大廳稍小，等待時沒有位子可以坐,0,1,0,0,0,0,0,3,0,0,0,0,3
淋浴間地板止滑不是很好，要注意安全,0,1,0,0,0,0,0,3,0,0,0,0,3
棉被潮濕,0,1,0,0,0,0,0,3,0,0,0,0,3
沒有暖氣；水龍頭的水轉到熱水處會變得非常小，剛好遇到寒流的話會覺得非常冷,0,1,0,0,0,0,0,3,0,0,0,0,3
停車位有點少，而且太小,0,1,0,0,0,0,0,3,0,0,0,0,3
房間有些小，較沒位置可以放東西,0,1,0,0,0,0,0,3,0,0,0,0,3
靠近廟那側一直有誦經聲，加上隔音不是很好，不利休息,0,1,0,0,0,0,0,3,0,0,0,0,3
隔音有待加強，樓上移動椅子或門外有人聊天，房內稍微會聽到,0,1,0,0,0,0,0,3,0,0,0,0,3
雙人床太軟。,0,1,0,0,0,0,0,3,0,0,0,0,3
門下有縫隙，其他房客在走廊講話的聲音會聽的比較清楚，但不是什麼大不了的問題。,0,1,0,0,0,0,0,3,0,0,0,0,3
房間設備較舊,0,1,0,0,0,0,0,3,0,0,0,0,3
快煮壺故障無法使用,0,1,0,0,0,0,0,3,0,0,0,0,3
室內空間真的很小，浴室水壓也偏弱,0,1,0,0,0,0,0,3,0,0,0,0,3
床墊真的不優！太彈了淺眠的人完全無法適應！只能睡地板,0,1,0,0,0,0,0,3,0,0,0,0,3
隔音需加強一些,0,1,0,0,0,0,0,3,0,0,0,0,3
隔音效果不好～,0,1,0,0,0,0,0,3,0,0,0,0,3
床有點軟,0,1,0,0,0,0,0,3,0,0,0,0,3
早上不夠安靜 浴室盥洗台下方時有水流不順的異聲 ,0,1,0,0,0,0,0,3,0,0,0,0,3
房間的冷暖起好像調起來跟最後的溫度有蠻大差異的,0,1,0,0,0,0,0,3,0,0,0,0,3
床偏軟，翻身容易影響睡眠,0,1,0,0,0,0,0,3,0,0,0,0,3
隔音有點不好。,0,1,0,0,0,0,0,3,0,0,0,0,3
浴室空間不大、潤髮乳沒有潤髮之感,0,1,0,0,0,0,0,3,0,0,0,0,3
隔音還有加強空間沐浴用品中的潤絲很難用房客太多 早上用餐座位間太擁擠 用餐起來不太舒適只想快點隨便吃吃逃離餐廳,0,1,0,0,0,0,0,3,0,0,0,0,3
隔音沒有很好可能是建物老舊，睡覺浴室門關上也聽得到排水生,0,1,0,0,0,0,0,3,0,0,0,0,3
覺得此間浴室水壓不強,0,1,0,0,0,0,0,3,0,0,0,0,3
或許是晚上顛峰時間洗澡，所以水壓略小，有點可惜,0,1,0,0,0,0,0,3,0,0,0,0,3
空調覺得有點冷。。。因為房間內空調溫度不能調製,0,1,0,0,0,0,0,3,0,0,0,0,3
房間光線不足 太暗,0,1,0,0,0,0,0,3,0,0,0,0,3
床很晃,0,1,0,0,0,0,0,3,0,0,0,0,3
隔音有點差哈哈哈哈隔壁睡覺打呼 我們聽得見…,0,1,0,0,0,0,0,3,0,0,0,0,3
冷氣的聲音有點大聲，,0,1,0,0,0,0,0,3,0,0,0,0,3
床墊太軟了,0,1,0,0,0,0,0,3,0,0,0,0,3
隔音效果差了點,0,1,0,0,0,0,0,3,0,0,0,0,3
樓層太低，窗戶外被牆壁擋住,0,1,0,0,0,0,0,3,0,0,0,0,3
沒有浴缸 。,0,1,0,0,0,0,0,3,0,0,0,0,3
牙刷塑膠柄會為磨平，會刮傷嘴皮應該圓滑不要太銳利,0,1,0,0,0,0,0,3,0,0,0,0,3
男廁所免洗馬桶壞掉，沒修理。,0,1,0,0,0,0,0,3,0,0,0,0,3
單人床板太晃了,0,1,0,0,0,0,0,3,0,0,0,0,3
床的避震效果太差，隔音太差,0,1,0,0,0,0,0,3,0,0,0,0,3
床的部份，彈簧太強，只要同床的一起身或躺下，睡在隔壁的就會被大大影響,0,1,0,0,0,0,0,3,0,0,0,0,3
隔音極差,0,1,0,0,0,0,0,3,0,0,0,0,3
同床人稍微移動床就會劇烈搖晃,0,1,0,0,0,0,0,3,0,0,0,0,3
雙人床很容易因另個人翻身相當晃有拉窗簾但睡到白天房間有點亮隔音不佳,0,1,0,0,0,0,0,3,0,0,0,0,3
安排最邊間 床太軟 有聲音 明顯使用太久了??枕頭太硬太扁 第一個晚上 肩背痛到不行? 第二天要了枕頭 墊上兩個 才能坐臥的睡 ,0,1,0,0,0,0,0,3,0,0,0,0,3
是商務旅館，但商務中心設備不夠用心，沒有門與餐廳隔離，燥音很吵，無法靜心處理事務文件,0,1,0,0,0,0,0,3,0,0,0,0,3
雙人床的彈簧過軟造成睡隔壁的人只要是起床、翻身、身體移動都會影響到另外一邊睡覺的人很不喜歡根本無法安穩睡覺只有這個缺點,0,1,0,0,0,0,0,3,0,0,0,0,3
房間真的很小 天花板很低感覺很壓迫設備很老舊 房間的裝潢真的很老感覺沒經費更新,0,1,0,0,0,0,0,3,0,0,0,0,3
隔音差、馬桶不好坐！,0,1,0,0,0,0,0,3,0,0,0,0,3
衛浴設備，水量太小，水壓不夠洗髮精洗髮乳非常爛,0,1,0,0,0,0,0,3,0,0,0,0,3
隔音不好床太軟,0,1,0,0,0,0,0,3,0,0,0,0,3
對空調不滿意，有明顯的抽風聲，還有出風口在床的正上方，直接對臉吹，這兩點造成睡眠品質不太好。,0,1,0,0,0,0,0,3,0,0,0,0,3
房間太太小，沒有住過比這還小的房間,0,1,0,0,0,0,0,3,0,0,0,0,3
隔音差！枕頭跟床不好睡,0,1,0,0,0,0,0,3,0,0,0,0,3
床太小,0,1,0,0,0,0,0,3,0,0,0,0,3
浴室沐浴乳、洗髮乳等等的瓶瓶罐罐都白白水痕，看起來較舊。,0,1,0,0,0,0,0,3,0,0,0,0,3
房間隔音不好，可以聽到隔壁房打呼聲,0,1,0,0,0,0,0,3,0,0,0,0,3
床太軟了，多少會影響睡眠品質不佳,0,1,0,0,0,0,0,3,0,0,0,0,3
房間有點小有壓迫感不適合渡假。,0,1,0,0,0,0,0,3,0,0,0,0,3
隔音差，隔壁開門有像開自己的房門的錯覺,0,1,0,0,0,0,0,3,0,0,0,0,3
浴室的洗髮乳真的很差，洗髮乳洗完頭會發癢！沒有肥皂可以用真的很怪，房間的隔音也不佳，電視節目也很少。,0,1,0,0,0,0,0,3,0,0,0,0,3
浴室地板太滑了，容易跌倒。,0,1,0,0,0,0,0,3,0,0,0,0,3
冷氣有味道,0,1,0,0,0,0,0,3,0,0,0,0,3
車位不夠多、商務房兩張單人床的床會晃，被單比床人床硬，不好睡,0,1,0,0,0,0,0,3,0,0,0,0,3
隔音稍稍不好，可以聽到隔壁在聊天,0,1,0,0,0,0,0,3,0,0,0,0,3
入住房型的床上方設計有點壓迫感晚上睡覺時電視會發出異音 稍微影響睡眠,0,1,0,0,0,0,0,3,0,0,0,0,3
因為疫情，健身房雖然有開放，但只有滑步機、跑步機跟腳踏車機，沒有重訓設施設備。,0,1,0,0,0,0,0,3,0,0,0,0,3
隔音稍差，整條走廊及房間內都聽到嬰兒肺活量極大的哭聲（還好沒有哭很久）,0,1,0,0,0,0,0,3,0,0,0,0,3
家庭加大床偏小 註明加大 但實際差不多是雙人床再大一點點尺寸房間坎燈有個黑色的箱子完全無用,0,1,0,0,0,0,0,3,0,0,0,0,3
床鋪支撐性，弱了點。,0,1,0,0,0,0,0,3,0,0,0,0,3
椅子靠背角度舒適度待改善,0,1,0,0,0,0,0,3,0,0,0,0,3
房間動線不夠流暢,0,1,0,0,0,0,0,3,0,0,0,0,3
門口隔音稍弱只要有人在走廊說話都會聽得到,0,1,0,0,0,0,0,3,0,0,0,0,3
窗簾是自動的 只是晚上突然自己往上開 員工有來說應該是別間的感應到了 還是有點可怕 ,0,1,0,0,0,0,0,3,0,0,0,0,3
隔音效果不太好 ,0,1,0,0,0,0,0,3,0,0,0,0,3
淋浴間硬是要放一個浴缸，沒有作用又佔空間！,0,1,0,0,0,0,0,3,0,0,0,0,3
夜裡，可聽見雨滴聲、鄰房的談話聲。房間隔音尚有改進空間。,0,1,0,0,0,0,0,3,0,0,0,0,3
洗手間水碗裡面有蓋 水進不去 一度找不到開關鍵 還好下面找到不喜歡椅子搖 腰會受傷 下次換新的,0,1,0,0,0,0,0,3,0,0,0,0,3
兩單床、床太小,0,1,0,0,0,0,0,3,0,0,0,0,3
床頭上方黑色板塊造成壓迫感,0,1,0,0,0,0,0,3,0,0,0,0,3
廁所太暗,0,1,0,0,0,0,0,3,0,0,0,0,3
這次較晚辦理住房，停車場入口燈未開，容易錯過停車場入口。,0,1,0,0,0,0,0,3,0,0,0,0,3
冷氣怎麼調都很冷,0,1,0,0,0,0,0,3,0,0,0,0,3
隔音稍微差一些,0,1,0,0,0,0,0,3,0,0,0,0,3
到一樓外面抽煙沒有煙蒂桶，對有抽煙的人比較不方便,0,1,0,0,0,0,0,3,0,0,0,0,3
房間有點小！,0,1,0,0,0,0,0,3,0,0,0,0,3
房內冰箱無飲料可取用,0,1,0,0,0,0,0,3,0,0,0,0,3
如果為出差之旅客一起睡雙人房床會偏小。,0,1,0,0,0,0,0,3,0,0,0,0,3
房間上方的吊櫃裝飾有些壓迫感,0,1,0,0,0,0,0,3,0,0,0,0,3
原有自助洗衣設備撤除了，比較可惜。,0,1,0,0,0,0,0,3,0,0,0,0,3
電視節目太少,0,1,0,0,0,0,0,3,0,0,0,0,3
電視為mod選台數少停車出入要做消磁較不方便,0,1,0,0,0,0,0,3,0,0,0,0,3
隔音非常的差,0,1,0,0,0,0,0,3,0,0,0,0,3
房間內部照明太過黃燈不夠明亮，對老人家來說很不ok衛浴空間雖然乾濕分離很好，不過廁所電燈太暗，這對老人家也不很ok,0,1,0,0,0,0,0,3,0,0,0,0,3
飯店隔音有待加強，若對聲音敏感的人建議再考慮看看：）,0,1,0,0,0,0,0,3,0,0,0,0,3
棉被太熱,0,1,0,0,0,0,0,3,0,0,0,0,3
電梯太少，離房間太遙遠,0,1,0,0,0,0,0,3,0,0,0,0,3
設備太古老！太舊！,0,1,0,0,0,0,0,3,0,0,0,0,3
電視就掛在書桌正上方，坐在書桌我時會有一股壓力,0,1,0,0,0,0,0,3,0,0,0,0,3
兩個床有一個獨立筒壞了,0,1,0,0,0,0,0,3,0,0,0,0,3
沒有潤髮乳，吹風機風量太小，依照飯店規格不應該是這樣的感覺南紡一樓一個指標都沒有，有點誇張,0,1,0,0,0,0,0,3,0,0,0,0,3
床太硬,0,1,0,0,0,0,0,3,0,0,0,0,3
房間設計不適合親子住宿，飯店公共設施很少只能逛百貨公司，浴室蓮蓬頭會漏水,0,1,0,0,0,0,0,3,0,0,0,0,3
隔音似乎沒有很好，睡前會聽到別的房間疑似關櫃子的聲音,0,1,0,0,0,0,0,3,0,0,0,0,3
隔音差，電視頻道不好。,0,1,0,0,0,0,0,3,0,0,0,0,3
搖椅也太不舒服,0,1,0,0,0,0,0,3,0,0,0,0,3
房間的部分 雖然挑高 但是電視櫃體與床鋪上面木制裝潢連結在一起 感覺有些壓迫感 有點可惜,0,1,0,0,0,0,0,3,0,0,0,0,3
床頭邊沒有衛生紙，隔音效果不好，電燈開關不好找,0,1,0,0,0,0,0,3,0,0,0,0,3
浴室太古老,0,1,0,0,0,0,0,3,0,0,0,0,3
沒有浴缸,0,1,0,0,0,0,0,3,0,0,0,0,3
停車場很常客滿,0,1,0,0,0,0,0,3,0,0,0,0,3
如果可以讓停車的空間充足，就完美了。,0,1,0,0,0,0,0,3,0,0,0,0,3
房間蠻小的,0,1,0,0,0,0,0,3,0,0,0,0,3
無健身設備,0,1,0,0,0,0,0,3,0,0,0,0,3
房間好小,0,1,0,0,0,0,0,3,0,0,0,0,3
停車不方便，跟商場共用，還要排隊，當天下大雨，商場人多，。,0,1,0,0,0,0,0,3,0,0,0,0,3
沐浴乳屬於很滋潤、有好像沖不乾淨的感覺，不喜歡床單粗粗的質感,0,1,0,0,0,0,0,3,0,0,0,0,3
可能床離隔壁浴室近吧？睡覺會聽到隔壁開關洗澡水聲音，走廊走路聲響也明顯～,0,1,0,0,0,0,0,3,0,0,0,0,3
雖然有地毯降噪，但部分木質地板踩上去的嘎嘎響聲，還是有點大。. 膠囊房型由公共衛浴隔成兩區塊，卻只有一邊有出入口，而且第一次入住會找不到另一邊的房間。,0,1,0,0,0,0,0,3,0,0,0,0,3
膠囊房型由公共衛浴隔成兩區塊，卻只有一邊有出入口，而且第一次入住會找不到另一邊的房間。,0,1,0,0,0,0,0,3,0,0,0,0,3
房間客廳太空曠，很浪費空間，建議可以加卡拉ok，不會太無聊。,0,1,0,0,0,0,0,3,0,0,0,0,3
停車場離住的地方有點距離,0,1,0,0,0,0,0,3,0,0,0,0,3
隔音不好，晚上睡覺會聽到外面車子的聲音。,0,1,0,0,0,0,0,3,0,0,0,0,3
廁所太小，沒有乾濕分離，樓上水管的聲音太大，隔音一般。床與枕頭偏軟，身體會感覺向下沉。,0,1,0,0,0,0,0,3,0,0,0,0,3
免治馬桶故障，可是因為我們的東西都就定位了，所以也沒打算跟飯店要求換房間跟通知櫃檯，只是希望以後要注意設備維護的問題哦，瞭解現在的飯店業真的很辛苦，只是個小瑕疵而已，而且我們其實也不是很在乎這個問題。,0,1,0,0,0,0,0,3,0,0,0,0,3
房間內電視應該是訊號關係都不是高畫質的希望下次再去的時候會改善,0,1,0,0,0,0,0,3,0,0,0,0,3
此次入住826號房對面是放置整理的物品毛巾.浴巾.毛巾等.感官不好感覺不知是乾淨還是使用過.如果能規劃放置無客房的位置比較好,0,1,0,0,0,0,0,3,0,0,0,0,3
廁所水有時候是黃色的,0,1,0,0,0,0,0,3,0,0,0,0,3
芳香劑聞到讓人頭暈,0,1,0,0,0,0,0,3,0,0,0,0,3
毛巾毛絮掉得挺嚴重的,0,1,0,0,0,0,0,3,0,0,0,0,3
芳香劑的味道濃到不舒服,0,1,0,0,0,0,0,3,0,0,0,0,3
沐浴精感覺洗不乾淨,0,1,0,0,0,0,0,3,0,0,0,0,3
設備真的太舊了，燈光太暗了。,0,1,0,0,0,0,0,3,0,0,0,0,3
馬桶座或是蓋材質本身產生的一個味道，不是商家清潔不乾淨，個人覺得是材質的問題。熱水的溫度不夠熱，但是可能洗的時間太多人造成的,0,1,0,0,0,0,0,3,0,0,0,0,3
隔音差，女生宿舍房聽得見KTV的聲音，容易被其他床的打呼聲或是拖行李箱的聲音干擾。（可跟櫃檯要耳塞，但還是聽得蠻清楚的）需自備浴巾、牙刷等盥洗用品。建議可提供租借浴巾服務。另外建議可於宿舍房外或入口處設置鞋架，入內換穿室內塑膠拖鞋，避免有人的臭鞋子影響整間空氣品質。,0,1,0,0,0,0,0,3,0,0,0,0,3
停車位置有點遠 沒浴缸有點可惜,0,1,0,0,0,0,0,3,0,0,0,0,3
沒有停車場,0,1,0,0,0,0,0,3,0,0,0,0,3
逃生梯要保持暢通,0,1,0,0,0,0,0,3,0,0,0,0,3
比較讓我介意的就是消防受信總機是關閉的，以我客人的角度我希望它是開的，避免當下第一時間無法知道狀況而有遺憾。除此之外就跟我第一次入住體驗差不多。,0,1,0,0,0,0,0,3,0,0,0,0,3
停車需另找位置,0,1,0,0,0,0,0,3,0,0,0,0,3
房間該整修了。,0,1,0,0,0,0,0,3,0,0,0,0,3
設備很陽春,0,1,0,0,0,0,0,3,0,0,0,0,3
淋浴間的水會噴到廁所,0,1,0,0,0,0,0,3,0,0,0,0,3
房間不算大間。,0,1,0,0,0,0,0,3,0,0,0,0,3
沒衣櫃,0,1,0,0,0,0,0,3,0,0,0,0,3
沒有免費停車場,0,1,0,0,0,0,0,3,0,0,0,0,3
無提供停車位,0,1,0,0,0,0,0,3,0,0,0,0,3
高級雙人房寫一張加大雙人床結果也只是兩張單人床併在一起,0,1,0,0,0,0,0,3,0,0,0,0,3
使用浴室淋浴設備，會把浴室噴的到處都是，吼,0,1,0,0,0,0,0,3,0,0,0,0,3
沒停車場,0,1,0,0,0,0,0,3,0,0,0,0,3
wifi一直斷線 會議不順利,0,1,0,0,0,0,0,3,0,0,0,0,3
惟獨乾濕分離能再完整一點會更好喔,0,1,0,0,0,0,0,3,0,0,0,0,3
電視離床太近,0,1,0,0,0,0,0,3,0,0,0,0,3
頭頂上有吊燈這樣睡覺的時候感覺會怕怕的,0,1,0,0,0,0,0,3,0,0,0,0,3
一進房浴室整個都是泡沫，排水孔的鐵片還是掀開的,0,1,0,0,0,0,0,3,0,0,0,0,3
房間比想像的小很多,0,1,0,0,0,0,0,3,0,0,0,0,3
床加大是很棒，可以因為是併在一起的床有一高一低的情形所以睡的不太好,0,1,0,0,0,0,0,3,0,0,0,0,3
隔音比較弱,0,1,0,0,0,0,0,3,0,0,0,0,3
冷氣不涼,0,1,0,0,0,0,0,3,0,0,0,0,3
乾濕分離的擋板可以長一點會更好,0,1,0,0,0,0,0,3,0,0,0,0,3
床墊品質可以改善,0,1,0,0,0,0,0,3,0,0,0,0,3
浴室排水不佳會淹水、蓮蓬頭管子會漏水,0,1,0,0,0,0,0,3,0,0,0,0,1
wifi一直斷線 ,0,1,0,0,0,0,0,3,0,0,0,0,3
床的結構不穩 床架會晃,0,1,0,0,0,0,0,3,0,0,0,0,3
設備真的太太太老舊了！說真的把我嚇到了，完全不會想再去住了,0,1,0,0,0,0,0,3,0,0,0,0,3
燈光刺眼,0,1,0,0,0,0,0,3,0,0,0,0,3
浴室乾濕分離失敗，沒有停車位。,0,1,0,0,0,0,0,3,0,0,0,0,3
飲水機有點少,0,1,0,0,0,0,0,3,0,0,0,0,3
隔音有待加強，冷氣溫度差很多,0,1,0,0,0,0,0,3,0,0,0,0,3
淋浴的地方因為是開放式的所以洗完澡浴室地板會都溼掉。沒有停車位是最大的考驗,0,1,0,0,0,0,0,3,0,0,0,0,3
洗手台在浴廁外面有點不方便,0,1,0,0,0,0,0,3,0,0,0,0,3
高級雙人套房，床是雙併的，中間有不平整的接縫,0,1,0,0,0,0,0,3,0,0,0,0,3
沒有置物空間，放包包廁所淋浴沒有門會噴濕,0,1,0,0,0,0,0,3,0,0,0,0,3
掛衣架太少，隔音不算好,0,1,0,0,0,0,0,3,0,0,0,0,3
冷氣不冷,0,1,0,0,0,0,0,3,0,0,0,0,3
電視方面沒有一般第四台，畫質偏差，建議自己帶Apple TV或其他機上盒接電視看。床鋪方面不曉得是清潔人員忘記了還是原本就這樣，我入住的房間是一張雙人床，但只有一條單人尺寸的棉被，因為入住的時間很晚了，沒有特別打電話到櫃台詢問。,0,1,0,0,0,0,0,3,0,0,0,0,3
膠囊房間建議可以提供些許掛鉤跟衣架，對兩天都下榻在那邊的背包客，沒有這些東西有點困擾。,0,1,0,0,0,0,0,3,0,0,0,0,3
廁所和淋浴間太少間了,0,1,0,0,0,0,0,3,0,0,0,0,3
沒有放毛巾和浴巾 只有腳踏墊,0,1,0,0,0,0,0,3,0,0,0,0,3
靠窗好吵,0,1,0,0,0,0,0,3,0,0,0,0,3
無早餐空間,0,1,0,0,0,0,0,3,0,0,0,0,3
這次入住，空調都沒有涼意，睡到一半都熱醒,0,1,0,0,0,0,0,3,0,0,0,0,3
棉被枕頭不是很ok,0,1,0,0,0,0,0,3,0,0,0,0,3
床正上方的燈一直反覆閃（關燈後），怎麼睡？膠囊房型的「門」...... 是不是能不要這麼陽春？,0,1,0,0,0,0,0,3,0,0,0,0,3
入住房間周遭有設置滅火器，但經查證週遭數支滅火器皆過期(如附圖)，對於旅客安全過於輕率。,0,1,0,0,0,0,0,3,0,0,0,0,3
房間路線像密室逃脫一樣,0,1,0,0,0,0,0,3,0,0,0,0,3
房間路線像密室逃脫一樣，浴室廁所在一面隱藏牆壁之後，差點找不到,0,1,0,0,0,0,0,3,0,0,0,0,3
浴室水壓較小 宿舍房沒掛勾感覺不方便,0,1,0,0,0,0,0,3,0,0,0,0,3
枕頭有點硬，無免費停車場,0,1,0,0,0,0,0,3,0,0,0,0,3
出入口標示不清,0,1,0,0,0,0,0,3,0,0,0,0,3
隔音尚改善,0,1,0,0,0,0,0,3,0,0,0,0,3
房內缺少餅乾等等旅館該有的東西 冰箱不夠冰.......,0,1,0,0,0,0,0,3,0,0,0,0,3
電視解析度不好非常生氣,0,1,0,0,0,0,0,3,0,0,0,0,3
衛浴與住宿空間重疊,0,1,0,0,0,0,0,3,0,0,0,0,3
隔音很差，外面外勞吵雜聲令人無法入睡,0,1,0,0,0,0,0,3,0,0,0,0,3
消防安全也令人擔憂。,0,1,0,0,0,0,0,3,0,0,0,0,3
電視畫質極爛，第一次看到液晶螢幕畫質爛到爆，半夜還會有莫名其妙撞擊聲，隔音超爛,0,1,0,0,0,0,0,3,0,0,0,0,3
吹風機是黏在牆上的那種 對於頭髮多的女生很不方便，因為樓層不高 有點吵 會聽到樓下的喧嘩聲,0,1,0,0,0,0,0,3,0,0,0,0,3
晚上火警警報器還莫名其妙叫,0,1,0,0,0,0,0,3,0,0,0,0,3
浴室環境待加強,0,1,0,0,0,0,0,3,0,0,0,0,3
空調不會冷,0,1,0,0,0,0,0,3,0,0,0,0,3
安全堪慮，廁所共通有門廉不能鎖,0,1,0,0,0,0,0,3,0,0,0,0,1
看不到外面。陰森不明亮。走道有怪聲。空氣不流通。,0,1,0,0,0,0,0,3,0,0,0,0,3
明明標榜雙人房，給的配件卻都是單人的，請問我付的錢是付什麼意思？,0,1,0,0,0,0,0,3,0,0,0,0,3
浴室會積水，沒有免費停車,0,1,0,0,0,0,0,3,0,0,0,0,3
浴廁門建議做外面把手，避免進入的人根本不關好門，聲音迴響在整間女生宿舍，讓人無法好好休息,0,1,0,0,0,0,0,3,0,0,0,0,3
上鋪樓梯 不好上 ,0,1,0,0,0,0,0,3,0,0,0,0,3
下次可以檢查一下沐浴用品（這次洗到一半沒有 ）跟提供棉花棒 如果是多人的房間垃圾桶可以大一點,0,1,0,0,0,0,0,3,0,0,0,0,3
共6位家人住宿1晚，間標準雙人房(一大床)，１間標準兩小床(無障礙空間)。先說為何選兩小床(無障礙空間)，因太晚訂，沒有一般標準兩小床房型，也只剩１間(無障礙空間)房間有兩小床，本人注重睡眠品質喜歡一人睡床，就只好選貴點的標準兩小床(無障礙空間)這間，結果惡夢。,0,1,0,0,0,0,0,3,0,0,0,0,3
雖然有地毯降噪，但部分木質地板踩上去的嘎嘎響聲，還是有點大。,0,1,0,0,0,0,0,3,0,0,0,0,3
Wifi很爛,0,1,0,0,0,0,0,3,0,0,0,0,3
膠囊房的衛浴設備鄰近房間，如果使用吹風機，聲音比較大聲。,0,1,0,0,0,0,0,3,0,0,0,0,3
 室內高低設計不良落差太大一不小心就會跌倒,0,1,0,0,0,0,0,3,0,0,0,0,3
沒有拖鞋,0,1,0,0,0,0,0,3,0,0,0,0,3
備品過少、衣櫥過於簡易,0,1,0,0,0,0,0,3,0,0,0,0,3
住在有窗的房間，沒有view，只有交通吵雜聲，晚上無法入睡。,0,1,0,0,0,0,0,3,0,0,0,0,3
房間天花板破損及老舊嚴重 看起來很像是年久失修 地板也凹凸不平,0,1,0,0,0,0,0,3,0,0,0,0,3
馬桶的管線不好水沖不下去,0,1,0,0,0,0,0,3,0,0,0,0,3
靠近馬路，玻璃不是氣密的，半夜睡覺汽車路過的聲音會吵，無法正常入睡，車子聲音很明顯,0,1,0,0,0,0,0,3,0,0,0,0,3
窗戶不能打開,0,1,0,0,0,0,0,3,0,0,0,0,3
浴室的燈較昏暗,0,1,0,0,0,0,0,3,0,0,0,0,3
室內過於潮濕，隔音吵雜，相對不安全感，因為同層多為男性，感覺有點擔心。,0,1,0,0,0,0,0,3,0,0,0,0,3
但煙味真的是很大的問題，很可惜！只要有人在房間抽煙，就會透過中央空調到別的房間去。,0,1,0,0,0,0,0,3,0,0,0,0,3
電視訊號不佳，遙控器破損影響接收功能。插座不足，手機充電很不便。,0,1,0,0,0,0,0,3,0,0,0,0,3
內部裝潢設備老舊，空調冷氣很冷，怎麼調溫度都一樣,0,1,0,0,0,0,0,3,0,0,0,0,3
車位還算多，不過仍有機會沒車位。,0,1,0,0,0,0,0,3,0,0,0,0,3
浴室不防滑,0,1,0,0,0,0,0,3,0,0,0,0,3
插座不多要尋找,0,1,0,0,0,0,0,3,0,0,0,0,3
分別有洗髮沐浴乳更好,0,1,0,0,0,0,0,3,0,0,0,0,3
床前一片大大的鏡子，睡覺有點不安穩的感覺！,0,1,0,0,0,0,0,3,0,0,0,0,3
沒停車場不好停,0,1,0,0,0,0,0,3,0,0,0,0,3
很老舊的飯店，飲水機水有味道，床也不太好睡，冷氣根本沒作用,0,1,0,0,0,0,0,3,0,0,0,0,3
浴室蓮蓬頭，洗手台等設施老舊,0,1,0,0,0,0,0,3,0,0,0,0,3
浴室的門 不OK,0,1,0,0,0,0,0,3,0,0,0,0,3
這家旅店讓我覺得好像去到鬼屋,0,1,0,0,0,0,0,3,0,0,0,0,3
裝潢過於老舊,0,1,0,0,0,0,0,3,0,0,0,0,3
因屬老舊飯店，設備比較舊,0,1,0,0,0,0,0,3,0,0,0,0,3
沒有熱水,0,1,0,0,0,0,0,3,0,0,0,0,3
設備老舊 髒 沒熱水 ,0,1,0,0,0,0,0,3,0,0,0,0,3
設備有點舊   ,0,1,0,0,0,0,0,3,0,0,0,0,3
房間設備上就算沒更新，但也要維護完成,0,1,0,0,0,0,0,3,0,0,0,0,3
隔音不佳，可以聽到走廊的聲音，如果遇到不好的房客，就要忍耐了！,0,1,0,0,0,0,0,3,0,0,0,0,3
設備老舊,0,1,0,0,0,0,0,3,0,0,0,0,3
廁所太小,0,1,0,0,0,0,0,3,0,0,0,0,3
浴室內冷氣排水直接弄濕地板,0,1,0,0,0,0,0,3,0,0,0,0,3
設施 跟熱水有待加強,0,1,0,0,0,0,0,3,0,0,0,0,3
小客廳建議可以放一台電視，不然還是得把桌子搬到臥室。,0,1,0,0,0,0,0,3,0,0,0,0,3
沒有停車位不便利,0,1,0,0,0,0,0,3,0,0,0,0,3
走道較昏暗,0,1,0,0,0,0,0,3,0,0,0,0,3
停車位真的太少了,0,1,0,0,0,0,0,3,0,0,0,0,3
衛浴門要改善,0,1,0,0,0,0,0,3,0,0,0,0,3
走廊太暗,0,1,0,0,0,0,0,3,0,0,0,0,3
枕頭無敵高又硬，建議需更換，躺了一陣子感覺會落枕，因此只能去拿浴室浴巾使用當枕頭。浴室蓮蓬頭水柱很細很強、熱水要很久才熱，入住當天氣溫低，甚至一度想尋求人員協助。,0,1,0,0,0,0,0,3,0,0,0,0,3
房間比較舊,0,1,0,0,0,0,0,3,0,0,0,0,3
浴室地板有漏水,0,1,0,0,0,0,0,3,0,0,0,0,3
住的房間靠馬路，晚上睡覺會覺得很吵,0,1,0,0,0,0,0,3,0,0,0,0,3
房間內找不到洗手乳或肥皂，想洗手只有按洗髮精…,0,1,0,0,0,0,0,3,0,0,0,0,3
進門後需要走到床邊才有拖鞋可以更換，不太懂在室內到底需要換室內拖或是不用,0,1,0,0,0,0,0,3,0,0,0,0,3
停車有點不方便，要停到很遠的地方，而且不是住宿方的停車場,0,1,0,0,0,0,0,3,0,0,0,0,3
停車位不夠，電梯偏少,0,1,0,0,0,0,0,3,0,0,0,0,3
沒有停車場得要自行找,0,1,0,0,0,0,0,3,0,0,0,0,3
 調低但是還是不夠冷,0,1,0,0,0,0,0,3,0,0,0,0,3
缺了張書桌和搭配的椅子，對商務出差旅客而言稍有不便。,0,1,0,0,0,0,0,3,0,0,0,0,3
廁所沒有排水孔，只有浴缸的地方可以排水，所以一有水流出浴缸整個廁所就都會濕噠噠的,0,1,0,0,0,0,0,3,0,0,0,0,3
沒有配合的停車場稍為不便還有一直聽到咚咚咚的聲音,0,1,0,0,0,0,0,3,0,0,0,0,1
停車位較少,0,1,0,0,0,0,0,3,0,0,0,0,3
沒提供車位蠻不方便。,0,1,0,0,0,0,0,3,0,0,0,0,3
冷氣排水設計不好，水會排的廁所都濕濕的，應該要把排水管接到排水口去。,0,1,0,0,0,0,0,3,0,0,0,0,3
因房間內冷氣管排水至浴室，會讓浴室積水，可以再調整管線讓浴室地面可以維持乾爽,0,1,0,0,0,0,0,3,0,0,0,0,3
房間門口上有管路，晚上的時間都有聲音,0,1,0,0,0,0,0,3,0,0,0,0,3
冷氣排水進廁所！廁所地板都是溼的！,0,1,0,0,0,0,0,3,0,0,0,0,3
浴室水壓不夠   ,0,1,0,0,0,0,0,3,0,0,0,0,3
停車位不足,0,1,0,0,0,0,0,3,0,0,0,0,3
隔音不是很好,0,1,0,0,0,0,0,3,0,0,0,0,3
出電梯後，走道燈光不夠亮。地下室停車場，像廢墟,0,1,0,0,0,0,0,3,0,0,0,0,3
停車場車位安排車位不夠,0,1,0,0,0,0,0,3,0,0,0,0,3
早餐飲料機較少，很多客人使用,0,1,0,0,0,0,0,3,0,0,0,0,3
冷氣有怪聲,0,1,0,0,0,0,0,3,0,0,0,0,3
他的設施真的不算是新的,0,1,0,0,0,0,0,3,0,0,0,0,3
洗澡水不熱,0,1,0,0,0,0,0,3,0,0,0,0,3
地下停車場陰暗很可怕,0,1,0,0,0,0,0,3,0,0,0,0,3
隔間不好。國慶連假住房客滿，但是餐廳人很多像菜市場。浴室乾濕分離沒做好，簾子太短，洗澡時水都流的整間浴室濕噠噠的。,0,1,0,0,0,0,0,3,0,0,0,0,3
天花板低 ，隔音稍差,0,1,0,0,0,0,0,3,0,0,0,0,3
 停車位較少。  房間的光線比較昏暗。,0,1,0,0,0,0,0,3,0,0,0,0,3
房間整體設備有些老舊,0,1,0,0,0,0,0,3,0,0,0,0,3
停車位太少,0,1,0,0,0,0,0,3,0,0,0,0,3
衛浴設備太小，房間格局奇怪。,0,1,0,0,0,0,0,3,0,0,0,0,3
走廊的燈不夠亮,0,1,0,0,0,0,0,3,0,0,0,0,3
房間燈光不足， 燈泡太小,0,1,0,0,0,0,0,3,0,0,0,0,3
沒有足夠的停車位，地下停車場路面顛簸到誇張的地步,0,1,0,0,0,0,0,3,0,0,0,0,3
浴廁比較小間，而且蓮蓬頭的水量非常細，大水時會噴得皮膚很刺痛，再加上水溫很難控制，這部分很不ok,0,1,0,0,0,0,0,3,0,0,0,0,3
隔音比較差；淋浴間內建議要有掛毛巾的地方和放一些盥洗用品的平台架，因能掛物品的地方離淋浴間較遠不太方便。,0,1,0,0,0,0,0,3,0,0,0,0,3
停車是不夠住宿的，停要停路邊。,0,1,0,0,0,0,0,3,0,0,0,0,3
停車場很可怕，走道及房間光線太暗，客廳大反而廁所很小，置物空間也少,0,1,0,0,0,0,0,3,0,0,0,0,3
衛浴空間狹小、馬桶堵塞、房內燈光昏暗,0,1,0,0,0,0,0,3,0,0,0,0,3
浴室燈光稍嫌不足,0,1,0,0,0,0,0,3,0,0,0,0,3
隔音差，半夜十一二點對面房客還在狂嗨都聽的到,0,1,0,0,0,0,0,3,0,0,0,0,3
沒有停車位！,0,1,0,0,0,0,0,3,0,0,0,0,3
冷氣忽冷忽熱,0,1,0,0,0,0,0,3,0,0,0,0,3
廁所漏水，已及停車不方便,0,1,0,0,0,0,0,3,0,0,0,0,3
房間的冰箱整晚都轟隆隆的聲音，讓人很難入眠，住宿沒有停車位，當天入住找車位找很久，才找到要付費的停車場！,0,1,0,0,0,0,0,3,0,0,0,0,3
冰箱壞掉入住停車場黑暗,0,1,0,0,0,0,0,3,0,0,0,0,3
車位太少了,0,1,0,0,0,0,0,3,0,0,0,0,3
晚上洗澡沒熱水，水孔還堵住流速非常慢，冷氣好像沒有裝訂好在牆壁上，在開冷氣的時候，冷氣機會一直有噪音。,0,1,0,0,0,0,0,3,0,0,0,0,3
地下停車場環境不好,0,1,0,0,0,0,0,3,0,0,0,0,3
因地下停車場是大樓共有的，可能因為這樣無法適度修繕，所以地上坑洞嚴重，燈光昏暗。,0,1,0,0,0,0,0,3,0,0,0,0,3
床很硬,0,1,0,0,0,0,0,3,0,0,0,0,3
無專屬停車場,0,1,0,0,0,0,0,3,0,0,0,0,3
訂房網站說可以預約停車場車位，結果到的時候確說滿了，是有告訴我們可以停在哪，但是繞了好大一圈都找不到車位可停車，飯店人員還說可以停在他們不遠處有一個黃昏市場，結果我們才剛開進去馬上跳出一個阿伯說一小時兩百元，還要立馬收費，我們都還在車上要調頭，他還說我們開進來了，就算不停也要收兩百元，除了停車問題真的很困擾外，要不然其它都還滿強可以接受。,0,1,0,0,0,0,0,3,0,0,0,0,3
沒有停車位也沒有特約停車場,0,1,0,0,0,0,0,3,0,0,0,0,3
無線網路不穩定。速度慢。,0,1,0,0,0,0,0,3,0,0,0,0,3
有些設備算是舊了。,0,1,0,0,0,0,0,3,0,0,0,0,3
沐浴乳及洗髮乳品質可以選好一點的。,0,1,0,0,0,0,0,3,0,0,0,0,3
浴室熱水有些問題，無法正常洗澡…,0,1,0,0,0,0,0,3,0,0,0,0,3
飯店走道燈光太暗,0,1,0,0,0,0,0,3,0,0,0,0,3
冰箱運轉的聲音有點大聲,0,1,0,0,0,0,0,3,0,0,0,0,3
離機房近，晚上會有吵雜聲,0,1,0,0,0,0,0,3,0,0,0,0,3
已經戴耳塞了，還聽的很清楚，,0,1,0,0,0,0,0,3,0,0,0,0,3
衛生用品牙膏漱口水杯等等品質很差,0,1,0,0,0,0,0,3,0,0,0,0,3
 沒有熱水可以洗澡 ，整晚不用睡 ,0,1,0,0,0,0,0,3,0,0,0,0,3
浴缸浴室可增加止滑墊，預防意外，容易滑倒,0,1,0,0,0,0,0,3,0,0,0,0,3
地下室停車場蚊子超多不是很好,1,1,0,0,0,0,3,3,0,0,0,0,3
住宿隔音設備很不好，因靠近馬路車子聲音很大聲，另外，隔壁浴室流水聲音都很清楚聽到。需要改善。,0,1,0,0,0,0,0,3,0,0,0,0,3
停車場路不平，車位少,0,1,0,0,0,0,0,3,0,0,0,0,3
感覺馬桶應該有個隔間比較好。,0,1,0,0,0,0,0,3,0,0,0,0,3
廁所完全沒有遮蔽，即使是家庭成員還是會尷尬,0,1,0,0,0,0,0,3,0,0,0,0,3
可以的話，房卡有兩張比較好，一張放在房間通電，一張可以帶出門，因為房門戴上後是自動鎖的，暫時去車上拿東西時不小心被鎖在門外，又沒帶手機，只好等房裡的人開門，有點冏。,0,1,0,0,0,0,0,3,0,0,0,0,3
蓮蓬頭老舊，出水稀稀落落，浴缸的按摩出水時直接從下方排水孔抽吸，等於是邊泡邊漏水，按住排水孔則噴射孔就完全不能噴出水了… ,0,1,0,0,0,0,0,3,0,0,0,0,3
床有點感覺的到彈簧，很痛,0,1,0,0,0,0,0,3,0,0,0,0,3
內有情趣椅，對於有小孩的家庭入住的，可能不合適。,0,1,0,0,0,0,0,3,0,0,0,0,3
浴室雖乾濕分離，但水會流出來外面，怕晚上老人家如廁會危險的，雖有防滑托鞋，還是會擔心。,0,1,0,0,0,0,0,3,0,0,0,0,3
床墊太軟了，難睡。,0,1,0,0,0,0,0,3,0,0,0,0,3
淋浴間的地板磁磚沒有防滑，造成跌倒，還好沒有傷到,0,1,0,0,0,0,0,3,0,0,0,0,3
浴室透明,0,1,0,0,0,0,0,3,0,0,0,0,3
房內採全開放式設計，衛浴設備和休息床無隔屏，睡覺時容易受空間及燈光干擾。,0,1,0,0,0,0,0,3,0,0,0,0,3
洗澡蒸氣室出入地板會積水（會發生些微跌倒）,0,1,0,0,0,0,0,3,0,0,0,0,3
樓層有點高，而且沒電梯。淋浴的位置沒有任何地方可以暫時擺放要穿的衣物。直接從淋浴間出來，很冷。,0,1,0,0,0,0,0,3,0,0,0,0,3
天花板有水痕，應該是頂樓防水不良，應儘速處理。主臥房風口對準人吹，麻煩調整一下。,0,1,0,0,0,0,0,3,0,0,0,0,3
 遇到冷氣自己停掉,0,1,0,0,0,0,0,3,0,0,0,0,3
床頭附近沒插座,0,1,0,0,0,0,0,3,0,0,0,0,3
浴室的電視沒有像房間這麼多節目，像是電影或是成人。,0,1,0,0,0,0,0,3,0,0,0,0,3
燈光開關不明確，不同房間無法正確開關,0,1,0,0,0,0,0,3,0,0,0,0,3
床太軟，睡起來腰酸背痛。,0,1,0,0,0,0,0,3,0,0,0,0,3
沒有設置女用的梳妝台，就只能站在浴室。非常不方便。，有點累。,0,1,0,0,0,0,0,3,0,0,0,0,3
廁所電燈壞掉 ㄧ直閃一直閃,0,1,0,0,0,0,0,3,0,0,0,0,3
空調的聲音有點大聲,0,1,0,0,0,0,0,3,0,0,0,0,3
枕頭不好睡，太塌了,0,1,0,0,0,0,0,3,0,0,0,0,3
沒有電梯不是很方便。,0,1,0,0,0,0,0,3,0,0,0,0,3
浴室該整修了,0,1,0,0,0,0,0,3,0,0,0,0,3
因為空間大，服務人員應該在客人入住前預先開啟，不然頂樓很悶剛開始很不舒服，另外按摩椅破損應該維護。,0,1,0,0,0,0,0,3,0,0,0,0,3
浴室有些按鈕按了沒反應,0,1,0,0,0,0,0,3,0,0,0,0,3
廁所無門，上廁所及洗澡無隱私，只適合情侶或夫妻入住。,0,1,0,0,0,0,0,3,0,0,0,0,3
唯一的缺點只有浴室磁磚有點滑而已,0,1,0,0,0,0,0,3,0,0,0,0,3
旅館只有一支鑰匙，如果一個人在房內休息，另一個要出去，回去一定要房內的人幫忙開門才行,0,1,0,0,0,0,0,3,0,0,0,0,3
房間太大了，不太需要這麼大的。,0,1,0,0,0,0,0,3,0,0,0,0,3
浴室spa不能用,0,1,0,0,0,0,0,3,0,0,0,0,3
要出門車庫鐵捲門不能自己關，一定要聯絡管理員,0,1,0,0,0,0,0,3,0,0,0,0,3
有一台電視模糊不清，吹風機是手壓式，太累人房間太高，需要練一下臂力。,0,1,0,0,0,0,0,3,0,0,0,0,3
床是拼起來的，睡中間會掉到縫隙下,0,1,0,0,0,0,0,3,0,0,0,0,3
我住的是埃及艷后的房型，希望房間門前那個裝飾燈，可以裝設開關，晚上關不上會有些許亮光，不好入睡。冰箱希望可以把開關接出來一點，讓房客自由選擇開與不開，不然晚上容易有運轉雜音干擾睡眠，另外希望可以隨房附一把電蚊拍，在開關門時容易有蚊子飛進來。,1,1,0,0,0,0,0,3,0,0,0,0,3
沙發區的空間很多餘,0,1,0,0,0,0,0,3,0,0,0,0,3
使用後毛巾沒有地方放,0,1,0,0,0,0,0,3,0,0,0,0,3
空調太吵,0,1,0,0,0,0,0,3,0,0,0,0,3
裝潢建議打掉重練,0,1,0,0,0,0,0,3,0,0,0,0,3
床是兩個單人床合併,0,1,0,0,0,0,0,3,0,0,0,0,3
希望燈可以亮點，給一般家庭使用大間,0,1,0,0,0,0,0,3,0,0,0,0,3
廁所房門都為舊款門種，床頭木版太低太凸易撞到,0,1,0,0,0,0,0,3,0,0,0,0,3
停車位不多，要停到附近的停車場。,0,1,0,0,0,0,0,3,0,0,0,0,3
沒浴缸,0,1,0,0,0,0,0,3,0,0,0,0,3
兩床合併,0,1,0,0,0,0,0,3,0,0,0,0,3
房間暗了些,0,1,0,0,0,0,0,3,0,0,0,0,3
隔音不是很好，凌晨都聽得到隔壁的笑聲和撞擊聲。,0,1,0,0,0,0,0,3,0,0,0,0,3
逃生方向不明顯 床鋪大小只適用亞洲人,0,1,0,0,0,1,0,3,0,0,0,0,3
可能是房內鋪設地毯一直會聞到淡淡的菸味,1,1,0,0,0,0,0,3,0,0,0,0,3
既然號稱mini，住客應該要有心知肚明，這裡的住宿空間非常小，他是以樓中樓的概念去設計，床在樓上，生活空間在樓下，廁所本身因為很近，其實味道還滿重，畢竟這是小空間的問題是比較難改善；另外建議最好是手腳俐落的人們來住，比較爬上爬下對於老人家是不適合的，但以我現在的感受太看，我依然會推薦朋友來住，享受不同的空間設計是滿好玩的,0,1,0,0,0,1,0,3,0,0,0,1,1
只是覺得燈光有點暗，其他都很滿意。,0,1,0,0,0,1,0,3,0,0,0,1,1
床墊比較軟，其他都非常棒,0,1,0,0,0,1,0,3,0,0,0,1,1
除了電視外都能接受,0,1,0,0,0,1,0,3,0,0,0,1,1
唯獨隔壁房間盥洗時，供水系統比較大聲。但不影響我們選擇再次入住的意願,0,1,0,0,0,1,0,3,0,0,0,1,1
浴室乾溼分離，但水還是會滲到外面，不致影響住宿品質，用早餐的地方稍感擁擠些，但不致影響用餐品質，整體還算好,0,1,0,0,0,1,0,3,0,0,0,1,1
隔音效果稍微差一點點，但完全不影響其他整體的住宿體驗,0,1,0,0,0,1,0,3,0,0,0,1,1
也許是因為接近水管的關係，晚上有些許噪音，但這些小缺點並不會影響下次我在北車找住宿時堅持依然選擇這家旅宿。,0,1,0,0,0,1,0,3,0,0,0,1,1
照片看空間起來比較大 實際空間稍微小一點 整體還是很滿意,0,1,0,0,0,1,0,3,0,0,0,1,1
冰箱運轉聲稍微大聲一點 但整體沒什麼影響,0,1,0,0,0,1,0,3,0,0,0,1,1
介意隔音的話，隔音稍微不是那麼好，隔壁房講話大聲一點，或腳步聲比較大的話，會聽得到，但不影響，整體還是非常棒的！,0,1,0,0,0,1,0,3,0,0,0,1,1
整體來說還不錯，只是浴室水壓差了點,0,1,0,0,0,1,0,3,0,0,0,1,1
房間隔音沒有很好，但好在住宿者的品質都很好，所以是到隔天早上才發現此事，並未影響到睡眠。,0,1,0,0,0,1,0,3,0,0,0,1,1
電視距離較遠、洗澡像日本那樣在浴缸裡洗，整體來說還是很棒,0,1,0,0,0,1,0,3,0,0,0,1,1
隔音不算好，早上會聽到隔壁房的音樂聲，其他地方都很棒哦,0,1,0,0,0,1,0,3,0,0,0,1,1
浴室水溫有點忽冷忽熱，不知道是不是太多人同時使用的關係，但整體住宿體驗是很棒的！還會再去！,0,1,0,0,0,1,0,3,0,0,0,1,1
除了床太軟其他都很棒,0,1,0,0,0,1,0,3,0,0,0,1,1
都不錯，只是隔音有點不好,0,1,0,0,0,1,0,3,0,0,0,1,1
只有隔音比較不好，大家走來走去的聲音都聽得到，塞耳塞還是會容易吵醒QQ不然整體都不錯。,0,1,0,0,0,1,0,3,0,0,0,1,1
其他都很好，除了隔音,0,1,0,0,0,1,0,3,0,0,0,1,1
除了隔音不好外沒什麼好挑剔的,0,1,0,0,0,1,0,3,0,0,0,1,1
空調冷氣無法自行調整 個人尋思小缺點整體感覺還不錯,0,1,0,0,0,1,0,3,0,0,0,1,1
只差在沒有停車場麻煩些，其他算是完美的，下次還想入住。,0,1,0,0,0,1,0,3,0,0,0,1,1
浴室地上會有積水，建議自備拖鞋會比較方便,0,1,0,0,0,0,0,3,0,0,0,0,3
住宿當天晚上隔壁音樂聲吵雜，停車不確定性造成旅程的不安；且需過馬路，下雨天不方便,0,1,0,0,0,1,0,3,0,0,0,3,3
太小,0,1,0,0,0,0,0,3,0,0,0,3,3
有人如果在房間抽菸就會知道，空調傳出來了，還要等ㄧ會菸味才消失,0,1,0,0,0,1,0,3,0,0,0,3,3
隔音效果不好?三更半夜其他房間的房客一直吵到天亮，希望保持安靜，避免影響其他房客休息,0,1,0,0,0,1,0,3,0,0,0,3,3
房間有蚊子半夜還得爬起來打蚊子，隔音不太好但還好沒遇到太吵的，中央空調冷氣無法調整，會有點冷,1,1,0,0,0,0,3,3,0,0,0,0,3
網站上，單人私人衛浴有備註浴缸，實際卻沒浴缸。,0,1,0,0,0,1,0,3,0,0,0,3,3
隔音效果不怎么?。隔壁的老外凌晨一直?在玩骰子，很吵，睡不好,0,1,0,0,0,1,0,3,0,0,0,3,3
中央空調，有人抽煙，所以一直在淡淡的煙味中渡過（空調的缺點）,0,1,0,0,0,1,0,3,0,0,0,3,3
其他房客抽煙 應分吸菸樓層,0,1,0,0,0,1,0,3,0,0,0,3,3
這次住的隔音有點差，有被隔壁小孩哭聲干擾。,0,1,0,0,0,1,0,3,0,0,0,3,3
，入住時一直懷疑洗澡水會不會流出去，還好沒有。，很不方便，因為要化妝只能在浴室用，而且浴室的燈光是黃光也不適合化妝，也沒有可以放化妝包、品的架子，若同行者要使用廁所就要等。承接上面不喜歡的第一點，同住者若早上有使用淋浴設備，就會讓浴室地面溼答答的，腳會一直踩到水。當天睡到早上九點，但是大概早上七八點，就有聽到外面在使用吸塵器的聲音，有點干擾睡眠。,0,1,0,0,0,1,0,3,0,0,0,3,3
房間隔音倒是差了一些，早上還沒退房前，清理人員開關門非常大聲。,0,1,0,0,0,1,0,3,0,0,0,3,3
隔音設備較差，還是隔壁太嗨我有點搞不清楚，差點要去櫃檯檢舉他們了   ,0,1,0,0,0,1,0,3,0,0,0,3,3
入住當天半夜被走廊的孩童哭聲和說話聲吵醒，房間隔音不佳,0,1,0,0,0,1,0,3,0,0,0,3,3
隔音差，被隔壁房聊天吵到半夜無法入睡,0,1,0,0,0,1,0,3,0,0,0,3,3
房間隔音設備較差！也許是家長沒有管教～致喧鬧聲較大,0,1,0,0,0,1,0,3,0,0,0,3,3
1.電梯兩段式搭乘，要排很久。 2.網站說有免費停車場，其實要收費。,0,1,0,0,0,1,0,3,0,0,0,3,3
覺得隔音效果有點不好，隔壁幾間的房客開門關門好幾十次，又不輕輕的關，關很大力！希望每層樓都有飲水機，，有點不方便！,0,1,0,0,0,1,0,3,0,0,0,3,3
第三次入住沒有飲水機設備，半夜想喝水還必需出外購買。一早就被清潔人員的清掃聲吵醒。,0,1,0,0,0,1,0,3,0,0,0,3,3
訂的是單人間，床實在太短了。付款金額和網站所示有差異，，雖然不多，但感覺不太好。,0,1,0,0,0,1,0,3,0,0,0,3,3
菸味太重各住房之間的廁所通風管是互通的；隔壁住客在廁所或房間抽菸，菸味飄飄，四通八達，整夜難以入睡。窗戶似乎不易打開，逃生有疑慮。,0,1,0,0,0,1,0,3,0,0,0,3,3
隔音沒有很好，睡到五點多突然有煙味，不知道是為什麼 ,0,1,0,0,0,1,0,3,0,0,0,3,3
有住戶在室內吸煙，污染房間空氣。換房後，床鋪引發皮膚癢而難入睡。隔音不良，半夜因馬路上車聲而吵醒！,0,1,0,0,0,1,0,3,0,0,0,3,3
住的當天同層住宿旅客在走廊喧嘩聊天非常吵?還有小孩尖叫哭鬧?真的非常惱人浴室蓮蓬頭有點壞了，影響出水,0,1,0,0,0,1,0,3,0,0,0,3,3
背包客棧的同房客人的吵雜聲還有冷氣不夠良,0,1,0,0,0,1,0,3,0,0,0,3,3
隔音太差了  半夜有人一直狂按隔壁電鈴  我們這間都聽得到  隔壁不知道開趴還怎樣一直撞牆壁  蹦蹦蹦的  隔天早上又有人在念經的聲音....,0,1,0,0,0,1,0,3,0,0,0,3,3
住的背包客房，第一次給的床位居然有人睡錯位置；同間的室友品行不太好，半夜兩點還在浴室聽音樂，是的我的床位正對浴廁附近，隔音不好，我相信那晚吵到很多人,0,1,0,0,0,1,0,3,0,0,0,3,3
煙味真的是讓人很不舒服啊，但這跟住的人有很大的關係，只能說，老商旅要轉型成功蠻有難度的。電視節目兒童不宜。,0,1,0,0,0,1,0,3,0,0,0,3,3
晚上跟早晨房裡傳過來煙味，似乎是從浴室的通風口飄過來，跟孩子在房裡需要一直忍耐煙味，不知道是否有其他房客在室內吸煙的緣故。,0,1,0,0,0,1,0,3,0,0,0,3,3
有蚊子，門口只放補蚊燈一點作用都沒有，床有一點軟，不好睡。,1,1,0,0,0,0,3,3,0,0,0,3,3
當天蚊子有點多，有人在唱歌，隔音不是很好,1,1,0,0,0,0,3,3,0,0,0,0,3
房間裏有蚊子，不知是進房前就有或是因為開門飛入。建議房間準備電蚊香片，若需要時房客可以使用。,1,1,0,0,0,0,3,3,0,0,0,0,3
冷氣出風太大聲，很便宜，cp好,0,1,0,0,0,0,0,3,0,0,1,0,1
寢具可以再改進、房價尚可,0,1,0,0,1,0,0,3,0,0,1,0,3
房間較為狹隘，但以價格而言應可相互抵消接受。,0,1,0,0,1,0,0,3,0,0,1,0,1
房間內走道、浴室偏小，隔音稍微差了一點，附近房客開門聲都會讓我們嚇到，但整體性價比很高,0,1,0,0,1,0,0,3,0,0,1,0,1
空調裡有煙味比較可惜，離開之後衣服上還會有煙味，除此之外都很經濟實惠,0,1,0,0,1,0,0,3,0,0,1,0,1
枕頭太軟睡一睡變成ㄩ，底部可以說是跟床切齊了。還有插座不在床附近。跟別的住客沒什麼聲音的秘密。但cp值還是很高！！就看是不是很介意這三點，枕頭拉希望枕頭可以改善！！！,0,1,0,0,1,0,0,3,0,0,1,0,1
床太硬，枕頭只有一個不夠紮實，但是房價在北投區算便宜。,0,1,0,0,1,0,0,3,0,0,1,0,1
沒有有選大一點的房間但還是偏小不過已經足夠以價格來說很物超所值,0,1,0,0,1,0,0,3,0,0,1,0,1
沒有停車場，附近假日路邊停滿車子只能到收費停車場自費停車。疑似管線滲漏造成這點很扣分，價錢合理。,0,1,0,0,1,0,0,3,0,0,1,0,3
被單有些微的煙味，但此價位的住宿還可以接受。,0,1,0,0,1,0,0,3,0,0,1,0,1
很便宜，cp好，冷氣出風太大聲,0,1,0,0,1,0,0,3,0,0,1,0,1
性價比高，冷氣不夠冷,0,1,0,0,1,0,0,3,0,0,1,0,1
冷氣不夠冷，性價比高,0,1,0,0,1,0,0,3,0,0,1,0,1
空調太吵，性價比高,0,1,0,0,1,0,0,3,0,0,1,0,1
隔音效果不好  性价比不高,0,1,0,0,1,0,0,3,0,0,3,0,3
性价比很不好，房間里面東西非常糟糕；洗澡的熱水不充足,0,1,0,0,1,0,0,3,0,0,3,0,3
家庭房房間內陳設陽春，週六房價訂價太貴，導致性價比太低。,0,1,0,0,1,0,0,3,0,0,3,0,3
房間很小，價格貴，,0,1,0,0,1,0,0,3,0,0,3,0,3
如果住到房間小的就覺得不那麼划算而且比較潮濕,0,1,0,0,1,0,0,3,0,0,3,0,3
房間偏小，連續假日加價幅度太大，cp值差,0,1,0,0,1,0,0,3,0,0,3,0,3
房間再大點會更超所值,0,1,0,0,1,0,0,3,0,0,3,0,3
住雙床房，覺得有點貴，房算小，cp值不高，，超過就不會想再來。,0,1,0,0,1,0,0,3,0,0,3,0,3
房間不算大，價格卻和五星飯店相差不多，實在算不上物超所值。,0,1,0,0,1,0,0,3,0,0,3,0,3
一晚兩千初頭和同級飯店比較不算太優惠，房間缺少放置行李的架子，買宵夜回來沒有小桌子擺放，有點可惜。出差入住需要使用筆電，沒有小書桌供使用，房內燈光不算太明亮，不太適合商務客。如果能改進就完美了。,0,1,0,0,1,0,0,3,0,0,3,0,3
沒有招牌，洗完澡後房間會漏水，熱水開一陣子會變冷 、員工說要等半小時，投射燈直接照在頭頂，房間超級小、價格又貴 （cp值超級低）,0,1,0,0,1,0,0,3,0,0,3,0,3
單人房像鳥籠一樣小 價格不親民不建議,0,1,0,0,1,0,0,3,0,0,3,0,3
隔音不好，cp值不高,0,1,0,0,1,0,0,3,0,0,3,0,3
標準雙人房客房偏小，cp值不高。,0,1,0,0,1,0,0,3,0,0,3,0,3
雖說這是四星旅館，健身房之類的配套設施不夠完善，跟價格不匹配,0,1,0,0,1,0,0,3,0,0,3,0,3
住宿的價格沒有反應在設備及設施上,0,1,0,0,1,0,0,3,0,0,3,0,3
房間有點老舊浴室太小，沒地方放東西cp值太低,0,1,0,0,1,0,0,3,0,0,3,0,3
飯店價位略高、插頭在枕頭正上方。,0,1,0,0,1,0,0,3,0,0,3,0,3
同時用浴室的水，熱水過熱，無法轉冷水，因為湯屋在用水。所以無法同時間一起用水。這點有點不ok。價位可以在親民一點會更完美,0,1,0,0,1,0,0,3,0,0,3,0,3
網路不良，馬桶不通維修後也無效，與高昂房價不符,0,1,0,0,1,0,0,3,0,0,3,0,3
不能免費使用湯屋，浴室內泡溫泉不佳，固價格不附合。,0,1,0,0,1,0,0,3,0,0,3,0,3
可能因為假日關係房價高了點，只是覺得還是有許多不足的地方。希望下次可提供洗面乳,0,1,0,0,1,0,0,3,0,0,3,0,3
按摩浴缸故障主打可以唱歌，卻只有台機台，根本就無法唱歌，房價比精品的房型高，但是卻沒有按摩椅，讓人失望。,0,1,0,0,1,0,0,3,0,0,3,0,3
廁所要改進一下，熱水燙到不行， 雖然便宜 ，但是品質也是要顧一下，完全不行。,0,1,0,1,0,0,0,3,0,0,3,0,3
雖然有市景可看，可惜車輛經過還是會偶爾聽到聲音，隔音待加強,0,1,0,1,0,0,0,3,0,1,0,0,3
可能是因為沒有對外窗，所以自己洗衣服不太容易乾，，好在附近有自助洗衣，可以解決問題,0,1,0,1,0,0,0,3,0,1,0,0,1
環境尚可，因屬老舊飯店，設備比較舊,0,1,0,1,0,0,0,3,0,1,0,0,3
因屬老舊飯店，設備比較舊，環境尚可,0,1,0,1,0,0,0,3,0,1,0,0,3
離市區近方便，但隔音不好很吵，不過還算可以,0,1,0,1,0,0,0,3,0,1,0,0,1
沒洗衣機跟脫水機，對洽公多天的不方便，位置在街弄內，晚上過於安靜,0,1,0,1,0,0,0,3,0,1,0,0,3
淋浴間的地板磁磚沒有防滑，造成跌倒，還好沒有傷到，地點ok,0,1,0,1,0,0,0,3,0,1,0,0,3
淋浴間的地板磁磚沒有防滑，造成跌倒，還好沒有傷到，地點ok。,0,1,0,1,0,0,0,3,0,1,0,0,3
設備有點舊，離火車站很近,0,1,0,1,0,0,0,3,0,1,0,0,1
隔音效果不好離夜市近,0,1,0,1,0,0,0,3,0,1,0,0,1
車位要自己找路邊車位，非常適合過一夜的地方，離夜市近,0,1,0,1,0,0,0,3,0,1,0,0,1
隔音不是很好，沒有可以掛衣服的地方，離夜市和市區很近，雖然沒有停車場但附近有可以停的地方。,0,1,0,1,0,0,0,3,0,1,0,0,1
沒有停車場，要自己找車位。電視頻道只有基本的幾台民宿內附設電梯，不需要搬行李爬樓梯。離東大門夜市及鐵道文化園區很近。,0,1,0,1,0,0,0,3,0,1,0,0,3
浴缸、水龍頭出來只有熱水，非常燙根本無法洗澡泡澡，等待很久才有涼一點位於礁溪市區,0,1,0,1,0,0,0,3,0,1,0,0,3
是舊房子所以隔音不是那麼好。位在羅東運東公園附近,0,1,0,1,0,0,0,3,0,1,0,0,3
地點很好，隔音效果不太好， 但還是不錯,0,1,0,1,0,0,0,3,0,1,0,0,1
地點便利性高，但是美中不足的地方是廁所洗髮乳跟沐浴乳有些淋浴間是空的,0,1,0,1,0,0,0,3,0,1,0,0,3
合宿通往浴室的門，出來的時候無法緊閉，衛浴裡的聲音會更大聲，位置很好。,0,1,0,1,0,0,0,3,0,1,0,0,3
隔音稍差，距離台中火車站很近，交通方便。,0,1,0,1,0,0,0,3,0,1,0,0,1
隔音差離火車站近交通便利,0,1,0,1,0,0,0,3,0,1,0,0,3
可惜冰箱跟冷氣很慢才會冷不夠冰。一個很不錯的休息地方，地點很不錯～,0,1,0,1,0,0,0,3,0,1,0,0,1
房間內壁癌嚴重，觀感不佳。隔音非常差，常常因鄰房旅客的聊天聲音而被吵醒。面對外面道路的隔音，一樣效果很差，道路的隔音無論是車、人都無法有效隔音。旅館位於台中火車站前，地點佳,0,1,0,1,0,0,0,3,0,1,0,0,3
淋浴間排水不佳，近火車站 步行很快就到了,0,1,0,1,0,0,0,3,0,1,0,0,3
住在有窗的房間，沒有view，只有交通吵雜聲，晚上無法入睡。飯店位子搭火車跟公車很方便,0,1,0,1,0,0,0,3,0,1,0,0,3
窗戶不能打開，附近便利性很好,0,1,0,1,0,0,0,3,0,1,0,0,1
床很難睡，地點方便。,0,1,0,1,0,0,0,3,0,1,0,0,3
地點方便，床很難睡。,0,1,0,1,0,0,0,3,0,1,0,0,3
設備偏老舊，地理位置還不錯。,0,1,0,1,0,0,0,3,0,1,0,0,1
地點好，床很難睡,0,1,0,1,0,0,0,3,0,1,0,0,3
床很難睡，地點好,0,1,0,1,0,0,0,3,0,1,0,0,3
沒有停車場得要自行找，不過位居虎尾科大周圍鬧區，吃喝便利。,0,1,0,1,0,0,0,3,0,1,0,0,1
大廳燈光稍微暗了點，地點好，週邊很多吃的，走一小段路還有tap bar。,0,1,0,1,0,0,0,3,0,1,0,0,1
公共空間沒有空調，電梯老舊，有不安全感，地點還不錯。,0,1,0,1,0,0,0,3,0,1,0,0,3
靠近馬路的房間會被外面的車聲吵到，走廊有點昏暗j危險，附近很多店家方便。,0,1,0,1,0,0,0,3,0,1,0,0,3
停車位太少，周邊白線太多車停了，車位很難找。飯店定點不錯，周圍吃的餐廳選擇多，後面還有一間戲院。,0,1,0,1,0,0,0,3,0,1,0,0,1
停車場很恐怖，電梯等太久，浴缸太滑，隔音不太好。附近吃東西很方便,0,1,0,1,0,0,0,3,0,1,0,0,3
沖涼花灑不夠熱和水力不足。位置超好，附近有家樂福迪卡儂，還有好多食肆…,0,1,0,1,0,0,0,3,0,1,0,0,3
床不好睡，地點好。,0,1,0,1,0,0,0,3,0,1,0,0,3
旅館只有一支鑰匙，如果一個人在房內休息，另一個要出去，回去一定要房內的人幫忙開門才行，本來晚上要出去小酌一下，但是顧及房內的家人要睡覺還得起床開門，反而無法出去了位置不錯，對面有麥當勞，旁邊有星巴克，斜對面是家樂福,0,1,0,1,0,0,0,3,0,1,0,0,3
燈光不夠明亮，住宿地方位置方便。,0,1,0,1,0,0,0,3,0,1,0,0,3
燈光可以再亮一點，電視台數有點少，附近停車算方便。,0,1,0,1,0,0,0,3,0,1,0,0,3
地點在火車站旁邊，附近有很多可以逛的商店，停車位不多，要停到附近的停車場。,0,1,0,1,0,0,0,3,0,1,0,0,3
浴室電燈壞掉熱水太小離夜市近,0,1,0,1,0,0,0,3,0,1,0,0,3
外面是外籍移工的聚集地，安全上要自己多注意，不是移工不好，但是有遇過幾次吵架打架，還是要多保護自己。.附近還算便利，交通也方便。內部設計很像迷宮，雖具新鮮感，但若發生事故可能會很難逃難，對環境安全不夠嚴謹。隔音不是很優秀，晚上睡覺時常聽見外面移工的大吼大叫聊天聲，一個讓人很睡不好。（我們是住4樓）,0,1,0,1,0,1,0,3,0,1,0,0,3
隔音不太好 不過嚴格來說是其他房客的孩子一大早太吵 離夜市很近,0,1,0,1,0,1,0,3,0,1,0,3,3
價格便宜～位置好～停車場位子有限！！,0,1,0,1,1,0,0,3,0,1,1,0,1
旅店車位還算多，不過仍有機會沒車位。樓下有7-11 斜對角還有一個夜市（不過攤位還好）～整體cp值不錯,0,1,0,1,1,0,0,3,0,1,1,0,1
入住的房間浴室沒有乾溼分離 （有乾溼分離的設計，但防水的擋版跟地板間有空隙，所以浴室地板整體來說還是溼）價格便宜，附近很多用餐的店,0,1,0,1,1,0,0,3,0,1,1,0,1
膠囊房內沒有可放置物品的層架，建議建議加裝，交通方便，價格便宜,0,1,0,1,1,0,0,3,0,1,1,0,1
車位還算多，不過仍有機會沒車位。樓下有7-11 斜對角還有一個夜市（不過攤位還好）～整體cp值不錯,0,1,0,1,1,0,0,3,0,1,1,0,1
飯店地點方便及價位經濟又實惠！床前一片大大的鏡子，睡覺有點不安穩的感覺！,0,1,0,1,1,0,0,3,0,1,1,0,1
房間設備上就算沒更新，但也要維護完成，地理位置及價錢上是很不錯的。,0,1,0,1,1,0,0,3,0,1,1,0,1
以這個價格跟位置算不錯了，唯獨就是沒車位，停車很不方便。住宿價格合理。,0,1,0,1,1,0,0,3,0,1,1,0,1
空調的聲音有點大聲，房間非常大！地點非常方便， cp值很好,0,1,0,1,1,0,0,3,0,1,1,0,1
房間的品質完全體現便宜的價格，地點離車站近。,0,1,0,1,1,0,0,3,0,1,3,0,3
酒店沒有其他特別設備，例如健身室，酒吧等，景觀一般,0,1,0,1,0,0,0,3,0,2,0,0,3
浴室玻璃全透明，朋友一起可能會很尷尬。浴廁有一個超大熱水鍋爐，有點奇怪。，外面是理髮廳跟卡拉ok,0,1,0,1,0,0,0,3,0,2,0,0,3
電梯較舊（這不是飯店的問題，不過想提醒去的人如果有搭乘電梯要注意電梯夾到不會自己打開，要有人在裡面按開才會開，而且電梯關門速度很快，有帶小朋友的要注意！）. 電梯位置不太好找（雖然入住前訊息有提醒可直達的電梯位置，但是...停車場哪裡真的不太好找標示的位置），樓下是第一廣場，到晚上也蠻多人的，不過如果是女生自己一人要注意安全,0,1,0,1,0,0,0,3,0,2,0,0,3
早上五點被火警警報器嚇醒好險只是誤會一場不然很驚恐。這次入住遇到飯店門口馬路施工，有點阻礙交通,0,1,0,1,0,0,0,3,0,3,0,0,3
單人房會聽到臨近樓層的低頻音樂聲一直從11點吵到一點,0,1,0,1,0,0,0,3,0,3,0,0,3
周邊環境噪雜，出入門口有大量電單車停泊，而且有小攤阻礙進出，房間暗陰。,0,1,0,1,0,0,0,3,0,3,0,0,3
隔音差，離交流道遠。,0,1,0,1,0,0,0,3,0,3,0,0,3
戶外廣場和大樓內有許多外勞出入、吵雜！住宿空間在4樓，6樓有夜店，隔音不好！,0,1,0,1,0,0,0,3,0,3,0,0,3
樓下是ktv，隔音不好，非常吵！,0,1,0,1,0,0,0,3,0,3,0,0,3
沒有附設停車位附近路邊停車位也很難找,0,1,0,1,0,0,0,3,0,3,0,0,3
離y13出口很近，但要走去搭捷運，還是有點距離，要去櫃檯借吹風機微不便。,0,1,0,1,0,0,0,3,0,3,0,0,3
電視頻道很少，地點在鬧區很吵,0,1,0,1,0,0,0,3,0,3,0,0,3
雖然在北車但走路有點距離。房間內沒提供吹風機不方便,0,1,0,1,0,0,0,3,0,3,0,0,3
地點不好，設備不好,0,1,0,1,0,0,0,3,0,3,0,0,3
沒有電梯很不方便，地點偏僻,0,1,0,1,0,0,0,3,0,3,0,0,3
設備不完善，要甚麼沒什麼，地點也不佳,0,1,0,1,0,0,0,3,0,3,0,0,3
離車站很遠也不好叫車，空調沒辦法自己調,0,1,0,1,0,0,0,3,0,3,0,0,3
旅店地點在暗巷裡不是很好，衣櫃壞掉,0,1,0,1,0,0,0,3,0,3,0,0,3
如果有衣架會更好，不然都沒地方掛衣服。地點差,0,1,0,1,0,0,0,3,0,3,0,0,3
隔音差地點差,0,1,0,1,0,0,0,3,0,3,0,0,3
隔音爛地點爛,0,1,0,1,0,0,0,3,0,3,0,0,3
都能聽到隔壁房嗯嗯啊啊的聲音吵死了，地點也…,0,1,0,1,0,0,0,3,0,3,0,0,3
飯店位置真的不是很好，隔音也差爆,0,1,0,1,0,0,0,3,0,3,0,0,3
隔音能不能做好阿，真的讓人受不了ㄟ，地點也離車站很遠,0,1,0,1,0,0,0,3,0,3,0,0,3
地點不好，隔音也是,0,1,0,1,0,0,0,3,0,3,0,0,3
飯店離車站遠，隔音不太好,0,1,0,1,0,0,0,3,0,3,0,0,3
隔音很差，樓上是健身房，放下健身器具的聲響很大天花板都在震，早上7點多強制起床,0,1,0,1,0,0,0,3,0,3,0,0,3
雖然在北車但走路有點距離。房間內沒提供吹風機很不方便,0,1,0,1,0,0,0,3,0,3,0,0,3
樓上可能因為是補習班，隔音有點弱，但不至於影響睡眠,0,1,0,1,0,0,0,3,0,3,0,0,3
樓上補習班有點吵隔音不太好,0,1,0,1,0,0,0,3,0,3,0,0,3
和補習班同一棟大樓，電梯不好等，5樓check in之後又要再等電梯到8樓，花了很多時間，而且8樓等電梯的地方完全沒空調,0,1,0,1,0,0,0,3,0,3,0,0,3
樓層寬闊，房間數很多，電梯只有小小的兩部，安全梯也只有兩處，有點安全上的疑慮。而一棟大樓裡有一間餐廳、一間診所、兩間補習班、以及三間旅館，上下樓時，會有推行李箱的人、補習的學生、要吃飯的人、要看診的病患、還有收送貨的人，對想放鬆的人會覺得很煩，地點選的不是很好。房間真的有點小，濕氣有點無法排出，除非開窗。,0,1,0,1,0,0,0,3,0,3,0,0,3
靠近大馬路邊，隔音有點差，晚上可以聽到樓下機車很大聲…不好睡覺,0,1,0,1,0,0,0,3,0,3,0,0,3
空間小沒關係，但沒有提供吹風機真的很可怕，再加上提供的洗髮乳品質之差，讓我的頭髮洗完直接變稻草...旅館在一個巷弄內，晚上一個人走很危險，然後巷弄還會有人直接在旁邊隨地大小便，所以過去時請慎選時間與找人陪你走,0,1,0,1,0,0,0,3,0,3,0,0,3
距離捷運太遠，有老人和小孩同行不太方便，附近又有公車可到旅遊景點。另房間本來不錯，但沒有衣櫃掛衣，好像怪怪的。,0,1,0,1,0,0,0,3,0,3,0,0,3
離逢甲有點遠 飯店也沒自行車代步 也沒健身房,0,1,0,1,0,0,0,3,0,3,0,0,3
行李箱無法全部攤開，地點景觀不佳。,0,1,0,1,0,0,0,3,0,3,0,0,3
離夜市有遠，半夜與早上都有搬動重物的聲音，晚上聽得到隔壁客房的電視與手機聲音,0,1,0,1,0,0,0,3,0,3,0,0,3
對面好像是消防局還是警局的，半夜很吵，隔音不好,0,1,0,1,0,0,0,3,0,3,0,0,3
沒有門牌， 難找。 和hotel attic 同一個樓， 不一樣的樓層。隔音不好。,0,1,0,1,0,0,0,3,0,3,0,0,3
房內大小不符預期因飯店停車和商場共用 周末房客居然沒有車位可停 因此耽誤行程 無法接受飯店位置離一般會逛的台南市區有一段距離,0,1,0,1,0,0,0,3,0,3,0,0,3
位置稍稍偏離各景點一點，電視稍微有點年代了,0,1,0,1,0,0,0,3,0,3,0,0,3
膠囊房內沒有衣物的掛鉤淋浴的門鎖，很難開關。住宿附近的環境都是外勞或者流浪漢,0,1,0,1,0,0,0,3,0,3,0,0,3
浴室格局比較小，停車場離住的地方有點距離隔音也比較不好一點，外面的車聲很吵雜無法避免空間算蠻大的，但是浴室有點失望,0,1,0,1,0,0,0,3,0,3,0,0,3
浴室格局比較小，停車場離住的地方有點距離，隔音也比較不好一點，外面的車聲很吵雜，無法避免。空間算蠻大的，但是浴室有點失望。,0,1,0,1,0,0,0,3,0,3,0,0,3
床板會翻個身就有聲音，房間有潮濕的味道，樓下是市場，早上比較吵一點點。,0,1,0,1,0,0,0,3,0,3,0,0,3
隔音差都能聽到隔壁房嗯嗯啊啊的聲音吵死了，地點也…,0,1,0,1,0,0,0,3,0,3,0,0,3
房間非常小附近停車位不好找,0,1,0,1,0,0,0,3,0,3,0,0,3
地理位置大樓人流複雜，路線標示不清，停車折抵只能折抵一次，大樓電梯很老舊,0,1,0,1,0,0,0,3,0,3,0,0,3
飯店鄰近台灣大道， 車子公車一直經過非常的吵，隔音超級差，走廊有人說話開關門甚至腳步聲也很明顯遠處有電音趴音樂放很大聲也都聽得到非常難以入睡 而且清晨就會被公車吵醒其他部分就還不錯 但隔音差到非常不推薦入住,0,1,0,1,0,0,0,3,0,3,0,0,3
隔音非常差，床的旁邊就是大馬路，公車往來行駛，非常吵～～ 插座內凹沒修繕，插頭插上一直掉很啊雜,0,1,0,1,0,0,0,3,0,3,0,0,3
以一個不算怕吵的旅人，這是我住過下次若有機會住宿，必須戴耳塞才能安然入睡的旅店，因為隔音超乎想像的差！住四樓F16房(靠馬路)，會有錯覺是窗戶沒關，但其實是窗戶沒有隔音效果，車水馬龍完全聽得很清楚，而且晚上隔壁房有敲打床頭還是牆，可以感覺到震動(因為我正躺在床上)；六樓有夜店，過了午夜音樂節拍非常大聲。,0,1,0,1,0,0,0,3,0,3,0,0,3
還沒完全整備完成就開幕 有點過急 第一印象最重要 但是看起來大廳很空虛 找不太到飯店位置在哪裡,0,1,0,1,0,0,0,3,0,3,0,0,3
隔音不好。設備算是老舊型，地點不錯，靠近火車站，,0,1,0,1,0,0,0,3,0,3,0,0,3
地理位置大樓人流複雜，路線標示不清，大樓電梯很老舊,0,1,0,1,0,0,0,3,0,3,0,0,3
對於地下停車後到飯店的指標不是很清楚，飯店的電梯及戶外廣場的電梯很多指標不是很清楚，會迷路，尤其如果晚上才到的話會覺得有點危險，因為地緣的關係白天晚上會有很多外勞出入，坐對電梯和坐錯電梯會有明顯差異。,0,1,0,1,0,0,0,3,0,3,0,0,3
旅店所在大樓非常複雜髒亂，出入口標示不清,0,1,0,1,0,0,0,3,0,3,0,0,3
隔音設備太差，實在太吵雜了，連晚上十點要睡覺都一直無法入睡，聲音大到連睡都沒辦法，若是都需要安靜的睡眠空間，這裡真的不適合。地點不好，車子來往的車聲、人潮的講話聲、卡拉OK的唱歌聲?等等，各式各樣的聲音都有。至停車場的電梯，只有一部，超級難等，每次打開都滿滿的一堆外勞從下坐到頂樓再至一樓，根本無法再進入。,0,1,0,1,0,0,0,3,0,3,0,0,3
電源插座有些少，床邊沒有有些遺憾，衛生間有鏽蝕，旅店外面環境在早晨四至五時有菜市場的聲音，難以睡懶覺，旅店建築上挂的國旗似乎太久了有掉色和殘缺。,0,1,0,1,0,0,0,3,0,3,0,0,3
附近比較困難找停車位有點困擾，冷氣有點大聲，窗戶隔音待加強，半夜常聽見機車呼嘯而過。,0,1,0,1,0,0,0,3,0,3,0,0,3
冷氣的排水孔直接從浴室排出，應該接一個水管繞到馬桶後方，排入排水孔內，不然整間浴室的地板都隨時隨地是 潮濕的，還有這間的地點剛好是虎尾最熱鬧的地點，晚上林森路的聲音不小，就算深夜也是如果是對躁音敏感的人，真的不建議選這間。,0,1,0,1,0,0,0,3,0,3,0,0,3
隔音不太好，不過嚴格來說是其他房客的孩子一大早太吵， 離夜市很近。,0,1,0,1,0,0,0,3,0,3,0,3,3
有開車的朋友可能比較不方便 停車位不好找～停車場一晚的價錢也很驚人！房間廁所的淋浴間蠻小的 ～ 這個一晚的價格在台北其實也沒什麼好挑惕的了～所以是會再回顧的！,0,1,0,1,1,0,0,3,0,3,1,0,1
隔音差，離交流道遠。性價比高，下次會再來。,0,1,0,1,1,0,0,3,0,3,1,0,1
房間內不定時會出現來在其他房間或是電梯發出不明機器異音，在強調周圍環境安靜的空間中更刺耳明顯，豪華雙人房床鋪過小，周邊幾乎無餐廳需走超過七八分鐘才找的到適合吃飯處。原本餐廳出租，早餐需帶至房間吃，與臺中其他住宿飯店相比，cp值不高。,0,1,0,1,1,0,0,3,0,3,3,0,3
所在區域是移工聚集地，樓下聚滿了移工，晚上還會有警察，環境不單純，女生住太可怕了樓上六樓是夜店，隔音極差，夜裡睡覺一直蹦蹦蹦，動資動資，非常非常吵，隔音非常非常差床很硬，枕頭很硬很高，全部人睡起來隔天都脖子扭到電視畫質差找不到房間燈的開關，結果在枕頭後面（什麼怪位置？）房間鏡子超小地板是空心的，很怕會跌下去總之，cp值極低，很差很差的住宿體驗,0,1,0,1,1,0,0,3,0,3,3,0,3
雖然沒有特約停車場但有折抵卷可以折抵,0,1,1,0,0,0,0,3,1,0,0,0,1
櫃臺人員服務態度非常好。早餐選擇種類多。雖然停車費不足，但會幫你付清路邊停車費用。,0,1,1,0,0,0,0,3,1,0,0,0,1
被浴室固定沐浴乳的鐵片割傷，至櫃檯詢問有沒有一張ok蹦，很貼心的給ㄌ三張～～～,0,1,1,0,0,0,0,3,1,0,0,0,1
三點多check in後使用淋浴設備發現沒熱水，通知前台處理，說因為管路需要讓他時間流動才會有熱水，後來人員來處理就好了，到隔天早上都是有熱水的狀態,0,1,1,0,0,0,0,3,1,0,0,0,1
停車地方可以稍微改善一下，服務人員服務超棒超優非常不錯下次來一定就是住這了,0,1,1,0,0,0,0,3,1,0,0,0,1
第一次住告知升等，心感很高興，但晚上洗澡時發現浴室門無法關上及浴缸熱水量太太太小，讓我想泡澡只好放棄,0,1,1,0,0,0,0,3,1,0,0,0,3
家庭房只有兩張大床，老闆很貼心幫我們準備第五人的床及床罩、被組～,0,1,1,0,0,0,0,3,1,0,0,0,1
住房期間馬桶不通，房務人員很親切的協助處理,0,1,1,0,0,0,0,3,1,0,0,0,1
雖然他們有附設停車位但真的很容易滿位 ，可是別擔心 ～～ 就算你找路邊停車格 只要把單子給櫃檯 他們會幫你繳費 這點我真的覺得很棒 很值得讚賞,0,1,1,0,0,0,0,3,1,0,0,0,1
電視機上盒沒訊號不能看，反應給櫃檯，他們馬上派人來修好，也很有禮貌。,0,1,1,0,0,0,0,3,1,0,0,0,1
開關門聲聲音很明顯，但飯店有提供耳塞，很貼心。,0,1,1,0,0,0,0,3,1,0,0,0,1
停車場的可停數雖然不多， 但是停車場的工作人員非常盡責。態度也非常好， 我覺得是煙波花蓮館最值得推薦的部分。,0,1,1,0,0,0,0,3,1,0,0,0,1
熱水小插曲，要放兩分鐘才有。不過櫃檯處理得宜。,0,1,1,0,0,0,0,3,1,0,0,0,1
帶一歲2個多月的孩子去，飯店提供消毒鍋、嬰兒床、澡盆、小椅子很貼心不過嬰兒床很小，一歲以上的孩子不適合建議可以考慮換成中型或大一些的嬰兒床床，我想 有些家庭應該跟我們一樣不和寶寶共床的（安全考量）家庭房的玩具壞損，不過孩子也還不懂玩這～,0,1,1,0,0,0,0,3,1,0,0,0,3
房間有點悶，但飯店人員可提供電風扇,0,1,1,0,0,0,0,3,1,0,0,0,1
機器有點秀斗，吃錢，但半夜四點依舊有服務人員接聽電話，協助解決。,0,1,1,0,0,0,0,3,1,0,0,0,1
早餐場地不大但菜色菜量都滿意。,0,1,1,0,0,0,0,3,1,0,0,0,1
浴室環境能再改善， 感謝員工體諒，讓我有足夠的時間能放心的幫比賽學生彩妝，謝謝。,0,1,1,0,0,0,0,3,1,0,0,0,1
隔音差，務必要戴上耳塞才能入睡（飯店有提供，很貼心）,0,1,1,0,0,0,0,3,1,0,0,0,1
冷氣太冷，早餐尚可,0,1,1,0,0,0,0,3,1,0,0,0,3
外牆滲水進來地板有水因當天客滿無法換房服務人員的態度不錯有拿毛巾給我放在地板上吸水,0,1,1,0,0,0,0,3,1,0,0,0,1
沒有洗衣機很困擾，櫃檯服務人員親切,0,1,1,0,0,0,0,3,1,0,0,0,3
明明標榜雙人房，給的配件卻都是單人的，請問我付的錢是付什麼意思？員工態度算蠻ok的,0,1,1,0,0,0,0,3,1,0,0,0,3
大樓電梯難搭，房間隔音差，但服務可，有禮貌,0,1,1,0,0,0,0,3,1,0,0,0,3
廁所應加上浴簾，不然淋浴整間濕答答，餐點上很貼心另準備素菜，很可口。,0,1,1,0,0,0,0,3,1,0,0,0,3
室內過於潮濕，隔音吵雜，相對不安全感，因為同層多為男性，感覺有點擔心。服務人員態度佳，喜歡早餐的服務，工作前先填飽肚子精神工作前先填飽肚子精神好工作效率高。,0,1,1,0,0,0,0,3,1,0,0,0,3
沒停車場不好停，中式早餐還不錯,0,1,1,0,0,0,0,3,1,0,0,0,1
浴室內冷氣排水直接弄濕地板，員工對於防疫要求很嚴格。,0,1,1,0,0,0,0,3,1,0,0,0,1
走道間的燈光實在太暗了早餐非常不錯。,0,1,1,0,0,0,0,3,1,0,0,0,1
房間比較舊，員工親切,0,1,1,0,0,0,0,3,1,0,0,0,3
隔音差，會聽到街上傳來的車輛引擎聲（一般車輛還好，但改裝的排氣聲實在太吵）、親切的服務。,0,1,1,0,0,0,0,3,1,0,0,0,3
洗澡沒熱水，水壓弱！服務態度良好,0,1,1,0,0,0,0,3,1,0,0,0,3
早餐食物很多樣化，房門隔音差,0,1,1,0,0,0,0,3,1,0,0,0,3
枕頭太高、洗澡熱水出水量太小床、早餐多樣化,0,1,1,0,0,0,0,3,1,0,0,0,3
房間隔音差服務員態度良好,0,1,1,0,0,0,0,3,1,0,0,0,3
沒有提供停車位，要自己找！ 這是我入住的飯店過程最精彩的！ 一開始入住的房間沒有熱水，後來有幫我們換房間！ 詢問飯店可以停車的地點，之後竟然被鎖車！被索取停車費，不過後來飯店有幫忙支付！有狀況，能夠幫忙解決！ 雖然正常就不應該有這些狀況的,0,1,1,0,0,0,0,3,1,0,0,0,3
希望家庭房也有浴缸，停車位能多一點，自助早餐多元豐富。,0,1,1,0,0,0,0,3,1,0,0,0,3
沒有停車位也沒有特約停車場有夠爛，早餐還算豐盛。,0,1,1,0,0,0,0,3,1,0,0,0,3
浴室有兩根柱子，導致淋浴空間很小，不是很好。中式早餐豐富，工作人員和善,0,1,1,0,0,0,0,3,1,0,0,0,3
廁所隔音不好，服務很好。,0,1,1,0,0,0,0,3,1,0,0,0,1
服務很好，廁所隔音不好。,0,1,1,0,0,0,0,3,1,0,0,0,1
浴缸太小， 淋浴水太小，房間10坪， 有早晚餐。,0,1,1,0,0,0,0,3,1,0,0,0,3
沒有對外窗戶，擔心安全問題。氛圍人員親切餐點美味,0,1,1,0,0,0,0,3,1,0,0,0,3
沒有超大浴室及浴缸，好失望。服務人員工作態度非常棒大推     ,0,1,1,0,0,0,0,3,1,0,0,0,3
房間燈光太暗了一點工作人員服務好 親切！,0,1,1,0,0,0,0,3,1,0,0,0,3
冷氣很大聲，無法入睡，溫度無法調，熱水忽冷忽熱，隔音效果很差！早餐還可以！,0,1,1,0,0,0,0,3,1,0,0,0,3
整體來說算很好，隔音差一點，服務人員親切,0,1,1,0,0,1,0,3,1,0,0,1,1
半夜房間空調傳來很重的煙味，懷疑其他房客在房間偷抽煙，飯店有立即處置換房間，但還是希望多多宣導改善。,0,1,1,0,0,1,0,3,1,0,0,3,3
因是中央空調，有人抽煙，所以一直在淡淡的煙味中渡過（空調的缺點），早餐尚可,0,1,1,0,0,1,0,3,1,0,0,3,3
隔音不太好。隔壁越南人半夜講話吵醒。幸好隔天反應給櫃檯後 有改善！感謝！,0,1,1,0,0,1,0,3,1,0,0,3,3
隔壁房客吵雜隔音不是太好，但請客服處理後就結束了，可以好好入睡,0,1,1,0,0,1,0,3,1,0,0,3,1
不知是給的棉被太厚還是冷氣不冷，半夜熱醒好幾次 同房有位不準開燈小姐，反應給櫃臺，櫃臺即時處理。待櫃臺離開後，該小姐依舊，實在無言。,0,1,1,0,0,1,0,3,1,0,0,3,3
原本看評論就大概有心理準備，所以遇到時沒有很驚訝～我們一開始訂的房間，一進房浴室整個都是泡沫?排水孔的鐵片還是掀開的?和飯店反應後直接被升級了房型～還有因為房間剛好在街邊樓上聽得到樓下的談話聲，但這個價格所以都算在能接受的範圍，只是建議入住的旅客要先有心理準備～,0,1,0,0,1,0,0,3,1,0,1,0,1
房間小了點，不過這個價錢這樣的房間算是正常的。不過浴巾上有一團頭髮，櫃台也很快速的在換一批新的浴巾。,0,1,1,0,1,0,0,3,1,0,1,0,1
以房價來看，早餐很豐盛，停車位不多，但如果外停，飯店會負擔停車費，算是非常負責。,0,1,1,0,1,0,0,3,1,0,1,0,1
房間隔音不是很理想，用餐方便服務親切，價格實惠。,0,1,1,0,1,0,0,3,1,0,1,0,1
一進入旅店後，不論住宿的周遭環境及服務態度，都很不錯！但此棟算舊大樓，不知道消防設備有無定期檢查？值得推薦給大家～,0,1,1,1,0,0,0,3,1,1,0,0,1
接待人員態度很好，停車方便，房間夠大，但沒有行李架,0,1,1,1,0,0,0,3,1,1,0,0,1
飯店位置不錯、停車方便，如果要去逛逢甲夜市是不錯選擇。服務人員態度非常客氣，飯店軟體方面不錯，但硬體方面則需加強。,0,1,1,1,0,0,0,3,1,1,0,0,1
房間格局，浴室不大，洗手台在廁所外，地理位置吃的很多，服務人員態度很好,0,1,1,1,0,0,0,3,1,1,0,0,1
停車位不足，停車有點麻煩，路邊停車沒保障，可能會被路邊的臨停車給a到發現傷痕已退房無從追究…房內浴室沒抽風較溼且悶，房內電視架太高，比較適合躺著看員工服務態度還算親切位置離虎尾鎮市區近，星期五有虎尾夜市 ,0,1,1,1,0,0,0,3,1,1,0,0,3
停車位不足，停車有點麻煩，路邊停車沒保障，可能會被路邊的臨停車給a到發現傷痕已退房無從追究…房內浴室沒抽風較溼且悶，房內電視架太高，比較適合躺著看，員工服務態度還算親切，位置離虎尾鎮市區近，星期五有虎尾夜市。 ,0,1,1,1,0,0,0,3,1,1,0,0,3
隔音可再加強。早餐很棒，地點還可以,0,1,1,1,0,0,0,3,1,1,0,0,1
服務很好，地點很優，早餐場地不大，但菜色菜量都滿意。,0,1,1,1,0,0,0,3,1,1,0,0,1
只有電視，吹風機，熱水壺三個插座，床頭沒有另外供手機等設備充電的插座。浴室沒有擋水簾，洗完澡整個地板都很濕滑。工作人員友善，鄰近火車站，交通方便,0,1,1,1,0,0,0,3,1,1,0,0,3
離老街或商圈超近，客服人員親切，住宿環境簡潔，唯一美中不足的是沒停車場，對出差的我有點不便，還好自費停車場離飯店不遠。,0,1,1,1,0,0,0,3,1,1,0,0,1
設施跟熱水有待加強，住宿四周便利，人員親切。,0,1,1,1,0,0,0,3,1,1,0,0,1
衛浴設備有點老舊，聲音有點大，希望更新一下。住宿地點方便，櫃檯服務親切,0,1,1,1,0,0,0,3,1,1,0,0,1
低樓層，隔音很差，晚上睡覺很吵。且，通道無電燈，有點暗。附近吃喝，都很便利。早餐選擇性多,0,1,1,1,0,0,0,3,1,1,0,0,3
枕頭偏硬，小孩有點睡不慣。熱水有點不夠穩定。員工服務態度優，地點好,0,1,1,1,0,0,0,3,1,1,0,0,3
房內飲水機聲音太大，影響睡眠。地點方便 ，服務好,0,1,1,1,0,0,0,3,1,1,0,0,3
樓層有點高，而且沒電梯。淋浴的位置沒有任何地方可以暫時擺放要穿的衣物。直接從淋浴間出來，很冷。阿住一晚提供了晚餐及隔天的早餐 ，沒甚麼好挑剔了，周邊吃的東西也很多，都是走路就能夠輕鬆到達， 非常便利。,0,1,1,1,0,0,0,3,1,1,0,0,1
停車位不多，早餐尚可，地點優,0,1,1,1,0,0,0,3,1,1,0,0,1
熱水很慢，太浪費了。入住當天有很多參加隔天比賽的學生，精力太充沛了，在樓上早也跳晚也跳很吵。週邊覓食很方便熱鬧，早餐還不錯，附近還有步行就可到的景點。,0,1,1,1,0,1,0,3,1,1,0,3,3
地點佳，停車方便，服務人員親切，性價比高，如果衛浴空間能保有隱私與地滑改善，有機會的話會再回來。,0,1,1,1,1,0,0,3,1,1,1,0,1
商旅早餐還可以~隔音雖然設備上老了一點，房價便宜商旅附近有很多賣吃的走到鬧區很近,0,1,1,1,1,0,0,3,1,1,1,0,1
沒有停車場，停車會找很久。性價比高。地理位置方便。以飯店的價格來說，早餐意外的豐盛,0,1,1,1,1,0,0,3,1,1,1,0,1
戶外廣場和大樓內有許多外勞出入、吵雜！住宿空間在4樓，6樓有夜店，隔音不好！唯一可以稱讚的只有櫃檯服務人員的好態度。,0,1,1,1,0,0,0,3,1,3,0,0,3
因為防疫期間早餐要在房內用餐，但房內電視下的平台有點窄，有點不方便,0,1,1,0,0,0,0,3,2,0,0,0,3
早餐一般，但坐位區坐位太少。,0,1,1,0,0,0,0,3,2,0,0,0,3
 隔音小差，水聲還是會聽到。 早餐普通  菜色普普 ,0,1,1,0,0,0,0,3,2,0,0,0,3
深夜若有隔房的使用水會聽得到，早餐還好,0,1,1,0,0,0,0,3,2,0,0,0,3
房間太小空間設計有壓迫感早餐部分偏向西方口味較多,0,1,1,0,0,0,0,3,2,0,0,0,3
多人間隔音差，且膠囊內空調故障，早餐是自助式的。,0,1,1,0,0,0,0,3,2,0,0,0,3
早餐普通，四人房冷氣冷到爆調了也沒用、雙床房冷氣卻不怎麼冷,0,1,1,0,0,0,0,3,2,0,0,0,3
碰到馬桶不通情況，早餐普通。,0,1,1,0,0,0,0,3,2,0,0,0,3
因為防疫期間早餐要在房內用餐，但房內電視下的平台有點窄，有點不方便，其他都很好,0,1,1,0,0,1,0,3,2,0,0,1,1
 外面下大雨，飯店無提供愛心傘,0,1,1,0,0,0,0,3,3,0,0,0,3
房間沒什麼設備 很簡陋 感覺是老飯店重新裝潢 毛巾類不太敢使用 重點是帶了員工旅遊 員工出門自備毛巾 退房後竟然還收到飯店簡訊說把飯店毛巾用髒了要付100元污漬費？好奇怪的飯店…,0,1,1,0,0,0,0,3,3,0,0,0,3
下停車場時停車位滿了，此時進出兩難，停車便利性跟資訊略為不足,0,1,1,0,0,0,0,3,3,0,0,0,3
規定四點才能入住希望能在早一點，入口處比較暗，初次來會怕怕的,0,1,1,0,0,0,0,3,3,0,0,0,3
訂房上房型是有標示有車位的，但入住時說車位已滿，所有只能一直繞附近的停車場跟路邊停車格找車位，建議可以跟其他業者一樣，比如說停車費可幫忙折抵之類的方式，可能就比較不會有覺得跟訂房上的資料不符的想法。我們有續住，人員有提醒若我們第二天要整理房間，可以把房卡交給櫃檯，才會進去整理，所以我們沒有沒把房卡交給櫃檯，晚上回來時，房間已經被整理好了…，我們是還好房間沒放什麼貴重品，不過覺得這部分可以注意一下。,0,1,1,0,0,0,0,3,3,0,0,0,3
大樓發電機維修會停電，入住時，應該先告知，玩了一天回到飯店，還來不及給孩子梳洗就停電，讓人很無言........需要澡盆組，卻只有給單一澡盆，椅子還有瓢都沒有，給孩子洗澡有點困難,0,1,1,0,0,0,0,3,3,0,0,0,3
我的住房內地面有一低下約10公分的坎，一不留神就差一點跌倒，入住時該先提醒住一下！,0,1,1,0,0,0,0,3,3,0,0,0,3
早餐為套餐式，再多點選擇性更好飲品部分都為自助沖泡式（都為茶類，咖啡）能有鮮奶或豆漿比較好原本一家九口已訂房，但因辦理chick in的時候才告知其中一間衛浴設備有問題，導致一組家人被拆散至其他飯店，會合時間上有點困擾,0,1,1,0,0,0,0,3,3,0,0,0,3
服務員聽我提問口氣不耐煩，熱水洗澡到一半會沒有。,0,1,1,0,0,0,0,3,3,0,0,0,3
櫃檯人員入住說明不清晰。有線電視維修中。,0,1,1,0,0,0,0,3,3,0,0,0,3
（1）接待人員態度不佳（2）公共區域的洗衣機不能使用也不直接標示，投錢後發現不能使用，跟櫃檯人員反應，櫃檯小姐只有冷冷地說「為什麼不先跟他們說」，再跟她們反應投幣不能退幣怎麼辦，她們也只回答「沒辦法」。實在讓人感到生氣，難道使用公廁也要跟他們報備嗎？,0,1,1,0,0,0,0,3,3,0,0,0,3
1.因為疫情的緣故沒澡堂要事先告知，不然很失落,0,1,1,0,0,0,0,3,3,0,0,0,3
訂的是豪華雙人房，設施也有標明有浴缸，但是當天去的時候竟然沒有浴缸，反應過後也沒有任何補償，只是反應說「不是所有豪華雙人房都有浴缸」，真的是很傻眼。各位要訂「豪華雙人房」的請注意，可能沒有浴缸可能沒有浴缸可能沒有浴缸而且不會有任何補償不會有任何補償不會有任何補償請三思,0,1,1,0,0,0,0,3,3,0,0,0,3
一開始有備註 需要 嬰兒床 澡盆 床圍當天下午客服有回覆已備妥但由於沒有嬰兒床會換成遊戲床替代， 三樣東西都沒有被齊全，後來有打電話到櫃台只要求澡盆就好櫃檯卻回覆有的話在幫您送上去這不是入住前就應該備妥放在房間內的嗎？,0,1,1,0,0,0,0,3,3,0,0,0,3
本人入住時就發現浴缸有水漬，當下不在意，但晚上時才發現是浴缸在滲水（尚未盥洗洗澡）且水多到邊邊已經在積水，而且當天晚上要出門時才發現門鎖壞掉，等於我入住到晚上要出門這時間內任何人都可以直接開門直闖我房間，當下反應給人員，結果他們就一句「那你要不要換房」一副事不關己的態度讓我相當失望，本人就是先前住過這間，所以本次出差才一次連訂三晚，結果飯店遇到事情的處理方式令我不敢想像。本次住宿另我相當失望,0,1,1,0,0,0,0,3,3,0,0,0,3
停車位置不足又沒有適當安排，自己去停，規定又一大堆，員工又無法溝通，只能自己認賠,0,1,1,0,0,0,0,3,3,0,0,0,3
早餐等待時間太久，餐點不好吃家庭房對嬰兒居住不優,0,1,1,0,0,0,0,3,3,0,0,0,3
check in當天 櫃檯男生態度高傲，充滿不屑，講很快都聽不清在說什麼，動作隨意也讓人覺得他沒有業者該有的禮貌，莫名其妙被輕視感受，是我住過幾十間飯店感受最差的一次，不會再入住隔音差，半夜有怪聲,0,1,1,0,0,0,0,3,3,0,0,0,3
預訂雙人房，但房內說明是寫單人房；浴室廁所是全透明的牆，沒有簾子可以遮蔽，兩人入住使用這樣的廁所很尷尬跟櫃台詢問每間都這樣嗎櫃台回覆要先告知才會安排廁所有遮蔽的房間第一次入住的人應該會很傻眼所以預定要特別告知不要透明的廁所不介意讓同行者看你蹲廁所或單人旅行者就沒差了,0,1,1,0,0,0,0,3,3,0,0,0,3
敬請通知他們改善二樓餐廳的排油煙管的聲音與位置，嚴重影響住宿安靜度與品質。連五樓都像戰爭一樣的大聲。否則就要改裝「雙層」隔音窗。這問題不改善，我將不會再去。第二，櫃檯的處理態度很鬆散與配合度差，。聲稱要住宿顧客忍耐，因為二樓有宴席聲音， 願意自己去體驗嗎？,0,1,1,0,0,0,0,3,3,0,0,0,3
停車空間部分被月租用摩托車站位無法使用，網路標榜先到先使用停車空間並沒有說飯店的停車場原來也做月租，但住房的權益在那裡，問了服務台小姐連理都不想理我，一大早趕快去移車還是被收費了，早餐還看到不該看的東西，得到這樣的經驗,0,1,1,0,0,0,0,3,3,0,0,0,3
浴室無門沒在頁面告知，房型的照片只提供幾間，頁面也沒說，完全跟照片不一樣，不禁讓人覺得被詐騙；頁面寫免費停車，但事實是先停的房客先贏，既然是限量停車位就不應該在頁面標示，既然表示在每個房型就是每個房間就都有提供啊，飯店員工也沒告知，是聽到其他客人在詢問我們才知道，感覺真的很差，完全喪失顧客的權利。,0,1,1,0,0,0,0,3,3,0,0,0,3
早餐的選擇性太少，用餐空間較小,0,1,1,0,0,0,0,3,3,0,0,0,3
抵達時的女性人員態度冷漠、讓人覺得不是很親切，登記排早餐時沒有員工在現場登記、大廳的飲料機故障有點可惜,0,1,1,0,0,0,0,3,3,0,0,0,3
女員工只有撲克臉或晚娘面孔，毫無親和力，有如宿舍舍監，尤其是今早站櫃戴眼鏡穿西裝外套短髮綁起來那位，連基本禮儀都缺，不會說請 謝謝 對不起。昨天戴隱眼放大片那位也是晚娘，應對禮儀也差，頻打斷客人說話。浴室有大片防潑水落地玻璃粉碎，仍拿出來租，也事前告知，收全額刷完卡，才提－下說用浴簾擋，地上會濺水溼滑自己小心反應觀感不佳才急打客人說話，換－間房。早餐－。八點初時，炒蛋就沒了 不補，坐了一小時仍不補，用些差料敷衍，不如不要賣算了。用按讚折扣洗評價。住宿體驗極差,0,1,1,0,0,0,0,3,3,0,0,0,3
臥房內沒有另付面紙，必須從廁所拿，住宿須知太晚收到，在入住當天中午才取得。,0,1,1,0,0,0,0,3,3,0,0,0,3
標準兩人房滿小的，大行李可能不好放；接待櫃檯員工滿冷淡的，辦理自助入住冷眼看我們掃證件掃半天無法成功，過了一會才幫忙既然都自助了，其實可以不用僱那麼多人，反正站在那邊沒有什麼功能？,0,1,1,0,0,0,0,3,3,0,0,0,3
既然當初沒有早餐，我也沒有問，就不曉得為何「櫃檯人員」要用一種「術語」說它們現正活動中，。使得餓很久的我，「自助式早餐」，還不確定自己有沒有吃到回本。既然我是訂「單人房」，入住的時候不知道為何要幫我升級換到「雙人房」，是因為知道「單人房」裡面的「被單」很破爛嗎,0,1,1,0,0,0,0,3,3,0,0,0,3
早餐餐廳有點小，客人很多，服務人員對於獨自用餐者的態度不是很好，和一組一組客人的態度有差別。,0,1,1,0,0,0,0,3,3,0,0,0,3
唯一一件小事是電梯只有兩台且較小，退房時間會等比較久，若樓梯的標示可再清楚些，輕裝的客人就可以更方便的走樓梯下樓不用苦等了只是個小建議，其實不影響住房感受，一切都很好,0,1,1,0,0,0,0,3,3,0,0,0,3
第二次入住才知道全館無浴缸，但這也不能怪他們啦另外雙人房提醒睡的地方要上樓，提醒要注意安全別踩空,0,1,1,0,0,0,0,3,3,0,0,0,3
早餐選擇很少，用餐時人很多，位置很擁擠，旁邊還有服務人員在整理盤子非常的吵,0,1,1,0,0,0,0,3,3,0,0,0,3
雖然有停車位但太晚來一樣沒有位置。早餐明顯人力不足，菜補得慢，早上九時許用餐竟然連杯子都沒有，，二樓用餐區也人收拾，桌桌杯盤狼藉到快十點才有人上來整理。,0,1,1,0,0,0,0,3,3,0,0,0,3
雖說無人方便，但一出錯就措手不及了櫃檯擠了給錯房型、門打不開或是房裡有人等等包含我訂房，機器當機收了錢只好人工處理，處理好了還給錯房型（有衛浴變沒衛浴）。反映後跟我說原本的房型沒了，幫我升級成雙人房，後來打開門是只有一顆枕頭的“雙人房”。讓人不解到底是系統錯誤、或是缺房型自動降等？反映給回原本房型說是升級之類的在櫃檯前站了快一小時實在無奈，傻眼,0,1,1,0,0,0,0,3,3,0,0,0,3
早餐總類比較少，可以在多樣化，餐廳可以裝潢在高檔一點，感覺比較簡陋,0,1,1,0,0,0,0,3,3,0,0,0,3
停車要跟南紡購物的民眾一起排隊?嚇到我了。車子停進去完全不想也不敢移動。相對也影響旅遊的心情。早餐的煎蛋廚師很不友善，前面的客人詢問多次完全沒有反應，客人無解離開?我問了半天也是沒有反應，不知道是該等還是離開?。期待與實際的感受落差太大?失望,0,1,1,0,0,0,0,3,3,0,0,0,3
浴室的沐浴乳和洗髮精剩一點點而已，沒有補！,0,1,1,0,0,0,0,3,3,0,0,0,3
3間廁所中的一間超過12小時沒有衛生紙卻一直沒有補.,0,1,1,0,0,0,0,3,3,0,0,0,3
洗髮精和沐浴乳只剩下一點點完全沒有補充,0,1,1,0,0,0,0,3,3,0,0,0,3
其實沒什麼大不滿，只是短暫的停留，就有一點是房間是兩人住就只準備一個人的洗漱用品,0,1,1,0,0,0,0,3,3,0,0,0,3
雙人房應該要先告知是兩張單人床合併而非一張大的雙人床否則這樣跟雙床房沒兩樣呀,0,1,1,0,0,0,0,3,3,0,0,0,3
房間很小，如果兩個行李箱想整理就沒地方放。另外沒有窗戶讓人有很重的壓迫感，如提前告知，會改訂有窗的房間。,0,1,1,0,0,0,0,3,3,0,0,0,3
衛浴設備擦手紙要隨時補充，淋浴間可多增加放鞋區，避免拖鞋淋濕。,0,1,1,0,0,0,0,3,3,0,0,0,3
希望能提供簡易紙毛巾,0,1,1,0,0,0,0,3,3,0,0,0,3
樓中樓房型衛浴設備空間不大，早餐種類不多 但停車位就是不是那麼多 稍微不方便,0,1,1,0,0,0,0,3,3,0,0,0,3
雙人床是由兩張單人床合併的，中間接縫過於明顯。若是提早告知感受會比較好,0,1,1,0,0,0,0,3,3,0,0,0,3
一樓沒有張貼旅館的資訊房間跨二至三樓，我們剛好房間在三樓因門外沒有任何指示，我們找了一些時間房間是輕隔音，所以隔壁房稍微大聲一些說話會聽的很清楚,0,1,1,0,0,0,0,3,3,0,0,0,3
冷氣太冷，停?動線與商場重疊替代動線，人員引導措施不夠友善，蠻困擾的。,0,1,1,0,0,0,0,3,3,0,0,0,3
早餐餐廳動線不甚理想，人多時會塞住，有點危險，沒有健身房，樓中樓房內冷氣空調法調整出風方向，睡覺時會吹到頭部,0,1,1,0,0,0,0,3,3,0,0,0,3
需自備浴巾、牙刷等盥洗用品。建議可提供租借浴巾服務會比較好。另外建議可於宿舍房外或入口處設置鞋架，入內換穿室內塑膠拖鞋，避免有人的臭鞋子影響整間空氣品質。,0,1,1,0,0,0,0,3,3,0,0,0,3
走廊燈光昏暗，浴室設計不佳，沒有停車場，沒有配合路跑彈性調整退房及早餐時間（延長）,0,1,1,0,0,0,0,3,3,0,0,0,3
停車格太少希望住宿時飯店能先保留車位這樣對開車來的旅客較方便,0,1,1,0,0,0,0,3,3,0,0,0,3
週日無早餐 以為住到更好的房間,0,1,1,0,0,0,0,3,3,0,0,0,3
Check in 的時間等的有點太久，單人房的隔音沒有很好，外面有人開門走路的聲音都聽到，空調溫度是跟外面連結沒有辦法調整，睡覺有點冷，房間沒有椅子覺得有點可惜,0,1,1,0,0,0,0,3,3,0,0,0,3
床太硬不好睡，服務人員不是很親切,0,1,1,0,0,0,0,3,3,0,0,0,3
水壓太小，人員處理速度很慢,0,1,1,0,0,0,0,3,3,0,0,0,3
沒熱水，櫃台都沒人,0,1,1,0,0,0,0,3,3,0,0,0,3
櫃台沒人，水溫忽冷忽熱,0,1,1,0,0,0,0,3,3,0,0,0,3
插頭壞掉，空調無法自己調，跟櫃台反應好幾次都沒來處理,0,1,1,0,0,0,0,3,3,0,0,0,3
沒窗戶很不好，接待人員口氣很差,0,1,1,0,0,0,0,3,3,0,0,0,3
水龍頭壞掉，跟人員反應後，很久才來處理,0,1,1,0,0,0,0,3,3,0,0,0,3
員工訓練可以再好點，應對技巧不是太好，飯店隔音也很差,0,1,1,0,0,0,0,3,3,0,0,0,3
人員回覆問題都不一致，旅店隔音也不好,0,1,1,0,0,0,0,3,3,0,0,0,3
都能聽到別房的做愛聲音。人員在面對客人的提問時也是回答不出來,0,1,1,0,0,0,0,3,3,0,0,0,3
櫃台無人接聽，格音效果不好,0,1,1,0,0,0,0,3,3,0,0,0,3
櫃台人員都不理人，房間隔音很不好都能聽到外面走動的聲音,0,1,1,0,0,0,0,3,3,0,0,0,3
隔音有點不好先借的嬰兒床居然給了別人..這我可以體諒服務人員忘了,0,1,1,0,0,0,0,3,3,0,0,0,3
廁所上面的置物架掉落，砸到上廁所的人，跟櫃台反映之後，都沒有後續處理。,0,1,1,0,0,0,0,3,3,0,0,0,3
水忽冷忽熱、忽大忽小，當天有打電話反應，櫃檯表示要請房務人員上來查看，但等了許久並沒有房務人員上來查看。,0,1,1,0,0,0,0,3,3,0,0,0,3
1.電梯不好等，辦手續時間太長，訂單找很久，讓客人等太久。2.房間儀器莫名響了兩次，有幫我們換房，很感謝3.洗澡蓮蓬頭水壓不穩，忽大忽小，很難洗澡,0,1,1,0,0,0,0,3,3,0,0,0,3
床舖卻是壞掉的彈簧床，有一邊陷下去，直接向櫃檯反應卻無任何用處及妥善回應，讓人有擺爛的感覺，感到非常的失望。,0,1,1,0,0,0,0,3,3,0,0,0,3
房間內有高低落差，人員未做警示標誌！,0,1,1,0,0,0,0,3,3,0,0,0,3
入口沒有指引 找大廳找很久(大廳在五樓) 電梯過少等待時間過長 大樓內有很多不是飯店的 沒有專屬電梯抵達飯店前往三樓的指引不足 沒看到相關的標示(只有人員提醒),0,1,1,0,0,0,0,3,3,0,0,0,3
3.隔音差，隔壁房間叫得激烈，我們帶孩子們聽得一清二楚，健身房的音樂及律動也大聲。4.入住第一晚向櫃台反應需再一枕頭及棉被，櫃台說當下都沒有，隔天再補上，結果也沒有。,0,1,1,0,0,0,0,3,3,0,0,0,3
接近凌晨等待入住的客人很多，排的很長，但是櫃檯的速度有點慢…梳子的品質不是太好,0,1,1,0,0,0,0,3,3,0,0,0,3
1.早餐改套餐式:a.量有點少 b.端回房內吃 很不方便 沒有桌子可用餐  2.房內手機收不到訊號 要改旅店的WIFI,0,1,1,0,0,0,0,3,3,0,0,0,3
第二次入住，這次是有靠窗的房間。雖然很開心入住有靠窗的（上次沒有靠窗），但是牆壁和窗台間邊緣以鐵皮覆蓋，加上床就在旁邊，人非常容易刮到。轉折處直接突起非常尖銳，小孩因此有輕微刮傷。對外隔音效果很差，晚上外面的車聲聽得很清楚……不好睡訂房的時候，網頁沒有標示“不含早餐”，因為有留言備註蛋奶素，入住時櫃檯人員才說沒有附早餐。,0,1,1,0,0,0,0,3,3,0,0,0,3
入住的三人房浴室空間偏小；兩天的早餐內容相似，希望可以有不同變化,0,1,1,0,0,0,0,3,3,0,0,0,3
早餐的主餐不好吃沒選擇性房間和浴室之間加個簾子比較好瓶裝水太少了，泡碗麵就沒了去到飯店的時候比較晚了服務人員沒有告知，後方有水和咖啡茶包可以飲用害我還跑去買水預訂房間是有附早餐的結果服務人員卻說沒有還是我拿預訂的資料給他看他後來才說有早餐,0,1,1,0,0,0,0,3,3,0,0,0,3
早餐飲料只有咖啡、房間飲水不方便，所提供的礦泉水很小，樓層無飲水機,0,1,1,0,0,0,0,3,3,0,0,0,3
早餐不是很優質！廁所設備不算乾濕分離！,0,1,1,0,0,0,0,3,3,0,0,0,3
肉很乾，麵包帶苦味。訂雙人床但是兩張單人床併的。,0,1,1,0,0,0,0,3,3,0,0,0,3
早餐選擇性少、電梯等太久,0,1,1,0,0,0,0,3,3,0,0,0,3
格局狹小，床不夠好，房內有霉味，早餐不優，沒吃完就倒了。,0,1,1,0,0,0,0,3,3,0,0,0,3
飯店硬體，裝潢斑駁，木頭都有斑痕，處處顯的老舊，窗簾還有破損，到處都感覺飯店是老舊到，剩早餐可以嘉許，這最後一口氣。前一天剛好有地震，導致水瓶倒，掛畫歪斜，盥洗用品散落，都沒有巡房，這只能說員工不用心,0,1,1,0,0,0,0,3,3,0,0,0,3
隔音很差晚上睡覺時都會聽到樓上說話走路的聲音，櫃檯服務人員態度很冷淡,0,1,1,0,0,0,0,3,3,0,0,0,3
床太硬，睡得腰酸背痛每位櫃臺人員好像都很忙客人來了都不知道！,0,1,1,0,0,0,0,3,3,0,0,0,3
訂房作業似乎有點問題。這次我選擇信用卡扣款，但住宿前幾天旅館告知我需要另外提供信用卡資料，他們刷卡結帳後才能幫我保留房間；我有加訂早餐，但check in與櫃台確認時，竟第一時間告知我的訂房資料沒有早餐，查了一陣才確認我的預訂內容。另外就是隔音不佳，一早就被鄰房開關門打擾。,0,1,1,0,0,0,0,3,3,0,0,0,3
隔音較差，辦理入住退房手續因為櫃檯人手不足都要等蠻久的,0,1,1,0,0,0,0,3,3,0,0,0,3
早餐都是冷食，隔音不佳,0,1,1,0,0,0,0,3,3,0,0,0,3
女澡堂:沒有說明，要自己帶毛巾，也沒有置物櫃附鎖，整髮那支壞掉了，不太貼心有點失望。,0,1,1,0,0,0,0,3,3,0,0,0,3
早餐選擇性沒有很多，網路廣告不實，說什麼有親子房！？實際上就不是親子房，就是一般的商務套房而已，還說家庭適合！狗屁,0,1,1,0,0,0,0,3,3,0,0,0,3
但浴室水管管線似乎有問題，半夜浴室排水孔冒出大量泡泡，整間浴室都濕了而且充滿泡泡，連刷牙都沒地方站。直到隔天早上才稍微消散。與工作人員反應雖有立即來房間查看但無其他後續處理。退房時也沒有多加詢問關心，讓人感覺不是很好～,0,1,1,0,0,0,0,3,3,0,0,0,3
1 飯店隔音太差，半夜還有小朋友在圖書室玩耍尖叫，打電話請櫃檯處理才知道工作人員忘記關閉圖書室。,0,1,1,0,0,0,0,3,3,0,0,0,3
升等到vip樓層，是玻璃屋很美，夜景很美，可是冷氣不涼，跟櫃台反應，只獲得的答覆是，把廁所門跟客廳入口門關上，但是一點作用都沒有，全家人熱到睡不，廁所也沒有通風設備，上個廁所如同坐在烤箱上，洗澡水量也很小，只能慢慢沖，又熱又悶的浴室，洗完跟沒洗一樣……強烈建議，夏天不要住此樓層，櫃台說幫我們免費升等，是真的單純升等，還是因為我們在現場有反應入住手續的問題？櫃台服務態度很好，但是提早到飯店，想先辦住手續後再出門去玩（很清楚的告知只要先辦入住手續，並沒有要提早入住），櫃台小姐告知， ，滿滿大廳等待辦理入住的客人，光等待辦理入住手續就等了將近半個小時之久，坐位區全滿，無一座位，服務人員一再告知，請先到旁邊稍坐，但是沒位置，要坐哪裡？櫃台一再告知因一次只能接待一組客人辦理手續，若是因為防疫期間保持距離可以理解，但請所有等待的客人全部擠在大廳坐位區，有比較保持距離？，櫃台區也不算小，為何一定只能一次一組呢？一位在辦理入住手續，其他員工呢？,0,1,1,0,0,0,0,3,3,0,0,0,3
一開始接待很好很不錯，，剛好那邊有門禁的管制進去是需要按櫃檯鈴進去，可是一開始不知道怎麼按，剛好遇到他們員工也沒開就叫我們按電鈴進去，還沒按我們也當然進去了啊，結果聽到外面的員工跟裡面員工說幹嘛讓我們進來，說真的我們是住客是不能進來嗎，再來不會等我們上去在問嗎？感覺進來就有錯另外以為有浴缸結果沒有，覺得你們可以房間備註一下,0,1,1,0,0,0,0,3,3,0,0,0,3
應該是晚班的櫃檯人員（女生），態度不是很好烘衣機烘不乾 太難用烘了一小時都還沒乾太扯了。,0,1,1,0,0,0,0,3,3,0,0,0,3
洗手台位置很奇怪早餐的部分味道淡偏無味,0,1,1,0,0,0,0,3,3,0,0,0,3
員工較冷漠，但是不會到不理人的程度，空調聲音很大聲,0,1,1,0,0,0,0,3,3,0,0,0,3
員工態度不佳，早餐難吃，半夜冷氣自動停止,0,1,1,0,0,0,0,3,3,0,0,0,3
床應該非獨立桶床墊，兩人睡覺時容易互相干擾。早餐在已選定的時段進入用餐，但卻沒有四人位可坐，只剩下數個分散的兩人座，這說明飯店對餐廳用餐人數控制以及客人位置安排管理差，而已我們還有另外三人家庭同行，入座時已提醒，他們也選同一時段，我們座位隔壁也有空位可安排，但卻還是安排給其他人，總覺得服務人員不是很貼心。用餐時，因為已被延誤用餐，餐廳服務人員說東西不會收，雖然是事實,0,1,1,0,0,0,0,3,3,0,0,0,3
早餐很擁擠樣式少，要裝食物都要排隊，晚上二樓大廳燈都關了有點可怕,0,1,1,0,0,0,0,3,3,0,0,0,3
早餐雖則不錯， 但不是人人喜歡食西餐， 枕頭太軟不夠硬,0,1,1,0,0,0,0,3,3,0,0,0,3
枕頭太軟，要疊2個才有一般的高度，早餐偏中式為主，建議可加醬瓜跟豆腐乳，飲料可加豆漿，紅茶，西式比較少選擇！,0,1,1,0,0,0,0,3,3,0,0,0,3
早餐份量再多一些些就很棒了房間插座好像都鬆鬆的，吹頭髮時插頭會滑下來。,0,1,1,0,0,0,0,3,3,0,0,0,3
1.早餐較制式，不知是否能夠主動告知房客早餐是否具選擇性？可能有些人不一定能夠吃較甜的早餐2.房間內隔音差，能聽到別房的關門聲、吹髮聲、講話等聲音，可能對於入睡困難的人會較困擾,0,1,1,0,0,0,0,3,3,0,0,0,3
冷氣太冷，早餐尚可，無煎或炒蛋，,0,1,1,0,0,0,0,3,3,0,0,0,3
浴室地板濕了之後很滑，建議鋪防滑的，早餐薯條，炒肉絲都太鹹,0,1,1,0,0,0,0,3,3,0,0,0,3
早餐建議沙拉部分可再多點，房間枕頭建議放四顆,0,1,1,0,0,0,0,3,3,0,0,0,3
有通道直通小灣海灘，但通道周圍還在施工，走路需小心早餐比較沒有日式的選擇。中美式居多,0,1,1,0,0,0,0,3,3,0,0,0,3
如果一樓有更多好吃的小點心就好了 隔音可以更好,0,1,1,0,0,0,0,3,3,0,0,0,3
早餐的菜色若能再多幾樣，那就更完美了電梯的部分建議可以增加房卡感應的功能，這樣安全感覺能更上一層樓,0,1,1,0,0,0,0,3,3,0,0,0,3
櫃台辦理入住和退房的方式，建議由服務人員全程辦理。浴室內無衣架可放置衣物,0,1,1,0,0,0,0,3,3,0,0,0,3
 浴室應增加掛鉤或置物架 早餐的茶毫無選擇，只有烏龍茶,0,1,1,0,0,0,0,3,3,0,0,0,3
房間隔音不是很好 早餐沒有提供優格及鮮奶,0,1,1,0,0,0,0,3,3,0,0,0,3
早餐都是冷的，連白粥也是…洗手台在房間內，沒有多附一條墊子吸水，很容易把房間弄得溼答答的,0,1,1,0,0,0,0,3,3,0,0,0,3
隔音有點不好，因為帶小朋友，都沒辦法好好的玩早餐可以再加強，種類有點少,0,1,1,0,0,0,0,3,3,0,0,0,3
隔音比較差，餐點也是用完就不補,0,1,1,0,0,0,0,3,3,0,0,0,3
浴室蓮蓬頭的水量有點小，房間內沒有其他鏡子有點不方便，希望房內或是大廳可以準備小餅乾,0,1,1,0,0,0,0,3,3,0,0,0,3
隔音效果不是很好，走廊喧鬧聲、樓上水流聲明顯。 早餐變化也慢（不利吸引常客,0,1,1,0,0,0,0,3,3,0,0,0,3
樓中樓房型坪數偏小，房內所有動線都只預留單人通行，行李一安置妥當後，四個人住起來有狹隘感、經常需要相互欠身或需要稍挪開家具才能通行。早餐需先登記時段加以分流人潮，取餐區不大、相對菜色有限，但能吃飽也均衡、不會用加工食品搪塞，入住期間發現晚一點的時段菜色比較好（居然吃到腿翅），最早的時段菜色相對簡易。可能內部人員的工作模式有落差，某天的備品隨意擺放、也未補衛生紙（），是讓人比較詫異之處。,0,1,1,0,0,0,0,3,3,0,0,0,3
電視節目怎麼都是大陸的電視台？（因為總是一樣的）有豆漿就要加油條啊，哈哈！西式坦白說不是很西式，對於每週住的人來，味道感覺沒先前好，越來越偏中餐的感覺！，麵條味有點重！肉太鹹，太過中餐感！,0,1,1,0,0,0,0,3,3,0,0,0,3
已經特別註明素食早餐，但結果連青菜都沒有，大部分只能吃罐頭食品，與服務人員反應還是沒有進一步改善，感覺不受尊重，房間隔音效果不好，空間不大,0,1,1,0,0,0,0,3,3,0,0,0,3
早餐很擁擠樣式少，要裝食物都要排隊晚上二樓大廳燈都關了有點可怕,0,1,1,0,0,0,0,3,3,0,0,0,3
房間位置不大，早餐樣式太少。,0,1,1,0,0,0,0,3,3,0,0,0,3
沒熱水，早餐豆漿有髒東西,0,1,1,0,0,0,0,3,3,0,0,0,3
如果可以供應早餐就更讚了。住的房間似乎靠近排水道，有時會聽到水聲（雖然我本身好睡不怕吵的人xd。,0,1,1,0,0,0,0,3,3,0,0,0,3
隔音不好，現場不接受刷信用卡,0,1,1,0,0,0,0,3,3,0,0,0,3
房間住主燈壞掉了，反應無解，室內僅剩夜燈，很離譜，自助的旅店，管理也太不到位。好像無人管理，。,0,1,1,0,0,0,0,3,3,0,0,0,3
沒有提供飲水機、瓶裝水。沒有隔音門擋住，走廊聲音聽得一清二楚，希望改進。標榜無人管理旅店，所以收費機故障會有點麻煩（不收信用卡）。旅館外沒有招牌，似乎一邊裝潢一邊營業？,0,1,1,0,0,0,0,3,3,0,0,0,3
早餐選項稍微少了一點點，不過還是可以吃得飽。房間內空調出風口感覺快掉了。棉被稍微小了一點，需要兩人緊緊依偎才不會感冒,0,1,1,0,0,0,0,3,3,0,0,0,3
唯停車格規劃過窄，對於行李及人員出入稍有不便。飯菜清淡些會較好。,0,1,1,0,0,0,0,3,3,0,0,0,3
看電影吃飯逛街很棒，備品不錯，冷氣不冷，反應後有處理。,0,1,1,0,0,0,0,3,3,0,0,0,3
冰箱太小，員工沒什麼笑容，睡覺時不知是冷氣還是樓上會有機器運作的震動聲，不能好好入睡,0,1,1,0,0,0,0,3,3,0,0,0,3
員工態度有待加強，早餐總類太少，停車位置太少,0,1,1,0,0,0,0,3,3,0,0,0,3
早餐咖啡拿鐵很不拿鐵，濃縮跟美式一樣過淡，濃度無法由客人喜好自行選擇很可惜飯店一樓跟五樓與南紡購物中心連通道因疫情暫時關閉，但飯店一樓唯一出入口大門也沒有自動偵測體溫機器，或飯店人員協助量體溫，無法理解連通道關閉之意義，至mall五樓用餐需繞很大一圈,0,1,1,0,0,0,0,3,3,0,0,0,3
晚上的摩托車聲聽得非常清楚，玻璃隔音不好。早餐退步了。,0,1,1,0,0,0,0,3,3,0,0,0,3
停車場都指揮錯隔音爛,0,1,1,0,0,0,0,3,3,0,0,0,3
早餐沒變化  第二天大多跟前一天重覆 天花板用木板裝潢成櫃子造型 從床頭延伸至書桌躺在床上有壓迫感,0,1,1,0,0,0,0,3,3,0,0,0,3
浴廁的門把鎖附近的門有碎裂的痕跡，建議可以修一下，浴缸有積水時消退較慢但不會下不去，另外洗手台有一點搖搖晃晃，建議可以找時間去固定一下。另外吃早餐時，朋友拿起吐司發現有發霉的情況，雖然員工有協助更換吐司，但應該還是可以先將裝吐司的盒子加以清洗再放置新的回去，以上。,0,1,1,0,0,0,0,3,3,0,0,0,3
電梯很可怕??會自己打開或停住。床非常不穩。室內不通風，上廁所味道會瀰漫整間房間。服務人員確認訂房時程序不透明，預先刷卡卻不通知，後續浪費很多時間。,0,1,1,0,0,0,0,3,3,0,0,0,3
停車場距離飯店有一段距離，不是很方便。接待人員比較冷漠。,0,1,1,0,0,0,0,3,3,0,0,0,3
房間設計奇怪，沒有智慧家電設備，早餐味道不好,0,1,1,0,0,0,0,3,3,0,0,0,3
希望下次可提供洗面乳,0,1,1,0,0,0,0,3,3,0,0,0,3
隔音太差 可以聽到樓上或樓下KTV 冬茲冬茲的音樂聲！然後大廳人員 完全沒有介紹住宿環境，我住的是膠囊房 裡面標示的標誌 標示的很不清楚！有附設早餐～但是可能去的時間比較晚 早餐完全被吃的蠻光的～,0,1,1,0,0,0,0,3,3,0,0,0,3
房務人員需要加強，我們住四人房入住時枕頭只有兩顆 廁所衛生紙也沒補上。,0,1,1,0,0,0,0,3,3,0,0,0,3
房間內吹風機壞掉了，反應給櫃檯大約30分鐘後沒有來處理，隔音普通，走廊有人走動或是大聲講話都聽得到,0,1,1,0,0,0,0,3,3,0,0,0,3
電梯標示不清要等很久，辦理入住速度有點慢。房間內沒有任何盥洗用具，隔音很差,0,1,1,0,0,0,0,3,3,0,0,0,3
床單沒有更換新的，櫃檯電話沒回覆,0,1,1,0,0,0,0,3,3,0,0,0,3
無法加棉被服務態度差電視解析度低 且訊號差隔音非常的差 馬桶沖水力度不夠因為只有差的選項可以選如有極差的選項 那無庸置疑的是極差,0,1,1,0,0,0,0,3,3,0,0,0,3
進房間至少等了一小時空調還沒冷，結果空調有問題，來來回回了好多次都沒處理好，這麼簡單的要求 我也醉了，地板壞掉踩的時候很可怕，房內傢俱很少看起來空空的5.停車費只幫你付一次，而且停車費不便宜非常非常貴，停一下子就兩百塊，要馬就坐計程車不然就只能乖乖掏錢如果可以我真的連一顆星都不想給，真的差透了，恭喜考慮住這間的你們看完了我的評論,0,1,1,0,0,0,0,3,3,0,0,0,3
恭喜你有看到我的評論，希望能讓你省到錢，原因如下:1. 飯店照片標榜有自助早餐，所以特地選了附早餐的房型，一到餐廳結果只有主廚現煮早餐？？？一人三份蛋餅？哈囉？我花的錢跑去哪裡了？廣告不實到誇張的境界，做不出自助早餐就請不要放照片亂騙人欸謝謝，電梯極慢到爆炸，真的慢到爆炸，大家可以試試等電梯的時間還不如開回家睡了,0,1,1,0,0,0,0,3,3,0,0,0,3
車庫電梯確實要改進。早餐不錯，如果多些蔬菜更好。,0,1,1,0,0,0,0,3,3,0,0,0,3
房間冷氣實在太弱了，開了半天了始終維持在7度，早餐也真的太難吃了,0,1,1,0,0,0,0,3,3,0,0,0,3
電梯動線很差，沒辦法迅速進出旅館，原則上我等過10分鐘等不到電梯的，且一開始在選擇房型的時候直接跟訂房者表示可以免費提供一次停車費用，等到下訂了才透過booking訊息提醒因為不是自有停車場，需要自費100元的停車費，根本敲詐了吧,0,1,1,0,0,0,0,3,3,0,0,0,3
淋浴時，竟然排水管流通不順，很慢很慢水才會流下去，導致洗了一半，泡泡水只好從洗手台的排水孔＆流進臥房內，來排解淋浴水孔排超慢的困境。結果我先生只好在那邊拼命擦臥室的泡泡水，通知櫃台人員，來了一位歐巴桑，一直跳針，說以前不會這樣阿，妳洗澡的時候要面向哪面牆壁阿，我門無障礙房依據法規就是不會作門檻阿，洗澡習慣不同阿...。,0,1,1,0,0,0,0,3,3,0,0,0,3
拜託，我洗澡時候哪面牆我都面對洗ㄌ，還蹲下坐浴室地板洗，就是排不出下去阿，我說重點是就是排水孔流不下去很慢才導致淹水，歐巴桑就一直跳針重複說剛剛的話，說以前不會阿...。結果最後歐巴桑拿臭臭的大毛巾鋪在浴室門口地板，來防止水在流進臥室裡，走時還在跳針說....。,0,1,1,0,0,0,0,3,3,0,0,0,3
缺點：隔音很差，會被吵醒枕頭廉價，超級難睡早餐平凡，非常難吃咖啡豆差,0,1,1,0,0,0,0,3,3,0,0,0,3
早餐很多種但不太好吃，房間隔音很差，從早到晚都可以聽見KTV和走廊的聲音,0,1,1,0,0,0,0,3,3,0,0,0,3
膠囊空間標示較不明，初來乍到不容易找到，建議有個說明。. 浴廁空氣空間較為悶濕，人多時空氣品質不佳會有點不適。,0,1,1,0,0,0,0,3,3,0,0,0,3
房間門鎖是舊式的，給人安全感不好，隔音不好，隔壁間開門都像是我們的門被開一樣，內裝讓人感覺不舒服，燈光都是黃光，久待有點想吐的感覺，餐廳位子太少，位子太小，收桌速度慢，即使東西還算不錯，也不想拿第二次了早餐，內容物還可以,0,1,1,0,0,0,0,3,3,0,0,0,3
設備過於老舊與破損，無供應早餐,0,1,1,0,0,0,0,3,3,0,0,0,3
無供應早餐，設備過於老舊與破損，,0,1,1,0,0,0,0,3,3,0,0,0,3
停車要我們去外面找免費停車，等於沒提供停車處，很不方便。不像其他的旅館有自己的停車場或提供其他附近配合的停車場。,0,1,1,0,0,0,0,3,3,0,0,0,3
枕頭無敵高又硬，建議需更換，躺了一陣子感覺會落枕，因此只能去拿浴室浴巾使用當枕頭。浴室蓮蓬頭水柱很細很強、熱水要很久才熱，入住當天氣溫低，甚至一度想尋求人員協助。早餐可能因當日入住人很少，因此沒開什麼燈，餐點也不太理想，建議如果平日入住的人太少，可提供附近的早餐店的食物或餐卷兌換即可。對了，電梯上樓後的走廊很暗。,0,1,1,0,0,0,0,3,3,0,0,0,3
非常老舊。電梯非常不足，。早餐品質非常差，早餐只有供應到九點，非常趕，建議到十點比較好。停車位非常不足，原本看到有停車位加上價錢不錯才訂，但兩天根本停不到停車位。,0,1,1,0,0,0,0,3,3,0,0,0,3
年假時入住，但早餐供應有限，食物來不及補，位置也不夠坐。電梯與房間的數量不相等，電梯供應不足！應該思考入住量大時的配套措施，以免影響住客享用早餐權利。停車場也應該有配合廠商，完全找不到位。,0,1,1,0,0,0,0,3,3,0,0,0,3
早餐用餐環境及菜色可以在進步，因人多吵雜，補菜的速度慢,0,1,1,0,0,0,0,3,3,0,0,0,3
冷氣完全不冷，隔音不佳，洗髮精跟沐浴乳沒有補滿，早餐很平常，但是邊吃飯廚房的男員工發酒瘋，對同事狂罵三字經，影響食欲觀感不佳。,0,1,1,0,0,0,0,3,3,0,0,0,3
沒有停車場。房卡僅一張。無法便利應用。廁所門沒有上鎖功能，提供的咖啡很水，可以再加強。,0,1,1,0,0,0,0,3,3,0,0,0,3
乾濕分離沒作好，地板磁磚破裂，停車位很少，餐廳食物只要有遊覽車團根本吃不到東西，菜沒補,0,1,1,0,0,0,0,3,3,0,0,0,3
早餐、車位、需要改善,0,1,1,0,0,0,0,3,3,0,0,0,3
住宿房間大，但配備的是無障礙廁所，會一直發出 蜂鳴聲， 嚴重影響睡眠品質，服務人員顯然知悉，但無意或無能力處理， 重點在並無事先告知， 提供這樣有問題的住宿品質令人覺得有誠信上的疑慮。,0,1,1,0,0,0,0,3,3,0,0,0,3
早餐像員工餐廳，搶食的狀況有點嚇人，廚房緊鄰著用餐區，裡頭炒菜聲及煮菜阿嫂的呼叫聲熱鬧滾滾，餐廳的佈置及餐點精緻度有待提升。,0,1,1,0,0,0,0,3,3,0,0,0,3
餐廳的佈置及餐點精緻度有待提升。,0,1,1,0,0,0,0,3,3,0,0,0,3
電視解析度模糊，很傷眼睛，光線昏暗熱水不好，控制冰箱使用需打開開關，入住宿時應說明。,0,1,1,0,0,0,0,3,3,0,0,0,3
早餐選項不多，也無法補菜色，隔音不是很好～浴室雖然乾濕分離，可是水流還是會流到外面把地墊弄濕 。,0,1,1,0,0,0,0,3,3,0,0,0,3
早餐晚餐不好吃，洗手台不通，外面spa區無法使用，桑拿也不能用。,0,1,1,0,0,0,0,3,3,0,0,0,3
室外spa池，水放太久，天冷時此設施顯得多餘。另外早餐的希飯，有很大的改善空間。,0,1,1,0,0,0,0,3,3,0,0,0,3
早晚餐選擇不多吃不飽，半夜睡覺會被開飲機加熱聲音吵醒,0,1,1,0,0,0,0,3,3,0,0,0,3
晚餐臨時通知改成麥當勞套餐，選擇性少，薯條和飲料實在太多吃不完，建議可以提供餐卷自行訂需要的商品會更好。房間床偏軟，照明偏暗，；開關如果能多點在設備旁會更方便。,0,1,1,0,0,0,0,3,3,0,0,0,3
衛浴設備的水龍頭破舊，早餐選擇較少。,0,1,1,0,0,0,0,3,3,0,0,0,3
燈光偏暗不知道是不是因為是汽車旅館大關係不太習慣，餐廳人手似乎不足,0,1,1,0,0,0,0,3,3,0,0,0,3
按摩椅老舊，鴨嘴噴水故障，餐點單調,0,1,1,0,0,0,0,3,3,0,0,0,3
浴室及床沒有隔間很不好，早餐無人帶位，只有兩人卻坐四人的位置，導致我們三人無位可坐,0,1,1,0,0,0,0,3,3,0,0,0,3
毛巾有霉味,1,1,0,0,0,0,0,3,3,0,0,0,3
隔音非常差，樓上到凌晨點多還在吵，電音音樂超大聲，櫃台人員完全無法處理，也無法讓我們換房間，詢問櫃台人員這是常態嗎？他竟回答不知道不清楚，直到我們自己報警處理才安靜，早上10點，電音音樂又開始....超扯。飯店裡的環境還ok。,0,1,1,0,0,1,0,3,3,0,0,1,3
住了三晚，其中第一晚感覺中央空調孔那一直有很重煙味傳過來走道沒煙味，應該是有人在房間抽菸，隔天早上在停車場也看到些許菸蒂，是否能加強宣導飯店內不能抽菸,0,1,1,0,0,1,0,3,3,0,0,3,3
雖然很想盡快恢復以前自助早餐的模式，但還在疫情期間，還是建議飯店可以做隔板或梅花座等措施，擁擠的用餐空間，大家夾子夾菜來來去去的，感覺有點恐怖，還有大嬸直接在夾菜時打噴嚏，看了實在沒食慾。,0,1,1,0,0,1,0,3,3,0,0,3,3
停車位不足、早餐無冷飲、隔音不佳，房間蚊子多。,1,1,1,0,0,0,3,3,3,0,0,0,3
早餐不是很理想，單人房的空間不大，但價位可以接受。,0,1,1,0,1,0,0,3,3,0,1,0,3
早餐量少也不好吃，房間小也無窗，房價偏高，,0,1,1,0,1,0,0,3,3,0,3,0,3
價格太高  四人房太小早餐需改進,0,1,1,0,1,0,0,3,3,0,3,0,3
附屬設施不夠完全，雖說這是四星旅館，健身房之類的配套設施不夠完善，跟價格不匹配早餐雖說過得去，但是取餐的地方太過狹小，客人都擠在一起了食物種類還好，但是沒有在地的特色,0,1,1,0,1,0,0,3,3,0,3,0,3
悶熱、明明續住有請他們打掃，卻沒掃、價格與服務設備不成正比,0,1,1,0,1,0,0,3,3,0,3,0,3
沒有四星級的價值浪費了我的錢，設施也沒有任何可以玩樂的地方，頂樓酒吧也是氣氛很暗黑（沒有讓人想親近的感覺）四星級到底是哪裡有？感覺不到！跟住一兩千的差不多，第一印象就很差，竟然停車要停到附近的特約停車場非常不便民，介紹周邊吃的也介紹的不好，洗澡的熱水一點都不燙冷得要死，早餐很難吃。,0,1,1,0,1,0,0,3,3,0,3,0,3
沒早餐房價又貴的要死也沒停車場一切都很不ok,0,1,1,0,1,0,0,3,3,0,3,0,3
可能因為假日關係房價高了點只是覺得還是有許多不足的地方希望下次可提供洗面乳,0,1,1,0,1,0,0,3,3,0,3,0,3
熱水器壞了，打給櫃臺也照方式使用，也沒熱水上來，一家四口洗冷水。地點近市區,0,1,1,1,0,0,0,3,3,1,0,0,3
可能連假較忙櫃檯常沒有工作人員，因樓下一樓施工，所以環境有很大的差異，附近還有外勞的娛樂場所，所以晚上隔音沒有很好，離車站和公車真的很近也是便利,0,1,1,1,0,0,0,3,3,1,0,0,3
飯店地理位置步行到赤崁樓只要五分鐘，覓食相當方便，宵夜及早餐種類及口味皆中下，不挑的人可以填飽肚子，床很軟，如果另一個人稍微動一下，整張床就會晃動。隔音設備很差，隔壁房間開關門聽的一清二楚。,0,1,1,1,0,0,0,3,3,1,0,0,3
可惜是中央空調，不是獨立冷氣，發票不是入住給而是退房給，地理位置離車站近。,0,1,1,1,0,0,0,3,3,1,0,0,3
早餐較少選擇，房間隔音不太好，房內燈光較暗，離火車站近,0,1,1,1,0,0,0,3,3,1,0,0,3
在訂房網站上看到的房型有沙發椅，現場入住沒有，也沒有其他座椅，很不方便；插座只有電視下方有兩個，距離很遠，後面退房把窗簾拉開時才發現窗簾後面還有一個插座，不符合使用效益隔天下去使用膠囊式咖啡機時，剛好咖啡膠囊沒了，詢問人員回覆沒有就是沒了，現場也沒有告示說明。住宿地點生活圈機能方便，便利商店、早餐店、簡餐店、一中街等都在附近，雖然沒有附設停車場，但是附近停車場距離近，,0,1,1,1,0,0,0,3,3,1,0,0,3
缺一些常見的背包客床位小設施，例如掛衣架可放置手機的淺檯面，使用上不是很便利；服務人員的接待感覺很不熟練。離火車站很近交通便利,0,1,1,1,0,0,0,3,3,1,0,0,3
停車位有點不足，以及住房人多，早餐就會供應不及，地點不錯。,0,1,1,1,0,0,0,3,3,1,0,0,3
早餐用餐環境及菜色可以在進步，因人多吵雜，補菜的速度慢地點很好，價格親民,0,1,1,1,1,0,0,3,3,1,1,0,3
沒有四星級的價值浪費了我的錢，設施也沒有任何可以玩樂的地方，頂樓酒吧也是氣氛很暗黑（沒有讓人想親近的感覺）四星級到底是哪裡有？感覺不到！跟住一兩千的差不多，第一印象就很差，竟然停車要停到附近的特約停車場非常不便民，介紹周邊吃的也介紹的不好，洗澡的熱水一點都不燙冷得要死，早餐很難吃。周邊環境是還蠻便利的。,0,1,1,1,1,0,0,3,3,1,3,0,3
剛開始打給飯店人員口氣差，詢問有無空房說沒有之後就掛斷，在booking上成功訂到之後再電話確認口氣依然差，旅店位置在東協大樓內，樓上是ktv隔音不好，且人多出入複雜，旅店專門的電梯告示張貼不明顯，因為疫情關係沒吃到早餐覺得房價cp值不高。,0,1,1,1,1,0,0,3,3,2,3,0,3
隔音超差，樓上是健身房（折磨）晚上持續吵到11 22又開始吵櫃檯只說不好意思，柔性勸導明知房型有問題，卻未告知很差勁，不重視顧客權益,0,1,1,1,0,0,0,3,3,3,0,0,3
收訊極差 在浴室更是沒有收訊 隔音差 飯店外面飛機聲很吵 電視畫質不好頻道極少 櫃檯服務人員態度很差（好像欠他錢一樣）,0,1,1,1,0,0,0,3,3,3,0,0,3
床不是很好睡，附近治安覺得沒有很好，早餐的飲品沒有熱飲,0,1,1,1,0,0,0,3,3,3,0,0,3
由於位於東協廣場(第一廣場)，所以外勞眾多，晚上吵雜，浴室去水緩慢，早餐品質有待改善,0,1,1,1,0,0,0,3,3,3,0,0,3
洗澡的水完全不會熱，只有微溫，而且水也很小！3.隔天的早餐幾乎都是冷的，只有咖啡機的咖啡和自己現烤的吐司是熱的，明明就有保溫的東西但是都沒開！周遭進出人口複雜！,0,1,1,1,0,0,0,3,3,3,0,0,3
早上門口就是市場，車子出入不太方便，沒提供早餐，房子老舊,0,1,1,1,0,0,0,3,3,3,0,0,3
 應該算沒有附停車場的旅店了，說的停車場在幾個街區之外的國小週邊，停車真的不方便。早餐就如同其他入住的旅客所說的狀況不太優。以上提供給大家參考，謝謝。,0,1,1,1,0,0,0,3,3,3,0,0,3
周遭停車不方便、浴室熱水供應太慢，水太少，蚊子好多還出現綠色搖蚊，打死了一隻。年節未安排好人力，早餐根本吃不到只好去外面買,1,1,1,1,0,0,3,3,3,3,0,3,3
清潔力真的要好好重視，已經在好幾處看到壁癌了,1,0,0,0,0,0,3,0,0,0,0,0,3
有蚊子，沒做好清潔歐,1,0,0,0,0,0,3,0,0,0,0,0,3
房間有蚊子，很難入睡,1,1,0,0,0,0,3,3,0,0,0,0,3
晚上睡覺有蚊子，女兒一早起床，被叮了好多包,1,0,0,0,0,0,3,0,0,0,0,0,3
房內有蚊子！！！整晚無法睡,1,1,0,0,0,0,3,3,0,0,0,0,3
突然有蟲,1,0,0,0,0,0,3,0,0,0,0,0,3
蚊子多到爆 一整晚蚊子打不完 凌晨三點多還打不完,1,0,0,0,0,0,3,0,0,0,0,0,3
蚊子有點多,1,0,0,0,0,0,3,0,0,0,0,0,3
蚊子真的超級多，在戶外想要聊天都要一直狂噴防蚊液，還是無法阻止飢餓的蚊子大軍。,1,0,0,0,0,0,3,0,0,0,0,0,3
手腳都被叮到一顆一顆的很癢，不知道是跳蚤還是蚊子叮,1,0,0,0,0,0,3,0,0,0,0,0,3
蚊子好多還出現綠色搖蚊,1,0,0,0,0,0,3,0,0,0,0,0,3
房間有蚊子，被叮得好痛。,1,0,0,0,0,0,3,0,0,0,0,0,3
有蚊子……被叮，好幾個紅點，哭。,1,0,0,0,0,0,3,0,0,0,0,0,3
有一隻蚊子，這是美中不足的地方。,1,0,0,0,0,0,3,0,0,0,0,0,3
有怪氣味,1,0,0,0,0,0,3,0,0,0,0,0,3
有前房客遺留的襪子,1,0,0,0,0,0,3,0,0,0,0,0,3
菸味 ,1,0,0,0,0,0,3,0,0,0,0,0,3
都沒有好好的打掃….,1,0,0,0,0,0,3,0,0,0,0,0,3
菸味,1,0,0,0,0,0,3,0,0,0,0,0,3
剛進去有裝潢味,1,0,0,0,0,0,3,0,0,0,0,0,3
煙味很重......,1,0,0,0,0,0,3,0,0,0,0,0,3
裝潢材料味道太重,1,0,0,0,0,0,3,0,0,0,0,0,3
除此之外就是餐具洗完之後沒有做分離，在疫情期間會有點擔心別人洗完之後是不是有乾淨到,1,1,0,0,0,0,3,3,0,0,0,0,3
雖然寫禁煙，但是煙味還是很重,1,0,0,0,0,0,3,0,0,0,0,0,3
入住時說明全館禁菸，但通往房間的走道卻全是煙味。,1,1,0,0,0,0,3,3,0,0,0,0,3
不知道是空調問題還是床包問題，男友這次入住皮膚一直出現紅腫癢，到了室外就好很多,1,1,0,0,0,0,3,3,0,0,0,0,3
空氣異味,1,0,0,0,0,0,3,0,0,0,0,0,3
希望廁所環境加強,1,1,0,0,0,0,3,3,0,0,0,0,3
房間內還是有些許煙味附著在衣服上，不過味道已經有比之前少很多,1,1,0,0,0,0,3,3,0,0,0,0,3
整棟樓環境極差，還有酒店網咖，感覺蠻混亂的環境,1,1,0,1,0,0,3,3,0,3,0,0,3
有點不喜歡，雖然有開窗通風，但是氣味留在室內還是聞得到。,1,0,0,0,0,0,3,0,0,0,0,0,3
有整潔問題,1,0,0,0,0,0,3,0,0,0,0,0,3
用餐環境需要改進太糟太髒了,1,0,0,0,0,0,3,0,0,0,0,0,3
有霉味,1,0,0,0,0,0,3,0,0,0,0,0,3
有菸味,1,0,0,0,0,0,3,0,0,0,0,0,3
有股悶味,1,0,0,0,0,0,3,0,0,0,0,0,3
房間很悶，氣味不好,1,0,0,0,0,0,3,0,0,0,0,0,1
消毒水太濃,1,0,0,0,0,0,3,0,0,0,0,0,3
有煙味。,1,0,0,0,0,0,3,0,0,0,0,0,3
有皮屑太不ok了,1,0,0,0,0,0,3,0,0,0,0,0,3
有蟑螂,1,0,0,0,0,0,3,0,0,0,0,0,3
有很多小蟲很恐怖,1,0,0,0,0,0,3,0,0,0,0,0,3
灰塵很多很不舒服,1,0,0,0,0,0,3,0,0,0,0,0,3
有異味，噁,1,0,0,0,0,0,3,0,0,0,0,0,3
有霉味，讓人很不舒服,1,0,0,0,0,0,3,0,0,0,0,0,3
有菸味臭死了,1,0,0,0,0,0,3,0,0,0,0,0,3
有煙味，很臭,1,0,0,0,0,0,3,0,0,0,0,0,3
有尿騷味 噁,1,0,0,0,0,0,3,0,0,0,0,0,3
有怪味，太糟糕,1,0,0,0,0,0,3,0,0,0,0,0,3
芳香劑太香了讓人想吐,1,0,0,0,0,0,3,0,0,0,0,0,3
有屎味,1,0,0,0,0,0,3,0,0,0,0,0,3
有不明味道，不是很好,1,0,0,0,0,0,3,0,0,0,0,0,3
真的很髒,1,0,0,0,0,0,3,0,0,0,0,0,3
有很多灰塵,1,0,0,0,0,0,3,0,0,0,0,0,3
清潔沒確實,1,0,0,0,0,0,3,0,0,0,0,0,3
整潔度真的很差,1,0,0,0,0,0,3,0,0,0,0,0,3
打掃沒確實，有霉味,1,0,0,0,0,0,3,0,0,0,0,0,3
味道刺鼻，消毒水味超重，清潔也沒很好,1,0,0,0,0,0,3,0,0,0,0,0,3
有壁癌和霉味,1,0,0,0,0,0,3,0,0,0,0,0,3
打掃沒確實,1,0,0,0,0,0,3,0,0,0,0,0,3
清潔也沒很好,1,0,0,0,0,0,3,0,0,0,0,0,3
味道不好,1,0,0,0,0,0,3,0,0,0,0,0,3
芳香劑味道太重,1,0,0,0,0,0,3,0,0,0,0,0,3
味兒也不好,1,0,0,0,0,0,3,0,0,0,0,0,3
有霉味無法接受,1,0,0,0,0,0,3,0,0,0,0,0,3
氣味濃郁到讓人想吐,1,0,0,0,0,0,3,0,0,0,0,0,3
氣味差,1,0,0,0,0,0,3,0,0,0,0,0,3
味道臭,1,0,0,0,0,0,3,0,0,0,0,0,3
有霉味不好聞,1,0,0,0,0,0,3,0,0,0,0,0,3
清潔劑味道好噁心,1,0,0,0,0,0,3,0,0,0,0,0,3
有煙味大扣分,1,0,0,0,0,0,3,0,0,0,0,0,3
進門後有微微廁所味 讓人受不了,1,0,0,0,0,0,3,0,0,0,0,0,3
淋浴間有上一位客人用過的牙刷牙膏，沒打掃好,1,1,0,0,0,0,3,3,0,0,0,0,3
自己還要酒精消毒一遍,1,0,0,0,0,0,3,0,0,0,0,0,3
剛入房時還有打掃完後都清楚可見毛髮,1,0,0,0,0,0,3,0,0,0,0,0,3
可能有跳蚤,1,0,0,0,0,0,3,0,0,0,0,0,3
清洁方面需要大大的改進,1,0,0,0,0,0,3,0,0,0,0,0,3
一打開門就看到小強,1,0,0,0,0,0,3,0,0,0,0,0,3
還遺留其他客人用過的用品,1,0,0,0,0,0,3,0,0,0,0,0,3
有臭酸味,1,0,0,0,0,0,3,0,0,0,0,0,3
霉味很重,1,0,0,0,0,0,3,0,0,0,0,0,3
有潮濕味,1,0,0,0,0,0,3,0,0,0,0,0,3
有油垢味,1,0,0,0,0,0,3,0,0,0,0,0,3
清洁方面需要大力改善,1,0,0,0,0,0,3,0,0,0,0,0,3
有明顯的異味,1,0,0,0,0,0,3,0,0,0,0,0,3
稍有煙味,1,0,0,0,0,0,3,0,0,0,0,0,3
有跳蚤出沒,1,0,0,0,0,0,3,0,0,0,0,0,3
可以看到一些黑黑發霉狀態。,1,0,0,0,0,0,3,0,0,0,0,0,3
環境衛生不太優,1,0,0,0,0,0,3,0,0,0,0,0,3
發現有前一位房客用過的衛生用品。,1,0,0,0,0,0,3,0,0,0,0,0,3
不干淨……不值五星,1,0,0,0,0,0,3,0,0,0,0,0,3
濕氣有點重很不舒服,1,0,0,0,0,0,3,0,0,0,0,0,3
可能房務查房時要在仔細，東西沒清理乾淨,1,0,0,0,0,0,3,0,0,0,0,0,3
冰箱小櫃子上方有一隻小蟑螂跑出來,1,0,0,0,0,0,3,0,0,0,0,0,3
房內清潔要加強,1,1,0,0,0,0,3,3,0,0,0,0,3
濕氣有點重,1,0,0,0,0,0,3,0,0,0,0,0,3
煙味煙味煙味太重了,1,0,0,0,0,0,3,0,0,0,0,0,3
煙味有點重,1,0,0,0,0,0,3,0,0,0,0,0,3
煙味很重,1,0,0,0,0,0,3,0,0,0,0,0,3
房內的整潔度需要特別留意,1,1,0,0,0,0,3,3,0,0,0,0,3
煙味需注意很臭,1,0,0,0,0,0,3,0,0,0,0,0,3
整潔程度需要加強，整體來說有待改善,1,0,0,0,0,0,3,0,0,0,0,0,3
乾淨度尚需努力,1,0,0,0,0,0,3,0,0,0,0,0,3
很多地方都有一股令人不喜的氣味。,1,0,0,0,0,0,3,0,0,0,0,0,3
需要注意一下，整理房務時請務必查看冰箱內是否有位丟棄的飲料或食物。謝謝,1,0,0,0,0,0,3,0,0,0,0,0,3
希望客戶還在吃早餐時先不要掃地，感覺很不好，且食物沒蓋起來,1,0,0,0,0,0,3,0,0,0,0,0,3
有點灰塵,1,0,0,0,0,0,3,0,0,0,0,0,3
有女性頭髮 不只一根,1,0,0,0,0,0,3,0,0,0,0,0,3
有揮之不去的屎味,1,0,0,0,0,0,3,0,0,0,0,0,3
環境 香水味太重,1,0,0,0,0,0,3,0,0,0,0,0,3
一直聞到一股味道…,1,0,0,0,0,0,3,0,0,0,0,0,3
但有一些些遺憾打掃未落實,1,0,0,0,0,0,3,0,0,0,0,0,3
濃濃的芳香劑味道 味道讓人很不舒服,1,0,0,0,0,0,3,0,0,0,0,0,3
有殺蟲劑的味道,1,0,0,0,0,0,3,0,0,0,0,0,3
有些小細節沒打掃到,1,0,0,0,0,0,3,0,0,0,0,0,0
入住時房間櫃子上有垃圾，清潔不完整,1,1,0,0,0,0,3,3,0,0,0,0,3
房間剛入住進門時有垃圾遺留 洗澡過程蟑螂從漏水孔跑出來,1,1,0,0,0,0,3,3,0,0,0,0,3
有小蟑螂,1,0,0,0,0,0,3,0,0,0,0,0,3
煙味 清潔有待加強,1,0,0,0,0,0,3,0,0,0,0,0,3
發現一根長頭髮,1,0,0,0,0,0,3,0,0,0,0,0,3
有一股消毒水的味道,1,0,0,0,0,0,3,0,0,0,0,0,3
清潔有待加強，許多處有灰塵堆積,1,0,0,0,0,0,3,0,0,0,0,0,3
有點煙味,1,0,0,0,0,0,3,0,0,0,0,0,3
有螞蟻,1,0,0,0,0,0,3,0,0,0,0,0,3
整潔待改善,1,0,0,0,0,0,3,0,0,0,0,0,3
唯一缺點就是有小螞蟻,1,0,0,0,0,0,3,0,0,0,0,0,3
看起來完全沒有清過,1,0,0,0,0,0,3,0,0,0,0,0,3
清潔香氛氣味太重，反倒讓人不舒服,1,0,0,0,0,0,3,0,0,0,0,0,3
霉味太重,1,0,0,0,0,0,3,0,0,0,0,0,3
還是有菸味,1,0,0,0,0,0,3,0,0,0,0,0,3
但是很多地方都有一股令人不喜的氣味。,1,0,0,0,0,0,3,0,0,0,0,0,3
有老舊的味道,1,0,0,0,0,0,3,0,0,0,0,0,3
霉味對一個沒有中控的旅社而言，是個難題...,1,0,0,0,0,0,3,0,0,0,0,0,3
乾淨度可再加強,1,0,0,0,0,0,3,0,0,0,0,0,3
乾淨度可再加強會更好,1,0,0,0,0,0,3,0,0,0,0,0,1
有很濃的芳香劑味道,1,0,0,0,0,0,3,0,0,0,0,0,3
唯一的小缺點是有發現小蟑螂 ,1,0,0,0,0,0,3,0,0,0,0,0,3
一進房就有蟑螂,1,0,0,0,0,0,3,0,0,0,0,0,3
打掃人員應再仔細，有上位房客使用後的東西及毛髮尚未清理乾淨,1,0,0,0,0,0,3,0,0,0,0,0,3
整潔度很差,1,0,0,0,0,0,3,0,0,0,0,0,3
很重香精味！,1,0,0,0,0,0,3,0,0,0,0,0,3
衛生條件不好,1,0,0,0,0,0,3,0,0,0,0,0,3
整潔度不佳,1,0,0,0,0,0,3,0,0,0,0,0,3
房務人員清潔訓練應加強,1,0,0,0,0,0,3,0,0,0,0,0,3
髒,1,0,0,0,0,0,3,0,0,0,0,0,3
清潔有很大的進步空間,1,0,0,0,0,0,3,0,0,0,0,0,3
前一住客留在桌上的飲料水漬還在，感覺只有把東西歸位及換上備品而已。,1,0,0,0,0,0,3,0,0,0,0,0,3
有明顯菸味,1,0,0,0,0,0,3,0,0,0,0,0,3
環境整潔需加強,1,0,0,0,0,0,3,0,0,0,0,0,3
令人難以入眠，持續了一個小時的臭味，逼著我要帶口罩睡覺，睡眠品質大打折扣。,1,0,0,0,0,0,3,0,0,0,0,0,3
細節未打掃乾淨,1,0,0,0,0,0,3,0,0,0,0,0,3
清潔度不佳,1,0,0,0,0,0,3,0,0,0,0,0,3
整潔方面再多注意囉,1,0,0,0,0,0,3,0,0,0,0,0,3
煙味太重,1,0,0,0,0,0,3,0,0,0,0,0,3
清洁需要多注意,1,0,0,0,0,0,3,0,0,0,0,0,3
有小髒螂超噁心,1,0,0,0,0,0,3,0,0,0,0,0,3
在一些細節方面也確實暴露出了『汽車旅館』先天上的缺陷，像是整理不夠細膩、環境中的煙味等等,1,0,0,0,0,0,3,0,0,0,0,0,3
空氣循環不好，有異味,1,0,0,0,0,0,3,0,0,0,0,0,3
希望能有睡覺用的小燈，或者說房間有但是找不到。衛浴是用玻璃隔出來的，掛衣服的空間不足，希望能增加廁所內的置物鐵架。,1,1,0,0,0,0,3,3,0,0,0,0,3
整理不夠細膩,1,0,0,0,0,0,3,0,0,0,0,0,3
有前客人的腳指甲屑,1,0,0,0,0,0,3,0,0,0,0,0,3
灰塵有點多,1,0,0,0,0,0,3,0,0,0,0,0,3
稍微有一些油漆味,1,0,0,0,0,0,3,0,0,0,0,0,3
灰塵多,1,0,0,0,0,0,3,0,0,0,0,0,3
有小強,1,0,0,0,0,0,3,0,0,0,0,0,3
入住時床位完全沒有整理 個人沒有潔癖所以就不反應了。,1,0,0,0,0,0,3,0,0,0,0,0,3
煙臭味,1,0,0,0,0,0,3,0,0,0,0,0,3
菸臭味,1,0,0,0,0,0,3,0,0,0,0,0,3
不舒服,1,0,0,0,0,0,3,0,0,0,0,0,3
睡到一半竟然有老鼠闖入，嚇死了！,1,0,0,0,0,0,3,0,0,0,0,0,3
有很濃的蟑螂味,1,0,0,0,0,0,3,0,0,0,0,0,3
清潔度還是有差。,1,0,0,0,0,0,3,0,0,0,0,0,3
灰塵多，窗外都鳥糞,1,0,0,0,0,0,3,0,0,0,0,0,3
不乾淨，無法好好休息,1,0,0,0,0,0,3,0,0,0,0,0,3
太髒了,1,0,0,0,0,0,3,0,0,0,0,0,3
有一隻小蟲,1,0,0,0,0,0,3,0,0,0,0,0,3
潮濕味、煙味、怪味,1,0,0,0,0,0,3,0,0,0,0,0,3
潮濕味,1,0,0,0,0,0,3,0,0,0,0,0,3
怪味,1,0,0,0,0,0,3,0,0,0,0,0,3
衛生可以再加強。,1,0,0,0,0,0,3,0,0,0,0,0,3
沒有乾淨舒適，糟糕的體驗。,1,0,0,0,0,0,3,0,0,0,0,0,3
灰塵很多沒打掃,1,0,0,0,0,0,3,0,0,0,0,0,3
上一個旅客的毛巾沒收,1,0,0,0,0,0,3,0,0,0,0,0,3
晚上睡覺時在床上發現一隻小蟲蟲，沒打掃好。,1,0,0,0,0,0,3,0,0,0,0,0,3
有蚊蟲建議加強清潔消毒，小朋友隔天早上手跟臉都有一包一包的紅腫,1,0,0,0,0,0,3,0,0,0,0,0,3
整體清潔有待改善,1,0,0,0,0,0,3,0,0,0,0,0,3
空氣十分不佳,1,0,0,0,0,0,3,0,0,0,0,0,3
不乾淨、老舊,1,0,0,0,0,0,3,0,0,0,0,0,3
潮濕,1,0,0,0,0,0,3,0,0,0,0,0,3
整潔度呵呵爛爆,1,0,0,0,0,0,3,0,0,0,0,0,3
整潔度再加強一點好嗎,1,0,0,0,0,0,3,0,0,0,0,0,3
整潔度完全好到讓我想當天快速遠離。,1,0,0,0,0,0,3,0,0,0,0,0,3
清潔好到一堆蟑螂跟我打招呼,1,0,0,0,0,0,3,0,0,0,0,0,3
清潔真是好到不行，一堆小強欸,1,0,0,0,0,0,3,0,0,0,0,0,3
一堆灰塵是要讓我吃灰塵嗎,1,0,0,0,0,0,3,0,0,0,0,0,3
整潔度讓我想到垃圾車的味道呢,1,0,0,0,0,0,3,0,0,0,0,0,3
乾淨整潔都是騙人的,1,0,0,0,0,0,3,0,0,0,0,0,3
評論說乾淨整潔是假的嗎,1,0,0,0,0,0,3,0,0,0,0,0,3
房務人員的打掃真的可以呵呵，麻煩辭職好嗎,1,0,0,0,0,0,3,0,0,0,0,0,3
噁心死了一堆蟲，直接掰掰不住了,1,0,0,0,0,0,3,0,0,0,0,0,3
一堆灰塵是讓我想過敏嗎,1,0,0,0,0,0,3,0,0,0,0,0,3
尿騷味有夠重,1,0,0,0,0,0,3,0,0,0,0,0,3
屎味有夠重,1,0,0,0,0,0,3,0,0,0,0,0,3
清潔人員的視力真的很好，這麼大的垃圾居然沒看到，留下前一個房客所吃的食物。,1,0,0,0,0,0,3,0,0,0,0,0,3
有兩隻小蟑螂,1,0,0,0,0,0,3,0,0,0,0,0,3
有煙味,1,0,0,0,0,1,3,0,0,0,0,0,3
扣除煙味，其他可以,1,0,0,0,0,1,3,0,0,0,0,1,1
房間內的確有許多評論提到的潮濕的味道問題，其他方面都非常好。,1,0,0,0,0,1,3,0,0,0,0,1,1
清潔度不夠，居住樓層還在施工,1,0,0,0,0,1,3,0,0,0,0,3,3
一直聽到敲牆壁的聲音好吵，還有煙味,1,0,0,0,0,1,3,0,0,0,0,3,3
整潔差，如果要求整潔的人不適合，價格親民,1,0,0,0,1,0,3,0,0,0,1,0,3
平假日的價差較大，住宿訂購需稍微比價一下。第二次入住空間有稍微異味，不確定是什麼味道,1,0,0,0,1,0,3,0,0,0,3,0,3
價錢太貴，整潔度差,1,0,0,0,1,0,3,0,0,0,3,0,3
地點很方便，雖然灰塵有稍微多一點，但價格實惠,1,0,0,1,1,0,3,0,0,1,1,0,1
由於位置在東南亞辦事處裡面，移工真的很多~環境有些髒亂,1,0,0,1,0,0,3,0,0,3,0,0,3
位於商業大樓內，樓上下許多外勞出入，人流混雜環境髒亂,1,0,0,1,0,0,3,0,0,3,0,0,3
商旅位在六樓，但因地點是在舊有大樓，樓下管制不易，大樓內數名有流浪漢徘徊，煙味很濃，如果是女生房客，可能會害怕。,1,0,0,1,0,0,3,0,0,3,0,0,3
清潔和地點不是太優,1,0,0,1,0,0,3,0,0,3,0,0,3
地點不好，味道不好,1,0,0,1,0,0,3,0,0,3,0,0,3
地點差，芳香劑味道太重,1,0,0,1,0,0,3,0,0,3,0,0,3
地點爛，味兒也不好,1,0,0,1,0,0,3,0,0,3,0,0,3
旅館所處大樓出入人員複雜，且吵雜，有點不太舒服,1,0,0,1,0,0,3,0,0,3,0,0,3
價格便宜，清潔度真的有待加強，地點附近出入人員複雜。,1,0,0,1,1,0,3,0,0,3,1,0,3
 旁邊有早市會被吵醒 ， 房間還有蟑螂價格。,1,0,0,1,1,0,3,0,0,3,3,0,3
髒到無極致……對面早市半夜12開始吵到天亮，便宜沒好貨是真的不敢不敢囉…完全無法入睡的地方,1,0,0,1,1,0,3,0,0,3,3,0,3
服務態度很好 反應整潔問題立馬改善,1,0,1,0,0,0,3,0,1,0,0,0,1
第二天床被浴室有整理，清潔備品茶包咖啡包等有撥補，但是地毯明顯沒有清潔吸塵。,1,0,1,0,0,0,3,0,1,0,0,0,3
房間舊舊的味道，早餐新鮮不錯吃,1,0,1,0,0,0,3,0,1,0,0,0,1
房間有菸味向服務人員反應後 服務人員馬上請人來房間做空氣處理 但無奈有其他沒水準的住客還是一直在抽菸 所以房間沒多久又有菸味 再度向服務人員反應並表示要更換房間 服務人員也馬上再安排另一間房間給我,1,0,1,0,0,1,3,0,1,0,0,3,3
打掃不夠確實，有一個用過，但不是我們的口罩在玄關。早餐選項不多～無大礙,1,0,1,0,0,0,3,0,2,0,0,0,3
第二天未更換床單,1,1,1,0,0,0,3,3,3,0,0,0,3
說可以12退房還沒12點就在那邊趕，樓上味道超臭的異味 講了沒人來處理傻眼。,1,0,1,0,0,0,3,0,3,0,0,0,3
可以體諒廚工辛苦及爭取時間，但客人用早餐時間，最好不要整理餐廳拖地掃地，很怕揚起灰塵飛到食物餐點，我是不會生氣啦，但有的客人很介意喔,1,0,1,0,0,0,3,0,3,0,0,0,3
一進房門有很重的煙味 跟櫃檯反應後 櫃檯請清掃人員上來查看，清掃人員態度非常差勁，一進門便說那我該怎麼處理？ 隨後清掃人員也用差勁的態度表示有沒浴缸的房型要不要換。反之櫃檯人員態度十分親切,1,0,1,0,0,0,3,0,3,0,0,0,3
check in給的房間在八樓，有煙味，通知櫃臺後，請服務人員前來了解，服務人員問我要換房嗎？我說要。於是回到一樓櫃臺，櫃臺人員表示要請清潔人員幫我清理，有可能是別房抽煙的原因，我覺得這回答很瞎。不是全館禁煙？我表示需要換房，除非換的房間仍是煙味，就取消不住。。,1,0,1,0,0,0,3,0,3,0,0,0,3
飯店想要製造香氛感，但不是太好聞，所有的員工都很親切，唯獨櫃檯某位ci的女生態度有點冷，給她ci的感受不是太好,1,0,1,0,0,0,3,0,3,0,0,0,3
容易遺忘房間打掃，近期已有三次被遺漏沒打掃房間近期消耗品都沒補齊，還要自己去櫃檯索取,1,0,1,0,0,0,3,0,3,0,0,0,3
安排的房間未打掃，經反應後是作業務疏失。,1,0,1,0,0,0,3,0,3,0,0,0,3
氣味濃郁到讓人想吐，請人員處理也沒用,1,0,1,0,0,0,3,0,3,0,0,0,3
態度差，氣味差,1,0,1,0,0,0,3,0,3,0,0,0,3
清掃部分要求換床單及枕頭套，但卻未更換,1,0,1,0,0,0,3,0,3,0,0,0,3
整潔度差已經辦理入住，卻有其他員工開門，不知道已經有人入住，令人傻眼,1,0,1,0,0,0,3,0,3,0,0,0,3
入住的時候，櫃檯人員臉太臭了退房時，櫃檯人員很nice但是房間竟然有小蟑螂不只一隻(嚇慘了),1,0,1,0,0,0,3,0,3,0,0,0,3
入住隔天早上有問過打掃的房務人員是否清潔房間，此回答因未退房所以沒有。因提前在房間休息所以把門鈴警示暗掉，晚上出門前才發現房務人員會前來打掃，錯過了打掃時間，垃圾因此爆滿,1,0,1,0,0,0,3,0,3,0,0,0,3
房間清潔有待加強。現場與櫃檯人員的聯系不足。,1,0,1,0,0,0,3,0,3,0,0,0,3
 check in，但拖著行李抵達入住房間門口， 整個傻眼 預計入住的兩個房間都沒有整理 房間一片凌亂，讓冒著大雨從台中來的我們，很不舒服，本想入住後好好休息。經向櫃台反應後，，才房間給我們，五星級飯店出這個錯誤，實在很糟糕,1,0,1,0,0,0,3,0,3,0,0,0,3
髒，給的房間是沒打掃過的，接電話櫃台服務員還說都每天整理請她們自己看看態度不好還說沒清潔員無法整理,1,0,1,0,0,0,3,0,3,0,0,0,3
不過在用餐時間還沒到餐廳服務員急打掃環境不適當感覺不太好希望貴店改善,1,0,1,0,0,0,3,0,3,0,0,0,3
早餐繁忙擁擠，菜色普通小灣通道凌亂，整潔有待加強，雖然是整修中，但應該妥善包覆，維持動線乾淨流,1,0,1,0,0,0,3,0,3,0,0,0,3
未整理房間，素食早餐僅有醬瓜類,1,0,1,0,0,0,3,0,3,0,0,0,3
早餐有看到小蟑螂以及生菜上有頭髮,1,0,1,0,0,0,3,0,3,0,0,0,3
清潔希望能在加強些，員工的訓練需在加強,1,0,1,0,0,0,3,0,3,0,0,0,3
很多螞蟻，超多螞蟻。請員工來處理，卻是得到一瓶酒精，還說最近在大消毒所以螞蟻比較多。,1,0,1,0,0,0,3,0,3,0,0,0,3
打掃不夠乾淨..打死隻蟑螂間，房間連住兩晚都不乾淨~早餐很普通~,1,0,1,0,0,0,3,0,3,0,0,0,3
手續沒有繁雜 卻讓客人們人罰站很久，應對方面欠佳，清潔度不夠,1,0,1,0,0,0,3,0,3,0,0,0,3
清潔真的要加強，服務人員的服務真的沒話說的爛。,1,0,1,0,0,0,3,0,3,0,0,0,3
因假期關係收費比平日貴三倍，但在服務及住宿環境都低於三倍。,1,0,1,0,1,0,3,0,3,0,3,0,3
至少要打掃一下吧，太髒了，沒早餐，地點還可以,1,0,1,1,0,0,3,0,3,1,0,0,3
地點雖然在火車站前，但未在的地點有點髒亂，住起來沒有很舒服，早餐普通，飲料裡面還有小蟲.....住的經驗來說不算好,1,0,1,1,0,0,3,0,3,3,0,0,3
房間椅子可以再乾淨些,1,1,0,0,0,0,3,3,0,0,0,0,3
可能因為地毯，有股潮濕霉味,1,1,0,0,0,0,3,3,0,0,0,0,3
地板的清潔一般,1,1,0,0,0,0,2,2,0,0,0,0,2
房間的味道還行,1,1,0,0,0,0,2,2,0,0,0,0,2
煙味。如果帶孩子不建議來。本身有抽煙的就沒差。,1,0,0,0,0,0,2,0,0,0,0,0,2
環境的舒適度普普,1,0,0,0,0,0,2,0,0,0,0,0,2
可能是疫情關係，進大門就有種消毒味道，但還行,1,0,0,0,0,0,2,0,0,0,0,0,2
進門有異味，外出冷氣開著，回來則無異味了。,1,1,0,0,0,0,2,2,0,0,0,0,2
剛進房間會覺得房內有一股悶味 ，但是空調打開後 覺得好多了,1,1,0,0,0,0,3,1,0,0,0,0,1
浴室有打火機沒帶走，應該是整理房間的人偷抽煙,1,0,1,0,0,0,3,0,3,0,0,0,3
我對飯店清潔度要求很高，這家讓我很滿意,1,0,0,0,0,0,1,0,0,0,0,0,1
乾淨程度沒話說,1,0,0,0,0,0,1,0,0,0,0,0,1
居住環境舒適品質優 ,1,0,0,0,0,0,1,0,0,0,0,0,1
飯店裡的環境還ok。,1,0,0,0,0,0,1,0,0,0,0,0,1
疫情期間，飯店有固定消毒,1,0,0,0,0,0,1,0,0,0,0,0,1
飯店環境安靜,1,0,0,0,0,0,1,0,0,0,0,0,1
很舒適,1,0,0,0,0,0,1,0,0,0,0,0,1
能夠完全放鬆心情。,1,0,0,0,0,0,1,0,0,0,0,0,1
讓我可以一夜好眠,1,0,0,0,0,0,1,0,0,0,0,0,1
是個放鬆的好地方,1,0,0,0,0,0,1,0,0,0,0,0,1
飯店也有一股香味 ,1,0,0,0,0,0,1,0,0,0,0,0,1
舒適安靜,1,0,0,0,0,0,1,0,0,0,0,0,1
沒有霉味,1,0,0,0,0,0,1,0,0,0,0,0,1
沒有煙味,1,0,0,0,0,0,1,0,0,0,0,0,1
沒有菸味,1,0,0,0,0,0,1,0,0,0,0,0,1
簡單清潔,1,0,0,0,0,0,1,0,0,0,0,0,1
整潔super好,1,0,0,0,0,0,1,0,0,0,0,0,1
明亮整潔,1,0,0,0,0,0,1,0,0,0,0,0,0
房間內的清潔不錯,1,0,0,0,0,0,1,0,0,0,0,0,1
煙波系列飯店舒適首選。,1,0,0,0,0,0,1,0,0,0,0,0,1
沒有人家說的霉味之類的怪味！一切都蠻不錯的?下次會再入住！,1,0,0,0,0,0,1,0,0,0,0,0,1
沒有煙味，這點很好,1,0,0,0,0,0,1,0,0,0,0,0,1
舒適,1,0,0,0,0,0,1,0,0,0,0,0,1
環境舒適度高,1,0,0,0,0,0,1,0,0,0,0,0,1
滿舒適,1,0,0,0,0,0,1,0,0,0,0,0,1
房間乾淨,1,0,0,0,0,0,1,0,0,0,0,0,1
簡單乾淨,1,0,0,0,0,0,1,0,0,0,0,0,1
安靜，乾淨,1,0,0,0,0,0,1,0,0,0,0,0,1
非常舒服,1,0,0,0,0,0,1,0,0,0,0,0,1
舒適度很棒喔、女兒超級喜歡唷！謝謝你讓我們倆不錯旅行,1,0,0,0,0,0,1,0,0,0,0,0,1
舒服的環境,1,0,0,0,0,0,1,0,0,0,0,0,1
舒適的環境 新新的感覺很棒 ,1,0,0,0,0,0,1,0,0,0,0,0,1
很棒，很舒適,1,0,0,0,0,0,1,0,0,0,0,0,1
簡約又舒適 ,1,0,0,0,0,0,1,0,0,0,0,0,1
乾淨舒適,1,0,0,0,0,0,1,0,0,0,0,0,1
打掃的很乾淨,1,0,0,0,0,0,1,0,0,0,0,0,1
整潔乾淨,1,0,0,0,0,0,1,0,0,0,0,0,1
算是很舒適,1,0,0,0,0,0,1,0,0,0,0,0,1
已經數次入住煙波花蓮館，依舊乾淨舒適未來還會入住！,1,0,0,0,0,0,1,0,0,0,0,0,1
舒適乾淨好睡,1,0,0,0,0,0,1,0,0,0,0,0,1
舒服乾淨,1,0,0,0,0,0,1,0,0,0,0,0,1
衛生問題也不錯 ,1,0,0,0,0,0,1,0,0,0,0,0,1
乾淨整齊,1,0,0,0,0,0,1,0,0,0,0,0,1
整潔乾淨，在有些飯店剛住宿時會有霉味，但這家不會,1,0,0,0,0,0,1,0,0,0,0,0,1
舒適乾淨整潔！,1,0,0,0,0,0,1,0,0,0,0,0,1
乾淨,1,0,0,0,0,0,1,0,0,0,0,0,1
整潔&舒適度佳,1,0,0,0,0,0,1,0,0,0,0,0,1
乾乾淨淨很舒服,1,0,0,0,0,0,1,0,0,0,0,0,1
方便乾淨,1,0,0,0,0,0,1,0,0,0,0,0,1
乾淨 舒服,1,0,0,0,0,0,1,0,0,0,0,0,1
簡潔乾淨,1,0,0,0,0,0,1,0,0,0,0,0,1
簡單.整潔,1,0,0,0,0,0,1,0,0,0,0,0,1
簡單，明亮，乾淨,1,0,0,0,0,0,1,0,0,0,0,0,1
續住三個晚上，環境非常乾淨舒適！值得下次入住。,1,0,0,0,0,0,1,0,0,0,0,0,1
客房乾淨舒適,1,0,0,0,0,0,1,0,0,0,0,0,1
房間整潔度不錯,1,0,0,0,0,0,1,0,0,0,0,0,1
環境乾淨,1,0,0,0,0,0,1,0,0,0,0,0,1
環境整潔乾淨,1,0,0,0,0,0,1,0,0,0,0,0,1
乾淨整潔舒適。,1,0,0,0,0,0,1,0,0,0,0,0,1
乾淨 舒適,1,0,0,0,0,0,1,0,0,0,0,0,1
蠻乾淨,1,0,0,0,0,0,1,0,0,0,0,0,1
乾淨整潔,1,0,0,0,0,0,1,0,0,0,0,0,1
環境乾淨舒適,1,0,0,0,0,0,1,0,0,0,0,0,1
舒適的環境,1,0,0,0,0,0,1,0,0,0,0,0,1
睡得很舒服 ,1,0,0,0,0,0,1,0,0,0,0,0,1
整潔度很夠,1,0,0,0,0,0,1,0,0,0,0,0,1
整體起來很舒適，出來玩時會再來!,1,0,0,0,0,0,1,0,0,0,0,0,1
整體感覺舒適,1,0,0,0,0,0,1,0,0,0,0,0,1
明亮乾淨,1,0,0,0,0,0,1,0,0,0,0,0,1
衛生.乾淨,1,0,0,0,0,0,1,0,0,0,0,0,1
環境非常舒適！很喜歡，下次出差會想再住這裡！,1,0,0,0,0,0,1,0,0,0,0,0,1
乾淨、簡單、整齊,1,0,0,0,0,0,1,0,0,0,0,0,1
乾淨 環境,1,0,0,0,0,0,1,0,0,0,0,0,1
很舒适。,1,0,0,0,0,0,1,0,0,0,0,0,1
很不錯 裡面很乾淨 ,1,0,0,0,0,0,1,0,0,0,0,0,1
用餐環境很乾淨,1,0,0,0,0,0,1,0,0,0,0,0,1
整體體驗很舒適。,1,0,0,0,0,0,1,0,0,0,0,0,1
很乾淨,1,0,0,0,0,0,1,0,0,0,0,0,1
整體乾淨舒適,1,0,0,0,0,0,1,0,0,0,0,0,1
乾淨、安靜與舒適，旅行中最重要的幾件事,1,0,0,0,0,0,1,0,0,0,0,0,1
整潔度很好,1,0,0,0,0,0,1,0,0,0,0,0,1
第二次入住，時隔三年，大體上仍乾淨舒適。,1,0,0,0,0,0,1,0,0,0,0,0,1
很棒 很乾淨,1,0,0,0,0,0,1,0,0,0,0,0,1
乾淨方便適合背包客,1,0,0,0,0,0,1,0,0,0,0,0,1
環境很舒適,1,0,0,0,0,0,1,0,0,0,0,0,1
總體來說基本條件都是符合的，是舒服的。,1,0,0,0,0,0,1,0,0,0,0,0,1
整體上 很乾淨 也很大,1,0,0,0,0,0,1,0,0,0,0,0,1
整潔 安靜,1,0,0,0,0,0,1,0,0,0,0,0,1
一不小心住成了家的感覺,1,0,0,0,0,0,1,0,0,0,0,0,1
整體地方乾淨,1,0,0,0,0,0,1,0,0,0,0,0,1
每次出差都會去住，很舒適!,1,0,0,0,0,0,1,0,0,0,0,0,1
大體上很整潔,1,0,0,0,0,0,1,0,0,0,0,0,1
環境舒適,1,0,0,0,0,0,1,0,0,0,0,0,1
整體的清潔度，乾淨,1,0,0,0,0,0,1,0,0,0,0,0,1
地方乾淨整潔,1,0,0,0,0,0,1,0,0,0,0,0,1
乾淨度高,1,0,0,0,0,0,1,0,0,0,0,0,1
環境很乾淨 讓人很舒服晚上也不會吵 非常安靜,1,0,0,0,0,0,1,0,0,0,0,0,1
打掃的還算乾淨,1,0,0,0,0,0,1,0,0,0,0,0,1
舒適整潔,1,0,0,0,0,0,1,0,0,0,0,0,1
乾淨方便,1,0,0,0,0,0,1,0,0,0,0,0,1
乾淨 明亮,1,0,0,0,0,0,1,0,0,0,0,0,1
非常乾淨 明亮,1,0,0,0,0,0,1,0,0,0,0,0,1
環境很乾淨，很舒服，簡單,1,0,0,0,0,0,1,0,0,0,0,0,1
乾淨度不錯,1,0,0,0,0,0,1,0,0,0,0,0,1
舒適，乾淨，安靜,1,0,0,0,0,0,1,0,0,0,0,0,1
住得舒適,1,0,0,0,0,0,1,0,0,0,0,0,1
還算整潔乾淨,1,0,0,0,0,0,1,0,0,0,0,0,1
整體都很乾淨舒適。,1,0,0,0,0,0,1,0,0,0,0,0,1
乾淨程度真的很棒!!期待再入住,1,0,0,0,0,0,1,0,0,0,0,0,1
乾淨 漂亮     ,1,0,0,0,0,0,1,0,0,0,0,0,1
空間整體很舒適,1,0,0,0,0,0,1,0,0,0,0,0,1
環境整潔睡的舒適開心。,1,0,0,0,0,0,1,0,0,0,0,0,1
乾淨，衛生,1,0,0,0,0,0,1,0,0,0,0,0,1
整體環境是舒服，很優,1,0,0,0,0,0,1,0,0,0,0,0,1
寧靜，舒適,1,0,0,0,0,0,1,0,0,0,0,0,1
整體非常舒服,1,0,0,0,0,0,1,0,0,0,0,0,1
入住多次了，依舊保持著非常溫馨乾淨的感覺 ,1,0,0,0,0,0,1,0,0,0,0,0,1
很乾淨 舒適,1,0,0,0,0,0,1,0,0,0,0,0,1
滿意舒適,1,0,0,0,0,0,1,0,0,0,0,0,1
我喜歡整個環境簡單乾淨舒適,1,0,0,0,0,0,1,0,0,0,0,0,1
舒適度整潔度不錯,1,0,0,0,0,0,1,0,0,0,0,0,1
環境很舒適乾淨,1,0,0,0,0,0,1,0,0,0,0,0,1
乾淨 舒適 方便 友善,1,0,0,0,0,0,1,0,0,0,0,0,1
一如既往的舒服,1,0,0,0,0,0,1,0,0,0,0,0,1
很舒服,1,0,0,0,0,0,1,0,0,0,0,0,1
整體很舒適，很喜歡,1,0,0,0,0,0,1,0,0,0,0,0,1
第二次入住，環境舒適及清潔最滿意。,1,0,0,0,0,0,1,0,0,0,0,0,1
舒服,1,0,0,0,0,0,1,0,0,0,0,0,1
安靜舒適,1,0,0,0,0,0,1,0,0,0,0,0,1
乾淨，舒適,1,0,0,0,0,0,1,0,0,0,0,0,1
還算蠻乾淨的,1,0,0,0,0,0,1,0,0,0,0,0,1
環境乾淨很舒適   ,1,0,0,0,0,0,1,0,0,0,0,0,1
空間舒適,1,0,0,0,0,0,1,0,0,0,0,0,1
非常舒適乾淨,1,0,0,0,0,0,1,0,0,0,0,0,1
整體感覺舒服,1,0,0,0,0,0,1,0,0,0,0,0,1
乾淨舒適…還會再來 ,1,0,0,0,0,0,1,0,0,0,0,0,1
飯店內環境不錯滿舒適,1,0,0,0,0,0,1,0,0,0,0,0,1
乾淨舒適，很適合只需要睡一晚的地方,1,0,0,0,0,0,1,0,0,0,0,0,1
適合輕旅乾淨,1,0,0,0,0,0,1,0,0,0,0,0,1
環境整潔,1,0,0,0,0,0,1,0,0,0,0,0,1
乾淨整齊簡單輕鬆,1,0,0,0,0,0,1,0,0,0,0,0,1
就是舒適,1,0,0,0,0,0,1,0,0,0,0,0,1
舒適乾淨。,1,0,0,0,0,0,1,0,0,0,0,0,1
整體舒適和整潔,1,0,0,0,0,0,1,0,0,0,0,0,1
乾淨且童趣,1,0,0,0,0,0,1,0,0,0,0,0,1
乾淨、舒適,1,0,0,0,0,0,1,0,0,0,0,0,1
舒適方便,1,0,0,0,0,0,1,0,0,0,0,0,1
住宿環境很乾淨,1,0,0,0,0,0,1,0,0,0,0,0,1
很新很乾淨,1,0,0,0,0,0,1,0,0,0,0,0,1
睡的很好舒適,1,0,0,0,0,0,1,0,0,0,0,0,1
整潔 漂亮,1,0,0,0,0,0,1,0,0,0,0,0,1
乾淨整齊，。,1,0,0,0,0,0,1,0,0,0,0,0,1
舒適、安靜,1,0,0,0,0,0,1,0,0,0,0,0,1
蠻乾淨的,1,0,0,0,0,0,1,0,0,0,0,0,1
很新很舒適 ,1,0,0,0,0,0,1,0,0,0,0,0,1
即便三人一起，住起來也是很舒服自在。,1,0,0,0,0,0,1,0,0,0,0,0,1
環境整潔舒適度,1,0,0,0,0,0,1,0,0,0,0,0,1
打造環境舒適及乾淨,1,0,0,0,0,0,1,0,0,0,0,0,1
環境漂亮 乾淨,1,0,0,0,0,0,1,0,0,0,0,0,1
乾淨也舒適，每次來都喜歡,1,0,0,0,0,0,1,0,0,0,0,0,1
環境很舒服,1,0,0,0,0,0,1,0,0,0,0,0,1
有家的感覺乾淨是重點,1,0,0,0,0,0,1,0,0,0,0,0,1
乾淨舒適 寬敞,1,0,0,0,0,0,1,0,0,0,0,0,1
乾淨舒適的環境,1,0,0,0,0,0,1,0,0,0,0,0,1
舒適的空間,1,0,0,0,0,0,1,0,0,0,0,0,1
乾淨、舒適，傑出的青年旅館。,1,0,0,0,0,0,1,0,0,0,0,0,1
任何空間總是保持乾淨整潔,1,0,0,0,0,0,1,0,0,0,0,0,1
整體環境打造有放鬆又舒服的氛圍,1,0,0,0,0,0,1,0,0,0,0,0,1
隨時隨地都是乾淨舒適,1,0,0,0,0,0,1,0,0,0,0,0,1
友善 乾淨,1,0,0,0,0,0,1,0,0,0,0,0,1
舒適乾淨,1,0,0,0,0,0,1,0,0,0,0,0,1
乾淨舒適，不虛此行,1,0,0,0,0,0,1,0,0,0,0,0,1
真的很乾淨，這一點若能維持，真的所向無敵。,1,0,0,0,0,0,1,0,0,0,0,0,1
整體環境非常舒服,1,0,0,0,0,0,1,0,0,0,0,0,1
超棒的環境，一切都乾淨整潔，推薦給喜歡與外國朋友交流的旅客。,1,0,0,0,0,0,1,0,0,0,0,0,1
整體都很好也很舒適,1,0,0,0,0,0,1,0,0,0,0,0,1
非常意，超文青的地方，打自后，有洞天，真的太舒服惹，大家一定要去家店，不此行,1,0,0,0,0,0,1,0,0,0,0,0,1
環境令人舒適放鬆且相當整潔,1,0,0,0,0,0,1,0,0,0,0,0,1
乾淨、有質感,1,0,0,0,0,0,1,0,0,0,0,0,1
輕鬆舒服,1,0,0,0,0,0,1,0,0,0,0,0,1
舒適度很夠,1,0,0,0,0,0,1,0,0,0,0,0,1
空間乾淨,1,0,0,0,0,0,1,0,0,0,0,0,1
舒適 乾淨,1,0,0,0,0,0,1,0,0,0,0,0,1
乾淨明亮，超讚 ,1,0,0,0,0,0,1,0,0,0,0,0,1
很乾淨 很舒適，是會一來再來的旅店。,1,0,0,0,0,0,1,0,0,0,0,0,1
整體感覺很舒適,1,0,0,0,0,0,1,0,0,0,0,0,1
很乾淨、很舒適,1,0,0,0,0,0,1,0,0,0,0,0,1
非常滿意，簡單乾淨，喜歡。下個月還要再來,1,0,0,0,0,0,1,0,0,0,0,0,1
悠閒舒適的環境，，很方便,1,0,0,0,0,0,1,0,0,0,0,0,1
整潔度優,1,0,0,0,0,0,1,0,0,0,0,0,1
跟照片一樣很舒適,1,0,0,0,0,0,1,0,0,0,0,0,1
整體風格舒適,1,0,0,0,0,0,1,0,0,0,0,0,1
整體感還蠻舒適的 ,1,0,0,0,0,0,1,0,0,0,0,0,1
很乾淨很有質感很舒服,1,0,0,0,0,0,1,0,0,0,0,0,1
空間整潔、乾淨,1,0,0,0,0,0,1,0,0,0,0,0,1
環境整潔，氣氛營造不錯,1,0,0,0,0,0,1,0,0,0,0,0,1
整體很舒適,1,0,0,0,0,0,1,0,0,0,0,0,1
整體環境舒適,1,0,0,0,0,0,1,0,0,0,0,0,1
非常的乾淨 非常舒服,1,0,0,0,0,0,1,0,0,0,0,0,1
舒適乾淨又有價值 ,1,0,0,0,0,0,1,0,0,0,0,0,1
整體上整潔乾淨,1,0,0,0,0,0,1,0,0,0,0,0,1
旅館環境舒適,1,0,0,0,0,0,1,0,0,0,0,0,1
滿舒適的,1,0,0,0,0,0,1,0,0,0,0,0,1
環境舒適方便,1,0,0,0,0,0,1,0,0,0,0,0,1
有特色與舒適的住宿環境,1,0,0,0,0,0,1,0,0,0,0,0,1
整潔舒適的環境,1,0,0,0,0,0,1,0,0,0,0,0,1
安靜，乾淨，該有的都有了,1,0,0,0,0,0,1,0,0,0,0,0,1
空間算舒適,1,0,0,0,0,0,1,0,0,0,0,0,1
因工作臨時找個飯店住沒想到意外的覺的還蠻舒適的,1,0,0,0,0,0,1,0,0,0,0,0,1
乾淨。,1,0,0,0,0,0,1,0,0,0,0,0,1
住宿舒適又安靜，,1,0,0,0,0,0,1,0,0,0,0,0,1
喜歡舒適 讚,1,0,0,0,0,0,1,0,0,0,0,0,1
舒服舒適就是想住天藝 ,1,0,0,0,0,0,1,0,0,0,0,0,1
睡起來舒服,1,0,0,0,0,0,1,0,0,0,0,0,1
乾淨，住起來舒服,1,0,0,0,0,0,1,0,0,0,0,0,1
舒適感，方便性佳,1,0,0,0,0,0,1,0,0,0,0,0,1
清潔乾淨,1,0,0,0,0,0,1,0,0,0,0,0,1
蠻舒服的~不錯,1,0,0,0,0,0,1,0,0,0,0,0,1
整體狀況都舒適,1,0,0,0,0,0,1,0,0,0,0,0,1
乾淨舒服,1,0,0,0,0,0,1,0,0,0,0,0,1
比想像的還舒服,1,0,0,0,0,0,1,0,0,0,0,0,1
乾淨 舒適 有機會會再次選擇,1,0,0,0,0,0,1,0,0,0,0,0,1
乾淨 清潔 舒適,1,0,0,0,0,0,1,0,0,0,0,0,1
空間很整潔,1,0,0,0,0,0,1,0,0,0,0,0,1
乾淨還算滿意,1,0,0,0,0,0,1,0,0,0,0,0,1
趣旅館 超讚超舒適,1,0,0,0,0,0,1,0,0,0,0,0,1
非常乾淨,1,0,0,0,0,0,1,0,0,0,0,0,1
安靜又乾淨不錯的地方休息,1,0,0,0,0,0,1,0,0,0,0,0,1
還算乾淨,1,0,0,0,0,0,1,0,0,0,0,0,1
 喜歡 · 很好睡 會睡到忘記時間,1,0,0,0,0,0,1,0,0,0,0,0,1
整潔、乾淨,1,0,0,0,0,0,1,0,0,0,0,0,1
乾淨舒適安靜,1,0,0,0,0,0,1,0,0,0,0,0,1
很棒，乾淨舒適,1,0,0,0,0,0,1,0,0,0,0,0,1
環境整潔很乾淨,1,0,0,0,0,0,1,0,0,0,0,0,1
睡覺直接一覺到天明，舒服,1,0,0,0,0,0,1,0,0,0,0,0,1
整體乾淨，沒太大問題，喜歡沒有煙味,1,0,0,0,0,0,1,0,0,0,0,0,1
整體舒適度 乾淨度很滿意 ,1,0,0,0,0,0,1,0,0,0,0,0,1
安靜，整潔,1,0,0,0,0,0,1,0,0,0,0,0,1
整體上環境舒適,1,0,0,0,0,0,1,0,0,0,0,0,1
看起來很整潔,1,0,0,0,0,0,1,0,0,0,0,0,1
住到地方真的很舒適,1,0,0,0,0,0,1,0,0,0,0,0,1
簡約乾淨，下次來花蓮還會想住,1,0,0,0,0,0,1,0,0,0,0,0,1
風格樸實 環境整潔,1,0,0,0,0,0,1,0,0,0,0,0,1
環境明亮乾淨。,1,0,0,0,0,0,1,0,0,0,0,0,1
清潔非常乾淨,1,0,0,0,0,0,1,0,0,0,0,0,1
舒適度乾淨度都很棒,1,0,0,0,0,0,1,0,0,0,0,0,1
乾淨簡單,1,0,0,0,0,0,1,0,0,0,0,0,1
住起來很舒適 很放鬆,1,0,0,0,0,0,1,0,0,0,0,0,1
舒適、乾淨,1,0,0,0,0,0,1,0,0,0,0,0,1
整洁干淨舒适,1,0,0,0,0,0,1,0,0,0,0,0,1
整體滿舒適的,1,0,0,0,0,0,1,0,0,0,0,0,1
乾淨整潔非常推薦,1,0,0,0,0,0,1,0,0,0,0,0,1
整潔、舒適,1,0,0,0,0,0,1,0,0,0,0,0,1
方便，舒服，,1,0,0,0,0,0,1,0,0,0,0,0,1
住宿環境乾淨,1,0,0,0,0,0,1,0,0,0,0,0,1
整體住起來很舒服，很乾淨,1,0,0,0,0,0,1,0,0,0,0,0,1
環境乾淨、整潔,1,0,0,0,0,0,1,0,0,0,0,0,1
整體清潔還不錯,1,0,0,0,0,0,1,0,0,0,0,0,1
空間清潔無異味。,1,0,0,0,0,0,1,0,0,0,0,0,1
清潔是ok,1,0,0,0,0,0,1,0,0,0,0,0,1
整體都很不錯，環境也很乾淨,1,0,0,0,0,0,1,0,0,0,0,0,1
環境算乾淨整潔,1,0,0,0,0,0,1,0,0,0,0,0,1
很乾淨，安靜，舒適。,1,0,0,0,0,0,1,0,0,0,0,0,1
很適合泡澡放鬆，乾淨整潔明亮舒適。,1,0,0,0,0,0,1,0,0,0,0,0,1
整體都很舒適,1,0,0,0,0,0,1,0,0,0,0,0,1
整個很舒適很棒,1,0,0,0,0,0,1,0,0,0,0,0,1
舒適 乾淨 會再住宿,1,0,0,0,0,0,1,0,0,0,0,0,1
舒适,1,0,0,0,0,0,1,0,0,0,0,0,1
乾淨度、舒適度都好,1,0,0,0,0,0,1,0,0,0,0,0,1
乾淨整體讓人感覺很棒,1,0,0,0,0,0,1,0,0,0,0,0,1
已經入住第二次了，非常舒適，很喜歡。,1,0,0,0,0,0,1,0,0,0,0,0,1
乾淨整齊的環境,1,0,0,0,0,0,1,0,0,0,0,0,1
整體乾淨整潔出乎意料！,1,0,0,0,0,0,1,0,0,0,0,0,1
整體來說非常乾淨，可能是開幕第三天的關係，沒其他住客所以蠻安靜的,1,0,0,0,0,0,1,0,0,0,0,0,1
環境很乾淨,1,0,0,0,0,0,1,0,0,0,0,0,1
未見到任何蟲類,1,0,0,0,0,0,1,0,0,0,0,0,1
整潔度很優！,1,0,0,0,0,0,1,0,0,0,0,0,1
整潔度不錯,1,0,0,0,0,0,1,0,0,0,0,0,1
乾淨清爽,1,0,0,0,0,0,1,0,0,0,0,0,1
乾淨又舒適 ,1,0,0,0,0,0,1,0,0,0,0,0,1
整潔明亮,1,0,0,0,0,0,1,0,0,0,0,0,1
住起來很舒服,1,0,0,0,0,0,1,0,0,0,0,0,1
整體住房環境整潔度維持良好,1,0,0,0,0,0,1,0,0,0,0,0,1
很乾淨！！,1,0,0,0,0,0,1,0,0,0,0,0,1
環境簡潔,1,0,0,0,0,0,1,0,0,0,0,0,1
清靜整潔,1,0,0,0,0,0,1,0,0,0,0,0,1
明亮 乾淨,1,0,0,0,0,0,1,0,0,0,0,0,1
新，簡單，整潔，舒適,1,0,0,0,0,0,1,0,0,0,0,0,1
乾淨整潔，沒有奇怪的味道喔,1,0,0,0,0,0,1,0,0,0,0,0,1
整齊乾淨,1,0,0,0,0,0,1,0,0,0,0,0,1
乾淨 整齊,1,0,0,0,0,0,1,0,0,0,0,0,1
環境還算乾淨,1,0,0,0,0,0,1,0,0,0,0,0,1
很乾淨明亮,1,0,0,0,0,0,1,0,0,0,0,0,1
空間舒適整潔,1,0,0,0,0,0,1,0,0,0,0,0,1
乾淨度,1,0,0,0,0,0,1,0,0,0,0,0,1
簡簡單單 乾乾淨淨,1,0,0,0,0,0,1,0,0,0,0,0,1
住起來很舒適，一夜好眠。,1,0,0,0,0,0,1,0,0,0,0,0,1
很乾淨！,1,0,0,0,0,0,1,0,0,0,0,0,1
無缺點！整潔度很優！,1,0,0,0,0,0,1,0,0,0,0,0,1
環境舒適度很棒,1,0,0,0,0,0,1,0,0,0,0,0,1
環境衛生良好,1,0,0,0,0,0,1,0,0,0,0,0,1
旅店乾淨舒適。,1,0,0,0,0,0,1,0,0,0,0,0,1
打掃清潔好。,1,0,0,0,0,0,1,0,0,0,0,0,1
地方寬廣舒適,1,0,0,0,0,0,1,0,0,0,0,0,1
乾淨無菸味。,1,0,0,0,0,0,1,0,0,0,0,0,1
不是太乾淨但也還能接受,1,0,0,0,0,0,1,0,0,0,0,0,1
舒適程度我打100分,1,0,0,0,0,0,1,0,0,0,0,0,1
整潔度尚可,1,0,0,0,0,0,1,0,0,0,0,0,1
整潔尚可,1,0,0,0,0,0,1,0,0,0,0,0,1
整潔還算OK,1,0,0,0,0,0,1,0,0,0,0,0,1
整潔度還可以,1,0,0,0,0,0,1,0,0,0,0,0,1
清潔還算可以,1,0,0,0,0,0,1,0,0,0,0,0,1
清潔還行,1,0,0,0,0,0,2,0,0,0,0,0,2
整潔還行,1,0,0,0,0,0,2,0,0,0,0,0,2
舒適度還可以,1,0,0,0,0,0,1,0,0,0,0,0,1
舒適程度還行算普通,1,0,0,0,0,0,2,0,0,0,0,0,2
舒適度OK,1,0,0,0,0,0,1,0,0,0,0,0,1
還算可以的舒適度,1,0,0,0,0,0,1,0,0,0,0,0,1
還算可以的清潔,1,0,0,0,0,0,1,0,0,0,0,0,1
清潔還算可以接受,1,0,0,0,0,0,1,0,0,0,0,0,1
非常干淨，  那里忠孝路夜市的老字面，味和臭豆腐超好吃 ,1,0,0,0,0,1,1,0,0,0,0,0,1
房內環境舒適度很好和地點,1,0,0,1,0,0,1,0,0,0,0,0,1
飯店很有特色、乾淨,1,0,0,0,0,1,1,0,0,0,0,1,1
環境很舒服 氣氛也很棒,1,0,0,0,0,1,1,0,0,0,0,1,1
好喜歡交誼廳的氣氛，環境十分乾淨,1,0,0,0,0,1,1,0,0,0,0,1,1
乾淨舒適，在特別的日子都會舉辦活動，比如聖誕節,1,0,0,0,0,1,1,0,0,0,0,1,1
相關地點與網站上不同，希望可以更改掉。整體很舒適,1,0,0,0,0,1,1,0,0,0,0,3,1
住宿?境非常好，价格不?,1,0,0,0,1,0,1,0,0,0,1,0,1
價格便宜，安靜舒適,1,0,0,0,1,0,1,0,0,0,1,0,1
環境舒適又新對比價位cp值超高,1,0,0,0,1,0,1,0,0,0,1,0,1
性價比高，乾淨整潔,1,0,0,0,1,0,1,0,0,0,1,0,1
價格合理，環境乾凈。,1,0,0,0,1,0,1,0,0,0,1,0,1
便宜，乾淨,1,0,0,0,1,0,1,0,0,0,1,0,1
整体感覺整潔好，C P值高,1,0,0,0,1,0,1,0,0,0,1,0,1
乾淨，舒適，CP值高,1,0,0,0,1,0,1,0,0,0,1,0,1
價格便宜，乾淨整潔。,1,0,0,0,1,0,1,0,0,0,1,0,1
很舒適，乾淨，價錢意外的便宜推薦大家。下次會在去住宿,1,0,0,0,1,0,1,0,0,0,1,0,1
CP值很高，乾淨，會再入住,1,0,0,0,1,0,1,0,0,0,1,0,1
安靜衛生性價比高的住宿環境,1,0,0,0,1,0,1,0,0,0,1,0,1
乾淨方便平價好住宿,1,0,0,0,1,0,1,0,0,0,1,0,1
安靜 舒適 乾淨 價位也很親民cp值高,1,0,0,0,1,0,1,0,0,0,1,0,1
性價比非常高的住宿乾淨、舒適,1,0,0,0,1,0,1,0,0,0,1,0,1
整潔、舒適、性價比高,1,0,0,0,1,0,1,0,0,0,1,0,1
乾淨整潔CP值超高,1,0,0,0,1,0,1,0,0,0,1,0,1
乾淨、舒適、親切，價錢好～,1,0,0,0,1,0,1,0,0,0,1,0,1
整潔好，價格合理。,1,0,0,0,1,0,1,0,0,0,1,0,3
整體旅館感覺很高級很乾淨讓人覺得物超所值,1,0,0,0,1,0,1,0,0,0,1,0,3
性價比高，整齊乾淨,1,0,0,0,1,0,1,0,0,0,1,0,3
簡單 乾淨 便宜,1,0,0,0,1,0,1,0,0,0,1,0,1
cp值很高，環境舒適，百元內可以有這樣的品質真的很棒！,1,0,0,0,1,0,1,0,0,0,1,0,1
在台灣各地出差旅遊都會選城市商旅，低單價又整潔舒適，實在非常傑出！,1,0,0,0,1,0,1,0,0,0,1,0,1
很便宜，比我想相中還要舒適乾淨,1,0,0,0,1,0,1,0,0,0,1,0,1
價位合理清潔度還ok。,1,0,0,0,1,0,1,0,0,0,1,0,1
 價格划算，環境舒適,1,0,0,0,1,0,1,0,0,0,1,0,1
離赤嵌崁樓近，走路可以到達，員工很注重旅店衛生,1,0,0,1,0,0,1,0,0,1,0,0,1
房間內還是有些許煙味附著在衣服上，不過味道已經有比之前少很多，地點極佳,1,0,0,1,0,0,1,0,0,1,0,0,1
乾淨、整潔、舒適、方便。,1,0,0,1,0,0,1,0,0,1,0,0,1
舒適、附近便利，整潔,1,0,0,1,0,0,1,0,0,1,0,0,1
熱鬧但寧靜。舒適，乾淨。,1,0,0,1,0,0,1,0,0,1,0,0,1
乾淨舒適，周遭環境又漂亮,1,0,0,1,0,0,1,0,0,1,0,0,1
環境很好，非常舒適,1,0,0,1,0,0,1,0,0,1,0,0,1
環境很乾淨也很安靜,1,0,0,1,0,0,1,0,0,1,0,0,1
環境安全乾淨舒適,1,0,0,1,0,0,1,0,0,1,0,0,1
整體來說非常清潔、寧靜、舒適和方便。,1,0,0,1,0,0,1,0,0,1,0,0,1
位置便利，可以在附近悠閒散步，至市區也不遠，又臨近大海，住得十分舒服。,1,0,0,1,0,0,1,0,0,1,0,0,1
飯店位置不錯，很乾淨,1,0,0,1,0,0,1,0,0,1,0,0,1
環境舒適 交通方便,1,0,0,1,0,0,1,0,0,1,0,0,1
離市區近，簡單舒適,1,0,0,1,0,0,1,0,0,1,0,0,1
乾淨整潔，交通方便！,1,0,0,1,0,0,1,0,0,1,0,0,1
地點佳，乾淨舒適,1,0,0,1,0,0,1,0,0,1,0,0,1
乾淨，地理位置不錯,1,0,0,1,0,0,1,0,0,1,0,0,1
地理位置方便，住房普普，乾淨簡單,1,0,0,1,0,0,1,0,0,1,0,0,1
明亮整潔外面有7-11也有全家非常方便,1,0,0,1,0,0,1,0,0,1,0,0,1
乾淨整潔，而且四周都有吃的,1,0,0,1,0,0,1,0,0,1,0,0,1
環境乾淨、附近交通便利,1,0,0,1,0,0,1,0,0,1,0,0,1
環境舒適、清潔、安靜，附近停車方便。,1,0,0,1,0,0,1,0,0,1,0,0,1
非常舒適，環境舒服、附近停車方便,1,0,0,1,0,0,1,0,0,1,0,0,1
地點及性能算不錯，離東大門夜市坐小黃大概105元，環境還算整潔,1,0,0,1,0,0,1,0,0,1,0,0,1
干淨整洁，停車的地理位置方便,1,0,0,1,0,0,1,0,0,1,0,0,1
整體乾淨、舒適、附近停車方便,1,0,0,1,0,0,1,0,0,1,0,0,1
位置不錯，氣氛舒适,1,0,0,1,0,0,1,0,0,1,0,0,1
都非常棒 很舒適 附近技能也很讚 下次會再選擇,1,0,0,1,0,0,1,0,0,1,0,0,1
設計人性化，安靜，乾淨，地點好停車,1,0,0,1,0,0,1,0,0,1,0,0,1
整體都很舒適，飯店附近買東西都很方便。,1,0,0,1,0,0,1,0,0,1,0,0,1
很舒适...附近有很多早餐店,1,0,0,1,0,0,1,0,0,1,0,0,1
離逢甲夜市很近，非常乾淨,1,0,0,1,0,0,1,0,0,1,0,0,1
住宿位置離逢甲夜市，和市中心都算近，整體感覺非常舒適。以後有機會還會入住。,1,0,0,1,0,0,1,0,0,1,0,0,1
停車方便，乾淨,1,0,0,1,0,0,1,0,0,1,0,0,1
鬧中取靜！超棒的～整體環境非常乾淨，，真的非常棒！未來到台中玩一定再次入住！,1,0,0,1,0,0,1,0,0,1,0,0,1
很舒適，離逢甲夜市也很近,1,0,0,1,0,0,1,0,0,1,0,0,1
地點好、乾淨,1,0,0,1,0,0,1,0,0,1,0,0,1
滿乾淨，地理位置也很好，下方就夜市,1,0,0,1,0,0,1,0,0,1,0,0,1
乾淨、地點佳,1,0,0,1,0,0,1,0,0,1,0,0,1
地點好、整潔佳,1,0,0,1,0,0,1,0,0,1,0,0,1
乾淨，離夜市近又有停車,1,0,0,1,0,0,1,0,0,1,0,0,1
整潔乾淨、地點好,1,0,0,1,0,0,1,0,0,1,0,0,1
近市區，近夜市，乾淨。,1,0,0,1,0,0,1,0,0,1,0,0,1
非常乾淨舒適又安靜的環境，步行就能到達逢甲夜市,1,0,0,1,0,0,1,0,0,1,0,0,1
舒適 乾淨 停車好停,1,0,0,1,0,0,1,0,0,1,0,0,1
舒適整潔地點佳,1,0,0,1,0,0,1,0,0,1,0,0,1
睡得很舒適，近一中商圈及孔廟。,1,0,0,1,0,0,1,0,0,1,0,0,1
很好呀睡得很舒適，近一中商圈及孔廟。,1,0,0,1,0,0,1,0,0,1,0,0,1
位置方便 距離交流道一公里 三百公尺外就是轉運站 也有公車站牌可以前往機場或者高鐵站 非常便利整個環境也是乾淨舒服便捷,1,0,0,1,0,0,1,0,0,1,0,0,1
整潔，安靜，地點好,1,0,0,1,0,0,1,0,0,1,0,0,1
地點方便、整潔,1,0,0,1,0,0,1,0,0,1,0,0,1
窗戶景觀佳，乾淨，地點離夜市距離可接受！,1,0,0,1,0,0,1,0,0,1,0,0,1
乾淨，舒適，地理位置不錯，覓食也方便!,1,0,0,1,0,0,1,0,0,1,0,0,1
乾淨整潔，地方安靜,1,0,0,1,0,0,1,0,0,1,0,0,1
交通方便 乾淨舒適 ,1,0,0,1,0,0,1,0,0,1,0,0,1
乾淨舒適 交通方便,1,0,0,1,0,0,1,0,0,1,0,0,1
寧靜度很不錯，且飯店整體感受很舒適。,1,0,0,1,0,0,1,0,0,1,0,0,1
舒適且附近有許多商家，很好,1,0,0,1,0,0,1,0,0,1,0,0,1
整體來說是舊了點，但蠻整潔的，好停車，還有夜市可以逛一下,1,0,0,1,0,0,1,0,0,1,0,0,1
很乾淨！走出去就有吃的很方便！,1,0,0,1,0,0,1,0,0,1,0,0,1
環境很棒  住起來很舒適,1,0,0,1,0,0,1,0,0,1,0,0,1
喜歡整體的氛圍、便利性、環境乾淨,1,0,0,1,0,1,1,0,0,1,0,1,1
乾淨便宜地點好,1,0,0,1,1,0,1,0,0,1,1,0,1
價格優惠 ，簡潔舒適 ，停車方便。,1,0,0,1,1,0,1,0,0,1,1,0,1
房價便宜 環境乾淨 鄰近逢甲夜市 棒棒,1,0,0,1,1,0,1,0,0,1,1,0,1
cp值滿高的，離火車站很近，環境舒適乾淨,1,0,0,1,1,0,1,0,0,1,1,0,1
商旅本身很好、很新、漂亮且乾淨，性價比很高。位置也離車站很近、附近有許多好吃的。,1,0,0,1,1,0,1,0,0,1,1,0,1
離台中火車站很近，整體舒適度極好，以這樣的價格我個人認為CP值足夠。,1,0,0,1,1,0,1,0,0,1,1,0,1
價格、旅館位子、清潔度、都很好,1,0,0,1,1,0,1,0,0,1,1,0,1
入住四人房價格不錯。 地點位置方便。 安靜與打掃清潔。,1,0,0,1,1,0,1,0,0,1,1,0,1
住宿環境跟飲食都沒有話說很滿意,1,0,1,0,0,0,1,0,1,0,0,0,1
早餐的服務人員挺用心的，會不斷的巡視桌面的清潔。,1,0,1,0,0,0,1,0,1,0,0,0,1
整體住宿環境很舒適 服務感受度很不錯,1,0,1,0,0,0,1,0,1,0,0,0,1
雖然當天住客很多，逢暑假最後一個周末，但住客需求都有求必應，整體服務和住宿環境都很滿意！！,1,0,1,0,0,0,1,0,1,0,0,0,1
飯店環境安靜，員工友善。,1,0,1,0,0,0,1,0,1,0,0,0,1
很棒！住的舒適也吃的滿意,1,0,1,0,0,0,1,0,1,0,0,0,1
早餐用餐感受非常舒適,1,0,1,0,0,0,1,0,1,0,0,0,1
服物好，很干淨。,1,0,1,0,0,0,1,0,1,0,0,0,1
挺安靜舒適的，又能半夜入住，讓人可以免去睡路邊的困擾！,1,0,1,0,0,0,1,0,1,0,0,0,1
到花蓮住過許多間飯店，不論是餐點還是舒適度、服務人員態度，還是比較喜歡煙波，有一定的品質水準。,1,0,1,0,0,0,1,0,1,0,0,0,1
員工服務態度很好 很友善禮貌整潔  下次要再去,1,0,1,0,0,0,1,0,1,0,0,0,1
環境清潔好，櫃檯接待態度親切,1,0,1,0,0,0,1,0,1,0,0,0,1
安靜，早餐很豐富,1,0,1,0,0,0,1,0,1,0,0,0,1
乾淨舒適，態度熱忱！,1,0,1,0,0,0,1,0,1,0,0,0,1
雖然入住經驗不佳，但打掃人員的態度真的很棒，不僅打掃的很乾淨，看到客人裝水還會主動詢問，早上也會打招呼，真的很棒很加分,1,0,1,0,0,0,1,0,1,0,0,0,1
早餐很豐富 服務人員很親切 整體感覺舒適,1,0,1,0,0,0,1,0,1,0,0,0,1
升級房間，住得舒適放鬆！,1,0,1,0,0,0,1,0,1,0,0,0,1
員工的仔細講解。環境的舒適度。早餐的豐富性完全得到顧客的心！如果有機會會再蒞臨貴飯店,1,0,1,0,0,0,1,0,1,0,0,0,1
飯店人員服務親切，早餐帶位時也會因為我們帶了3個小朋友，安排較大的空間用餐，讓我們感覺到非常的舒適。,1,0,1,0,0,0,1,0,1,0,0,0,1
環境非常乾淨服務人員超有禮貌,1,0,1,0,0,0,1,0,1,0,0,0,1
服務人員都很和藹親切，也佈置了一個讓旅客能夠拍照留念很棒，房務得整潔也做的不錯，你們辛苦了，很棒的住宿環境,1,0,1,0,0,0,1,0,1,0,0,0,1
清潔度跟服務度很滿意,1,0,1,0,0,0,1,0,1,0,0,0,1
服務人員很貼心，房間整理也很乾淨,1,0,1,0,0,0,1,0,1,0,0,0,1
服務品質、房間乾淨度，維持的不錯,1,0,1,0,0,0,1,0,1,0,0,0,1
乾淨，明亮，服務人員很親切,1,0,1,0,0,0,1,0,1,0,0,0,1
整體都非常滿意 環境非常乾淨 員工也都非常親切有禮貌 ,1,0,1,0,0,0,1,0,1,0,0,0,1
乾淨。櫃檯人員服務優良,1,0,1,0,0,0,1,0,1,0,0,0,1
早餐很棒多樣化可以選擇，很喜歡住宿都很乾淨，下次還會再入住,1,0,1,0,0,0,1,0,1,0,0,0,1
服務很好 環境整潔舒適,1,0,1,0,0,0,1,0,1,0,0,0,1
整潔優良 服務人員態度很好,1,0,1,0,0,0,1,0,1,0,0,0,1
乾淨！櫃檯小姐都很親切！下次還會再次入住,1,0,1,0,0,0,1,0,1,0,0,0,1
整潔衛生，櫃檯服務人員很親切,1,0,1,0,0,0,1,0,1,0,0,0,1
乾淨整潔、員工態度佳、能最大限度達到住客的需求,1,0,1,0,0,0,1,0,1,0,0,0,1
衛生不錯，服務很有禮貌，,1,0,1,0,0,0,1,0,1,0,0,0,1
環境明亮，東西整齊乾淨，如果需要還可至櫃台領取，服務人員態度很棒，值得在入住,1,0,1,0,0,0,1,0,1,0,0,0,1
乾淨整潔，服務態度佳。,1,0,1,0,0,0,1,0,1,0,0,0,1
乾淨、服務態度極佳。,1,0,1,0,0,0,1,0,1,0,0,0,1
住宿環境舒服，早餐好吃 已經住好幾次了，臨時要換兩張單人床的房型也迅速協助更換,1,0,1,0,0,0,1,0,1,0,0,0,1
乾淨，服務好,1,0,1,0,0,0,1,0,1,0,0,0,1
舒適、乾淨、服務人員態度非常好 ,1,0,1,0,0,0,1,0,1,0,0,0,1
乾淨、早餐豐富,1,0,1,0,0,0,1,0,1,0,0,0,1
早餐很棒!又提供宵夜有加分，環境乾淨，服務不錯!讚!,1,0,1,0,0,0,1,0,1,0,0,0,1
舒適度很好，早餐也好吃,1,0,1,0,0,0,1,0,1,0,0,0,1
清潔度乾淨，早餐豐富並隨時補足餐點,1,0,1,0,0,0,1,0,1,0,0,0,1
住的舒服，早餐很棒,1,0,1,0,0,0,1,0,1,0,0,0,1
整潔，服務人員親切。,1,0,1,0,0,0,1,0,1,0,0,0,1
整潔，員工服務親切,1,0,1,0,0,0,1,0,1,0,0,0,1
整體住宿乾淨舒適，早餐很豐盛,1,0,1,0,0,0,1,0,1,0,0,0,1
非常安靜 ～～～ 也很乾淨有宵夜 又有早餐好棒的地方下次還會再來,1,0,1,0,0,0,1,0,1,0,0,0,1
人員服務親切，環境整潔,1,0,1,0,0,0,1,0,1,0,0,0,1
很棒，很舒服，早餐也很好吃,1,0,1,0,0,0,1,0,1,0,0,0,1
服務人員都很好 環境也很乾淨也會幫負擔停車費用~~,1,0,1,0,0,0,1,0,1,0,0,0,1
整齊乾淨，很舒服，飯店服務很周全。,1,0,1,0,0,0,1,0,1,0,0,0,1
員工態度一級棒，早餐樣式很多，用餐環境很乾淨，也很有氣氛。,1,0,1,0,0,0,1,0,1,0,0,0,1
有不錯的早餐與乾淨的環境，服務人員也相當有禮貌，值得推薦的飯店,1,0,1,0,0,0,1,0,1,0,0,0,1
環境乾淨舒適，員工服務非常良好,1,0,1,0,0,0,1,0,1,0,0,0,1
早餐豐富，乾淨整潔,1,0,1,0,0,0,1,0,1,0,0,0,1
環境整潔 舒服 服務很好,1,0,1,0,0,0,1,0,1,0,0,0,1
很舒適，很喜歡，一夜好眠 。早餐多樣性也很精緻,1,0,1,0,0,0,1,0,1,0,0,0,1
餐點：早餐的餐點與其他飯店類似，主食有西式料理也有傳統主食，點心飲料也有多種選擇，整體算是有達到標準，表現平穩。消夜的部分雖然僅提供單一選項，但是整體環境及氣氛相當適宜，放鬆的同時也能享用餐點，讓人心曠神怡和舒適。,1,0,1,0,0,0,1,0,1,0,0,0,1
服務人員態度佳，環境乾淨整潔,1,0,1,0,0,0,1,0,1,0,0,0,1
每天早餐不同味道又好  旅舍環境非常靚又整潔,1,0,1,0,0,0,1,0,1,0,0,0,1
專業的服務。乾淨，有序,1,0,1,0,0,0,1,0,1,0,0,0,1
服務態度佳空間環境舒適晚上還有宵夜早餐更是一流之後有機會還會再度選擇康喬商旅,1,0,1,0,0,0,1,0,1,0,0,0,1
早餐棒，乾淨舒適,1,0,1,0,0,0,1,0,1,0,0,0,1
環境整潔一級棒，早餐好好吃！值得再光顧,1,0,1,0,0,0,1,0,1,0,0,0,1
乾淨舒適，早餐不錯,1,0,1,0,0,0,1,0,1,0,0,0,1
乾淨早餐好吃,1,0,1,0,0,0,1,0,1,0,0,0,1
舒適貼心服務好！,1,0,1,0,0,0,1,0,1,0,0,0,1
整潔舒適，老板親切,1,0,1,0,0,0,1,0,1,0,0,0,1
早餐好吃。環境乾淨，安靜,1,0,1,0,0,0,1,0,1,0,0,0,1
環境整潔 服務良好  自助check in與check out都很不錯,1,0,1,0,0,0,1,0,1,0,0,0,1
環境舒適、現場服務人員親切 ,1,0,1,0,0,0,1,0,1,0,0,0,1
環境好、服務好、餐點好、清潔好,1,0,1,0,0,0,1,0,1,0,0,0,1
環境.整節度與館內服務人員都不錯 直得推！還會想入住 ,1,0,1,0,0,0,1,0,1,0,0,0,1
環境優雅整潔早餐豐盛服務人員態度良好週到,1,0,1,0,0,0,1,0,1,0,0,0,1
環境整潔乾淨明亮。還有準備桌椅讓住客吃東西！非常滿意,1,0,1,0,0,0,1,0,1,0,0,0,1
無煙味乾淨整潔、人員態度不錯、我們吃素有特定幫我們準備，怕冷掉還會幫忙保溫貼心提醒,1,0,1,0,0,0,1,0,1,0,0,0,1
環境衛生良好、菜色齊全親民多樣化,1,0,1,0,0,0,1,0,1,0,0,0,1
早餐豐富多元化，服務態度良好，房務整理良好,1,0,1,0,0,0,1,0,1,0,0,0,1
清潔仔細，櫃檯人員親切。,1,0,1,0,0,0,1,0,1,0,0,0,1
員工很親切，很乾淨，虎尾住宿很不錯的選擇,1,0,1,0,0,0,1,0,1,0,0,0,1
乾淨，舒適，一樓有小點心，價格便宜，物超所值,1,0,1,0,1,0,1,0,1,0,1,0,1
房價便宜、舒適及接待人員態度良好,1,0,1,0,1,0,1,0,1,0,1,0,1
算是很舒適而且價格便宜水壺遺漏忘了拿 櫃檯馬上來電告知,1,0,1,0,1,0,1,0,1,0,1,0,1
服務態度好、平價、乾淨，以這樣的價位CP值算挺不錯的 ,1,0,1,0,1,0,1,0,1,0,1,0,1
環境乾淨、價錢合理、服務態度佳、設計貼心,1,0,1,0,1,0,1,0,1,0,1,0,1
早餐不錯，選擇多樣、連吃兩天不太膩。房務很積極、被子有點狀況也很快更換。整體而言舒適、cp值高。,1,0,1,0,1,0,1,0,1,0,1,0,1
服務人員親切、乾淨整潔、性價比高,1,0,1,0,1,0,1,0,1,0,1,0,1
飯店人員很熱情，服務很不錯。整體上蠻舒適的，CP值蠻高的。,1,0,1,0,1,0,1,0,1,0,1,0,1
早餐很好吃 房務人員態度都很好 各方面都很舒適 cp值高到爆,1,0,1,0,1,0,1,0,1,0,1,0,1
整潔。cp值高、早餐好吃,1,0,1,0,1,0,1,0,1,0,1,0,1
整體簡潔，價格實惠，早餐也簡單好吃，會願意再回住,1,0,1,0,1,0,1,0,1,0,1,0,1
很舒適很乾淨 也不貴cp值超高員工也很好 無可挑剔,1,0,1,0,1,0,1,0,1,0,1,0,1
員工很親切、乾淨舒適、、早餐好吃、cp值極佳的一間飯店！,1,0,1,0,1,0,1,0,1,0,1,0,1
員工素質很棒，服務態度極佳，每一位員工都笑臉迎客，除了感覺很尊重住客也外，更不會讓人有距離感，住宿環境設計時尚，環境整潔，這次在booking訂了很優惠的價格，cp值算高,1,0,1,0,1,0,1,0,1,0,1,0,1
乾淨簡約，平錢親民又有免費早餐°,1,0,1,0,1,0,1,0,1,0,1,0,1
服務人員耐心親切 入住第三次每次的感覺都很好環境整潔而且咖啡豆很棒 cp值超級高,1,0,1,0,1,0,1,0,1,0,1,0,1
很乾淨 服務態度也好 cp值很高,1,0,1,0,1,0,1,0,1,0,1,0,1
櫃檯人員講解的很詳細，館內環境也ok舒適。以性價比來說是不錯的,1,0,1,0,1,0,1,0,1,0,1,0,1
環境舒適650還附早餐很物超所值,1,0,1,0,1,0,1,0,1,0,1,0,1
乾淨，價位也是小資家庭首選，早餐樣式多。,1,0,1,0,1,0,1,0,1,0,1,0,1
服務人員務親切，環境舒適乾淨，晚上夜景很美，整體cp 值超高,1,0,1,0,1,1,1,0,1,0,1,0,1
1.非常舒適，且離市區近。2.服務非常周到,1,0,1,1,0,0,1,0,1,0,1,0,1
要遇到好的同房旅客真的要上輩子燒好香，可見我不是那一個。半夜才入住，櫃檯人員講解的很詳細，館內環境也ok舒適。以性價比來說是不錯的，本來看評論有說聲音很多，但實際住完除了早上附近旅客走動的聲音（正常背包客棧床位是可接受的）可能因為樓上ktv因疫情無法開業，還有外面廣場不能群聚所以沒什麼聲音，整體來說這次是不錯的。,1,0,1,0,1,1,1,0,1,0,1,3,1
地點很優，餐點很多樣化，美味，衛生乾淨好。,1,0,1,1,0,0,1,0,1,1,0,0,1
整體地點跟舒適度還不錯 人員也很好,1,0,1,1,0,0,1,0,1,1,0,0,1
環境極乾淨，早餐豐富，地理位置便利,1,0,1,1,0,0,1,0,1,1,0,0,1
整潔，舒適，地點停車方便，早餐很好,1,0,1,1,0,0,1,0,1,1,0,0,1
地點很方便，環境舒適，早餐很不錯,1,0,1,1,0,0,1,0,1,1,0,0,1
交通停車方便 環境整潔 早餐很優,1,0,1,1,0,0,1,0,1,1,0,0,1
乾淨，舒適，位置清幽，好停車，服務人員很親切。,1,0,1,1,0,0,1,0,1,1,0,0,1
乾淨又舒適，離愛河又超近，讚，早餐還不錯,1,0,1,1,0,0,1,0,1,1,0,0,1
服務很好.很乾淨.很安靜旁邊就是愛河，讓人心情很好,1,0,1,1,0,0,1,0,1,1,0,0,1
整潔舒適、地點適中、服務人員態度親切,1,0,1,1,0,0,1,0,1,1,0,0,1
地點好，離逢甲遠百很近。服務人員態度親切。連住二晚，第二天房間幫我們打掃的很乾淨，謝謝,1,0,1,1,0,0,1,0,1,1,0,0,1
地點佳，服務好，很乾淨，房型升等為上下層，減少干擾，非常棒,1,0,1,1,0,0,1,0,1,1,0,0,1
離逢甲夜市超近 走路就能到 而且住的地方也很舒服 沒什麼噪音 早餐很好吃 人員都很貼心很友善,1,0,1,1,0,0,1,0,1,1,0,0,1
服務人員具親和力，服務的很周到！這次住宿幫我們升等為四人房，讓我住的很舒適！地理位置也不錯，離逢甲夜市很近,1,0,1,1,0,0,1,0,1,1,0,0,1
整體都很舒適不管是人員服務地點的便利性都是很不錯 ,1,0,1,1,0,0,1,0,1,1,0,0,1
服務人員很親切、飯店很乾淨、離夜市很近覓食也很容易，期待下次再入住。,1,0,1,1,0,0,1,0,1,1,0,0,1
貼心的服務、環境整潔、離夜市很近。很棒,1,0,1,1,0,0,1,0,1,1,0,0,1
舒適，服務自然不做作，貼心！停車方便,1,0,1,1,0,0,1,0,1,1,0,0,1
地點來說離逢甲夜市近，服務人員來說真的親切，環境也乾淨，，真的很感謝下次有機會去台中探索絕對是首選,1,0,1,1,0,0,1,0,1,1,0,0,1
地點離夜市近，乾淨，早餐不錯品質佳。目前是來逢甲的第一選擇。,1,0,1,1,0,0,1,0,1,1,0,0,1
舒適的環境，親切的人員，優良的地理位置，美好的景致，構成一趟非常棒的旅程,1,0,1,1,0,0,1,0,1,1,0,0,1
地點 服務 乾淨 漂亮 ,1,0,1,1,0,0,1,0,1,1,0,0,1
 如果是要到逢甲大學或是逢甲夜市的朋友，這個住宿地點非常的方便。 我對飯店清潔非常在意，這飯店真的清潔做得滿好的，沒有什麼能挑惕。 早餐蠻不錯的，用料大方，義大利麵裡面有肉末還有起司，炒飯裡面還有鮭魚粒，豆漿濃郁、咖啡也好喝，挺好的！,1,0,1,1,0,0,1,0,1,1,0,0,1
環境整潔舒適！服務人員親切熱心！停車也方便！要逛夜市走路就能到～～～,1,0,1,1,0,0,1,0,1,1,0,0,1
環境乾淨舒適， 地點很好，早餐也不錯吃,1,0,1,1,0,0,1,0,1,1,0,0,1
離逢甲夜市很近 步行就可以到。附近很熱鬧很方便 鬧中取靜。服務人員態度很nice 環境很乾淨。,1,0,1,1,0,0,1,0,1,1,0,0,1
早餐好吃、環境整潔、停車超方便,1,0,1,1,0,0,1,0,1,1,0,0,1
早餐口味好。整體環境乾淨、安靜。逛逢甲商圈方便。,1,0,1,1,0,0,1,0,1,1,0,0,1
整體感覺很滿意：清潔、乾淨、舒適、早餐好吃、服務人員親切且專業、停車方便離逢甲夜市很近（）,1,0,1,1,0,0,1,0,1,1,0,0,1
乾淨整潔、態度良好、臨近夜市。,1,0,1,1,0,0,1,0,1,1,0,0,1
環境非常整潔，服務人員也很親切，地理位置很好，蠻方便的。,1,0,1,1,0,0,1,0,1,1,0,0,1
飯店離逢甲夜市及公車站牌很近，交通方便櫃檯人員的服務也非常好，即使退房之後，還是非常熱心的幫忙協助叫車飯店提供的地圖很便利並且清楚介紹台中景點和著名小吃，對外縣市來觀光的人更加便利飯店整潔乾淨 很推薦！,1,0,1,1,0,0,1,0,1,1,0,0,1
接待人員熱情親切服務周道；環境相當整齊乾淨；交通方便，無論自駕停車備有車位，搭乘公車或租借ubike都很方便。,1,0,1,1,0,0,1,0,1,1,0,0,1
服務人員態度很好每個都很熱情飯店離夜市挺近的整體環境挺舒適的,1,0,1,1,0,0,1,0,1,1,0,0,1
服務好，環境乾淨。附近視野佳，整體很棒,1,0,1,1,0,0,1,0,1,1,0,0,1
整潔優良，具有特色的飯店，員工親切，位置方便，離逢甲夜市步行即可到達。住宿時預定雙人房被升等至四人房，當下感到小確幸。,1,0,1,1,0,0,1,0,1,1,0,0,1
整潔，乾淨，服務好，位置絕佳,1,0,1,1,0,0,1,0,1,1,0,0,1
乾淨地點佳，服務人員親切,1,0,1,1,0,0,1,0,1,1,0,0,1
商旅的服務員親切服務好，環境舒適，停車也方便。,1,0,1,1,0,0,1,0,1,1,0,0,1
剛好免費升等房型、乾淨、位置便利,1,0,1,1,0,0,1,0,1,1,0,0,1
餐點、乾淨、舒適、位置皆好,1,0,1,1,0,0,1,0,1,1,0,0,1
地點很棒，乾淨度沒問題，早餐蠻好吃的。,1,0,1,1,0,0,1,0,1,1,0,0,1
環境舒適整潔，地點方便，服務人員態度很好,1,0,1,1,0,0,1,0,1,1,0,0,1
地點好、舒適度佳、早餐精緻也算豐富，有許多貼心的服務，很適合帶孩子旅行,1,0,1,1,0,0,1,0,1,1,0,0,1
住宿：舒適、乾淨早餐：多樣化、美味停車：方便服務：很優質的服務人員位置：離羅東運動公園很近,1,0,1,1,0,0,1,0,1,1,0,0,1
乾淨又舒適服務人員超貼心附近就有超商,1,0,1,1,0,0,1,0,1,1,0,0,1
早餐是真的很美味，很符合我的口味，因為我們吃素有事情告知，所以他有幫我們準備一盤菜，其他的部分是自由取用吃到飽，中西式餐點雖然樣式不多但是可以吃飽，比較優的是，他們的白粥煮的比較濃稠，不會稀稀的很棒，服務人員也會馬上整理客人用過的餐盤，讓下一個客人使用，整體來說很整潔，週邊有便利超商不會很偏僻，算是方便。,1,0,1,1,0,0,1,0,1,1,0,0,1
櫃檯接待親和度很好，環境整潔，住宿的地方位置便利,1,0,1,1,0,0,1,0,1,1,0,0,1
清潔度以及服務人員態度，地點便利性，真的沒話說，太棒了，下次來雲林，這間還是我的首選。,1,0,1,1,0,0,1,0,1,1,0,0,1
各方面都很好！！居然有宵夜，早餐非常丰富，都不踩雷，服務態度很好，樓下711，走不到10分有家樂福，地理環境、性价比、服務度、干淨整洁度，都非常好。,1,0,1,1,1,0,1,0,1,1,1,0,1
服務好很客氣，環境乾淨，價位實在，停車方便離逢甲很近。,1,0,1,1,1,0,1,0,1,1,1,0,1
環境乾淨舒適、服務親切周到，離夜市也不會太遠，。整體很優秀，cp值很高！下次來一定還會再選擇這裡住宿d,1,0,1,1,1,0,1,0,1,1,1,0,1
cp值相當高，很乾淨，工作人員非常專業，服務品質好，地點加佳。,1,0,1,1,1,0,1,0,1,1,1,0,1
乾淨、有宵夜跟早餐cp值高，停車方便離赤嵌樓、孔廟都很近,1,0,1,1,1,0,1,0,1,1,1,0,1
服務好、房價便宜、環境乾淨、停車方便、免費洗衣、宵夜好吃、早餐豐盛、、地點好,1,0,1,1,1,0,1,0,1,1,1,0,1
地點超方便～服務員態度很好～而且很乾淨是重點，cp值爆表,1,0,1,1,1,0,1,0,1,1,1,0,1
因為地點較遠，除了停車比較遠一點，其他沒有不優的。乾淨，價格便宜划算，服務員很有禮貌,1,0,1,1,1,0,1,0,1,3,1,0,1
早餐真的就普普，只是吃個不會餓而已。樓下環境稍微複雜些，不過進飯店就好了~非常適合背包客，住宿環境乾淨整潔安靜，洗澡環境也維持的很乾淨。地點離火車站也近，整體來說是個便宜住宿的好地方。,1,0,1,1,1,0,1,0,2,3,1,0,1
早餐沒咖啡，要加購。乾淨舒適,1,0,1,0,0,0,1,0,3,0,0,0,1
早餐不喜歡，乾淨 整齊,1,0,1,0,0,0,1,0,3,0,0,0,1
員工訓練有待加強，環境還算乾淨,1,0,1,0,0,0,1,0,3,0,0,0,3
我是1月31號入住，雖然跨年前夕能理解酒店會比較繁忙，但當天入住工作人員通知需下午五點後才能拿到房間入住，但大部分住客一直等到下午六點半以後才陸陸續續拿到房間，這令住客尤其遊客帶來相當的不便，說明酒店的管理存在問題，整體來說算是比較整潔。,1,0,1,0,0,0,1,0,3,0,0,0,3
晚間員工態度不是很理想，整潔度很好,1,0,1,0,0,0,1,0,3,0,0,0,3
餐點待加強，乾淨無菸味。,1,0,1,0,0,0,1,0,3,0,0,0,1
早餐需改善，人多菜少，睡的舒服。,1,0,1,0,0,0,1,0,3,0,0,0,1
位於龍蛇混雜的一廣樓上，服務人員不是很友善，環境乾淨,1,0,1,1,0,0,1,0,3,3,0,0,3
內部環境舒適，若能增加騎乘工具會更棒。,1,0,0,0,0,0,1,3,0,0,0,0,1
防疫期間,0,0,0,0,0,1,0,0,0,0,0,0,0
訂房網站資訊,0,0,1,0,0,0,0,0,0,0,0,0,0
中年人,0,0,0,0,0,1,0,0,0,0,0,0,0
成年人,0,0,0,0,0,1,0,0,0,0,0,0,0
伴侶,0,0,0,0,0,1,0,0,0,0,0,0,0
工人,0,0,0,0,0,1,0,0,0,0,0,0,0
各方面,0,0,0,0,0,1,0,0,0,0,0,0,0
照片,0,0,0,0,0,1,0,0,0,0,0,0,0
隔壁,0,0,0,0,0,1,0,0,0,0,0,0,0
其他,0,0,0,0,0,1,0,0,0,0,0,0,0
希望,0,0,0,0,0,1,0,0,0,0,0,0,0
建議,0,0,0,0,0,1,0,0,0,0,0,0,0
整體來說,0,0,0,0,0,1,0,0,0,0,0,0,0
此則評論,0,0,0,0,0,1,0,0,0,0,0,0,0
車子,0,0,0,0,0,1,0,0,0,0,0,0,0
其他客人,0,0,0,0,0,1,0,0,0,0,0,0,0
位置風景,0,0,0,1,0,0,0,0,0,0,0,0,0
夜市,0,0,0,1,0,0,0,0,0,0,0,0,0
商圈,0,0,0,1,0,0,0,0,0,0,0,0,0
鬧區,0,0,0,1,0,0,0,0,0,0,0,0,0
逢甲,0,0,0,1,0,0,0,0,0,0,0,0,0
新竹市,0,0,0,1,0,0,0,0,0,0,0,0,0
新竹縣,0,0,0,1,0,0,0,0,0,0,0,0,0
學區,0,0,0,1,0,0,0,0,0,0,0,0,0
台北市,0,0,0,1,0,0,0,0,0,0,0,0,0
台北縣,0,0,0,1,0,0,0,0,0,0,0,0,0
基隆,0,0,0,1,0,0,0,0,0,0,0,0,0
宜蘭,0,0,0,1,0,0,0,0,0,0,0,0,0
光復,0,0,0,1,0,0,0,0,0,0,0,0,0
夜市商圈,0,0,0,1,0,0,0,0,0,0,0,0,0
苗栗,0,0,0,1,0,0,0,0,0,0,0,0,0
台中,0,0,0,1,0,0,0,0,0,0,0,0,0
台南,0,0,0,1,0,0,0,0,0,0,0,0,0
高雄,0,0,0,1,0,0,0,0,0,0,0,0,0
台東,0,0,0,1,0,0,0,0,0,0,0,0,0
澎湖,0,0,0,1,0,0,0,0,0,0,0,0,0
金門,0,0,0,1,0,0,0,0,0,0,0,0,0
綠島,0,0,0,1,0,0,0,0,0,0,0,0,0
南投,0,0,0,1,0,0,0,0,0,0,0,0,0
嘉義,0,0,0,1,0,0,0,0,0,0,0,0,0
彰化,0,0,0,1,0,0,0,0,0,0,0,0,0
雲林,0,0,0,1,0,0,0,0,0,0,0,0,0
桃園,0,0,0,1,0,0,0,0,0,0,0,0,0
新北,0,0,0,1,0,0,0,0,0,0,0,0,0
市景,0,0,0,1,0,0,0,0,0,0,0,0,0
公車站,0,0,0,1,0,0,0,0,0,0,0,0,0
學校,0,0,0,1,0,0,0,0,0,0,0,0,0
風景,0,0,0,1,0,0,0,0,0,0,0,0,0
山景,0,0,0,1,0,0,0,0,0,0,0,0,0
超市,0,0,0,1,0,0,0,0,0,0,0,0,0
超商,0,0,0,1,0,0,0,0,0,0,0,0,0
藥妝店,0,0,0,1,0,0,0,0,0,0,0,0,0
糖果店,0,0,0,1,0,0,0,0,0,0,0,0,0
便利商店,0,0,0,1,0,0,0,0,0,0,0,0,0
711,0,0,0,1,0,0,0,0,0,0,0,0,0
全家,0,0,0,1,0,0,0,0,0,0,0,0,0
萊爾富,0,0,0,1,0,0,0,0,0,0,0,0,0
全聯,0,0,0,1,0,0,0,0,0,0,0,0,0
家樂福,0,0,0,1,0,0,0,0,0,0,0,0,0
大潤發,0,0,0,1,0,0,0,0,0,0,0,0,0
飲料店,0,0,0,1,0,0,0,0,0,0,0,0,0
手搖店,0,0,0,1,0,0,0,0,0,0,0,0,0
週邊小吃景點,0,0,0,1,0,0,0,0,0,0,0,0,0
捷運站,0,0,0,1,0,0,0,0,0,0,0,0,0
車站,0,0,0,1,0,0,0,0,0,0,0,0,0
公園,0,0,0,1,0,0,0,0,0,0,0,0,0
早市,0,0,0,1,0,0,0,0,0,0,0,0,0
店家,0,0,0,1,0,0,0,0,0,0,0,0,0
景色,0,0,0,1,0,0,0,0,0,0,0,0,0
大樓,0,0,0,1,0,0,0,0,0,0,0,0,0
廣場,0,0,0,1,0,0,0,0,0,0,0,0,0
靠山,0,0,0,1,0,0,0,0,0,0,0,0,0
海灘,0,0,0,1,0,0,0,0,0,0,0,0,0
街道,0,0,0,1,0,0,0,0,0,0,0,0,0
ktv,0,0,0,1,0,0,0,0,0,0,0,0,0
影廳,0,0,0,1,0,0,0,0,0,0,0,0,0
電影院,0,0,0,1,0,0,0,0,0,0,0,0,0
文具店,0,0,0,1,0,0,0,0,0,0,0,0,0
小北百貨,0,0,0,1,0,0,0,0,0,0,0,0,0
馬路,0,0,0,1,0,0,0,0,0,0,0,0,0
康橋,0,0,0,1,0,0,0,0,0,0,0,0,0
小學,0,0,0,1,0,0,0,0,0,0,0,0,0
補習班,0,0,0,1,0,0,0,0,0,0,0,0,0
區位,0,0,0,1,0,0,0,0,0,0,0,0,0
位置,0,0,0,1,0,0,0,0,0,0,0,0,0
地理位置,0,0,0,1,0,0,0,0,0,0,0,0,0
環境,0,0,0,1,0,0,0,0,0,0,0,0,0
地點,0,0,0,1,0,0,0,0,0,0,0,0,0
飯店地點,0,0,0,1,0,0,0,0,0,0,0,0,0
地點、環境,0,0,0,1,0,0,0,0,0,0,0,0,0
區域位置,0,0,0,1,0,0,0,0,0,0,0,0,0
地點。,0,0,0,1,0,0,0,0,0,0,0,0,0
環境位置,0,0,0,1,0,0,0,0,0,0,0,0,0
北理位置,0,0,0,1,0,0,0,0,0,0,0,0,0
飯店位置,0,0,0,1,0,0,0,0,0,0,0,0,0
市區,0,0,0,1,0,0,0,0,0,0,0,0,0
小灣沙灘,0,0,0,1,0,0,0,0,0,0,0,0,0
沙灘,0,0,0,1,0,0,0,0,0,0,0,0,0
水世界,0,0,0,1,0,0,0,0,0,0,0,0,0
海景,0,0,0,1,0,0,0,0,0,0,0,0,0
地方,0,0,0,1,0,0,0,0,0,0,0,0,0
小灣海灘,0,0,0,1,0,0,0,0,0,0,0,0,0
附近,0,0,0,1,0,0,0,0,0,0,0,0,0
捷運口,0,0,0,1,0,0,0,0,0,0,0,0,0
捷運,0,0,0,1,0,0,0,0,0,0,0,0,0
火車站,0,0,0,1,0,0,0,0,0,0,0,0,0
海邊,0,0,0,1,0,0,0,0,0,0,0,0,0
景點,0,0,0,1,0,0,0,0,0,0,0,0,0
因為地理位置、與旅館定性的關係，附近不方便停車，建議可搭大眾運輸，或是停在當代藝術館旁邊的地下停車場,0,0,0,1,0,0,0,0,0,0,0,0,3
所在位置,0,0,0,1,0,0,0,0,0,0,0,0,0
台北,0,0,0,1,0,0,0,0,0,0,0,0,0
新竹,0,0,0,1,0,0,0,0,0,0,0,0,0
中壢,0,0,0,1,0,0,0,0,0,0,0,0,0
花蓮,0,0,0,1,0,0,0,0,0,0,0,0,0
屏東,0,0,0,1,0,0,0,0,0,0,0,0,0
人行道,0,0,0,1,0,0,0,0,0,0,0,0,0
飯店旁,0,0,0,1,0,0,0,0,0,0,0,0,0
旅館位置,0,0,0,1,0,0,0,0,0,0,0,0,0
虎尾市,0,0,0,1,0,0,0,0,0,0,0,0,0
虎尾科大,0,0,0,1,0,0,0,0,0,0,0,0,0
麥當勞,0,0,0,1,0,0,0,0,0,0,0,0,0
肯德基,0,0,0,1,0,0,0,0,0,0,0,0,0
對面,0,0,0,1,0,0,0,0,0,0,0,0,0
科大,0,0,0,1,0,0,0,0,0,0,0,0,0
遠近,0,0,0,1,0,0,0,0,0,0,0,0,0
賣噹噹,0,0,0,1,0,0,0,0,0,0,0,0,0
麥噹噹,0,0,0,1,0,0,0,0,0,0,0,0,0
火車站的地點,0,0,0,1,0,0,0,0,0,0,0,0,0
周圍,0,0,0,1,0,0,0,0,0,0,0,0,0
周遭,0,0,0,1,0,0,0,0,0,0,0,0,0
星巴克,0,0,0,1,0,0,0,0,0,0,0,0,0
都市,0,0,0,1,0,0,0,0,0,0,0,0,0
位置與房價,0,0,0,1,1,0,0,0,0,0,0,0,0
地理位置，性價比,0,0,0,1,1,0,0,0,0,0,0,0,0
地點，價格,0,0,0,1,1,0,0,0,0,0,0,0,0
地理位置以及性价比。,0,0,0,1,1,0,0,0,0,0,0,0,0
價格及位置,0,0,0,1,1,0,0,0,0,0,0,0,0
住宿位置與價位,0,0,0,1,1,0,0,0,0,0,0,0,0
飯店地點跟價位,0,0,0,1,1,0,0,0,0,0,0,0,0
位置價格,0,0,0,1,1,0,0,0,0,0,0,0,0
廚師,0,0,1,0,0,0,0,0,0,0,0,0,0
掃地人員,0,0,1,0,0,0,0,0,0,0,0,0,0
清潔人員,0,0,1,0,0,0,0,0,0,0,0,0,0
飲料,0,0,1,0,0,0,0,0,0,0,0,0,0
饅頭,0,0,1,0,0,0,0,0,0,0,0,0,0
包子,0,0,1,0,0,0,0,0,0,0,0,0,0
清粥,0,0,1,0,0,0,0,0,0,0,0,0,0
需要簽上大名,0,0,1,0,0,0,0,0,0,0,0,0,0
咖啡,0,0,1,0,0,0,0,0,0,0,0,0,0
果汁,0,0,1,0,0,0,0,0,0,0,0,0,0
煎蛋,0,0,1,0,0,0,0,0,0,0,0,0,0
熱湯,0,0,1,0,0,0,0,0,0,0,0,0,0
麵包,0,0,1,0,0,0,0,0,0,0,0,0,0
入住時間,0,0,1,0,0,0,0,0,0,0,0,0,0
奶茶,0,0,1,0,0,0,0,0,0,0,0,0,0
紅茶,0,0,1,0,0,0,0,0,0,0,0,0,0
綠茶,0,0,1,0,0,0,0,0,0,0,0,0,0
白開水,0,0,1,0,0,0,0,0,0,0,0,0,0
溫水,0,0,1,0,0,0,0,0,0,0,0,0,0
下午茶,0,0,1,0,0,0,0,0,0,0,0,0,0
接送服務,0,0,1,0,0,0,0,0,0,0,0,0,0
開水,0,0,1,0,0,0,0,0,0,0,0,0,0
溫開水,0,0,1,0,0,0,0,0,0,0,0,0,0
白飯,0,0,1,0,0,0,0,0,0,0,0,0,0
青菜,0,0,1,0,0,0,0,0,0,0,0,0,0
補菜,0,0,1,0,0,0,0,0,0,0,0,0,0
服務櫃台小姐,0,0,1,0,0,0,0,0,0,0,0,0,0
前台先生,0,0,1,0,0,0,0,0,0,0,0,0,0
付款說明,0,0,1,0,0,0,0,0,0,0,0,0,0
餅乾,0,0,1,0,0,0,0,0,0,0,0,0,0
排隊路線,0,0,1,0,0,0,0,0,0,0,0,0,0
規劃路線,0,0,1,0,0,0,0,0,0,0,0,0,0
消防路線,0,0,1,0,0,0,0,0,0,0,0,0,0
人員指揮,0,0,1,0,0,0,0,0,0,0,0,0,0
發票,0,0,1,0,0,0,0,0,0,0,0,0,0
中式早餐,0,0,1,0,0,0,0,0,0,0,0,0,0
西式早餐,0,0,1,0,0,0,0,0,0,0,0,0,0
火鍋,0,0,1,0,0,0,0,0,0,0,0,0,0
蘋果,0,0,1,0,0,0,0,0,0,0,0,0,0
柳丁,0,0,1,0,0,0,0,0,0,0,0,0,0
芭樂,0,0,1,0,0,0,0,0,0,0,0,0,0
牛奶,0,0,1,0,0,0,0,0,0,0,0,0,0
冰牛奶,0,0,1,0,0,0,0,0,0,0,0,0,0
飲品,0,0,1,0,0,0,0,0,0,0,0,0,0
湯品,0,0,1,0,0,0,0,0,0,0,0,0,0
接待處,0,0,1,0,0,0,0,0,0,0,0,0,0
蔬食餐,0,0,1,0,0,0,0,0,0,0,0,0,0
停車時間,0,0,1,0,0,0,0,0,0,0,0,0,0
清潔阿姨,0,0,1,0,0,0,0,0,0,0,0,0,0
信用卡,0,0,1,0,0,0,0,0,0,0,0,0,0
早餐,0,0,1,0,0,0,0,0,0,0,0,0,0
餐點,0,0,1,0,0,0,0,0,0,0,0,0,0
早餐宵夜,0,0,1,0,0,0,0,0,0,0,0,0,0
稀飯,0,0,1,0,0,0,0,0,0,0,0,0,0
服務態度,0,0,1,0,0,0,0,0,0,0,0,0,0
飯店員工,0,0,1,0,0,0,0,0,0,0,0,0,0
服務,0,0,1,0,0,0,0,0,0,0,0,0,0
服務人員,0,0,1,0,0,0,0,0,0,0,0,0,0
員工態度,0,0,1,0,0,0,0,0,0,0,0,0,0
員工服務,0,0,1,0,0,0,0,0,0,0,0,0,0
下午茶區,0,0,1,0,0,0,0,0,0,0,0,0,0
人員服務,0,0,1,0,0,0,0,0,0,0,0,0,0
服務員,0,0,1,0,0,0,0,0,0,0,0,0,0
buffet,0,0,1,0,0,0,0,0,0,0,0,0,0
服裝儀容,0,0,1,0,0,0,0,0,0,0,0,0,0
早餐價錢,0,0,1,0,0,0,0,0,0,0,0,0,0
早餐 ,0,0,1,0,0,0,0,0,0,0,0,0,0
接待,0,0,1,0,0,0,0,0,0,0,0,0,0
一般飯店check in ,0,0,1,0,0,0,0,0,0,0,0,0,0
客服服務態度,0,0,1,0,0,0,0,0,0,0,0,0,0
反應情況,0,0,1,0,0,0,0,0,0,0,0,0,0
店員,0,0,1,0,0,0,0,0,0,0,0,0,0
酒吧櫃檯人員,0,0,1,0,0,0,0,0,0,0,0,0,0
客服,0,0,1,0,0,0,0,0,0,0,0,0,0
早餐菜色,0,0,1,0,0,0,0,0,0,0,0,0,0
飯店早餐,0,0,1,0,0,0,0,0,0,0,0,0,0
櫃臺小姐,0,0,1,0,0,0,0,0,0,0,0,0,0
早餐。,0,0,1,0,0,0,0,0,0,0,0,0,0
員工,0,0,1,0,0,0,0,0,0,0,0,0,0
餐廳與食物,0,0,1,0,0,0,0,0,0,0,0,0,0
櫃台,0,0,1,0,0,0,0,0,0,0,0,0,0
人員,0,0,1,0,0,0,0,0,0,0,0,0,0
人員態度,0,0,1,0,0,0,0,0,0,0,0,0,0
水果,0,0,1,0,0,0,0,0,0,0,0,0,0
附餐,0,0,1,0,0,0,0,0,0,0,0,0,0
打掃人員,0,0,1,0,0,0,0,0,0,0,0,0,0
口氣,0,0,1,0,0,0,0,0,0,0,0,0,0
態度,0,0,1,0,0,0,0,0,0,0,0,0,0
菜色,0,0,1,0,0,0,0,0,0,0,0,0,0
行李寄放,0,0,1,0,0,0,0,0,0,0,0,0,0
消夜,0,0,1,0,0,0,0,0,0,0,0,0,0
午餐,0,0,1,0,0,0,0,0,0,0,0,0,0
宵夜,0,0,1,0,0,0,0,0,0,0,0,0,0
配菜,0,0,1,0,0,0,0,0,0,0,0,0,0
員工態度不佳，早餐cp值低,0,0,1,0,0,0,0,0,0,0,0,0,3
前台服務,0,0,1,0,0,0,0,0,0,0,0,0,0
免費,0,0,1,0,0,0,0,0,0,0,0,0,0
人手,0,0,1,0,0,0,0,0,0,0,0,0,0
退房時間,0,0,1,0,0,0,0,0,0,0,0,0,0
停車費,0,0,1,0,0,0,0,0,0,0,0,0,0
收取,0,0,1,0,0,0,0,0,0,0,0,0,0
信用卡刷卡,0,0,1,0,0,0,0,0,0,0,0,0,0
處理速度,0,0,1,0,0,0,0,0,0,0,0,0,0
回應,0,0,1,0,0,0,0,0,0,0,0,0,0
等待,0,0,1,0,0,0,0,0,0,0,0,0,0
指示,0,0,1,0,0,0,0,0,0,0,0,0,0
夜班員工,0,0,1,0,0,0,0,0,0,0,0,0,0
飯,0,0,1,0,0,0,0,0,0,0,0,0,0
素食早餐,0,0,1,0,0,0,0,0,0,0,0,0,0
薯條,0,0,1,0,0,0,0,0,0,0,0,0,0
煎魚,0,0,1,0,0,0,0,0,0,0,0,0,0
廚手,0,0,1,0,0,0,0,0,0,0,0,0,0
櫃台人員,0,0,1,0,0,0,0,0,0,0,0,0,0
入住時間和退房時間,0,0,1,0,0,0,0,0,0,0,0,0,0
安排規劃,0,0,1,0,0,0,0,0,0,0,0,0,0
房務人員,0,0,1,0,0,0,0,0,0,0,0,0,0
消毒,0,0,1,0,0,0,0,0,0,0,0,0,0
check-in,0,0,1,0,0,0,0,0,0,0,0,0,0
提供,0,0,1,0,0,0,0,0,0,0,0,0,0
高麗菜,0,0,1,0,0,0,0,0,0,0,0,0,0
行李服務,0,0,1,0,0,0,0,0,0,0,0,0,0
冷飲,0,0,1,0,0,0,0,0,0,0,0,0,0
熱飲,0,0,1,0,0,0,0,0,0,0,0,0,0
冰飲,0,0,1,0,0,0,0,0,0,0,0,0,0
熱粥,0,0,1,0,0,0,0,0,0,0,0,0,0
吐司,0,0,1,0,0,0,0,0,0,0,0,0,0
調酒師,0,0,1,0,0,0,0,0,0,0,0,0,0
房價、早餐,0,0,1,0,1,0,0,0,0,0,0,0,0
價格早餐,0,0,1,0,1,0,0,0,0,0,0,0,0
環境及早餐,0,0,1,1,0,0,0,0,0,0,0,0,0
服務及環境,0,0,1,1,0,0,0,0,0,0,0,0,0
地點與服務,0,0,1,1,0,0,0,0,0,0,0,0,0
早餐、交通,0,0,1,1,0,0,0,0,0,0,0,0,0
位置、服務,0,0,1,1,0,0,0,0,0,0,0,0,0
環境、服務、品質,0,0,1,1,0,1,0,0,0,0,0,0,0
房價地點早餐,0,0,1,1,1,0,0,0,0,0,0,0,0
毛髮,1,0,0,0,0,0,0,0,0,0,0,0,0
氣味,1,0,0,0,0,0,0,0,0,0,0,0,0
味道,1,0,0,0,0,0,0,0,0,0,0,0,0
整潔！,1,0,0,0,0,0,0,0,0,0,0,0,0
霉味,1,0,0,0,0,0,0,0,0,0,0,0,0
煙味,1,0,0,0,0,0,0,0,0,0,0,0,0
房間清潔,1,0,0,0,0,0,0,0,0,0,0,0,0
清潔度,1,0,0,0,0,0,0,0,0,0,0,0,0
清潔,1,0,0,0,0,0,0,0,0,0,0,0,0
整潔度,1,0,0,0,0,0,0,0,0,0,0,0,0
整潔,1,0,0,0,0,0,0,0,0,0,0,0,0
整體環境清潔,1,0,0,0,0,0,0,0,0,0,0,0,0
清洁,1,0,0,0,0,0,0,0,0,0,0,0,0
廁所清潔,1,0,0,0,0,0,0,0,0,0,0,0,0
浴室打掃,1,0,0,0,0,0,0,0,0,0,0,0,0
房間整潔度,1,0,0,0,0,0,0,0,0,0,0,0,0
舒適感,1,0,0,0,0,0,0,0,0,0,0,0,0
房間味道,1,0,0,0,0,0,0,0,0,0,0,0,0
房間 煙味,1,0,0,0,0,0,0,0,0,0,0,0,0
清潔不優,1,0,0,0,0,0,0,0,0,0,0,0,3
有霉味 痾...,1,0,0,0,0,0,0,0,0,0,0,0,3
有股怪味、尿騷味 吐!!!!!!!!,1,0,0,0,0,0,0,0,0,0,0,0,3
味道刺鼻，消毒水味超重,1,0,0,0,0,0,0,0,0,0,0,0,3
有陳舊味，不是很好聞,1,0,0,0,0,0,0,0,0,0,0,0,3
髒髒的,1,0,0,0,0,0,0,0,0,0,0,0,3
陳舊的味道,1,0,0,0,0,0,0,0,0,0,0,0,3
空氣不好,1,0,0,0,0,0,0,0,0,0,0,0,3
舒適環境不錯,1,0,0,0,0,0,0,0,0,0,0,0,1
環境乾淨。住起來舒適。,1,0,0,0,0,0,0,0,0,0,0,0,1
衛生環境,1,0,0,0,0,0,0,0,0,0,0,0,0
衛生管理,1,0,0,0,0,0,0,0,0,0,0,0,0
空氣,1,0,0,0,0,0,0,0,0,0,0,0,0
交通、整潔,1,0,0,1,0,0,0,0,0,0,0,0,0
位置和房內舒適度,1,0,0,1,0,0,0,0,0,0,0,0,0
環境乾淨  夜間四周街道很安靜,1,0,0,1,0,0,0,0,0,0,0,0,1
整體都很棒 雖然在巷子內 但住的算舒適 不會簡陋,1,0,0,1,0,1,0,0,0,0,0,0,1
飯店人員及異味,1,0,1,0,0,0,0,0,0,0,0,0,0
情侶很適合來住,0,0,0,0,0,1,0,0,0,0,0,1,1
六月天氣很好，很適合來旅遊，非常推薦這家飯店,0,0,0,0,0,1,0,0,0,0,0,1,1
氣氛塑造得很好,0,0,0,0,0,1,0,0,0,0,0,1,1
室友好相處,0,0,0,0,0,1,0,0,0,0,0,1,1
附近店家剛好舉辦活動，拿到了免費的食物,0,0,0,0,0,1,0,0,0,0,0,1,1
評價沒有網路上的那麼差啊...,0,0,0,0,0,1,0,0,0,0,0,1,1
沒有缺點，因為來南部只會選擇這間,0,0,0,0,0,1,0,0,0,0,0,1,1
整體尚可,0,0,0,0,0,1,0,0,0,0,0,1,1
沒有不滿意的任何地方,0,0,0,0,0,1,0,0,0,0,0,1,1
找不到不喜歡的地方。 ,0,0,0,0,0,1,0,0,0,0,0,1,1
都還好，沒有不滿意的地方,0,0,0,0,0,1,0,0,0,0,0,1,1
好喜歡這家飯店,0,0,0,0,0,1,0,0,0,0,0,1,1
各方面佳,0,0,0,0,0,1,0,0,0,0,0,1,1
好難訂到飯店，實在是太熱銷了,0,0,0,0,0,1,0,0,0,0,0,1,1
這家旅店總是不會讓人失望！,0,0,0,0,0,1,0,0,0,0,0,1,1
對得起五星級的評價！,0,0,0,0,0,1,0,0,0,0,0,1,1
所有的一切都很好,0,0,0,0,0,1,0,0,0,0,0,1,1
玩得很開心,0,0,0,0,0,1,0,0,0,0,0,1,1
還算ok,0,0,0,0,0,1,0,0,0,0,0,1,1
很ok,0,0,0,0,0,1,0,0,0,0,0,1,1
用這個連結 送$400元住宿折扣,0,0,0,0,0,1,0,0,0,0,0,1,1
在這邊住了三四次了，每一次都很棒,0,0,0,0,0,1,0,0,0,0,0,1,1
整體還算不錯下次還會在考慮入住喔,0,0,0,0,0,1,0,0,0,0,0,1,1
完全沒有不好的點,0,0,0,0,0,1,0,0,0,0,0,1,1
全部都值得讚許,0,0,0,0,0,1,0,0,0,0,0,1,1
還好，目前沒有缺點。,0,0,0,0,0,1,0,0,0,0,0,1,1
優,0,0,0,0,0,1,0,0,0,0,0,1,1
棒,0,0,0,0,0,1,0,0,0,0,0,1,1
玩到睡著非常開心,0,0,0,0,0,1,0,0,0,0,0,1,1
美,0,0,0,0,0,1,0,0,0,0,0,1,1
nice,0,0,0,0,0,1,0,0,0,0,0,1,1
整體下來還算可以,0,0,0,0,0,1,0,0,0,0,0,1,1
出差很常住這間，整體都非常適合商務人士,0,0,0,0,0,1,0,0,0,0,0,1,1
尚可,0,0,0,0,0,1,0,0,0,0,0,1,2
適合家庭旅客,0,0,0,0,0,1,0,0,0,0,0,1,1
二位長輩讚不絕口啊,0,0,0,0,0,1,0,0,0,0,0,1,1
出差都會優先選擇這家旅店,0,0,0,0,0,1,0,0,0,0,0,1,1
如果只是單純休息，這家可以選,0,0,0,0,0,1,0,0,0,0,0,1,1
該有的不會少,0,0,0,0,0,1,0,0,0,0,0,1,1
還ok,0,0,0,0,0,1,0,0,0,0,0,1,1
高規格,0,0,0,0,0,1,0,0,0,0,0,1,1
還可以算好的,0,0,0,0,0,1,0,0,0,0,0,1,1
小孩說好就是好。。,0,0,0,0,0,1,0,0,0,0,0,1,1
不只大人開心，小孩也很開心，整體很棒,0,0,0,0,0,1,0,0,0,0,0,1,1
沒有不喜歡…,0,0,0,0,0,1,0,0,0,0,0,1,1
目前還找不到缺點,0,0,0,0,0,1,0,0,0,0,0,1,1
還沒想到任何不高興的點,0,0,0,0,0,1,0,0,0,0,0,1,1
整體來說沒有挑剔的地方,0,0,0,0,0,1,0,0,0,0,0,1,1
無敵好,0,0,0,0,0,1,0,0,0,0,0,1,1
之前住過逢甲館的mini hotels還不錯,0,0,0,0,0,1,0,0,0,0,0,1,1
住的日子實在過太快了，好像繼續住下去,0,0,0,0,0,1,0,0,0,0,0,1,1
沒不喜歡,0,0,0,0,0,1,0,0,0,0,0,1,1
很多小鮮肉好養眼 ,0,0,0,0,0,1,0,0,0,0,0,1,1
找不到缺點啦,0,0,0,0,0,1,0,0,0,0,0,1,1
如果再來，我會再次選擇這家的,0,0,0,0,0,1,0,0,0,0,0,1,1
沒有缺點，我知道自己的需求，已經滿足了我的需求,0,0,0,0,0,1,0,0,0,0,0,1,1
不過整體算滿意喔！,0,0,0,0,0,1,0,0,0,0,0,1,1
沒有不喜歡的事,0,0,0,0,0,1,0,0,0,0,0,1,1
有來花蓮會在住,0,0,0,0,0,1,0,0,0,0,0,1,1
非常好，毫無地方挑剔,0,0,0,0,0,1,0,0,0,0,0,1,1
各方面都很好 ,0,0,0,0,0,1,0,0,0,0,0,1,1
住宿滿意度高,0,0,0,0,0,1,0,0,0,0,0,1,1
整體還不錯，我給這家飯店相當高的分數,0,0,0,0,0,1,0,0,0,0,0,1,1
很棒的住宿經驗~ ,0,0,0,0,0,1,0,0,0,0,0,1,1
相當滿意這次的住宿,0,0,0,0,0,1,0,0,0,0,0,1,1
都不錯！,0,0,0,0,0,1,0,0,0,0,0,1,1
下次會再來，不管任何年齡層都很適合來住,0,0,0,0,0,1,0,0,0,0,0,1,1
超讚，一定要來這家住看看,0,0,0,0,0,1,0,0,0,0,0,1,1
整體都很棒，玩得很愉悅,0,0,0,0,0,1,0,0,0,0,0,1,1
Very good,0,0,0,0,0,1,0,0,0,0,0,1,1
非常值得入住的好地方,0,0,0,0,0,1,0,0,0,0,0,1,1
很好，絕對跟別人推薦,0,0,0,0,0,1,0,0,0,0,0,1,1
喜歡這邊所有的一切，都很好,0,0,0,0,0,1,0,0,0,0,0,1,1
都很好，沒有任何缺點，超級喜歡。,0,0,0,0,0,1,0,0,0,0,0,1,1
了不起，這家絕對給他推爆,0,0,0,0,0,1,0,0,0,0,0,1,1
一切都不錯，下次我要帶家人來玩,0,0,0,0,0,1,0,0,0,0,0,1,1
一級棒，讚不絕口!,0,0,0,0,0,1,0,0,0,0,0,1,1
一切都很好，真的很棒!,0,0,0,0,0,1,0,0,0,0,0,1,1
無可挑剔,0,0,0,0,0,1,0,0,0,0,0,1,1
去高雄必住的飯店 沒有之一,0,0,0,0,0,1,0,0,0,0,0,1,1
其他都很優秀,0,0,0,0,0,1,0,0,0,0,0,1,1
都很喜歡，沒有不喜歡的地方，很適合揪朋友來住,0,0,0,0,0,1,0,0,0,0,0,1,1
棒棒的。,0,0,0,0,0,1,0,0,0,0,0,1,1
很棒。只是本身時間太緊湊無法好好享用美食。,0,0,0,0,0,1,0,0,0,0,0,1,1
各方面優秀,0,0,0,0,0,1,0,0,0,0,0,1,1
是一個另人放鬆的好地方,0,0,0,0,0,1,0,0,0,0,0,1,1
整體感覺優,0,0,0,0,0,1,0,0,0,0,0,1,1
都很滿意,0,0,0,0,0,1,0,0,0,0,0,1,1
整體而言，非常滿意。會再入住,0,0,0,0,0,1,0,0,0,0,0,1,1
有在地特色,0,0,0,0,0,1,0,0,0,0,0,1,1
這家飯店各方面都很好再次會再入住讚!,0,0,0,0,0,1,0,0,0,0,0,1,1
整體來說不錯,0,0,0,0,0,1,0,0,0,0,0,1,1
渡假總是愉快的！由其是住在一個沒話說的飯店！只等待下次的再續！,0,0,0,0,0,1,0,0,0,0,0,1,1
感覺很簡單，旅遊時常常回住。,0,0,0,0,0,1,0,0,0,0,0,1,1
還蠻符合期待的,0,0,0,0,0,1,0,0,0,0,0,1,1
都A++,0,0,0,0,0,1,0,0,0,0,0,1,1
很好，簡單住很不錯,0,0,0,0,0,1,0,0,0,0,0,1,1
整體住宿品質不錯,0,0,0,0,0,1,0,0,0,0,0,1,1
整體感覺不錯,0,0,0,0,0,1,0,0,0,0,0,1,1
大致上很滿意,0,0,0,0,0,1,0,0,0,0,0,1,1
其他方面均好,0,0,0,0,0,1,0,0,0,0,0,1,1
整體來說都很好,0,0,0,0,0,1,0,0,0,0,0,1,1
都很不錯 ,0,0,0,0,0,1,0,0,0,0,0,1,1
一切都良好,0,0,0,0,0,1,0,0,0,0,0,1,1
大致上感覺不錯,0,0,0,0,0,1,0,0,0,0,0,1,1
很適合旅遊居住,0,0,0,0,0,1,0,0,0,0,0,1,1
10天內可以讓我住兩次，多棒體驗,0,0,0,0,0,1,0,0,0,0,0,1,1
口袋名單～以後就是住這一家了！,0,0,0,0,0,1,0,0,0,0,0,1,1
一切都很棒喔！！,0,0,0,0,0,1,0,0,0,0,0,1,1
因為喜歡，所以於“一個月左右”再次入住。,0,0,0,0,0,1,0,0,0,0,0,1,1
這次住 第三次 還是滿意,0,0,0,0,0,1,0,0,0,0,0,1,1
每到高雄不論是出差還是旅行，都會想到WO,0,0,0,0,0,1,0,0,0,0,0,1,1
與訂房網站上的照片一模模一樣樣，非常厲害,0,0,0,0,0,1,0,0,0,0,0,1,1
好，評價好的飯店,0,0,0,0,0,1,0,0,0,0,0,1,1
整體都很棒沒什麼可挑剔的,0,0,0,0,0,1,0,0,0,0,0,1,1
大置上都不錯,0,0,0,0,0,1,0,0,0,0,0,1,1
有回家的感覺,0,0,0,0,0,1,0,0,0,0,0,1,1
再到台中玩，還是會選擇這裡。,0,0,0,0,0,1,0,0,0,0,0,1,1
已列入下次入住名單,0,0,0,0,0,1,0,0,0,0,0,1,1
很棒的渡假村，適合有孩子的家庭,0,0,0,0,0,1,0,0,0,0,0,1,1
沒有不滿意地方,0,0,0,0,0,1,0,0,0,0,0,1,1
找不到缺點,0,0,0,0,0,1,0,0,0,0,0,1,1
目前並沒有感覺到不喜歡的地方,0,0,0,0,0,1,0,0,0,0,0,1,1
完全沒有缺點,0,0,0,0,0,1,0,0,0,0,0,1,1
我想不到有什麼不滿意,0,0,0,0,0,1,0,0,0,0,0,1,1
我找不到不滿意的地方,0,0,0,0,0,1,0,0,0,0,0,1,1
沒有太完美了,0,0,0,0,0,1,0,0,0,0,0,1,1
沒有不喜歡的地方,0,0,0,0,0,1,0,0,0,0,0,1,1
沒有不滿意的地方。,0,0,0,0,0,1,0,0,0,0,0,1,1
沒有任何不滿意,0,0,0,0,0,1,0,0,0,0,0,1,1
沒有不喜歡,0,0,0,0,0,1,0,0,0,0,0,1,1
沒有不喜歡的,0,0,0,0,0,1,0,0,0,0,0,1,1
沒有什麼不滿意,0,0,0,0,0,1,0,0,0,0,0,1,1
沒有不喜歡耶,0,0,0,0,0,1,0,0,0,0,0,1,1
以下資訊為  空間跟照片中的差不多有符合我的預期 ,0,0,0,0,0,1,0,0,0,0,0,1,1
到花蓮會再住宿！,0,0,0,0,0,1,0,0,0,0,0,1,1
整體還可以,0,0,0,0,0,1,0,0,0,0,0,1,1
尚算可以,0,0,0,0,0,1,0,0,0,0,0,1,1
 哦很多外國人可以多多交流 ,0,0,0,0,0,1,0,0,0,0,0,1,1
與照片長的一樣,0,0,0,0,0,1,0,0,0,0,0,1,1
適合有小孩的家庭來住宿玩樂,0,0,0,0,0,1,0,0,0,0,0,1,1
四人房的照片空間看起來真的比較大 ,0,0,0,0,0,1,0,0,0,0,0,1,1
除了茶包要去一樓大廳拿以外，沒有不喜歡,0,0,0,0,0,1,0,0,0,0,0,1,1
住起來還可以,0,0,0,0,0,1,0,0,0,0,0,1,1
飯店品質佳,0,0,0,0,0,1,0,0,0,0,0,1,1
大致可接受,0,0,0,0,0,1,0,0,0,0,0,1,1
住的還算滿意,0,0,0,0,0,1,0,0,0,0,0,1,1
這次住宿真的不錯,0,0,0,0,0,1,0,0,0,0,0,1,1
沒有不滿意,0,0,0,0,0,1,0,0,0,0,0,1,1
沒有特別不滿意的地方,0,0,0,0,0,1,0,0,0,0,0,1,1
晚上走廊的歌曲有點大聲 但除此之外其他都很棒,0,0,0,0,0,1,0,0,0,0,0,1,1
超級讚,0,0,0,0,0,1,0,0,0,0,0,1,1
滿意，希望中部以北也能有這家飯店,0,0,0,0,0,1,0,0,0,0,0,1,1
正逢假日人潮眾多，老爺行旅省去我們排隊停車的時間 ！,0,0,0,0,0,1,0,0,0,0,0,1,1
飯店的樓層有展覽,0,0,0,0,0,1,0,0,0,0,0,1,1
各項機能都很不錯,0,0,0,0,0,1,0,0,0,0,0,1,1
很滿意,0,0,0,0,0,1,0,0,0,0,0,1,1
一切都好,0,0,0,0,0,1,0,0,0,0,0,1,1
只有南部有分館，北部也要，快來！！！,0,0,0,0,0,1,0,0,0,0,0,1,1
各項都很好～,0,0,0,0,0,1,0,0,0,0,0,1,1
康橋品牌好的沒話說，完全滿意，只住過高雄跟台南赤崁，下次再去各地住住,0,0,0,0,0,1,0,0,0,0,0,1,1
各方面都符合入住期待是很棒的居住選擇,0,0,0,0,0,1,0,0,0,0,0,1,1
優質旅店 無可挑剔   ,0,0,0,0,0,1,0,0,0,0,0,1,1
真的有成全我的需求，覺得很滿意。,0,0,0,0,0,1,0,0,0,0,0,1,1
非常棒的住宿體驗，希望有機會住到不同的老爺酒店集團的其他飯店。,0,0,0,0,0,1,0,0,0,0,0,1,1
第二次入住了，滿意,0,0,0,0,0,1,0,0,0,0,0,1,1
各方面大致上都令人滿意。,0,0,0,0,0,1,0,0,0,0,0,1,1
這次住宿應該沒什麼好挑剔的,0,0,0,0,0,1,0,0,0,0,0,1,1
網站與照片長的一樣,0,0,0,0,0,1,0,0,0,0,0,1,1
有一些小缺陷而已還不至於到不滿意,0,0,0,0,0,1,0,0,0,0,0,1,1
沒有任何地方不滿意,0,0,0,0,0,1,0,0,0,0,0,1,1
基本上都很滿意,0,0,0,0,0,1,0,0,0,0,0,1,1
感覺都不錯,0,0,0,0,0,1,0,0,0,0,0,1,1
都很美好,0,0,0,0,0,1,0,0,0,0,0,1,1
都很滿意 ,0,0,0,0,0,1,0,0,0,0,0,1,1
一直都是桃園住宿首選，很讚。希望可以常常有優惠活動。,0,0,0,0,0,1,0,0,0,0,0,1,1
其他都不錯,0,0,0,0,0,1,0,0,0,0,0,1,1
很棒！,0,0,0,0,0,1,0,0,0,0,0,1,1
都很好，是優秀的motel，願意再去。,0,0,0,0,0,1,0,0,0,0,0,1,1
整體非常好 ,0,0,0,0,0,1,0,0,0,0,0,1,1
推！值得推薦,0,0,0,0,0,1,0,0,0,0,0,1,1
第二次入住，整體都不錯,0,0,0,0,0,1,0,0,0,0,0,1,1
大致上都很滿意 ,0,0,0,0,0,1,0,0,0,0,0,1,1
都好,0,0,0,0,0,1,0,0,0,0,0,1,1
其他都好,0,0,0,0,0,1,0,0,0,0,0,1,1
覺得很好,0,0,0,0,0,1,0,0,0,0,0,1,1
不錯,0,0,0,0,0,1,0,0,0,0,0,1,1
都不錯，值得入住,0,0,0,0,0,1,0,0,0,0,0,1,1
無論那個地方的城市商旅都是可以放心入住的好地方不會踩到奇怪的雷旅店,0,0,0,0,0,1,0,0,0,0,0,1,1
感覺不錯,0,0,0,0,0,1,0,0,0,0,0,1,1
超棒,0,0,0,0,0,1,0,0,0,0,0,1,1
符合期待,0,0,0,0,0,1,0,0,0,0,0,1,1
整體算滿分,0,0,0,0,0,1,0,0,0,0,0,1,1
整體的感覺上非常好,0,0,0,0,0,1,0,0,0,0,0,1,1
飯店的樓層有展覽這是比較特別的地方,0,0,0,0,0,1,0,0,0,0,0,1,1
比起上次入住時的經驗，這次好很多了！果然是上次入住的那間客房的問題！,0,0,0,0,0,1,0,0,0,0,0,1,1
很棒的飯店,0,0,0,0,0,1,0,0,0,0,0,1,1
整體而言很棒的,0,0,0,0,0,1,0,0,0,0,0,1,1
酒店整体可以,0,0,0,0,0,1,0,0,0,0,0,1,1
不影響住宿體驗,0,0,0,0,0,1,0,0,0,0,0,1,1
住宿者的品質都很好,0,0,0,0,0,1,0,0,0,0,0,1,1
好喜歡交誼廳的氣氛,0,0,0,0,0,1,0,0,0,0,0,1,1
如有再去 會再住,0,0,0,0,0,1,0,0,0,0,0,1,1
整體感覺很不錯！,0,0,0,0,0,1,0,0,0,0,0,1,1
氣氛非常好,0,0,0,0,0,1,0,0,0,0,0,1,1
除了這些以外都很好,0,0,0,0,0,1,0,0,0,0,0,1,1
入住第二次了，基本上跟第一次入住時的狀況一模一樣，沒什麼好挑剔的，。,0,0,0,0,0,1,0,0,0,0,0,1,1
已經住很多次了，很推薦大家來住唷！,0,0,0,0,0,1,0,0,0,0,0,1,1
從第一次入住過後就一直列入住房清單裡，也是每逢去台中必定會再訪的旅店！,0,0,0,0,0,1,0,0,0,0,0,1,1
品質也不錯,0,0,0,0,0,1,0,0,0,0,0,1,1
住宿品質不錯,0,0,0,0,0,1,0,0,0,0,0,1,1
很不錯呀,0,0,0,0,0,1,0,0,0,0,0,1,1
還不錯！一定要來的啦!!!!!,0,0,0,0,0,1,0,0,0,0,0,1,1
好,0,0,0,0,0,1,0,0,0,0,0,1,1
整體還滿意，我下次來的時候，會優先考慮這一間飯店。,0,0,0,0,0,1,0,0,0,0,0,1,1
住宿品質不錯。,0,0,0,0,0,1,0,0,0,0,0,1,1
好棒,0,0,0,0,0,1,0,0,0,0,0,1,1
整體來說都很不錯,0,0,0,0,0,1,0,0,0,0,0,1,1
斗六最好的汽車旅館,0,0,0,0,0,1,0,0,0,0,0,1,1
適合家庭,0,0,0,0,0,1,0,0,0,0,0,1,1
整體都覺得不錯，謝謝讓我們有滿意的感覺。,0,0,0,0,0,1,0,0,0,0,0,1,1
適合小孩,0,0,0,0,0,1,0,0,0,0,0,1,1
沒有特別不喜歡的地方,0,0,0,0,0,1,0,0,0,0,0,1,1
其他住宿方面都沒什麼好挑剔的,0,0,0,0,0,1,0,0,0,0,0,1,1
謝謝,0,0,0,0,0,1,0,0,0,0,0,1,1
還可以,0,0,0,0,0,1,0,0,0,0,0,1,1
Ok,0,0,0,0,0,1,0,0,0,0,0,1,1
沒有能說嘴的地方,0,0,0,0,0,1,0,0,0,0,0,1,1
暫時沒有問題,0,0,0,0,0,1,0,0,0,0,0,1,1
這次住，遇到的房客都很好很和善,0,0,0,0,0,1,0,0,0,0,0,1,1
我的房客都好好,0,0,0,0,0,1,0,0,0,0,0,1,1
晚上有Wo bar喝~~~,0,0,1,0,0,0,0,0,0,0,0,1,1
櫃台人員身上的味道好好聞,1,0,0,0,0,1,0,0,0,0,0,1,1
很多外國人來住這家飯店，如果喜歡跟別的國家的人交流，可以來住,0,0,0,0,0,1,0,0,0,0,0,2,2
整體不好不壞,0,0,0,0,0,1,0,0,0,0,0,2,2
整體普通,0,0,0,0,0,1,0,0,0,0,0,2,2
設計風格採用希臘式風格，喜歡的人可以來住住看,0,0,0,0,0,1,0,0,0,0,0,2,2
好的旅客帶你上天堂，壞的旅客帶你下地獄。,0,0,0,0,0,1,0,0,0,0,0,2,2
疫情期間應遵守防疫規範,0,0,0,0,0,1,0,0,0,0,0,2,2
還好，不算好也不算差,0,0,0,0,0,1,0,0,0,0,0,2,2
整體來說還可以算普通,0,0,0,0,0,1,0,0,0,0,0,2,2
算還行。,0,0,0,0,0,1,0,0,0,0,0,2,2
繼續保持,0,0,0,0,0,1,0,0,0,0,0,2,2
暫無意見,0,0,0,0,0,1,0,0,0,0,0,2,2
沒有意見,0,0,0,0,0,1,0,0,0,0,0,2,2
很普通的一家飯店,0,0,0,0,0,1,0,0,0,0,0,2,2
入住時需住客填寫防疫聲明書,0,0,0,0,0,1,0,0,0,0,0,2,2
疫情期間，在飯店餐廳都要戴上口罩,0,0,0,0,0,1,0,0,0,0,0,2,2
忘記拍房間的照片了 ,0,0,0,0,0,1,0,0,0,0,0,2,2
同上,0,0,0,0,0,1,0,0,0,0,0,2,2
無,0,0,0,0,0,1,0,0,0,0,0,2,2
沒有喔,0,0,0,0,0,1,0,0,0,0,0,2,2
全部皆普通,0,0,0,0,0,1,0,0,0,0,0,2,2
不好也不壞,0,0,0,0,0,1,0,0,0,0,0,2,2
還好,0,0,0,0,0,1,0,0,0,0,0,2,2
沒有優點和缺點,0,0,0,0,0,1,0,0,0,0,0,2,2
飯店的風格是工業風,0,0,0,0,0,1,0,0,0,0,0,2,2
建議可提前預約,0,0,0,0,0,1,0,0,0,0,0,2,2
普通,0,0,0,0,0,1,0,0,0,0,0,2,2
一般,0,0,0,0,0,1,0,0,0,0,0,2,2
普普通通拉,0,0,0,0,0,1,0,0,0,0,0,2,2
目前沒有甚麼可說的優缺點,0,0,0,0,0,1,0,0,0,0,0,2,2
上次入住是半年前的事情，這次入住蠻一般的,0,0,0,0,0,1,0,0,0,0,0,2,2
好像沒有耶,0,0,0,0,0,1,0,0,0,0,0,2,2
一樓有宗教活動祭拜行為，燒香。,0,0,0,0,0,1,0,0,0,0,0,2,2
沒有耶，我想不到要填甚麼,0,0,0,0,0,1,0,0,0,0,0,2,2
目前沒有想到要填甚麼意見,0,0,0,0,0,1,0,0,0,0,0,2,2
旅客須掃描實名制,0,0,0,0,0,1,0,0,0,0,0,2,2
住的人的素質很重要,0,0,0,0,0,1,0,0,0,0,0,2,2
沒有任何意見，不好也不壞吧,0,0,0,0,0,1,0,0,0,0,0,2,2
一般，普通的飯店,0,0,0,0,0,1,0,0,0,0,0,2,2
整體感覺就跟一般商旅差不多,0,0,0,0,0,1,0,0,0,0,0,2,2
中間的餐廳晚上十點之前可能會有團體ktv,0,0,0,0,0,1,0,0,0,0,0,2,2
牛奶水果需要放到前台另外放。,0,0,0,0,0,1,0,0,0,0,0,2,2
不知道該飯店是否有禁煙規定,0,0,0,0,0,1,0,0,0,0,0,2,2
帶比較小的孩子還是建議搭車前往,0,0,0,0,0,1,0,0,0,0,0,2,2
希望可以帶寵物,0,0,0,0,0,1,0,0,0,0,0,2,2
老客戶可以讓我方便訂房嗎？但是希望便宜一點   ,0,0,0,0,0,1,0,0,0,0,0,2,2
已經是第好幾次入住了，覺得飯店應該要有會員制度,0,0,0,0,0,1,0,0,0,0,0,2,2
如覺得房間不合適就直接退，網站上重新訂就可以,0,0,0,0,0,1,0,0,0,0,0,2,2
普普,0,0,0,0,0,1,0,0,0,0,0,2,2
有些家長就放任自己的小孩在交誼廳大吵大鬧的，也不管他人的感受,0,0,0,0,0,1,0,0,0,0,0,3,3
老人不太適合來住,0,0,0,0,0,1,0,0,0,0,0,3,3
樓上房客素質真的有夠差,0,0,0,0,0,1,0,0,0,0,0,3,3
雖然不是飯店的問題，但施工的聲音真的好大聲，想睡個午覺都沒辦法,0,0,0,0,0,1,0,0,0,0,0,3,3
有人未戴口罩,0,0,0,0,0,1,0,0,0,0,0,3,3
有個中年大叔半夜還在走廊上唱歌，吵死了,0,0,0,0,0,1,0,0,0,0,0,3,3
爛,0,0,0,0,0,1,0,0,0,0,0,3,3
其他旅客行為不太好,0,0,0,0,0,1,0,0,0,0,0,3,3
都不好…,0,0,0,0,0,1,0,0,0,0,0,3,3
下鋪客人很吵欸,0,0,0,0,0,1,0,0,0,0,0,3,3
有人抽菸真的很缺德,0,0,0,0,0,1,0,0,0,0,0,3,3
沒品的隔壁房客，大吵大鬧的吵死人,0,0,0,0,0,1,0,0,0,0,0,3,3
半夜有人在亂敲門,0,0,0,0,0,1,0,0,0,0,0,3,3
這家飯店我打個大大的問號,0,0,0,0,0,1,0,0,0,0,0,3,3
別人的寵物亂大便,0,0,0,0,0,1,0,0,0,0,0,3,3
不ok,0,0,0,0,0,1,0,0,0,0,0,3,3
還好，只是有點小遺憾,0,0,0,0,0,1,0,0,0,0,0,3,3
因為疫情關係，也不太敢放心玩。,0,0,0,0,0,1,0,0,0,0,0,3,3
整體體驗很差,0,0,0,0,0,1,0,0,0,0,0,3,3
應該可以在更好,0,0,0,0,0,1,0,0,0,0,0,3,3
沒意思 無聊,0,0,0,0,0,1,0,0,0,0,0,3,3
沒有任何的優點可以說,0,0,0,0,0,1,0,0,0,0,0,3,3
爛透了,0,0,0,0,0,1,0,0,0,0,0,3,3
不好，整體感受很差,0,0,0,0,0,1,0,0,0,0,0,3,3
不滿意,0,0,0,0,0,1,0,0,0,0,0,3,3
沒有喜歡的點可以說，爛，不會再來了,0,0,0,0,0,1,0,0,0,0,0,3,3
不好說，勸各位不要來,0,0,0,0,0,1,0,0,0,0,0,3,3
想不起來有甚麼可以寫的優點,0,0,0,0,0,1,0,0,0,0,0,3,3
有人抽菸,0,0,0,0,0,1,0,0,0,0,0,3,3
太難訂房了這次只好住別的地方,0,0,0,0,0,1,0,0,0,0,0,3,3
找不到優點可以寫上去,0,0,0,0,0,1,0,0,0,0,0,3,3
這次太多人住一間，別人的腳味實在太重,0,0,0,0,0,1,0,0,0,0,0,3,3
愧對五星級的評價了,0,0,0,0,0,1,0,0,0,0,0,3,3
奇怪的住房規定,0,0,0,0,0,1,0,0,0,0,0,3,3
實在不好說，哀 不予置評吧,0,0,0,0,0,1,0,0,0,0,0,3,3
小小缺點,0,0,0,0,0,1,0,0,0,0,0,3,3
好像有該改善的點,0,0,0,0,0,1,0,0,0,0,0,3,3
別房的小孩很吵,0,0,0,0,0,1,0,0,0,0,0,3,3
太沉 ,0,0,0,0,0,1,0,0,0,0,0,3,3
就上述的問題嘍，好好改善,0,0,0,0,0,1,0,0,0,0,0,3,3
二樓房客太吵,0,0,0,0,0,1,0,0,0,0,0,3,3
怪裡怪氣,0,0,0,0,0,1,0,0,0,0,0,3,3
半夜隔壁房間的跑出來大叫，令人心生畏懼,0,0,0,0,0,1,0,0,0,0,0,3,3
沒有滿意的的地方！,0,0,0,0,0,1,0,0,0,0,0,3,3
沒有地方滿意,0,0,0,0,0,1,0,0,0,0,0,3,3
半夜一直有聲響到早上,0,0,0,0,0,1,0,0,0,0,0,3,3
早上6點多小孩子跑來跑去嬉笑打鬧,0,0,0,0,0,1,0,0,0,0,0,3,3
三經半夜有狗叫聲(有住宿民眾帶狗,0,0,0,0,0,1,0,0,0,0,0,3,3
半夜還有小朋友在圖書室玩耍尖叫,0,0,0,0,0,1,0,0,0,0,0,3,3
在二樓吃東西還有房客在大聲喧嘩做運動真傻眼,0,0,0,0,0,1,0,0,0,0,0,3,3
沒有宜蘭館優,0,0,0,0,0,1,0,0,0,0,0,3,3
改善空間大,0,0,0,0,0,1,0,0,0,0,0,3,3
跟第一次住差太多完全沒有滿意的地方,0,0,0,0,0,1,0,0,0,0,0,3,3
沒有滿意,0,0,0,0,0,1,0,0,0,0,0,3,3
沒喜歡,0,0,0,0,0,1,0,0,0,0,0,3,3
完全沒有一點令人真心想稱讚,0,0,0,0,0,1,0,0,0,0,0,3,3
沒有任何優點。,0,0,0,0,0,1,0,0,0,0,0,3,3
糟糕，沒有喜歡的地方,0,0,0,0,0,1,0,0,0,0,0,3,3
沒有滿意的的地方,0,0,0,0,0,1,0,0,0,0,0,3,3
半夜還是有很多年輕人關門很大聲,0,0,0,0,0,1,0,0,0,0,0,3,3
早上時小孩在樓上聽的一清二楚，有點吵,0,0,0,0,0,1,0,0,0,0,0,3,3
暫放行李的地方可以自由出入，雖說有監視器，但真遺失物品的話，大概也很難追回。,0,0,0,0,0,1,0,0,0,0,0,3,3
同層的住客經常於深夜及清晨在走廊上大聲聊天。,0,0,0,0,0,1,0,0,0,0,0,3,3
睡到半夜聽到樓上有敲地板的聲音,0,0,0,0,0,1,0,0,0,0,0,3,3
清晨陸續用餐人潮湧現，吵雜聲的確擾人清夢。,0,0,0,0,0,1,0,0,0,0,0,3,3
旁邊的住戶是小孩瘋狂跑跳吵鬧有點想哭,0,0,0,0,0,1,0,0,0,0,0,3,3
旅行團吵鬧聲大,0,0,0,0,0,1,0,0,0,0,0,3,3
到小灣沙灘施工現場經過感覺不好,0,0,0,0,0,1,0,0,0,0,0,3,3
隔壁的女房客們很吵，三更半夜還在嘻嘻哈哈，雖然應該是每間房間都有貼「請勿大聲喧嘩」，但我覺得一點用都沒有,0,0,0,0,0,1,0,0,0,0,0,3,3
全館禁菸，卻還是能在房內聞到濃厚菸味，代表有房客偷抽菸。,0,0,0,0,0,1,0,0,0,0,0,3,3
鄰居太吵,0,0,0,0,0,1,0,0,0,0,0,3,3
裡面住的人怪裡怪氣,0,0,0,0,0,1,0,0,0,0,0,3,3
隔壁阿姨團，講話都用吼的，ㄧ早就被吵醒。,0,0,0,0,0,1,0,0,0,0,0,3,3
被吵到直接醒來,0,0,0,0,0,1,0,0,0,0,0,3,3
有旅客未戴口罩,0,0,0,0,0,1,0,0,0,0,0,3,3
飯店前身趣旅館時就住過，那時候的經驗不錯，但這次令人非常失望,0,0,0,0,0,1,0,0,0,0,0,3,3
傳來很重的煙味，懷疑其他房客在房間偷抽煙,0,0,0,0,0,1,0,0,0,0,0,3,3
可惜這次因為疫情關係，只能回房用餐,0,0,0,0,0,1,0,0,0,0,0,3,3
還有進步空間,0,0,0,0,0,1,0,0,0,0,0,3,3
建議所有早餐取菜時應戴口罩,0,0,0,0,0,1,0,0,0,0,0,3,3
以前check in有看過來休息的，建議不要開放休息，入住旅客會比較複雜，純住宿的飯店會比較單純。,0,0,0,0,0,1,0,0,0,0,0,3,3
建議其他有小孩家長，一早七點出門吃早餐時，請注意其他房客還在睡覺，大聲講話大步奔跑叫人起床並不恰當,0,0,0,0,0,1,0,0,0,0,0,3,3
吵到其他人，建議住宿多晚者和僅住一夜者可以分開。,0,0,0,0,0,1,0,0,0,0,0,3,3
建議抽煙去一樓抽就好，不然洗完的衣服上面都會有煙味,0,0,0,0,0,1,0,0,0,0,0,3,3
如果你遇到有愛心的人，保證你一路好眠但如果運氣不好跟我一樣運氣不好，,0,0,0,0,0,1,0,0,0,0,0,3,3
停車費也不便宜,0,0,0,0,0,1,0,0,0,0,0,3,3
房客盡量別抽菸會有煙味。,0,0,0,0,0,1,0,0,0,0,0,3,3
飯店是禁菸的所以有房客在房間偷抽煙讓其他間房間有煙味，也沒有辦法。,0,0,0,0,0,1,0,0,0,0,0,3,3
這週早餐太多人了。排隊太多人,0,0,0,0,0,1,0,0,0,0,0,3,3
如果走廊有其他旅客聲量很大會聽的到，但不是隔音的問題,0,0,0,0,0,1,0,0,0,0,0,3,3
空氣品質尚可，有淡淡的煙味，可能是有其他房客在抽煙,0,0,0,0,0,1,0,0,0,0,0,3,3
希望主管如果要「指導」員工時，可以不要在公共場合希望能調整一下,0,0,0,0,0,1,0,0,0,0,0,3,3
早餐人有一點多。,0,0,0,0,0,1,0,0,0,0,0,3,3
隔壁的房客過吵 但這不是旅館的問題,0,0,0,0,0,1,0,0,0,0,0,3,3
同層樓有其他房客抽煙，煙味會從廁所抽風機瀰漫到整個房間。,0,0,0,0,0,1,0,0,0,0,0,3,3
當初入住房間在十樓，該樓層有人抽菸，菸味濃厚,0,0,0,0,0,1,0,0,0,0,0,3,3
當天半夜有房客數次關門用力很大聲半夜兩點多這些房客還一直不停說話挺擾眠的,0,0,0,0,0,1,0,0,0,0,0,3,3
評論沒跑出來！！,0,0,0,0,0,1,0,0,0,0,0,3,3
被亂按了幾下門鈴，還好小朋友還沒睡，不然就被吵醒了。,0,0,0,0,0,1,0,0,0,0,0,3,3
其他旅客在房抽煙,0,0,0,0,0,1,0,0,0,0,0,3,3
都不喜歡,0,0,0,0,0,1,0,0,0,0,0,3,3
飯店觀感不佳！,0,0,0,0,0,1,0,0,0,0,0,3,3
附近房客講電話很大聲，沒有人想聽情侶分手互罵好嗎,0,0,0,0,0,1,0,0,0,0,0,3,3
以前住的時候都是女生環境比較安全簡單，現在有男生感覺很不安全，半夜了聲音還是很大聲男生走來走去感覺很不安全,0,0,0,0,0,1,0,0,0,0,0,3,3
隔壁住客在廁所或房間抽菸，菸味飄飄，四通八達，整夜難以入睡。,0,0,0,0,0,1,0,0,0,0,0,3,3
隔壁每天從早吵到晚吵死了，而且還在房里狂抽菸，搞不好就是他觸動警報器的，都是住客問題啦。,0,0,0,0,0,1,0,0,0,0,0,3,3
沒有隱私說是無人自動入住卻有個吵雜的清潔人員,0,0,0,0,0,1,0,0,0,0,0,3,3
住客吞雲吐霧太嚴重,0,0,0,0,0,1,0,0,0,0,0,3,3
全棟禁菸，但是還是有人抽菸經過空調傳到房間來算房客素質問題,0,0,0,0,0,1,0,0,0,0,0,3,3
住過七賢館以後，分店有很多不足的地方需要跟進,0,0,0,0,0,1,0,0,0,0,0,3,3
很可惜這次入住遇到沒有乖乖遵守禁煙規定的客人，走出房外到走廊就聞到濃濃的煙味，讓我有點驚訝居然有人在商旅裡面抽煙，有點打壞了我對商旅住宿品質控管的好印象。希望商旅這邊可以再嚴格一點禁止客人在裡面抽煙，真心不喜歡煙味啊。,0,0,0,0,0,1,0,0,0,0,0,3,3
這次因有小朋友學生團體入住較吵雜,0,0,0,0,0,1,0,0,0,0,0,3,3
較不適合家庭入住，傳統長者可能會有諸多不適應，例如按鍵的功能 ,0,0,0,0,0,1,0,0,0,0,0,3,3
團體入住導致環境吵雜用餐需等候很久,0,0,0,0,0,1,0,0,0,0,0,3,3
早餐區吵雜，純屬他人問題,0,0,0,0,0,1,0,0,0,0,0,3,3
有住戶在室內吸煙，污染房間空氣。,0,0,0,0,0,1,0,0,0,0,0,3,3
這次台南的旅遊住房並沒有達到預期。有些失望,0,0,0,0,0,1,0,0,0,0,0,3,3
對環境安全不夠嚴謹,0,0,0,0,0,1,0,0,0,0,0,3,3
唯一可惜的是自從一樓的餐廳換了業者之後就不曾下樓享用早餐了,0,0,0,0,0,1,0,0,0,0,0,3,3
那個煙味不知道怎麼說，我以為我會習慣，早上因為煙味醒來！太誇張！最後戴口罩繼續睡！,0,0,0,0,0,1,0,0,0,0,0,3,3
半夜聽到附近唱歌以及聞到煙味。,0,0,0,0,0,1,0,0,0,0,0,3,3
全部都要改善,0,0,0,0,0,1,0,0,0,0,0,3,3
房客會故意吵人,0,0,0,0,0,1,0,0,0,0,0,3,3
四點到五點外面一直有人在開抽屜關抽屜，擰水的聲音，完全無法睡覺,0,0,0,0,0,1,0,0,0,0,0,3,3
旁邊還有一堆無所事事的中年人在玩遊戲機每次出入就盯著你看，感覺非常不舒服，而且覺得危險，會產生很大的不安全感。商旅本身很適合兩人同行的旅客，或單身男生。,0,0,0,0,0,1,0,0,0,0,0,3,3
自己睡太晚，可惜這期間沒能吃到早餐,0,0,0,0,0,1,0,0,0,0,0,3,3
吃到一半，遇到有些客人在用餐區咳嗽也不遮，真的是感覺ooxx本想再去取餐，直接放棄,0,0,0,0,0,1,0,0,0,0,0,3,3
回家就沒有懶骨頭可以躺了 ,0,0,0,0,0,1,0,0,0,0,0,3,3
哀…,0,0,0,0,0,1,0,0,0,0,0,3,3
當天睡到早上九點，但是大概早上七八點，就有聽到外面在使用吸塵器的聲音，有點干擾睡眠。,0,0,0,0,0,1,0,0,0,0,0,3,3
隔壁太嗨很吵,0,0,0,0,0,1,0,0,0,0,0,3,3
被走廊的孩童哭聲和說話聲吵醒,0,0,0,0,0,1,0,0,0,0,0,3,3
旁邊還有一堆無所事事的中年人在玩遊戲機每次出入就盯著你看，感覺非常不舒服,0,0,0,0,0,1,0,0,0,0,0,3,3
隔壁小孩很吵還好還沒睡覺。,0,0,0,0,0,1,0,0,0,0,0,3,3
已無其他優點。,0,0,0,0,0,1,0,0,0,0,0,3,3
 恐影響旅人,0,0,0,0,0,1,0,0,0,0,0,3,3
 恐影響旅人睡眠品質，希改善！,0,0,0,0,0,1,0,0,0,0,0,3,3
要遇到好的同房旅客真的要上輩子燒好香，可見我不是那一個。,0,0,0,0,0,1,0,0,0,0,0,3,3
抽菸,0,0,0,0,0,1,0,0,0,0,0,3,3
抽煙,0,0,0,0,0,1,0,0,0,0,0,3,3
房間內到半夜.3點都還能聽到類似KTV等其他樓層歌唱聲 ,0,0,0,0,0,1,0,0,0,0,0,3,3
太吵了公民素質太差,0,0,0,0,0,1,0,0,0,0,0,3,3
半夜有人一直狂按隔壁電鈴,0,0,0,0,0,1,0,0,0,0,0,3,3
 隔壁不知道開趴還怎樣一直撞牆壁  蹦蹦蹦的,0,0,0,0,0,1,0,0,0,0,0,3,3
住的背包客房，第一次給的床位居然有人睡錯位置；同間的室友品行不太好，半夜兩點還在浴室聽音樂,0,0,0,0,0,1,0,0,0,0,0,3,3
完全不想入住要下訂的人要三思,0,0,0,0,0,1,0,0,0,0,0,3,3
整體感覺超差。,0,0,0,0,0,1,0,0,0,0,0,3,3
其他客人的聲音好吵,0,0,0,0,0,1,0,0,0,0,0,3,3
煙味真的是讓人很不舒服啊，但這跟住的人有很大的關係,0,0,0,0,0,1,0,0,0,0,0,3,3
有其他房間的客人吸煙，透過管線飄散至當天住宿的房間，造成空氣品質很差，應該要規定房間內禁煙才可以,0,0,0,0,0,1,0,0,0,0,0,3,3
凌晨有人在剁豬肉，半夜還有年青人在樓下聊天，睡的很槽,0,0,0,0,0,1,0,0,0,0,0,3,3
無讚許的地方,0,0,0,0,0,1,0,0,0,0,0,3,3
大嬸直接在夾菜時打噴嚏，看了實在沒食慾。,0,0,0,0,0,1,0,0,0,0,0,3,3
有改善的空間,0,0,0,0,0,1,0,0,0,0,0,3,3
入住當天有很多參加隔天比賽的學生，精力太充沛了，在樓上早也跳晚也跳很吵。,0,0,0,0,0,1,0,0,0,0,0,3,3
各方面品質有待提升,0,0,0,0,0,1,0,0,0,0,0,3,3
記然是疫情嚴重，早餐為何還在餐廳聚集用餐，因為用餐都會脫下口罩，然後再次挾菜，這樣很不安全，應該讓旅客進餐廳口罩不脫下，然後打包回房間吃會比較安全，不是嗎？,0,0,0,0,0,1,0,0,0,0,0,3,3
請問心得寫上～會出事嗎？實在是有苦難言，而且如果旅館封禁我怎麼辦，很想感言～該如何呢？,0,0,0,0,0,1,0,0,0,0,0,3,3
都半夜又、二點了還有人在走廊跑來跑去、還在喊,0,0,0,0,0,1,0,0,0,0,0,3,3
沒有喜歡,0,0,0,0,0,1,0,0,0,0,0,3,3
這是美中不足的地方。,0,0,0,0,0,1,0,0,0,0,0,3,3
房客品質有待加強。,0,0,0,0,0,1,0,0,0,0,0,3,3
其他客人的大聲喧嘩真的很吵,0,0,0,0,0,1,0,0,0,0,0,3,3
其他客人的行為令人髮指,0,0,0,0,0,1,0,0,0,0,0,3,3
其他客人說話太大聲有夠吵,0,0,0,0,0,1,0,0,0,0,0,3,3
其他旅客的鞋子味道好臭,0,0,0,0,0,1,0,0,0,0,0,3,3
其他旅客的衛生不太好，也沒顧慮到其他人在，一直自顧自地講電話，講了好久，都半夜了。,0,0,0,0,0,1,0,0,0,0,0,3,3
其他入住房客一直不睡覺在那邊吵來吵去,0,0,0,0,0,1,0,0,0,0,0,3,3
其他旅客的手機鈴聲有夠大聲，是都不讓人睡覺是不是,0,0,0,0,0,1,0,0,0,0,0,3,3
要遇到好的旅客真的不容易欸，這幾天遇到的都是一群不會看別人臉色的，半夜仍在喧嘩，完全沒再顧慮他人,0,0,0,0,0,1,0,0,0,0,0,3,3
有人一直在別人房門前亂敲人,0,0,0,0,0,1,0,0,0,0,0,3,3
其他客人在吃早餐的時候，大肆大聲聊天，已打擾到早餐時光。,0,0,0,0,0,1,0,0,0,0,0,3,3
有其他客人在大廳大吵大鬧的，觀感實在不佳。,0,0,0,0,0,1,0,0,0,0,0,3,3
小孩和老人都很適合來住，CP值還不錯,0,0,0,0,1,0,0,0,0,0,1,0,1
價格值得,0,0,0,0,1,0,0,0,0,0,1,0,1
錢花得很值得，還會再來,0,0,0,0,1,0,0,0,0,0,1,0,1
物超所值,0,0,0,0,1,0,0,0,0,0,1,0,1
CP值很高的飯店,0,0,0,0,1,0,0,0,0,0,1,0,1
便宜，cp值高,0,0,0,0,1,0,0,0,0,0,1,0,1
價格也很合理,0,0,0,0,1,0,0,0,0,0,1,0,1
價格實惠,0,0,0,0,1,0,0,0,0,0,1,0,1
cp值中高,0,0,0,0,1,0,0,0,0,0,1,0,1
價格實惠、CP值很高,0,0,0,0,1,0,0,0,0,0,1,0,1
價格不錯,0,0,0,0,1,0,0,0,0,0,1,0,1
這個價錢CP值算很高,0,0,0,0,1,0,0,0,0,0,1,0,1
便宜的價格,0,0,0,0,1,0,0,0,0,0,1,0,1
Cp值很高 平日很適合住 更適合當連假前的中繼站,0,0,0,0,1,0,0,0,0,0,1,0,1
CP值高,0,0,0,0,1,0,0,0,0,0,1,0,1
價錢非常非常合理,0,0,0,0,1,0,0,0,0,0,1,0,1
價格較便宜,0,0,0,0,1,0,0,0,0,0,1,0,1
房價便宜，性價比高,0,0,0,0,1,0,0,0,0,0,1,0,1
房價很親民,0,0,0,0,1,0,0,0,0,0,1,0,1
性價比高,0,0,0,0,1,0,0,0,0,0,1,0,1
以這個價位來說算是非常優秀的下次還會再來,0,0,0,0,1,0,0,0,0,0,1,0,1
平價、性比價高,0,0,0,0,1,0,0,0,0,0,1,0,1
物超所值，再來花蓮一定回住的。,0,0,0,0,1,0,0,0,0,0,1,0,1
價錢合理,0,0,0,0,1,0,0,0,0,0,1,0,1
價錢親民,0,0,0,0,1,0,0,0,0,0,1,0,1
價格划算,0,0,0,0,1,0,0,0,0,0,1,0,1
性價比非常高的住宿經驗！,0,0,0,0,1,0,0,0,0,0,1,0,1
性價比相當不錯。,0,0,0,0,1,0,0,0,0,0,1,0,1
價錢合宜！,0,0,0,0,1,0,0,0,0,0,1,0,1
cp值相當的高,0,0,0,0,1,0,0,0,0,0,1,0,1
物超所質，價位不高，頗為親民,0,0,0,0,1,0,0,0,0,0,1,0,1
CP值高，值得推薦,0,0,0,0,1,0,0,0,0,0,1,0,1
價格便宜,0,0,0,0,1,0,0,0,0,0,1,0,1
不可思議的價格配上如此高級的規格,0,0,0,0,1,0,0,0,0,0,1,0,1
C/P值頗高,0,0,0,0,1,0,0,0,0,0,1,0,1
經濟實惠的旅館,0,0,0,0,1,0,0,0,0,0,1,0,1
房價便宜,0,0,0,0,1,0,0,0,0,0,1,0,1
以出差而言性價比高,0,0,0,0,1,0,0,0,0,0,1,0,1
真的cp值很高！,0,0,0,0,1,0,0,0,0,0,1,0,1
高CP值,0,0,0,0,1,0,0,0,0,0,1,0,1
就價位而言，也沒什麼好挑剔的,0,0,0,0,1,0,0,0,0,0,1,0,1
以這個價位而言，算是不錯的旅店。,0,0,0,0,1,0,0,0,0,0,1,0,1
C P值很高,0,0,0,0,1,0,0,0,0,0,1,0,1
經濟實惠,0,0,0,0,1,0,0,0,0,0,1,0,1
性價比高，物超所值,0,0,0,0,1,0,0,0,0,0,1,0,1
價格合理,0,0,0,0,1,0,0,0,0,0,1,0,1
很划算阿,0,0,0,0,1,0,0,0,0,0,1,0,1
Cp值很高,0,0,0,0,1,0,0,0,0,0,1,0,1
cp 值算不錯,0,0,0,0,1,0,0,0,0,0,1,0,1
物超所值 非常棒 用心,0,0,0,0,1,0,0,0,0,0,1,0,1
很物超所值的一間飯店！,0,0,0,0,1,0,0,0,0,0,1,0,1
值回票價,0,0,0,0,1,0,0,0,0,0,1,0,1
價格還可以,0,0,0,0,1,0,0,0,0,0,1,0,1
價格ok,0,0,0,0,1,0,0,0,0,0,1,0,1
性價比尚可,0,0,0,0,1,0,0,0,0,0,1,0,1
cp 值還算可以接受,0,0,0,0,1,0,0,0,0,0,1,0,1
性價比還可以,0,0,0,0,1,0,0,0,0,0,1,0,1
性價比還算可以,0,0,0,0,1,0,0,0,0,0,1,0,1
房價尚可,0,0,0,0,1,0,0,0,0,0,1,0,1
價錢尚可,0,0,0,0,1,0,0,0,0,0,1,0,1
價錢還算可以接受,0,0,0,0,1,0,0,0,0,0,1,0,1
個人覺得cp值很高推推,0,0,0,0,1,0,0,0,0,0,1,0,1
各方面都很好，cp值極高,0,0,0,0,1,0,0,0,0,0,1,0,1
cp值不錯,0,0,0,0,1,0,0,0,0,0,1,0,1
cp值高。已入口袋名單,0,0,0,0,1,0,0,0,0,0,1,0,1
cp質高,0,0,0,0,1,0,0,0,0,0,1,0,1
非常棒！物超所值,0,0,0,0,1,0,0,0,0,0,1,0,1
價廉物美,0,0,0,0,1,0,0,0,0,0,1,0,1
cp值超高的旅館！下次去台中玩還會想住,0,0,0,0,1,0,0,0,0,0,1,0,1
性價比超高,0,0,0,0,1,0,0,0,0,0,1,0,1
這種價位想不出有什麼不滿意！,0,0,0,0,1,0,0,0,0,0,1,0,1
價錢還算可以,0,0,0,0,1,0,0,0,0,0,1,0,1
cp值尚可,0,0,0,0,1,0,0,0,0,0,1,0,1
整體都很滿意?cp值超高 ,0,0,0,0,1,0,0,0,0,0,1,0,1
cp值超高,0,0,0,0,1,0,0,0,0,0,1,0,1
這個價格所以都算在能接受的範圍,0,0,0,0,1,0,0,0,0,0,1,0,1
年假期間，房價雖漲但仍屬較為低價的旅社。,0,0,0,0,1,0,0,0,0,0,1,0,1
四人房的房價才兩千多，真的不貴,0,0,0,0,1,0,0,0,0,0,1,0,1
價錢還算能接受的範圍,0,0,0,0,1,0,0,0,0,0,1,0,1
性價比還行,0,0,0,0,1,0,0,0,0,0,2,0,2
性價比還算能接受,0,0,0,0,1,0,0,0,0,0,1,0,1
價格還算能接受,0,0,0,0,1,0,0,0,0,0,1,0,1
價格OK還行,0,0,0,0,1,0,0,0,0,0,1,0,1
價錢還行,0,0,0,0,1,0,0,0,0,0,2,0,2
cp值還算可以,0,0,0,0,1,0,0,0,0,0,1,0,1
cp值還行,0,0,0,0,1,0,0,0,0,0,2,0,2
已這個房價算OK,0,0,0,0,1,0,0,0,0,0,1,0,1
這個房價還算可以接受,0,0,0,0,1,0,0,0,0,0,1,0,1
房價性價比還行,0,0,0,0,1,0,0,0,0,0,2,0,2
房價還算行,0,0,0,0,1,0,0,0,0,0,1,0,1
性價比還算能接受的範圍,0,0,0,0,1,0,0,0,0,0,1,0,1
價格還OK,0,0,0,0,1,0,0,0,0,0,1,0,1
價格我個人能接受,0,0,0,0,1,0,0,0,0,0,1,0,1
cp值還可以,0,0,0,0,1,0,0,0,0,0,1,0,1
CP 值尚可,0,0,0,0,1,0,0,0,0,0,1,0,1
性價比還ok,0,0,0,0,1,0,0,0,0,0,1,0,1
還算可以接受的價錢,0,0,0,0,1,0,0,0,0,0,1,0,1
普通的價錢一般人能接受,0,0,0,0,1,0,0,0,0,0,1,0,1
能接受的價位,0,0,0,0,1,0,0,0,0,0,1,0,1
房價還算可以,0,0,0,0,1,0,0,0,0,0,1,0,1
房價還行拉,0,0,0,0,1,0,0,0,0,0,2,0,2
房價還ok,0,0,0,0,1,0,0,0,0,0,1,0,1
價錢個人覺得ok,0,0,0,0,1,0,0,0,0,0,1,0,1
價錢的部分還算可以剛剛好,0,0,0,0,1,0,0,0,0,0,1,0,1
性價比非常高，適合指湊合湊合睡一晚趕車的人,0,0,0,0,1,0,0,0,0,0,1,0,1
cp值超高！,0,0,0,0,1,0,0,0,0,0,1,0,1
非常好。經濟實惠,0,0,0,0,1,0,0,0,0,0,1,0,1
cp值很不錯,0,0,0,0,1,0,0,0,0,0,1,0,1
cp值很高！,0,0,0,0,1,0,0,0,0,0,1,0,1
cp值很高的一個住宿！,0,0,0,0,1,0,0,0,0,0,1,0,1
cp值優,0,0,0,0,1,0,0,0,0,0,1,0,1
cp 值好,0,0,0,0,1,0,0,0,0,0,1,0,1
cp值佳,0,0,0,0,1,0,0,0,0,0,1,0,1
價格優惠,0,0,0,0,1,0,0,0,0,0,1,0,1
房價超值,0,0,0,0,1,0,0,0,0,0,1,0,1
價格平民、親民,0,0,0,0,1,0,0,0,0,0,1,0,1
價格親民,0,0,0,0,1,0,0,0,0,0,1,0,1
便宜的價格，性價比高,0,0,0,0,1,0,0,0,0,0,1,0,1
cp值讚讚的,0,0,0,0,1,0,0,0,0,0,1,0,1
價格相當好，體驗不錯,0,0,0,0,1,0,0,0,0,0,1,0,1
房價好，整體不錯,0,0,0,0,1,0,0,0,0,0,1,0,1
cp值配得上三星級,0,0,0,0,1,0,0,0,0,0,1,0,1
cp值配得上四星級,0,0,0,0,1,0,0,0,0,0,1,0,1
cp值配得上五星級,0,0,0,0,1,0,0,0,0,0,1,0,1
cp值實在好啊,0,0,0,0,1,0,0,0,0,0,1,0,1
性價比佳,0,0,0,0,1,0,0,0,0,0,1,0,1
性價比好,0,0,0,0,1,0,0,0,0,0,1,0,1
性價比優,0,0,0,0,1,0,0,0,0,0,1,0,1
性價比相當讚,0,0,0,0,1,0,0,0,0,0,1,0,1
價格超值，還會來住,0,0,0,0,1,0,0,0,0,0,1,0,1
物超所值、cp值好,0,0,0,0,1,0,0,0,0,0,1,0,1
相當好的cp值,0,0,0,0,1,0,0,0,0,0,1,0,1
cp值讓人無話可說，太超值了,0,0,0,0,1,0,0,0,0,0,1,0,1
cp值讓人驚艷,0,0,0,0,1,0,0,0,0,0,1,0,1
cp值好到不能再好,0,0,0,0,1,0,0,0,0,0,1,0,1
cp值優秀,0,0,0,0,1,0,0,0,0,0,1,0,1
cp值超佳,0,0,0,0,1,0,0,0,0,0,1,0,1
性價比好啊,0,0,0,0,1,0,0,0,0,0,1,0,1
價格真的超級便宜，還會再來住的,0,0,0,0,1,0,0,0,0,0,1,0,1
cp值剛好及格,0,0,0,0,1,0,0,0,0,0,1,0,1
還算能接受的價格,0,0,0,0,1,0,0,0,0,0,1,0,1
尚可的性價比,0,0,0,0,1,0,0,0,0,0,1,0,1
尚可的價錢,0,0,0,0,1,0,0,0,0,0,1,0,1
尚可的房價,0,0,0,0,1,0,0,0,0,0,1,0,1
尚可的cp值,0,0,0,0,1,0,0,0,0,0,1,0,1
還算過得去的cp值,0,0,0,0,1,0,0,0,0,0,1,0,1
價錢還算OK,0,0,0,0,1,0,0,0,0,0,1,0,1
房價還算OK,0,0,0,0,1,0,0,0,0,0,1,0,1
性價比還算OK,0,0,0,0,1,0,0,0,0,0,1,0,1
cp值還算OK,0,0,0,0,1,0,0,0,0,0,1,0,1
這個價錢，大部分人都可以接受,0,0,0,0,1,0,0,0,0,0,1,0,1
還算能接受的房價,0,0,0,0,1,0,0,0,0,0,1,0,1
房間便宜,0,0,0,0,1,0,0,0,0,0,1,0,1
便宜，不錯的飯店,0,0,0,0,1,0,0,0,0,0,1,0,1
房間的品質完全體現昂貴的價格,0,0,0,0,1,0,0,0,0,0,1,0,1
以價錢來說算是非常滿意,0,0,0,0,1,0,0,0,0,0,1,0,1
房間價格不貴,0,0,0,0,1,0,0,0,0,0,1,0,1
便宜,0,0,0,0,1,0,0,0,0,0,1,0,1
cp值很好,0,0,0,0,1,0,0,0,0,0,1,0,1
住宿含早餐覺得很划算！,0,0,0,0,1,0,0,0,0,0,1,0,1
以這樣的價格我個人認為CP值足夠。,0,0,0,0,1,0,0,0,0,0,1,0,1
房價格不錯,0,0,0,0,1,0,0,0,0,0,1,0,1
皆不錯  以價格而言  我滿意,0,0,0,0,1,0,0,0,0,0,1,0,1
覺得很棒，價錢很合理,0,0,0,0,1,0,0,0,0,0,1,0,1
蚊子太多了，希望盡快處理，價格滿好,1,0,0,0,1,0,3,0,0,0,1,0,1
價格滿好，蚊子太多了，希望盡快處理,1,0,0,0,1,0,3,0,0,0,1,0,1
房價還行,0,0,0,0,1,0,0,0,0,0,2,0,2
單價還行,0,0,0,0,1,0,0,0,0,0,2,0,2
性價比普通，不好也不壞,0,0,0,0,1,0,0,0,0,0,2,0,2
價錢普通,0,0,0,0,1,0,0,0,0,0,2,0,2
一分價一分貨,0,0,0,0,1,0,0,0,0,0,2,0,2
以目前價位來看，普通。,0,0,0,0,1,0,0,0,0,0,2,0,2
就價位而言，沒有好或不好,0,0,0,0,1,0,0,0,0,0,2,0,2
性價比一般,0,0,0,0,1,0,0,0,0,0,2,0,2
cp值一般,0,0,0,0,1,0,0,0,0,0,2,0,2
cp值實在一般般,0,0,0,0,1,0,0,0,0,0,2,0,2
房價普通,0,0,0,0,1,0,0,0,0,0,2,0,2
性價比普通,0,0,0,0,1,0,0,0,0,0,2,0,2
性價比普普,0,0,0,0,1,0,0,0,0,0,2,0,2
以週末的房價而言性價比普通,0,0,0,0,1,0,0,0,0,0,2,0,2
cp值普通,0,0,0,0,1,0,0,0,0,0,2,0,2
價格普普,0,0,0,0,1,0,0,0,0,0,2,0,2
cp值普普通通拉,0,0,0,0,1,0,0,0,0,0,2,0,2
價錢就一般般,0,0,0,0,1,0,0,0,0,0,2,0,2
 房價一晚要1仟,0,0,0,0,1,0,0,0,0,0,2,0,2
普通的CP值,0,0,0,0,1,0,0,0,0,0,2,0,2
cp值一般般,0,0,0,0,1,0,0,0,0,0,2,0,2
性價比一般般,0,0,0,0,1,0,0,0,0,0,2,0,2
價錢一般般,0,0,0,0,1,0,0,0,0,0,2,0,2
價格就一般、普通,0,0,0,0,1,0,0,0,0,0,2,0,2
價錢不是普通的貴欸,0,0,0,0,1,0,0,0,0,0,3,0,3
房價實在貴得驚人,0,0,0,0,1,0,0,0,0,0,3,0,3
五星級的飯店?別笑死人了,0,0,0,0,1,0,0,0,0,0,3,0,3
價位對一般人來說 實在太貴了,0,0,0,0,1,0,0,0,0,0,3,0,3
價格不能接受,0,0,0,0,1,0,0,0,0,0,3,0,3
以假日這一個接近2000元的價位，我不能接受,0,0,0,0,1,0,0,0,0,0,3,0,3
酒店的價格不算親民，要好好考慮,0,0,0,0,1,0,0,0,0,0,3,0,3
在春節時間入住，價格有點小貴,0,0,0,0,1,0,0,0,0,0,3,0,3
早餐價位以台南來說比較不吸引人,0,0,0,0,1,0,0,0,0,0,3,0,3
比較貴,0,0,0,0,1,0,0,0,0,0,3,0,3
差不多吧。若以常住飯店的我來說，價錢相對房間空間來說 ，CP值低了點。,0,0,0,0,1,0,0,0,0,0,3,0,3
有點小貴,0,0,0,0,1,0,0,0,0,0,3,0,3
價格太高了，便宜一點會有比較高的性價比,0,0,0,0,1,0,0,0,0,0,3,0,3
稍貴,0,0,0,0,1,0,0,0,0,0,3,0,3
價錢不符合居住空間大小,0,0,0,0,1,0,0,0,0,0,3,0,3
價格偏高,0,0,0,0,1,0,0,0,0,0,3,0,3
價錢有點貴,0,0,0,0,1,0,0,0,0,0,3,0,3
性價比不怎麼高,0,0,0,0,1,0,0,0,0,0,3,0,3
假日星期六的房價也不親民。,0,0,0,0,1,0,0,0,0,0,3,0,3
訂了四間房間，因為假錢差了一倍，所以下次還是要再注意一點不然客人感受真的很不好。,0,0,0,0,1,0,0,0,0,0,3,0,3
早餐費太貴,0,0,0,0,1,0,0,0,0,0,3,0,3
沒有順利入住原先預定的房型，訂房網價格比現場訂房貴,0,0,0,0,1,0,0,0,0,0,3,0,3
週六房價訂價太貴，導致性價比太低。,0,0,0,0,1,0,0,0,0,0,3,0,3
房間價格貴,0,0,0,0,1,0,0,0,0,0,3,0,3
性價比太低,0,0,0,0,1,0,0,0,0,0,3,0,3
價格不符合期待,0,0,0,0,1,0,0,0,0,0,3,0,3
房價太貴了,0,0,0,0,1,0,0,0,0,0,3,0,3
房價可以再便宜一點，CP低,0,0,0,0,1,0,0,0,0,0,3,0,3
CP值低,0,0,0,0,1,0,0,0,0,0,3,0,3
cp低,0,0,0,0,1,0,0,0,0,0,3,0,3
中規中矩，這價位應該有更多可以選擇。,0,0,0,0,1,0,0,0,0,0,3,0,3
房價略高,0,0,0,0,1,0,0,0,0,0,3,0,3
在booking訂比較貴,0,0,0,0,1,0,0,0,0,0,3,0,3
booking的訂房系統價格較昂貴,0,0,0,0,1,0,0,0,0,0,3,0,3
價格上來說偏高,0,0,0,0,1,0,0,0,0,0,3,0,3
真的要說不滿意的就只有價格略高,0,0,0,0,1,0,0,0,0,0,3,0,3
價格再優惠一些就更好了。,0,0,0,0,1,0,0,0,0,0,3,0,3
性價比不算好,0,0,0,0,1,0,0,0,0,0,3,0,3
一點也不物超所值,0,0,0,0,1,0,0,0,0,0,3,0,3
房價不夠親民,0,0,0,0,1,0,0,0,0,0,3,0,3
cp值實在不怎麼樣,0,0,0,0,1,0,0,0,0,0,3,0,3
性價比很不OK,0,0,0,0,1,0,0,0,0,0,3,0,3
房價實在太貴了，不值得,0,0,0,0,1,0,0,0,0,0,3,0,3
這個價錢不值的入住,0,0,0,0,1,0,0,0,0,0,3,0,3
這個價錢可以找到更好的飯店,0,0,0,0,1,0,0,0,0,0,3,0,3
價錢實在太貴了，cp值不夠好,0,0,0,0,1,0,0,0,0,0,3,0,3
這個價錢可以住到更好的,0,0,0,0,1,0,0,0,0,0,3,0,3
cp值不好,0,0,0,0,1,0,0,0,0,0,3,0,3
cp值不夠優,0,0,0,0,1,0,0,0,0,0,3,0,3
cp值太低了,0,0,0,0,1,0,0,0,0,0,3,0,3
價位不夠一至，我們朋友跟我們一樣，這個真的有需要改進，否則消費者知道會不高興的,0,0,0,0,1,0,0,0,0,0,3,0,3
價格歧視讓人不想預訂,0,0,0,0,1,0,0,0,0,0,3,0,3
cp值不高,0,0,0,0,1,0,0,0,0,0,3,0,3
價格偏貴 ,0,0,0,0,1,0,0,0,0,0,3,0,3
價格稍高,0,0,0,0,1,0,0,0,0,0,3,0,3
等同價位設計旅店等級有明顯差距,0,0,0,0,1,0,0,0,0,0,3,0,3
假日住房費希望可以更低一點,0,0,0,0,1,0,0,0,0,0,3,0,3
因為太晚訂了，所以入住價格幾乎可以住雙人房了,0,0,0,0,1,0,0,0,0,0,3,0,3
光床位就800，其實不便宜。,0,0,0,0,1,0,0,0,0,0,3,0,3
飯店價位略高,0,0,0,0,1,0,0,0,0,0,3,0,3
價錢真的不便宜，要考慮清楚在下訂。,0,0,0,0,1,0,0,0,0,0,3,0,3
價位可以在親民一點會更完美,0,0,0,0,1,0,0,0,0,0,3,0,3
房價有點小貴,0,0,0,0,1,0,0,0,0,0,3,0,3
價格太過分，絕對不會再入住也不推薦任何人。,0,0,0,0,1,0,0,0,0,0,3,0,3
可能因為假日關係房價高了點只是覺得還是有許多不足的地方,0,0,0,0,1,0,0,0,0,0,3,0,3
假日價錢偏高,0,0,0,0,1,0,0,0,0,0,3,0,3
cp值很不ok,0,0,0,0,1,0,0,0,0,0,3,0,3
整個就是...唉便宜...有地方睡跟洗澡,0,0,0,0,1,0,0,0,0,0,3,0,3
說旅店cp值超好，根本就是騙人的，明明就爛到爆。,0,0,0,0,1,0,0,0,0,0,3,0,3
性價比太差了,0,0,0,0,1,0,0,0,0,0,3,0,3
價錢太差了,0,0,0,0,1,0,0,0,0,0,3,0,3
性價比不好,0,0,0,0,1,0,0,0,0,0,3,0,3
性價比太不OK,0,0,0,0,1,0,0,0,0,0,3,0,3
價錢不優,0,0,0,0,1,0,0,0,0,0,3,0,3
價錢不親民貴死,0,0,0,0,1,0,0,0,0,0,3,0,3
價錢不親民,0,0,0,0,1,0,0,0,0,0,3,0,3
價錢太貴,0,0,0,0,1,0,0,0,0,0,3,0,3
以這樣的價格，我會願意再加價住更好一點的飯店。,0,0,0,0,1,0,0,0,0,0,3,0,3
沒有四星級的價值浪費了我的錢,0,0,0,0,1,0,0,0,0,0,3,0,3
房價太貴,0,0,0,0,1,0,0,0,0,0,3,0,3
房價貴鬆鬆,0,0,0,0,1,0,0,0,0,0,3,0,3
房價貴，卻沒有相等的感覺,0,0,0,0,1,0,0,0,0,0,3,0,3
性價比不是算好,0,0,0,0,1,0,0,0,0,0,3,0,3
cp值太低,0,0,0,0,1,0,0,0,0,0,3,0,3
對於用這個價格入住，我覺得不值,0,0,0,0,1,0,0,0,0,0,3,0,3
昂貴的價錢，不夠好,0,0,0,0,1,0,0,0,0,0,3,0,3
這個錢我可以去住更好的,0,0,0,0,1,0,0,0,0,0,3,0,3
這價錢實在是對人不是很親民,0,0,0,0,1,0,0,0,0,0,3,0,3
讓我白花錢住這間了，根本爛阿,0,0,0,0,1,0,0,0,0,0,3,0,3
cp值不符合我的期待,0,0,0,0,1,0,0,0,0,0,3,0,3
價格貴，浪費我的錢錢，五星級是假的嗎?評選為五星級到底怎麼來的????,0,0,0,0,1,0,0,0,0,0,3,0,3
這價錢不符合五星級,0,0,0,0,1,0,0,0,0,0,3,0,3
cp值過低,0,0,0,0,1,0,0,0,0,0,3,0,3
cp值爆低，千萬別住阿,0,0,0,0,1,0,0,0,0,0,3,0,3
性價比有夠爛，貴死人，也沒比較好啊,0,0,0,0,1,0,0,0,0,0,3,0,3
價錢太貴了，不值得住,0,0,0,0,1,0,0,0,0,0,3,0,3
價錢很貴，有更好的住宿,0,0,0,0,1,0,0,0,0,0,3,0,3
這個價錢不值得一住,0,0,0,0,1,0,0,0,0,0,3,0,3
這個價錢，比我在家住還差,0,0,0,0,1,0,0,0,0,0,3,0,3
價錢實在是不怎麼親民，cp值也沒到很好,0,0,0,0,1,0,0,0,0,0,3,0,3
cp值很低,0,0,0,0,1,0,0,0,0,0,3,0,3
價錢不怎麼優質，我寧願去別的地方住,0,0,0,0,1,0,0,0,0,0,3,0,3
性價比實在是太差了,0,0,0,0,1,0,0,0,0,0,3,0,3
價錢貴，cp值差,0,0,0,0,1,0,0,0,0,0,3,0,3
cp值有夠低,0,0,0,0,1,0,0,0,0,0,3,0,3
cp值不怎麼好欸,0,0,0,0,1,0,0,0,0,0,3,0,3
這個價錢應該要有好的品質吧,0,0,0,0,1,0,0,0,0,0,3,0,3
價錢昂貴，不值得入住,0,0,0,0,1,0,0,0,0,0,3,0,3
cp值不值得一提，實在是爛,0,0,0,0,1,0,0,0,0,0,3,0,3
爛的cp值，不會再住了,0,0,0,0,1,0,0,0,0,0,3,0,3
浪費我的金錢，一晚花了好幾張小朋友，卻沒想像中的高品質,0,0,0,0,1,0,0,0,0,0,3,0,3
cp值過低，無品質可言,0,0,0,0,1,0,0,0,0,0,3,0,3
我說品質呢?都花了那麼多錢，卻沒什麼CP值可說,0,0,0,0,1,0,0,0,0,0,3,0,3
這住宿品質 真的很不值得這個價格,0,0,0,0,1,0,0,0,0,0,3,0,3
性價比好到不會在入住,0,0,0,0,1,0,0,0,0,0,3,0,3
這個價錢可以再住更更更更好的旅店阿,0,0,0,0,1,0,0,0,0,0,3,0,3
價錢優質到我不會向他人介紹這家,0,0,0,0,1,0,0,0,0,0,3,0,3
這個價位我應該可以享受到更好的才對啊,0,0,0,0,1,0,0,0,0,0,3,0,3
錢花得一點也不值得,0,0,0,0,1,0,0,0,0,0,3,0,3
歡迎錢多的可以來這家飯店浪費錢,0,0,0,0,1,0,0,0,0,0,3,0,3
性價比真的讓人發笑，呵呵呵，千萬不要來,0,0,0,0,1,0,0,0,0,0,3,0,3
CP值夠好，好到我想多留幾條負評,0,0,0,0,1,0,0,0,0,0,3,0,3
給予負評的優質Cp值,0,0,0,0,1,0,0,0,0,0,3,0,3
根本負分的CP值,0,0,0,0,1,0,0,0,0,0,3,0,3
CP值好到我都想當下離開這家飯店欸,0,0,0,0,1,0,0,0,0,0,3,0,3
CP值根本沒有傳聞說的那麼好,0,0,0,0,1,0,0,0,0,0,3,0,3
這麼高的價錢，為甚麼還會有人來，又沒多好,0,0,0,0,1,0,0,0,0,0,3,0,3
錢花得很值得，值得到我留下一堆建議和負評,0,0,0,0,1,0,0,0,0,0,3,0,3
超爛的cp直,0,0,0,0,1,0,0,0,0,0,3,0,3
cp值爛透的,0,0,0,0,1,0,0,0,0,0,3,0,3
令人失望的cp值,0,0,0,0,1,0,0,0,0,0,3,0,3
說好的優質cp值呢，浪費我的錢,0,0,0,0,1,0,0,0,0,0,3,0,3
cp值實在不高,0,0,0,0,1,0,0,0,0,0,3,0,3
價錢算高嘍??,0,0,0,0,1,0,0,0,0,0,3,0,3
住宿價格有點貴,0,0,0,0,1,0,0,0,0,0,3,0,3
這個價格不符合我的期待,0,0,0,0,1,0,0,0,0,0,3,0,3
價錢實在很貴,0,0,0,0,1,0,0,0,0,0,3,0,3
價錢實在不便宜,0,0,0,0,1,0,0,0,0,0,3,0,3
房價不便宜,0,0,0,0,1,0,0,0,0,0,3,0,3
cp值部怎樣,0,0,0,0,1,0,0,0,0,0,3,0,3
cp值不高歐,0,0,0,0,1,0,0,0,0,0,3,0,3
cp值不像網站上的那麼高,0,0,0,0,1,0,0,0,0,0,3,0,3
cp值太差了,0,0,0,0,1,0,0,0,0,0,3,0,3
cp值不優,0,0,0,0,1,0,0,0,0,0,3,0,3
cp值不佳,0,0,0,0,1,0,0,0,0,0,3,0,3
價錢不怎麼優惠,0,0,0,0,1,0,0,0,0,0,3,0,3
價錢過高,0,0,0,0,1,0,0,0,0,0,3,0,3
房價太過昂貴,0,0,0,0,1,0,0,0,0,0,3,0,3
價格不成正比,0,0,0,0,1,0,0,0,0,0,3,0,3
cp值有待加強,0,0,0,0,1,0,0,0,0,0,3,0,3
cp值實在太差了,0,0,0,0,1,0,0,0,0,0,3,0,3
缺點就是cp值不值得入住,0,0,0,0,1,0,0,0,0,0,3,0,3
這個價錢不值得住,0,0,0,0,1,0,0,0,0,0,3,0,3
這個房價可以去住更好的,0,0,0,0,1,0,0,0,0,0,3,0,3
這個價錢不配五星級,0,0,0,0,1,0,0,0,0,0,3,0,3
價錢高實在與高級飯店相差甚遠,0,0,0,0,1,0,0,0,0,0,3,0,3
cp值是我遇過最差的,0,0,0,0,1,0,0,0,0,0,3,0,3
最差的cp值,0,0,0,0,1,0,0,0,0,0,3,0,3
不優的cp值,0,0,0,0,1,0,0,0,0,0,3,0,3
不便宜的價格，cp值爛,0,0,0,0,1,0,0,0,0,0,3,0,3
爛cp值,0,0,0,0,1,0,0,0,0,0,3,0,3
性價比不怎麼好呢,0,0,0,0,1,0,0,0,0,0,3,0,3
性價比差,0,0,0,0,1,0,0,0,0,0,3,0,3
性價比不優,0,0,0,0,1,0,0,0,0,0,3,0,3
性價比不好，有更好的旅店,0,0,0,0,1,0,0,0,0,0,3,0,3
性價比不佳,0,0,0,0,1,0,0,0,0,0,3,0,3
性價比太爛了,0,0,0,0,1,0,0,0,0,0,3,0,3
整體體驗實在太不好了，性價比打個大叉叉,0,0,0,0,1,0,0,0,0,0,3,0,3
cp值相當不好,0,0,0,0,1,0,0,0,0,0,3,0,3
cp值很差，差到極點。,0,0,0,0,1,0,0,0,0,0,3,0,3
房間的品質完全體現便宜的價格,0,0,0,0,1,0,0,0,0,0,3,0,3
春節假期入住比原本平常時間貴,0,0,0,0,1,0,0,0,0,0,3,0,3
跟台南區其它地區相比，同樣的錢住宿環境品質沒有比較好,0,0,0,0,1,1,0,0,0,0,3,0,3
環境便宜有便宜的代價,0,0,0,0,1,1,0,0,0,0,3,0,3
絕對不會再入住也不推薦任何人。,0,0,0,0,0,1,0,0,0,0,3,3,3
飯店旁有間拉麵店還不錯吃,0,0,0,1,0,0,0,0,0,1,0,0,1
位置離逢甲很近,0,0,0,1,0,0,0,0,0,1,0,0,1
離逢甲夜市很近,0,0,0,1,0,0,0,0,0,1,0,0,1
飯店外面那些餐廳傳出的味道太香了,0,0,0,1,0,0,0,0,0,1,0,0,1
飯店外的有家雞肉飯好吃,0,0,0,1,0,0,0,0,0,1,0,0,1
六和夜市就在500公尺內很近,0,0,0,1,0,0,0,0,0,1,0,0,1
方便,0,0,0,1,0,0,0,0,0,1,0,0,1
整個環境氛圍很讚,0,0,0,1,0,0,0,0,0,1,0,0,1
附近景點有梅花鹿公園和科學展覽。,0,0,0,1,0,0,0,0,0,1,0,0,1
晚上夜景很美,0,0,0,1,0,0,0,0,0,1,0,0,1
晚上可欣賞夜景,0,0,0,1,0,0,0,0,0,1,0,0,1
景色不錯 ,0,0,0,1,0,0,0,0,0,1,0,0,1
環境尚可,0,0,0,1,0,0,0,0,0,1,0,0,1
飯店能看到劍湖山的煙火,0,0,0,1,0,0,0,0,0,1,0,0,1
環境還可以,0,0,0,1,0,0,0,0,0,1,0,0,1
環境還行,0,0,0,1,0,0,0,0,0,2,0,0,2
環境不錯,0,0,0,1,0,0,0,0,0,1,0,0,1
周邊安靜，適合去休閒渡假；面海，一邊泡澡一邊看海很棒,0,0,0,1,0,0,0,0,0,1,0,0,1
近西門丁。,0,0,0,1,0,0,0,0,0,1,0,0,1
較近西門町,0,0,0,1,0,0,0,0,0,1,0,0,1
附近ˋ有好吃的鵝肉店 和平鵝肉 可以一嚐,0,0,0,1,0,0,0,0,0,1,0,0,1
晚餐可以到附近店家吃,0,0,0,1,0,0,0,0,0,1,0,0,1
環境很棒，有機會會想再去~,0,0,0,1,0,0,0,0,0,1,0,0,1
整體環境還算不錯,0,0,0,1,0,0,0,0,0,1,0,0,1
整體環境很好,0,0,0,1,0,0,0,0,0,1,0,0,1
環境讓人感到輕鬆,0,0,0,1,0,0,0,0,0,1,0,0,1
環境優良,0,0,0,1,0,0,0,0,0,1,0,0,1
飯店附近的早餐店早餐也很棒。,0,0,0,1,0,0,0,0,0,1,0,0,1
環境好,0,0,0,1,0,0,0,0,0,1,0,0,1
環境很好,0,0,0,1,0,0,0,0,0,1,0,0,1
環境還不錯,0,0,0,1,0,0,0,0,0,1,0,0,1
鬧中取靜，可以遠眺花蓮港。,0,0,0,1,0,0,0,0,0,1,0,0,1
海景無敵,0,0,0,1,0,0,0,0,0,1,0,0,1
附近餐飲也算方便，離花蓮熱鬧的區域,0,0,0,1,0,0,0,0,0,1,0,0,1
環境是安靜的 視野非常好,0,0,0,1,0,0,0,0,0,1,0,0,1
 到各個景點都很近 ,0,0,0,1,0,0,0,0,0,1,0,0,1
地理位置很棒,0,0,0,1,0,0,0,0,0,1,0,0,1
風景美,0,0,0,1,0,0,0,0,0,1,0,0,1
去市區也方便。,0,0,0,1,0,0,0,0,0,1,0,0,1
地理位置便利,0,0,0,1,0,0,0,0,0,1,0,0,1
地點佳近海邊與多個景點 也不會離市區太遠 附近生活機能也好,0,0,0,1,0,0,0,0,0,1,0,0,1
房外陽台有山景，很令人放鬆。,0,0,0,1,0,0,0,0,0,1,0,0,1
地理位置環境好,0,0,0,1,0,0,0,0,0,1,0,0,1
海景超棒,0,0,0,1,0,0,0,0,0,1,0,0,1
可以看到花蓮港海景，很讚,0,0,0,1,0,0,0,0,0,1,0,0,1
風景漂亮,0,0,0,1,0,0,0,0,0,1,0,0,1
周圍在地美食豐富前往各景點交通方便,0,0,0,1,0,0,0,0,0,1,0,0,1
市區位置方便,0,0,0,1,0,0,0,0,0,1,0,0,1
交通方便,0,0,0,1,0,0,0,0,0,1,0,0,1
海景View不錯,0,0,0,1,0,0,0,0,0,1,0,0,1
面對花蓮港很美,0,0,0,1,0,0,0,0,0,1,0,0,1
附近好逛，租摩托車就可以在花蓮市區到處逛，非常棒！,0,0,0,1,0,0,0,0,0,1,0,0,1
景也不錯,0,0,0,1,0,0,0,0,0,1,0,0,1
飯店附近飲食選擇多，很方便,0,0,0,1,0,0,0,0,0,1,0,0,1
住宿地點位置方便，走路就有食物可買,0,0,0,1,0,0,0,0,0,1,0,0,1
離市中心很近，去東大門走路約10分鐘，生活機能不錯,0,0,0,1,0,0,0,0,0,1,0,0,1
地點還算便利,0,0,0,1,0,0,0,0,0,1,0,0,1
還不錯！建議租個機車或汽車完會更舒適！晚上休息旁邊就有便利商店，交通距離不算遠，東大門夜市騎機車內非常快到達！,0,0,0,1,0,0,0,0,0,1,0,0,1
方便停車,0,0,0,1,0,0,0,0,0,1,0,0,1
住宿地點很棒 去哪裡都挺方便,0,0,0,1,0,0,0,0,0,1,0,0,1
住宿位置不錯,0,0,0,1,0,0,0,0,0,1,0,0,1
住宿位置要吃東西方便。,0,0,0,1,0,0,0,0,0,1,0,0,1
地理位置很方便,0,0,0,1,0,0,0,0,0,1,0,0,1
自駕遊停車方便，附近餐飲很多,0,0,0,1,0,0,0,0,0,1,0,0,1
地點很好 鬧中取靜,0,0,0,1,0,0,0,0,0,1,0,0,1
位置離市區還算近，步行看15鐘可至東大門夜市,0,0,0,1,0,0,0,0,0,1,0,0,1
飯店周遭環境很不錯,0,0,0,1,0,0,0,0,0,1,0,0,1
第二停車場距離算近，也好停車,0,0,0,1,0,0,0,0,0,1,0,0,1
地點便利,0,0,0,1,0,0,0,0,0,1,0,0,1
地點不錯,0,0,0,1,0,0,0,0,0,1,0,0,1
離市區近,0,0,0,1,0,0,0,0,0,1,0,0,1
生活機能方便，同一條街早餐選擇多，很方便,0,0,0,1,0,0,0,0,0,1,0,0,1
地點市區方便,0,0,0,1,0,0,0,0,0,1,0,0,1
地點很棒，附近就有許多名產店跟早餐店,0,0,0,1,0,0,0,0,0,1,0,0,1
地點很方便,0,0,0,1,0,0,0,0,0,1,0,0,1
地點離市中心不遠,0,0,0,1,0,0,0,0,0,1,0,0,1
地點蠻好，步行吃喝玩樂都還覺得路程可以接受。,0,0,0,1,0,0,0,0,0,1,0,0,1
離東大夜市不遠,0,0,0,1,0,0,0,0,0,1,0,0,1
地理位子還不錯~,0,0,0,1,0,0,0,0,0,1,0,0,1
離市中心近，附近飲食選擇多,0,0,0,1,0,0,0,0,0,1,0,0,1
飲食購物方便。,0,0,0,1,0,0,0,0,0,1,0,0,1
地點很棒，機能性高,0,0,0,1,0,0,0,0,0,1,0,0,1
地段方便到旺區,0,0,0,1,0,0,0,0,0,1,0,0,1
地點離市中心近,0,0,0,1,0,0,0,0,0,1,0,0,1
位置離夜市近，騎車3分鐘到,0,0,0,1,0,0,0,0,0,1,0,0,1
市區方便,0,0,0,1,0,0,0,0,0,1,0,0,1
住宿地點很剛好,0,0,0,1,0,0,0,0,0,1,0,0,1
地點方便,0,0,0,1,0,0,0,0,0,1,0,0,1
住宿地點方便,0,0,0,1,0,0,0,0,0,1,0,0,1
位置離東大門很近,0,0,0,1,0,0,0,0,0,1,0,0,1
位置在市區很方便,0,0,0,1,0,0,0,0,0,1,0,0,1
吃得還算方便,0,0,0,1,0,0,0,0,0,1,0,0,1
地點好,0,0,0,1,0,0,0,0,0,1,0,0,1
位於市區購物及飲食都方便附有停車場不用煩惱停車問題,0,0,0,1,0,0,0,0,0,1,0,0,1
方便外出購買美食,0,0,0,1,0,0,0,0,0,1,0,0,1
花蓮市區裡面 方便!,0,0,0,1,0,0,0,0,0,1,0,0,1
門口早餐店林立選擇多樣在市中心,0,0,0,1,0,0,0,0,0,1,0,0,1
地點佳,0,0,0,1,0,0,0,0,0,1,0,0,1
在花蓮市買東西算方便,0,0,0,1,0,0,0,0,0,1,0,0,1
位置上來說還不錯！,0,0,0,1,0,0,0,0,0,1,0,0,1
對面就是洗衣店很方便.,0,0,0,1,0,0,0,0,0,1,0,0,1
但附近走路不到五分鐘就有不錯的早餐店可以吃,0,0,0,1,0,0,0,0,0,1,0,0,1
離去市區很近,0,0,0,1,0,0,0,0,0,1,0,0,1
交通方便吃喝玩樂方便,0,0,0,1,0,0,0,0,0,1,0,0,1
住宿位置靠近市區中央，很方便,0,0,0,1,0,0,0,0,0,1,0,0,1
位置不錯，吃東西、交通都方便,0,0,0,1,0,0,0,0,0,1,0,0,1
交通位置便利,0,0,0,1,0,0,0,0,0,1,0,0,1
停車方便,0,0,0,1,0,0,0,0,0,1,0,0,1
地理位置不錯 離逛街的地方很近,0,0,0,1,0,0,0,0,0,1,0,0,1
地點適中有優勢,0,0,0,1,0,0,0,0,0,1,0,0,1
離市區近，安靜好休息。,0,0,0,1,0,0,0,0,0,1,0,0,1
還蠻方便的地理位置,0,0,0,1,0,0,0,0,0,1,0,0,1
住宿地點附近有公車中福站，可安排石梯坪、月洞等行程。,0,0,0,1,0,0,0,0,0,1,0,0,1
位置好,0,0,0,1,0,0,0,0,0,1,0,0,1
地點蠻不錯的，去觀光景點都不遠,0,0,0,1,0,0,0,0,0,1,0,0,1
位置不錯,0,0,0,1,0,0,0,0,0,1,0,0,1
地理位置很靠近愛河 方便晚上走路過去散步,0,0,0,1,0,0,0,0,0,1,0,0,1
停車還算方便，捷運站需走一點路，可預約到捷運站的接駁車,0,0,0,1,0,0,0,0,0,1,0,0,1
飯店位置適宜,0,0,0,1,0,0,0,0,0,1,0,0,1
位置停車方便,0,0,0,1,0,0,0,0,0,1,0,0,1
走路兩分鐘就到愛河很棒,0,0,0,1,0,0,0,0,0,1,0,0,1
飯店位置，停車方便,0,0,0,1,0,0,0,0,0,1,0,0,1
飯店周圍也安靜,0,0,0,1,0,0,0,0,0,1,0,0,1
離愛河近，散步就到。,0,0,0,1,0,0,0,0,0,1,0,0,1
環境地理位置很不錯,0,0,0,1,0,0,0,0,0,1,0,0,1
靠近愛河，坐車方便,0,0,0,1,0,0,0,0,0,1,0,0,1
方便停車很棒,0,0,0,1,0,0,0,0,0,1,0,0,1
地點還不錯，離六合夜市蠻近，。,0,0,0,1,0,0,0,0,0,1,0,0,1
附近有超商還蠻方便的,0,0,0,1,0,0,0,0,0,1,0,0,1
地點好，離愛河近,0,0,0,1,0,0,0,0,0,1,0,0,1
好停車！近愛河～,0,0,0,1,0,0,0,0,0,1,0,0,1
位置不錯去鹽埕區苓雅市場三民市場六合夜市都不會太遠，停車方便,0,0,0,1,0,0,0,0,0,1,0,0,1
停車吃飯都方便，還可以到河畔散散步,0,0,0,1,0,0,0,0,0,1,0,0,1
位置很好,0,0,0,1,0,0,0,0,0,1,0,0,1
停車很方便,0,0,0,1,0,0,0,0,0,1,0,0,1
地理位置優 附報紙停車方便,0,0,0,1,0,0,0,0,0,1,0,0,1
附近店家多，也有超商，六合夜市也是走一段會到的距離,0,0,0,1,0,0,0,0,0,1,0,0,1
離愛河很近，飯後可以去散散步，愛河的另一邊有很多有名的小吃,0,0,0,1,0,0,0,0,0,1,0,0,1
地理位置：若無交通工具，需要走上一段路。若有交通工具，騎車開車都很方便，旁邊還有便利商店及小吃攤，地理位置不錯。,0,0,0,1,0,0,0,0,0,1,0,0,1
位置方便。,0,0,0,1,0,0,0,0,0,1,0,0,1
環境位置很好，鬧中取靜，可以遠眺花蓮港。,0,0,0,1,0,0,0,0,0,1,0,0,1
離市區非常近，去哪都方便。,0,0,0,1,0,0,0,0,0,1,0,0,1
臨近愛河，散步很方便,0,0,0,1,0,0,0,0,0,1,0,0,1
住過好幾次 旁邊有附停車場很方便外面停車格還有go share可以承租,0,0,0,1,0,0,0,0,0,1,0,0,1
位置不錯，离台北站很近,0,0,0,1,0,0,0,0,0,1,0,0,1
停車場就在附近，是開車族很好停車的地方,0,0,0,1,0,0,0,0,0,1,0,0,1
所在位置是沒話說的好,0,0,0,1,0,0,0,0,0,1,0,0,1
因為飯店旁有公共腳踏車才會首選這家飯店,0,0,0,1,0,0,0,0,0,1,0,0,1
附近景點觀光區也很讚 ,0,0,0,1,0,0,0,0,0,1,0,0,1
地點好停車,0,0,0,1,0,0,0,0,0,1,0,0,1
飯店附近買東西都很方便。,0,0,0,1,0,0,0,0,0,1,0,0,1
位置方便,0,0,0,1,0,0,0,0,0,1,0,0,1
對面就是自助洗衣店,0,0,0,1,0,0,0,0,0,1,0,0,1
位置鄰近愛河,0,0,0,1,0,0,0,0,0,1,0,0,1
地理位置還可以,0,0,0,1,0,0,0,0,0,1,0,0,1
地點吧還可以～離東大門夜市步行約15分鐘,0,0,0,1,0,0,0,0,0,1,0,0,1
地點在愛河旁,0,0,0,1,0,0,0,0,0,1,0,0,1
地理位置尚可,0,0,0,1,0,0,0,0,0,1,0,0,1
地點位置適中,0,0,0,1,0,0,0,0,0,1,0,0,1
地點離愛河也不遠。,0,0,0,1,0,0,0,0,0,1,0,0,1
附近就可以看到愛河！,0,0,0,1,0,0,0,0,0,1,0,0,1
飯店離市議會站走路約10分鐘,0,0,0,1,0,0,0,0,0,1,0,0,1
附近有很多早餐店,0,0,0,1,0,0,0,0,0,1,0,0,1
離愛河鹽埕區步行即可到達。,0,0,0,1,0,0,0,0,0,1,0,0,1
窗戶往外就可以看到愛河,0,0,0,1,0,0,0,0,0,1,0,0,1
地理位置適中,0,0,0,1,0,0,0,0,0,1,0,0,1
附近有很多餐飲,0,0,0,1,0,0,0,0,0,1,0,0,1
飯店位置近夜市,0,0,0,1,0,0,0,0,0,1,0,0,1
外面還有超近的收費停車場,0,0,0,1,0,0,0,0,0,1,0,0,1
路上免費平面停車，附近就有一堆夜點免費茶飲選擇,0,0,0,1,0,0,0,0,0,1,0,0,1
位置離停車場近,0,0,0,1,0,0,0,0,0,1,0,0,1
鄰近美麗島站及市政會站,0,0,0,1,0,0,0,0,0,1,0,0,1
旅館地點在市區,0,0,0,1,0,0,0,0,0,1,0,0,1
住宿位置離火車站有一點距離，但散步過去沿路可以經過很多商店。,0,0,0,1,0,0,0,0,0,1,0,0,1
窗外就是海,0,0,0,1,0,0,0,0,0,1,0,0,1
可以直通海灘,0,0,0,1,0,0,0,0,0,1,0,0,1
離大街距離適當,0,0,0,1,0,0,0,0,0,1,0,0,1
地點適中,0,0,0,1,0,0,0,0,0,1,0,0,1
靠近海邊,0,0,0,1,0,0,0,0,0,1,0,0,1
靠近墾丁大街,0,0,0,1,0,0,0,0,0,1,0,0,1
距離逢甲夜市超近美食隨手可掬啊,0,0,0,1,0,0,0,0,0,1,0,0,1
離逢甲夜市近,0,0,0,1,0,0,0,0,0,1,0,0,1
附近風景很棒,0,0,0,1,0,0,0,0,0,1,0,0,1
超優，離逢甲商圈超近,0,0,0,1,0,0,0,0,0,1,0,0,1
酒店位於逄甲商圈附近,0,0,0,1,0,0,0,0,0,1,0,0,1
近夜市,0,0,0,1,0,0,0,0,0,1,0,0,1
住宿地點優，自行開車前往也很方便,0,0,0,1,0,0,0,0,0,1,0,0,1
地理位置好,0,0,0,1,0,0,0,0,0,1,0,0,1
位置超棒,0,0,0,1,0,0,0,0,0,1,0,0,1
飯店位置好,0,0,0,1,0,0,0,0,0,1,0,0,1
附近停車方便,0,0,0,1,0,0,0,0,0,1,0,0,1
離逢甲夜市近 ,0,0,0,1,0,0,0,0,0,1,0,0,1
地點優秀,0,0,0,1,0,0,0,0,0,1,0,0,1
飯店附近超商很多很方便,0,0,0,1,0,0,0,0,0,1,0,0,1
附近有很多商店很便利,0,0,0,1,0,0,0,0,0,1,0,0,1
地點很便利,0,0,0,1,0,0,0,0,0,1,0,0,1
地點附近很方便，有捷運相當好,0,0,0,1,0,0,0,0,0,1,0,0,1
地點附近環境很好,0,0,0,1,0,0,0,0,0,1,0,0,1
飯店位置很好,0,0,0,1,0,0,0,0,0,1,0,0,1
飯店位置非常好,0,0,0,1,0,0,0,0,0,1,0,0,1
飯店位置相當好,0,0,0,1,0,0,0,0,0,1,0,0,1
位置便利方便,0,0,0,1,0,0,0,0,0,1,0,0,1
飯店附近有很多景點可以玩，讚讚,0,0,0,1,0,0,0,0,0,1,0,0,1
旅店周遭環境很好,0,0,0,1,0,0,0,0,0,1,0,0,1
旅店附近還不錯，很多可以逛的,0,0,0,1,0,0,0,0,0,1,0,0,1
旅店附近的交通相當便利,0,0,0,1,0,0,0,0,0,1,0,0,1
地點很好,0,0,0,1,0,0,0,0,0,1,0,0,1
地點好，交通便利,0,0,0,1,0,0,0,0,0,1,0,0,1
地點還不錯，去哪裡都可以,0,0,0,1,0,0,0,0,0,1,0,0,1
地點在市中心，很熱鬧,0,0,0,1,0,0,0,0,0,1,0,0,1
地點附近有很多景點，也鄰近公園可以去走走，還不錯,0,0,0,1,0,0,0,0,0,1,0,0,1
旅店周遭的商店很多，不愁吃的,0,0,0,1,0,0,0,0,0,1,0,0,1
飯店附近很多吃的，蠻多美食，不怕肚子餓，很方便。,0,0,0,1,0,0,0,0,0,1,0,0,1
地點優,0,0,0,1,0,0,0,0,0,1,0,0,1
飯店位置佳,0,0,0,1,0,0,0,0,0,1,0,0,1
位置離逢甲夜市很近，但交通不會壅塞,0,0,0,1,0,0,0,0,0,1,0,0,1
附近交通便利,0,0,0,1,0,0,0,0,0,1,0,0,1
環境很好，距離夜市也方便,0,0,0,1,0,0,0,0,0,1,0,0,1
離逢甲熱鬧區非常近,0,0,0,1,0,0,0,0,0,1,0,0,1
位置就在逢甲夜市邊邊，出門剛好逛整個逢甲夜市,0,0,0,1,0,0,0,0,0,1,0,0,1
距離 逢甲夜市很近走路 只要 3分鐘,0,0,0,1,0,0,0,0,0,1,0,0,1
離逢甲夜市近，全家吃夜市買的晚餐一邊看電影，感覺很棒,0,0,0,1,0,0,0,0,0,1,0,0,1
飯店位置很方便,0,0,0,1,0,0,0,0,0,1,0,0,1
離夜市很近,0,0,0,1,0,0,0,0,0,1,0,0,1
地理位置理想,0,0,0,1,0,0,0,0,0,1,0,0,1
完美的住宿體驗 地點也絕佳的距離逢甲夜市很近,0,0,0,1,0,0,0,0,0,1,0,0,1
地點、停車便利,0,0,0,1,0,0,0,0,0,1,0,0,1
離逢甲夜市近，吃喝玩樂都很方便。,0,0,0,1,0,0,0,0,0,1,0,0,1
環境和設備，距離逢甲夜市近,0,0,0,1,0,0,0,0,0,1,0,0,1
附近逛夜市買東西方便。,0,0,0,1,0,0,0,0,0,1,0,0,1
距離逢甲夜市很近,0,0,0,1,0,0,0,0,0,1,0,0,1
皆滿意，停車尤其方便。,0,0,0,1,0,0,0,0,0,1,0,0,1
地點去那邊都方便，很值得在去,0,0,0,1,0,0,0,0,0,1,0,0,1
地理位子方便,0,0,0,1,0,0,0,0,0,1,0,0,1
地點不錯停車方便,0,0,0,1,0,0,0,0,0,1,0,0,1
散步去逢甲夜市的距離還不錯,0,0,0,1,0,0,0,0,0,1,0,0,1
交通位置佳,0,0,0,1,0,0,0,0,0,1,0,0,1
飯店地點佳,0,0,0,1,0,0,0,0,0,1,0,0,1
離逢甲近,0,0,0,1,0,0,0,0,0,1,0,0,1
地點很棒、離逢甲很近,0,0,0,1,0,0,0,0,0,1,0,0,1
地點離逢甲夜市進，不怕停車問題。,0,0,0,1,0,0,0,0,0,1,0,0,1
離逢甲夜市很近，周圍很安靜,0,0,0,1,0,0,0,0,0,1,0,0,1
地理位置佳離逢甲夜市近,0,0,0,1,0,0,0,0,0,1,0,0,1
離夜市近,0,0,0,1,0,0,0,0,0,1,0,0,1
飯店位置很不錯。,0,0,0,1,0,0,0,0,0,1,0,0,1
地理位置好，方便逛逢甲夜市。,0,0,0,1,0,0,0,0,0,1,0,0,1
交通算方便,0,0,0,1,0,0,0,0,0,1,0,0,1
位置佳,0,0,0,1,0,0,0,0,0,1,0,0,1
離火車站稍微遠了點，但仍在步行可到距離,0,0,0,1,0,0,0,0,0,1,0,0,1
赤崁位置在市中心,0,0,0,1,0,0,0,0,0,1,0,0,1
飯店旁邊就是百貨,0,0,0,1,0,0,0,0,0,1,0,0,1
地點好又好停車,0,0,0,1,0,0,0,0,0,1,0,0,1
地理位置佳,0,0,0,1,0,0,0,0,0,1,0,0,1
地點相當方便,0,0,0,1,0,0,0,0,0,1,0,0,1
地理位置很方便 買宵夜ok,0,0,0,1,0,0,0,0,0,1,0,0,1
地點符合我此行 需求交通還算方便,0,0,0,1,0,0,0,0,0,1,0,0,1
剛好在購物中心裡、很方便，停車也ok,0,0,0,1,0,0,0,0,0,1,0,0,1
非常適合商務旅遊出差，地點便利view也很美,0,0,0,1,0,0,0,0,0,1,0,0,1
南紡夢時代就在飯店隔壁方便吃東西、逛街,0,0,0,1,0,0,0,0,0,1,0,0,1
逛街購物用餐，看電影，逛誠品書店，都很方便，離知名溫體牛肉火鍋店或高速公路交流道都很近，地點很好。,0,0,0,1,0,0,0,0,0,1,0,0,1
鄰近南紡，景點好，好逛，走文青路線,0,0,0,1,0,0,0,0,0,1,0,0,1
地點非常好,0,0,0,1,0,0,0,0,0,1,0,0,1
地點好，周邊機能優秀，推廣在地文化,0,0,0,1,0,0,0,0,0,1,0,0,1
位置在街弄內，晚上較安靜還不錯,0,0,0,1,0,0,0,0,0,1,0,0,1
附近住宿區，比較安靜。,0,0,0,1,0,0,0,0,0,1,0,0,1
離一中街滿近的,0,0,0,1,0,0,0,0,0,1,0,0,1
位置距離一中街不遠，。,0,0,0,1,0,0,0,0,0,1,0,0,1
離一中商圈近，騎ubike就可以到，周遭不會吵雜，附贈的早餐是麥當勞喔,0,0,0,1,0,0,0,0,0,1,0,0,1
要自備交通工具會比較方便一點  但離公車也不會太遠,0,0,0,1,0,0,0,0,0,1,0,0,1
停車要自理，但附近還算不難停車,0,0,0,1,0,0,0,0,0,1,0,0,1
近火車站 步行很快就到了,0,0,0,1,0,0,0,0,0,1,0,0,1
樓下有7-11 斜對角還有一個夜市（不過攤位還好）,0,0,0,1,0,0,0,0,0,1,0,0,1
離炸饅頭店很近,0,0,0,1,0,0,0,0,0,1,0,0,1
旅店就在市場內，吃的很多，我吃火雞肉飯,0,0,0,1,0,0,0,0,0,1,0,0,1
離火車站市場鬧區近。,0,0,0,1,0,0,0,0,0,1,0,0,1
地點離車站近。,0,0,0,1,0,0,0,0,0,1,0,0,1
交通尚可。,0,0,0,1,0,0,0,0,0,1,0,0,1
附近很多吃的，還有全聯，旅館附近的樂包子肉包和饅頭都很好吃,0,0,0,1,0,0,0,0,0,1,0,0,1
飯店近交流道附近,0,0,0,1,0,0,0,0,0,1,0,0,1
地理位置吃的很多,0,0,0,1,0,0,0,0,0,1,0,0,1
附近很多用餐的店,0,0,0,1,0,0,0,0,0,1,0,0,1
附近吃的選擇蠻多的,0,0,0,1,0,0,0,0,0,1,0,0,1
停車場較遠，但不影響走路就可到布袋戲館與誠品，樓下就是小北百貨方便補給，這次入住的是房中房爸媽老人家同行也可一起入住，非常之好,0,0,0,1,0,0,0,0,0,1,0,0,1
停車場較遠，但不影響，走路就可到布袋戲館與誠品，樓下就是小北百貨方便補給,0,0,0,1,0,0,0,0,0,1,0,0,1
位置離虎尾鎮市區近，星期五有虎尾夜市。 ,0,0,0,1,0,0,0,0,0,1,0,0,1
離虎尾科技大學很近，離學校近附近有很多平價餐館。,0,0,0,1,0,0,0,0,0,1,0,0,1
地點在家樂福對面,0,0,0,1,0,0,0,0,0,1,0,0,1
對面就是家樂福,0,0,0,1,0,0,0,0,0,1,0,0,1
地點在火車站旁邊，附近有很多可以逛的商店,0,0,0,1,0,0,0,0,0,1,0,0,1
地點近捷運,0,0,0,1,0,0,0,0,0,1,0,0,1
地點近超市,0,0,0,1,0,0,0,0,0,1,0,0,1
地點近火車站,0,0,0,1,0,0,0,0,0,1,0,0,1
地點近夜市,0,0,0,1,0,0,0,0,0,1,0,0,1
地點近商圈,0,0,0,1,0,0,0,0,0,1,0,0,1
地點近麥當勞,0,0,0,1,0,0,0,0,0,1,0,0,1
地點近景點周遭,0,0,0,1,0,0,0,0,0,1,0,0,1
地點尚可,0,0,0,1,0,0,0,0,0,1,0,0,1
地點還可以,0,0,0,1,0,0,0,0,0,1,0,0,1
地點還行,0,0,0,1,0,0,0,0,0,2,0,0,2
地點算OK,0,0,0,1,0,0,0,0,0,1,0,0,1
地點OK,0,0,0,1,0,0,0,0,0,1,0,0,1
地點離飯店距離剛剛好,0,0,0,1,0,0,0,0,0,1,0,0,1
旅店位置尚可,0,0,0,1,0,0,0,0,0,1,0,0,1
飯店位置尚可,0,0,0,1,0,0,0,0,0,1,0,0,1
飯店位子還可以,0,0,0,1,0,0,0,0,0,1,0,0,1
旅店位子還行,0,0,0,1,0,0,0,0,0,2,0,0,2
地點還OK,0,0,0,1,0,0,0,0,0,1,0,0,1
地點附近有早餐店,0,0,0,1,0,0,0,0,0,1,0,0,1
地點附近有燒烤店,0,0,0,1,0,0,0,0,0,1,0,0,1
地點附近有很多店,0,0,0,1,0,0,0,0,0,1,0,0,1
地點周遭有許多店,0,0,0,1,0,0,0,0,0,1,0,0,1
地點周遭鄰近機場，可以看到飛機,0,0,0,1,0,0,0,0,0,1,0,0,1
地點鄰近超商,0,0,0,1,0,0,0,0,0,1,0,0,1
地點鄰近711,0,0,0,1,0,0,0,0,0,1,0,0,1
地點鄰近全家,0,0,0,1,0,0,0,0,0,1,0,0,1
地點鄰近商圈,0,0,0,1,0,0,0,0,0,1,0,0,1
飯店附近晚上可以逛老街,0,0,0,1,0,0,0,0,0,1,0,0,1
旅店位置在市中心,0,0,0,1,0,0,0,0,0,1,0,0,1
旅店所在地點鄰近斗六火車站,0,0,0,1,0,0,0,0,0,1,0,0,1
離火車站近,0,0,0,1,0,0,0,0,0,1,0,0,1
離東大門夜市超級近,0,0,0,1,0,0,0,0,0,1,0,0,1
 離夜市很近。,0,0,0,1,0,0,0,0,0,1,0,0,1
離夜市超近的,0,0,0,1,0,0,0,0,0,1,0,0,1
離夜市走路一分鐘,0,0,0,1,0,0,0,0,0,1,0,0,1
夜市很近,0,0,0,1,0,0,0,0,0,1,0,0,1
建築物在熱鬧的林森北路周邊,0,0,0,1,0,0,0,0,0,1,0,0,1
離鬧區近。,0,0,0,1,0,0,0,0,0,1,0,0,1
地點還算可以接受,0,0,0,1,0,0,0,0,0,1,0,0,1
地點還OK，不算太遠也不算太近,0,0,0,1,0,0,0,0,0,1,0,0,1
離一中商圈近，騎ubike就可以到，周遭不會吵雜，,0,0,0,1,0,0,0,0,0,1,0,0,1
雖然晚上有點危險有太多外籍人士群聚在那附近，但離車站很近，周邊也很方便,0,0,0,1,0,0,0,0,0,1,0,0,1
雖然離車站很近，周邊也很方便，但晚上有點危險有太多外籍人士群聚在那附近，不過這跟旅館本身沒關係，旅館還是很不錯！,0,0,0,1,0,0,0,0,0,1,0,0,1
附近地點有多種外食可選擇，很方便,0,0,0,1,0,0,0,0,0,1,0,0,1
附近買東西很方便,0,0,0,1,0,0,0,0,0,1,0,0,1
離車站很近，很方便。,0,0,0,1,0,0,0,0,0,1,0,0,1
位置離火車站近，還算方便。,0,0,0,1,0,0,0,0,0,1,0,0,1
所處在的地理非常方便火車站出來就到了,0,0,0,1,0,0,0,0,0,1,0,0,1
離火車站近，座落在鬧區，吃喝方便。,0,0,0,1,0,0,0,0,0,1,0,0,1
地點位置好,0,0,0,1,0,0,0,0,0,1,0,0,1
離火車站非常近，樓下就有便利商店，也蠻熱鬧的。,0,0,0,1,0,0,0,0,0,1,0,0,1
市區超近 地點超好的 ,0,0,0,1,0,0,0,0,0,1,0,0,1
地理位置交通很便利，週邊商圈很多,0,0,0,1,0,0,0,0,0,1,0,0,1
位置很方便,0,0,0,1,0,0,0,0,0,1,0,0,1
位置很好，交通很方便,0,0,0,1,0,0,0,0,0,1,0,0,1
地點離市區很近搭火車很方便,0,0,0,1,0,0,0,0,0,1,0,0,1
住宿地點算熱鬧，吃喝方便,0,0,0,1,0,0,0,0,0,1,0,0,1
離火車站近，訂位快速！,0,0,0,1,0,0,0,0,0,1,0,0,1
地點便利近火車站，機能非常好！,0,0,0,1,0,0,0,0,0,1,0,0,1
離新竹火車站非常近，附近機能很好，還有youbike可以租借使用。,0,0,0,1,0,0,0,0,0,1,0,0,1
離火車站超近，出去就到了，附近也有便利商店及公車站,0,0,0,1,0,0,0,0,0,1,0,0,1
地點不錯 下次還會來,0,0,0,1,0,0,0,0,0,1,0,0,1
住宿位置鄰近火車站非常便利。,0,0,0,1,0,0,0,0,0,1,0,0,1
住宿位置很優機能很方便,0,0,0,1,0,0,0,0,0,1,0,0,1
地理位置很好,0,0,0,1,0,0,0,0,0,1,0,0,1
附近餐食選擇?多，不會買不到宵夜。,0,0,0,1,0,0,0,0,0,1,0,0,1
交通方便，飲食也方便,0,0,0,1,0,0,0,0,0,1,0,0,1
距離車站很近，餐飲購物逛街都很方便,0,0,0,1,0,0,0,0,0,1,0,0,1
住宿地點交通及逛街，用餐都很方便,0,0,0,1,0,0,0,0,0,1,0,0,1
住宿地點佳,0,0,0,1,0,0,0,0,0,1,0,0,1
位置很好 只是車位不好找 但附近很多吃的 住這裡不用怕餓到 ,0,0,0,1,0,0,0,0,0,1,0,0,1
周圍方便,0,0,0,1,0,0,0,0,0,1,0,0,1
周邊生活機能很好,0,0,0,1,0,0,0,0,0,1,0,0,1
晚餐附近家咖哩不錯吃,0,0,0,1,0,0,0,0,0,1,0,0,1
這是第三次的入住，已成為每次出差的首選，地點環境都是相當棒的體驗,0,0,0,1,0,0,0,0,0,1,0,0,1
住宿位置與各項機能都很不錯,0,0,0,1,0,0,0,0,0,1,0,0,1
離火車站近，交通便利。,0,0,0,1,0,0,0,0,0,1,0,0,1
走出去幾分鐘就可以到夜市，也有兩三家超商,0,0,0,1,0,0,0,0,0,1,0,0,1
周圍安靜,0,0,0,1,0,0,0,0,0,1,0,0,1
海景不錯。,0,0,0,1,0,0,0,0,0,1,0,0,1
窗外風景漂亮,0,0,0,1,0,0,0,0,0,1,0,0,1
無敵海景很棒,0,0,0,1,0,0,0,0,0,1,0,0,1
可以看太平洋美景,0,0,0,1,0,0,0,0,0,1,0,0,1
位置在街弄內，晚上較安靜,0,0,0,1,0,0,0,0,0,1,0,0,1
周邊環境安靜單純是我最喜歡的原因之一,0,0,0,1,0,0,0,0,0,1,0,0,1
周邊停車場位置距離合宜,0,0,0,1,0,0,0,0,0,1,0,0,1
地理環境很好,0,0,0,1,0,0,0,0,0,1,0,0,1
地點很方便，火車站就在5-10分鐘路程，過馬路就有超商，間宮原眼科也在附近,0,0,0,1,0,0,0,0,0,1,0,0,1
交通很方便,0,0,0,1,0,0,0,0,0,1,0,0,1
地理位置佳，就在離火車站步行不遠處,0,0,0,1,0,0,0,0,0,1,0,0,1
住宿四周非常方便，晚上有夜市。,0,0,0,1,0,0,0,0,0,1,0,0,1
旁邊有夜市、超商，機能不錯！,0,0,0,1,0,0,0,0,0,1,0,0,1
旅店地理環境是真的很好,0,0,0,1,0,0,0,0,0,1,0,0,1
離車站很近，出入很方便。,0,0,0,1,0,0,0,0,0,1,0,0,1
走路5分鐘內有市場，10分鐘到市區，用餐方便。,0,0,0,1,0,0,0,0,0,1,0,0,1
住宿靠近火車站，也在市場隔壁很方便。,0,0,0,1,0,0,0,0,0,1,0,0,1
飯店座落地點很棒,0,0,0,1,0,0,0,0,0,1,0,0,1
附近難停車,0,0,0,1,0,0,0,0,0,1,0,0,3
附近吃食很方便,0,0,0,1,0,0,0,0,0,1,0,0,1
周邊商圈便利。,0,0,0,1,0,0,0,0,0,1,0,0,1
旅店位置地點很好。,0,0,0,1,0,0,0,0,0,1,0,0,1
生活機能非常好,0,0,0,1,0,0,0,0,0,1,0,0,1
位居虎尾科大周圍鬧區，吃喝便利。,0,0,0,1,0,0,0,0,0,1,0,0,1
房間視野很不錯，可以看到臺灣海峽的夕陽,0,0,0,1,0,0,0,0,0,1,0,0,1
地點在虎尾市中心，晚上外出覓食相當方便,0,0,0,1,0,0,0,0,0,1,0,0,1
方便的地理位置,0,0,0,1,0,0,0,0,0,1,0,0,1
地點還不錯。,0,0,0,1,0,0,0,0,0,1,0,0,1
～，住宿點很方便吃喝逛,0,0,0,1,0,0,0,0,0,1,0,0,1
地點不錯！,0,0,0,1,0,0,0,0,0,1,0,0,1
地理環境佳，虎尾較熱鬧的地方。,0,0,0,1,0,0,0,0,0,1,0,0,1
附近很多店家方便。,0,0,0,1,0,0,0,0,0,1,0,0,1
地點周圍很熱鬧,0,0,0,1,0,0,0,0,0,1,0,0,1
飯店定點不錯，周圍吃的餐廳選擇多，後面還有一間戲院。,0,0,0,1,0,0,0,0,0,1,0,0,1
住宿地理位置很好，機能不錯，附近商家林立吃東西很方便。,0,0,0,1,0,0,0,0,0,1,0,0,1
地理位子很方便,0,0,0,1,0,0,0,0,0,1,0,0,1
附近吃東西很方便,0,0,0,1,0,0,0,0,0,1,0,0,1
旅店位置方便。,0,0,0,1,0,0,0,0,0,1,0,0,1
地點很好。,0,0,0,1,0,0,0,0,0,1,0,0,1
住宿位置熱鬧,0,0,0,1,0,0,0,0,0,1,0,0,1
附近方便買東西，離夜市也不遠～,0,0,0,1,0,0,0,0,0,1,0,0,1
住宿地點好，走幾分鐘就可以到達人文夜市，旁邊有星巴克，麥當勞。,0,0,0,1,0,0,0,0,0,1,0,0,1
旅店旁邊有星巴克對面有麥當勞，很不錯,0,0,0,1,0,0,0,0,0,1,0,0,1
周圍相鄰很多好吃的店 ，棒!!!!!,0,0,0,1,0,0,0,0,0,1,0,0,1
基本交通上跟生活需求東西都很方便,0,0,0,1,0,0,0,0,0,1,0,0,1
位置很棒麥當勞在對面,0,0,0,1,0,0,0,0,0,1,0,0,1
位置超好，附近有家樂福迪卡儂，還有好多食肆…,0,0,0,1,0,0,0,0,0,1,0,0,1
走出去就有吃的很方便！,0,0,0,1,0,0,0,0,0,1,0,0,1
住宿地方位置方便。,0,0,0,1,0,0,0,0,0,1,0,0,1
附近停車算方便。,0,0,0,1,0,0,0,0,0,1,0,0,1
地點很棒。 ,0,0,0,1,0,0,0,0,0,1,0,0,1
地點近火車站房間清潔,1,0,0,1,0,0,0,0,0,1,0,0,1
整體感覺很不錯。地點也非常好,0,0,0,1,0,1,0,0,0,1,0,1,1
整體還不錯，停車場位置很便利。,0,0,0,1,0,1,0,0,0,1,0,1,1
環境好氣氛佳適於旅遊住宿的好地方,0,0,0,1,0,1,0,0,0,1,0,1,1
住宿品質與地點皆不錯,0,0,0,1,0,1,0,0,0,1,0,1,1
環境屬花蓮市郊區，遠眺清晰可見太平洋，現因COVID-19疫情無法使用設施及用餐，有些遺憾，等疫情解封後必定再次前來朝聖,0,0,0,1,0,1,0,0,0,1,0,3,1
住宿位置很棒，不過通往旅館的路的標示有點不清楚。,0,0,0,1,0,1,0,0,0,1,0,3,1
整棟大樓內有夜店...晚上休息時間雖然聽不到音樂，沒有噪音分貝數也符合法規，但是夜店有打鼓重低音會穿透...讓人無法入睡!!!住宿地點位於市中心...很方便,0,0,0,1,0,1,0,0,0,1,0,3,3
便宜優質的環境,0,0,0,1,1,0,0,0,0,1,1,0,1
在市中心，cp值很高整體來說中規中矩,0,0,0,1,1,0,0,0,0,1,1,0,1
房價合理，環境不錯,0,0,0,1,1,0,0,0,0,1,1,0,1
環境跟性價比根本是高雄最好飯店，什麼都很棒,0,0,0,1,1,0,0,0,0,1,1,0,1
地點方便 ，性價比高，整體上合乎預期,0,0,0,1,1,0,0,0,0,1,1,0,1
不過CP直很高，住宿地點很便利，對面就有知名蛋餅店,0,0,0,1,1,0,0,0,0,1,1,0,1
地點離市區不遠，價格親民，適合想省錢但是不想著背包旅館與別人分享房間的旅客。,0,0,0,1,1,0,0,0,0,1,1,0,1
Cp值高 對門就有很多早餐店 ,0,0,0,1,1,0,0,0,0,1,1,0,1
性價比高，飯店的位置良好，非常的方便,0,0,0,1,1,0,0,0,0,1,1,0,1
景觀美.價格便宜,0,0,0,1,1,0,0,0,0,1,1,0,1
近市區，CP值高！,0,0,0,1,1,0,0,0,0,1,1,0,1
我們吃素，附近吃素方便。平日的價格有相對便宜。,0,0,0,1,1,0,0,0,0,1,1,0,1
價格便宜 在市區裡,0,0,0,1,1,0,0,0,0,1,1,0,1
性價比好，地點不錯,0,0,0,1,1,0,0,0,0,1,1,0,1
經濟實惠，地點佳！方便！,0,0,0,1,1,0,0,0,0,1,1,0,1
价格實惠，位置不錯,0,0,0,1,1,0,0,0,0,1,1,0,1
離夜市很近，價格便宜。,0,0,0,1,1,0,0,0,0,1,1,0,1
價位非常合理、地理位置理想。,0,0,0,1,1,0,0,0,0,1,1,0,1
飯店位置到哪都很方便價格不貴cp值高下次來會再來住,0,0,0,1,1,0,0,0,0,1,1,0,1
地點好，性價比高,0,0,0,1,1,0,0,0,0,1,1,0,1
已多次來住的旅店，地點停車方便，高cp,0,0,0,1,1,0,0,0,0,1,1,0,1
價格便宜 停車方便,0,0,0,1,1,0,0,0,0,1,1,0,1
地點交通方便，價格還可以,0,0,0,1,1,0,0,0,0,1,1,0,1
價格=CP值高，臨近愛河,0,0,0,1,1,0,0,0,0,1,1,0,1
位置好 價錢合理 cp值高,0,0,0,1,1,0,0,0,0,1,1,0,1
cp值高地點好生活機能優,0,0,0,1,1,0,0,0,0,1,1,0,1
費用cp值高，離逢甲夜市近，讚！,0,0,0,1,1,0,0,0,0,1,1,0,1
價格優惠 位置超好,0,0,0,1,1,0,0,0,0,1,1,0,1
價錢上不錯，地理位子上離一中也不遠,0,0,0,1,1,0,0,0,0,1,1,0,1
住宿地點非常近～這點真的很棒，價格也算便宜,0,0,0,1,1,0,0,0,0,1,1,0,1
地點真的很便捷，價格親近,0,0,0,1,1,0,0,0,0,1,1,0,1
地點很好，便宜。,0,0,0,1,1,0,0,0,0,1,1,0,1
住宿地點很方便，以這價格來說算還不錯。,0,0,0,1,1,0,0,0,0,1,1,0,1
cp值足，地點：便利性高！,0,0,0,1,1,0,0,0,0,1,1,0,1
價格便宜 離火車站近,0,0,0,1,1,0,0,0,0,1,1,0,1
cp值高距離車站近,0,0,0,1,1,0,0,0,0,1,1,0,1
位置就在最熱鬧的精華區，質感高雅大方卻價錢非常平價,0,0,0,1,1,0,0,0,0,1,1,0,1
地點方便 價格合理 各方面都不錯,0,0,0,1,1,0,0,0,0,1,1,0,1
很便宜的價格地點也非常不錯,0,0,0,1,1,0,0,0,0,1,1,0,1
位置方便、cp值算高,0,0,0,1,1,0,0,0,0,1,1,0,1
離火車站很近，機能方便且房間便宜,0,0,0,1,1,0,0,0,0,1,1,0,1
便宜 地點好,0,0,0,1,1,0,0,0,0,1,1,0,1
景不錯，房錢合理。,0,0,0,1,1,0,0,0,0,1,1,0,1
平日住性比價佳，周圍環境很安靜,0,0,0,1,1,0,0,0,0,1,1,0,1
CP值高，地點優的好旅店。,0,0,0,1,1,0,0,0,0,1,1,0,1
飯店地點方便及價位經濟又實惠！,0,0,0,1,1,0,0,0,0,1,1,0,1
地點近車站，價格便宜,0,0,0,1,1,0,0,0,0,1,1,0,1
地理位置佳~附近美食多。住宿價格便宜。,0,0,0,1,1,0,0,0,0,1,1,0,1
入住四人房價格不錯。 地點位置方便。,0,0,0,1,1,0,0,0,0,1,1,0,1
離虎尾科大學區近，有很多好吃cp高的餐廳。,0,0,0,1,1,0,0,0,0,1,1,0,1
地點真的超級棒的，走路就可以到虎尾市中心的主要景點。旁邊也都是商店，只能說功能超方便的。另外這一家飯店的cp值真的是不錯，我是在四天連假的時候來的，可是價錢還是滿合理的,0,0,0,1,1,0,0,0,0,1,1,0,1
地點很好，價格親民。,0,0,0,1,1,0,0,0,0,1,1,0,1
地點跟cp值是不錯。,0,0,0,1,1,0,0,0,0,1,1,0,1
位於虎尾最熱鬧的區段能有此房價真的是cp值很高,0,0,0,1,1,0,0,0,0,1,1,0,1
地點非常方便， cp值很好。,0,0,0,1,1,0,0,0,0,1,1,0,1
乾淨，便宜、地點好,1,0,0,1,1,0,0,0,0,1,1,0,1
整體來說都不錯。地點熱鬧 房價也不錯,0,0,0,1,1,1,0,0,0,1,1,1,1
晚上外面會有很多外勞聚集,0,0,0,1,0,0,0,0,0,2,0,0,2
住宿的方便性,0,0,0,1,0,0,0,0,0,2,0,0,2
附近很多外國人,0,0,0,1,0,0,0,0,0,2,0,0,2
樓下是KTV,0,0,0,1,0,0,0,0,0,2,0,0,2
附近有東南亞餐廳,0,0,0,1,0,0,0,0,0,2,0,0,2
方便性,0,0,0,1,0,0,0,0,0,2,0,0,2
整個環境氛圍,0,0,0,1,0,0,0,0,0,2,0,0,2
所屬地區比較靜，晚上容易錯過路牌，留意在路的左邊的巷內,0,0,0,1,0,0,0,0,0,2,0,0,2
只有地理位置,0,0,0,1,0,0,0,0,0,2,0,0,2
地理位置如有交通工具 離花蓮車站是近的,0,0,0,1,0,0,0,0,0,2,0,0,2
所屬地區比較靜，晚上容易錯過路牌，留意在路的左邊2K7巷內,0,0,0,1,0,0,0,0,0,2,0,0,2
煙波花蓮館距離花蓮車站有一定的距離，搭乘計程車約7分鐘左右到達,0,0,0,1,0,0,0,0,0,2,0,0,2
離變電所有點近，但只有一晚也還好,0,0,0,1,0,0,0,0,0,2,0,0,2
飯店地處離 著名的逢甲夜市 步行約莫 五分鐘 的位置 ,0,0,0,1,0,0,0,0,0,2,0,0,2
地點不算太遠也不算太近,0,0,0,1,0,0,0,0,0,2,0,0,1
地點在機場附近,0,0,0,1,0,0,0,0,0,2,0,0,2
地點附近方便性普通,0,0,0,1,0,0,0,0,0,2,0,0,2
海景的view,0,0,0,1,0,0,0,0,0,2,0,0,2
環境吵雜,0,0,0,1,0,0,0,0,0,3,0,0,3
附近流浪漢很多，走過去時都有點怕怕的,0,0,0,1,0,0,0,0,0,3,0,0,3
應改善在地點上的缺點，這樣評價會更好,0,0,0,1,0,0,0,0,0,3,0,0,3
附近是海邊，海風很強 濕氣重,0,0,0,1,0,0,0,0,0,3,0,0,3
整棟大樓內有夜店...晚上休息時間雖然聽不到音樂，沒有噪音分貝數也符合法規，但是夜店有打鼓重低音會穿透...讓人無法入睡!!!,0,0,0,1,0,0,0,0,0,3,0,0,3
不關飯店的問題，但外面水溝的味道好臭,0,0,0,1,0,0,0,0,0,3,0,0,3
外面很有多野貓野狗,0,0,0,1,0,0,0,0,0,3,0,0,3
野狗出沒地,0,0,0,1,0,0,0,0,0,3,0,0,3
整個環境氛圍很糟,0,0,0,1,0,0,0,0,0,3,0,0,3
可看到發電廠欸….不是很喜歡,0,0,0,1,0,0,0,0,0,3,0,0,3
地點算偏僻，有車子還是比較方便,0,0,0,1,0,0,0,0,0,3,0,0,3
找好久才找到旅店,0,0,0,1,0,0,0,0,0,3,0,0,3
外面市景陳舊,0,0,0,1,0,0,0,0,0,3,0,0,3
住宿六樓，6樓又是餐廳，讓人有點疑惑,0,0,0,1,0,0,0,0,0,3,0,0,3
如果有開車，交通會方便些,0,0,0,1,0,0,0,0,0,3,0,0,3
路邊停車位要靠運氣,0,0,0,1,0,0,0,0,0,3,0,0,3
一開始會找不到飯店的入口 然後飯店樓下環境很不優會令人卻步,0,0,0,1,0,0,0,0,0,3,0,0,3
一樓環境感覺跟飯店形象猶如天嚷之別，感覺大樓內還有不良場所?? ,0,0,0,1,0,0,0,0,0,3,0,0,3
地點偏闢,0,0,0,1,0,0,0,0,0,3,0,0,3
鄰近電塔,0,0,0,1,0,0,0,0,0,3,0,0,3
周遭的遊民可能讓年輕單身女性會是一大缺點,0,0,0,1,0,0,0,0,0,3,0,0,3
晚上約八點前往六合夜市途中，看到一堆女子蹲著抽煙，感觀不佳，跟商旅無關，但跟地區性有關。有點可惜,0,0,0,1,0,0,0,0,0,3,0,0,3
離地鐵站稍遠,0,0,0,1,0,0,0,0,0,3,0,0,3
一樓吵雜,0,0,0,1,0,0,0,0,0,3,0,0,3
海灘要走到馬路外面 ,0,0,0,1,0,0,0,0,0,3,0,0,3
住宿位置晚上時稍微幽暗，有點危險,0,0,0,1,0,0,0,0,0,3,0,0,3
離車站很遠,0,0,0,1,0,0,0,0,0,3,0,0,3
地點偏僻,0,0,0,1,0,0,0,0,0,3,0,0,3
地點不好找,0,0,0,1,0,0,0,0,0,3,0,0,3
地點難找,0,0,0,1,0,0,0,0,0,3,0,0,3
樓上是補習班很吵,0,0,0,1,0,0,0,0,0,3,0,0,3
樓上是健身房很吵,0,0,0,1,0,0,0,0,0,3,0,0,3
附近沒景點,0,0,0,1,0,0,0,0,0,3,0,0,3
附近沒便利商店,0,0,0,1,0,0,0,0,0,3,0,0,3
飯店離車站很遠,0,0,0,1,0,0,0,0,0,3,0,0,3
下車要走好一大段路才到飯店,0,0,0,1,0,0,0,0,0,3,0,0,3
地點也不好，離車站好遠,0,0,0,1,0,0,0,0,0,3,0,0,3
地點不是很好，能逛的地方不多,0,0,0,1,0,0,0,0,0,3,0,0,3
地點不是太優,0,0,0,1,0,0,0,0,0,3,0,0,3
地點不佳，不好找,0,0,0,1,0,0,0,0,0,3,0,0,3
地點也很偏僻,0,0,0,1,0,0,0,0,0,3,0,0,3
地點採光不好，昏暗昏暗的,0,0,0,1,0,0,0,0,0,3,0,0,3
地點離夜市太遠,0,0,0,1,0,0,0,0,0,3,0,0,3
地點不好,0,0,0,1,0,0,0,0,0,3,0,0,3
地點也不佳,0,0,0,1,0,0,0,0,0,3,0,0,3
離車站很遠也不好叫車,0,0,0,1,0,0,0,0,0,3,0,0,3
地點在鬧區很吵,0,0,0,1,0,0,0,0,0,3,0,0,3
旅店地點在暗巷裡不是很好,0,0,0,1,0,0,0,0,0,3,0,0,3
地點差,0,0,0,1,0,0,0,0,0,3,0,0,3
室外景觀被高樓擋住，破壞美景,0,0,0,1,0,0,0,0,0,3,0,0,3
離車站遠,0,0,0,1,0,0,0,0,0,3,0,0,3
附近沒超市不方便,0,0,0,1,0,0,0,0,0,3,0,0,3
附近沒有便利店,0,0,0,1,0,0,0,0,0,3,0,0,3
地點也不好,0,0,0,1,0,0,0,0,0,3,0,0,3
樓上是健身房晚上都能聽到重物烙下的聲音,0,0,0,1,0,0,0,0,0,3,0,0,3
地點爛,0,0,0,1,0,0,0,0,0,3,0,0,3
地點也…,0,0,0,1,0,0,0,0,0,3,0,0,3
飯店位置真的不是很好,0,0,0,1,0,0,0,0,0,3,0,0,3
地點也離車站很遠,0,0,0,1,0,0,0,0,0,3,0,0,3
飯店離車站遠,0,0,0,1,0,0,0,0,0,3,0,0,3
飯店地點也是陰暗處,0,0,0,1,0,0,0,0,0,3,0,0,3
因為地點位在商業大樓，要跟很多店家共用電梯很不方便,0,0,0,1,0,0,0,0,0,3,0,0,3
附近甚麼都沒有,0,0,0,1,0,0,0,0,0,3,0,0,3
地點真的不好,0,0,0,1,0,0,0,0,0,3,0,0,3
樓上是 worldGym，吵到十點，上午六點又開始，一直有重物落地聲音，可惜這新的商旅。,0,0,0,1,0,0,0,0,0,3,0,0,3
樓上健身房有點吵！,0,0,0,1,0,0,0,0,0,3,0,0,3
飯店早上太吵了樓上健身房七早八早就在蹦蹦蹦太大聲了沒辦法睡,0,0,0,1,0,0,0,0,0,3,0,0,3
樓上健身房太吵了！要很晚才沒聲音，這樣很難好好休息,0,0,0,1,0,0,0,0,0,3,0,0,3
隔音，因為樓上是健身房，能聽得到舉重器材被放到地上的聲音,0,0,0,1,0,0,0,0,0,3,0,0,3
離車站好遠不方便,0,0,0,1,0,0,0,0,0,3,0,0,3
地點尷尬，要叫計程車很不方便,0,0,0,1,0,0,0,0,0,3,0,0,3
地點位置不好，太多奇奇怪怪的人，半夜太吵了,0,0,0,1,0,0,0,0,0,3,0,0,3
地點不方便,0,0,0,1,0,0,0,0,0,3,0,0,3
離各景點都太遠了,0,0,0,1,0,0,0,0,0,3,0,0,3
在商業大樓裡，排電梯不方便,0,0,0,1,0,0,0,0,0,3,0,0,3
地點不佳,0,0,0,1,0,0,0,0,0,3,0,0,3
地點不是太好，離車站遠,0,0,0,1,0,0,0,0,0,3,0,0,3
地點沒什麼公共運輸,0,0,0,1,0,0,0,0,0,3,0,0,3
在暗巷裡感覺不是太好,0,0,0,1,0,0,0,0,0,3,0,0,3
太過隱密都不知道在哪裡,0,0,0,1,0,0,0,0,0,3,0,0,3
飯店位置太難找,0,0,0,1,0,0,0,0,0,3,0,0,3
附近沒什麼店家,0,0,0,1,0,0,0,0,0,3,0,0,3
附近沒便利商店也沒夜市,0,0,0,1,0,0,0,0,0,3,0,0,3
飯店附近無相關熱門景點,0,0,0,1,0,0,0,0,0,3,0,0,3
飯店附近無計程車,0,0,0,1,0,0,0,0,0,3,0,0,3
地點太偏僻,0,0,0,1,0,0,0,0,0,3,0,0,3
地點不太好,0,0,0,1,0,0,0,0,0,3,0,0,3
地點差，看不到景象,0,0,0,1,0,0,0,0,0,3,0,0,3
飯店景象都被大樓遮住了,0,0,0,1,0,0,0,0,0,3,0,0,3
離夜市太遠,0,0,0,1,0,0,0,0,0,3,0,0,3
地點太差,0,0,0,1,0,0,0,0,0,3,0,0,3
地點太糟,0,0,0,1,0,0,0,0,0,3,0,0,3
旅館樓上有補習社，到補習班上課時間會很多學生排隊用電梯。,0,0,0,1,0,0,0,0,0,3,0,0,3
因為同棟大樓有補習班，有時排隊很久,0,0,0,1,0,0,0,0,0,3,0,0,3
住在8樓樓上的腳步聲及搬運聲很吵,0,0,0,1,0,0,0,0,0,3,0,0,3
不太好停車,0,0,0,1,0,0,0,0,0,3,0,0,3
鄰近機場，飛機的聲音非常吵，睡覺需要戴耳塞。4,0,0,0,1,0,0,0,0,0,3,0,0,3
位置離人氣美食區中山路一帶走路約要20分鐘，若想三餐想去吃排隊美食，不太方便。,0,0,0,1,0,0,0,0,0,3,0,0,3
地理位置不方便停車 ,0,0,0,1,0,0,0,0,0,3,0,0,3
交通不是很便利,0,0,0,1,0,0,0,0,0,3,0,0,3
位置離捷運站有段距離不便利,0,0,0,1,0,0,0,0,0,3,0,0,3
往市區會有一段距離，用走的蠻累的,0,0,0,1,0,0,0,0,0,3,0,0,3
停車距離離飯店較遠不太方便,0,0,0,1,0,0,0,0,0,3,0,0,3
停車位不夠近，如果帶小孩又太多行李，只能先臨停在外先拿進去寄放。樓下附近沒便利商店，建議去文化夜市多買一點吃的,0,0,0,1,0,0,0,0,0,3,0,0,3
住房位置靠近馬路 聲音有點吵,0,0,0,1,0,0,0,0,0,3,0,0,3
停車稍遠,0,0,0,1,0,0,0,0,0,3,0,0,3
地點離火車站太遠 不方便,0,0,0,1,0,0,0,0,0,3,0,0,3
停車不方便，晚到就要停路邊了,0,0,0,1,0,0,0,0,0,3,0,0,3
唯一缺點離捷運站有點遠,0,0,0,1,0,0,0,0,0,3,0,0,3
離捷運站有點距離,0,0,0,1,0,0,0,0,0,3,0,0,3
交通不是很方便,0,0,0,1,0,0,0,0,0,3,0,0,3
附近用餐店家較少,0,0,0,1,0,0,0,0,0,3,0,0,3
地點就差一些，出門需要交通工具。,0,0,0,1,0,0,0,0,0,3,0,0,3
停車比較麻煩 ,0,0,0,1,0,0,0,0,0,3,0,0,3
離捷運稍遠，不便利,0,0,0,1,0,0,0,0,0,3,0,0,3
附近用餐要稍微走一段路。離便利商站也有點距離、如果近一點就好了,0,0,0,1,0,0,0,0,0,3,0,0,3
離逛街的地方稍遠了點可惜了,0,0,0,1,0,0,0,0,0,3,0,0,3
地真點心得不方便,0,0,0,1,0,0,0,0,0,3,0,0,3
離車站稍遠些（走路）很累,0,0,0,1,0,0,0,0,0,3,0,0,3
平常日竟然還會停車不方便，地點太偏遠,0,0,0,1,0,0,0,0,0,3,0,0,3
 雖然附近機能不錯 但離景點都還是有點距離 ，很可惜,0,0,0,1,0,0,0,0,0,3,0,0,3
地點有點遠很難找,0,0,0,1,0,0,0,0,0,3,0,0,3
附近停車不好停,0,0,0,1,0,0,0,0,0,3,0,0,3
離逢甲有點遠 也沒自行車代步 也沒健身房,0,0,0,1,0,0,0,0,0,3,0,0,3
飯店地點前面的馬路紅綠燈車子很危險 ,0,0,0,1,0,0,0,0,0,3,0,0,3
如果在台中車站行去可能段路有點曬，和過馬路會感到不方便。,0,0,0,1,0,0,0,0,0,3,0,0,3
周遭停機車地方不多，假日幾乎很難找到車位。,0,0,0,1,0,0,0,0,0,3,0,0,3
旅館外有點吵,0,0,0,1,0,0,0,0,0,3,0,0,3
捷運站要繞過京站有點麻煩,0,0,0,1,0,0,0,0,0,3,0,0,3
停車不方便,0,0,0,1,0,0,0,0,0,3,0,0,3
附近晚上沒什麼東西可以吃  ,0,0,0,1,0,0,0,0,0,3,0,0,3
地方比較難找,0,0,0,1,0,0,0,0,0,3,0,0,3
離捷運站走到飯店有段小距離,0,0,0,1,0,0,0,0,0,3,0,0,3
週邊一條街有點暗，下樓的樓梯沒人看守，半夜會蠻危險的,0,0,0,1,0,0,0,0,0,3,0,0,3
唯一缺點大概是離捷運站有小一段距離,0,0,0,1,0,0,0,0,0,3,0,0,3
硬要說就是因為附近西門町所以停車比較不好找而已,0,0,0,1,0,0,0,0,0,3,0,0,3
離捷運站有點距離，很煩,0,0,0,1,0,0,0,0,0,3,0,0,3
旅館隔壁騎樓常有街友睡在那，安全方面會比較擔心,0,0,0,1,0,0,0,0,0,3,0,0,3
住宿地點附近比較沒什麼食物，要走一段路,0,0,0,1,0,0,0,0,0,3,0,0,3
好吵的地方,0,0,0,1,0,0,0,0,0,3,0,0,3
第二停車場太遠，要步行，很遠,0,0,0,1,0,0,0,0,0,3,0,0,3
停車距離稍遠,0,0,0,1,0,0,0,0,0,3,0,0,3
停車地點較遠,0,0,0,1,0,0,0,0,0,3,0,0,3
從大門到墾丁大街有ㄧ段距離，沒接駁車很不方便,0,0,0,1,0,0,0,0,0,3,0,0,3
離大街走路有點距離,0,0,0,1,0,0,0,0,0,3,0,0,3
大廳到街道上有點遠，晚上沒有接駁車，不太方便,0,0,0,1,0,0,0,0,0,3,0,0,3
離捷運非常遠，出去回來只能坐計程車,0,0,0,1,0,0,0,0,0,3,0,0,3
距離捷運太遠，有老人和小孩同行不太方便,0,0,0,1,0,0,0,0,0,3,0,0,3
距離捷運較遠不便利,0,0,0,1,0,0,0,0,0,3,0,0,3
位置遠離捷運站，，在炎熱的高雄，有點辛苦。,0,0,0,1,0,0,0,0,0,3,0,0,3
離捷運站稍遠，位置不好,0,0,0,1,0,0,0,0,0,3,0,0,3
地點稍稍不方便,0,0,0,1,0,0,0,0,0,3,0,0,3
位置附近景點太少很無聊,0,0,0,1,0,0,0,0,0,3,0,0,3
地點有點偏遠，距離捷運站有一段路。,0,0,0,1,0,0,0,0,0,3,0,0,3
地點離西門町捷運站有點遠，剛出車站下大雨，還要推著行李箱走幾個街口，到達時下身褲子和箱子已濕透,0,0,0,1,0,0,0,0,0,3,0,0,3
走路到捷運口都不是很近，討厭!,0,0,0,1,0,0,0,0,0,3,0,0,3
從高鐵坐捷運過來，還要轉車不是很方便,0,0,0,1,0,0,0,0,0,3,0,0,3
位置附近不太方便,0,0,0,1,0,0,0,0,0,3,0,0,3
視野不好,0,0,0,1,0,0,0,0,0,3,0,0,3
距離車站或文化路夜市均有一段路，走路要好久。,0,0,0,1,0,0,0,0,0,3,0,0,3
停車場離旅館有點距離，不是太好,0,0,0,1,0,0,0,0,0,3,0,0,3
停車廠在三條街外非常不方便,0,0,0,1,0,0,0,0,0,3,0,0,3
停車場好遠，附近又沒地方逛,0,0,0,1,0,0,0,0,0,3,0,0,3
門口到大廳有點距離，沒有接駁車時，要走一段路，有點不方便,0,0,0,1,0,0,0,0,0,3,0,0,3
地點爛爛爛,0,0,0,1,0,0,0,0,0,3,0,0,3
地點不容易抵達大眾運輸，稍不方便,0,0,0,1,0,0,0,0,0,3,0,0,3
離鬧區較遠,0,0,0,1,0,0,0,0,0,3,0,0,3
地理位置遠離市區,0,0,0,1,0,0,0,0,0,3,0,0,3
離市議會（橘線）捷運站有點距離,0,0,0,1,0,0,0,0,0,3,0,0,3
離捷運站較遠,0,0,0,1,0,0,0,0,0,3,0,0,3
地點離市中心稍遠,0,0,0,1,0,0,0,0,0,3,0,0,3
位置離市區比較遠,0,0,0,1,0,0,0,0,0,3,0,0,3
位置距離市中心比較遠,0,0,0,1,0,0,0,0,0,3,0,0,3
稍微偏僻,0,0,0,1,0,0,0,0,0,3,0,0,3
住宿位置旁有航空工業靠近那邊的房間，晚上會聽見某警示燈號所發出的聲音，淺眠的人可能比較無法入睡,0,0,0,1,0,0,0,0,0,3,0,0,3
離逢甲夜市有遠,0,0,0,1,0,0,0,0,0,3,0,0,3
停車場入口在另一條街，需步行約4分鐘到飯店。,0,0,0,1,0,0,0,0,0,3,0,0,3
離捷運站稍微有點遠，如果跟長輩來可能會稍微不方便,0,0,0,1,0,0,0,0,0,3,0,0,3
離捷運站步行稍遠,0,0,0,1,0,0,0,0,0,3,0,0,3
地點離市區較遠,0,0,0,1,0,0,0,0,0,3,0,0,3
前往小灣沙灘的途中有施工，要比較小心,0,0,0,1,0,0,0,0,0,3,0,0,3
需要走一段路到停車場當作是健身吧,0,0,0,1,0,0,0,0,0,3,0,0,3
介於捷運兩站中間距離，有選擇障礙，不知道走哪好，哈哈哈哈哈,0,0,0,1,0,0,0,0,0,3,0,0,3
離市議會（舊址）站距離不算近，步行大約十分鐘。,0,0,0,1,0,0,0,0,0,3,0,0,3
離捷運站步行稍遠還可以,0,0,0,1,0,0,0,0,0,3,0,0,3
地點離市區較遠，沒有要去市區的人就還好,0,0,0,1,0,0,0,0,0,3,0,0,3
巷弄比較狹小，常要會車,0,0,0,1,0,0,0,0,0,3,0,0,3
走路到夜市有一段路,0,0,0,1,0,0,0,0,0,3,0,0,3
住宿位置距離逢甲夜市有些距離 會建議晚餐可以買回飯店食用,0,0,0,1,0,0,0,0,0,3,0,0,3
住宿位置晚上時稍微幽暗,0,0,0,1,0,0,0,0,0,3,0,0,3
可能是附近都是空曠區未開發，所以晚上有蚊子，不然就是清潔沒做好,1,0,0,1,0,0,3,0,0,3,0,0,3
飯店位置有點遠,0,0,0,1,0,0,0,0,0,3,0,0,3
窗外的景象剛好看到外面的電廠，有點醜,0,0,0,1,0,0,0,0,0,3,0,0,3
美中不足是附近停車較不方便,0,0,0,1,0,0,0,0,0,3,0,0,3
附近晚餐不好找,0,0,0,1,0,0,0,0,0,3,0,0,3
附近沒地方逛,0,0,0,1,0,0,0,0,0,3,0,0,3
飯店前有計程車排班站，導致行李要上下車很不方便,0,0,0,1,0,0,0,0,0,3,0,0,3
停車有點麻煩,0,0,0,1,0,0,0,0,0,3,0,0,3
附近外勞太多,0,0,0,1,0,0,0,0,0,3,0,0,3
离台?站?是有??距离的，要走一小?儿，好累人,0,0,0,1,0,0,0,0,0,3,0,0,3
窗外風景…不好看,0,0,0,1,0,0,0,0,0,3,0,0,3
汽車在附近停車不太方便,0,0,0,1,0,0,0,0,0,3,0,0,3
到捷運需走一段路,0,0,0,1,0,0,0,0,0,3,0,0,3
距離捷運站有一段距離,0,0,0,1,0,0,0,0,0,3,0,0,3
從捷運出來的距離到商旅大概要半小時若是有接駁車更好了,0,0,0,1,0,0,0,0,0,3,0,0,3
導航不好。有點迷路，地點難找,0,0,0,1,0,0,0,0,0,3,0,0,3
太遠 交通不便,0,0,0,1,0,0,0,0,0,3,0,0,3
離捷運稍有點距離不管東門或古亭站,0,0,0,1,0,0,0,0,0,3,0,0,3
跟捷運的距離較遠,0,0,0,1,0,0,0,0,0,3,0,0,3
離捷運站有些距離～,0,0,0,1,0,0,0,0,0,3,0,0,3
從古亭捷運站走到住宿地，有點遠。,0,0,0,1,0,0,0,0,0,3,0,0,3
離捷運站有些距離,0,0,0,1,0,0,0,0,0,3,0,0,3
地點距離捷運站很遠不好找，，然後一直走就可以了，,0,0,0,1,0,0,0,0,0,3,0,0,3
離捷運有一點遠,0,0,0,1,0,0,0,0,0,3,0,0,3
距離捷運站都有些距離，走路有點麻煩,0,0,0,1,0,0,0,0,0,3,0,0,3
在大樓裡面不好找，最後還是大樓管理員跟我說怎麼走的，希望有個明顯的標示,0,0,0,1,0,0,0,0,0,3,0,0,3
住宿位置沒有明顯標示,0,0,0,1,0,0,0,0,0,3,0,0,3
離市中心有點距離,0,0,0,1,0,0,0,0,0,3,0,0,3
周遭不好停車,0,0,0,1,0,0,0,0,0,3,0,0,3
周遭要道較吵,0,0,0,1,0,0,0,0,0,3,0,0,3
離火車站稍遠,0,0,0,1,0,0,0,0,0,3,0,0,3
收費停車場離飯店都有段距離,0,0,0,1,0,0,0,0,0,3,0,0,3
附近車位蠻多，但不一定能有位置停,0,0,0,1,0,0,0,0,0,3,0,0,3
離交流道遠。,0,0,0,1,0,0,0,0,0,3,0,0,3
附近吃飯的地方比較少,0,0,0,1,0,0,0,0,0,3,0,0,3
位於東南亞廣場，樓上是ktv，房內可以聽到些許聲音。,0,0,0,1,0,0,0,0,0,3,0,0,3
位於龍蛇混雜的一廣樓上,0,0,0,1,0,0,0,0,0,3,0,0,3
因為附近有KTV，如果想要早休息的請三思。.因為近火車站，附近很多外籍朋友聚集，不喜歡的話建議改其他飯店。,0,0,0,1,0,0,0,0,0,3,0,0,3
外面是外籍移工的聚集地，安全上要自己多注意，不是移工不好，但是有遇過幾次吵架打架，還是要多保護自己。,0,0,0,1,0,0,0,0,0,3,0,0,3
位於台中第一廣場內還算OK，希望可以有正確的引路標誌，我從外面繞了一整圈才找到位置,0,0,0,1,0,0,0,0,0,3,0,0,3
附近都是單行道，在騎車的時候需要花比較多心力想怎麼到達地點,0,0,0,1,0,0,0,0,0,3,0,0,3
住宿地點可能因為正在施工，標示不清楚....找了快20分鐘才找到,0,0,0,1,0,0,0,0,0,3,0,0,3
附近沒手搖店,0,0,0,1,0,0,0,0,0,3,0,0,3
地點周遭近馬路,0,0,0,1,0,0,0,0,0,3,0,0,3
地點周遭鄰近機場，起飛的聲音好大好吵,0,0,0,1,0,0,0,0,0,3,0,0,3
離捷運站有一段距離,0,0,0,1,0,0,0,0,0,3,0,0,3
停車地點可以再方便，搬運行李會更輕鬆。,0,0,0,1,0,0,0,0,0,3,0,0,3
附近的景點都還好，以方便性來說差強人意,0,0,0,1,0,0,0,0,0,3,0,0,3
離y13出口很近，但要走去搭捷運，還是有點距離。,0,0,0,1,0,0,0,0,0,3,0,0,3
附近車位難找,0,0,0,1,0,0,0,0,0,3,0,0,3
離一中比想得更遠,0,0,0,1,0,0,0,0,0,3,0,0,3
旁邊是禮儀公司，個人很介意,0,0,0,1,0,0,0,0,0,3,0,0,3
難停車,0,0,0,1,0,0,0,0,0,3,0,0,3
車位不好找,0,0,0,1,0,0,0,0,0,3,0,0,3
車位難找,0,0,0,1,0,0,0,0,0,3,0,0,3
附近停機車要走點路，而且位置要找不好停。,0,0,0,1,0,0,0,0,0,3,0,0,3
交通稍微不便,0,0,0,1,0,0,0,0,0,3,0,0,3
距離機場太遠而且坐公交亦不方便,0,0,0,1,0,0,0,0,0,3,0,0,3
剛好附近有工程動工，住房安靜度稍差。但相信這是短期現象，期待盡快度過黑暗期。,0,0,0,1,0,0,0,0,0,3,0,0,3
地點太偏僻，附近沒什麼地方可以逛,0,0,0,1,0,0,0,0,0,3,0,0,3
位於第一廣場，所以樓下蠻混雜的，附近好像有KTV有點吵，我住的室友也有不好的睡覺的聲音發出，所以介意睡覺不能被打擾很不推薦！,0,0,0,1,0,0,0,0,0,3,0,0,3
地理環境不好,0,0,0,1,0,0,0,0,0,3,0,0,3
位置在東協廣場，晚上略不平靜,0,0,0,1,0,0,0,0,0,3,0,0,3
樓下為東協廣場，因為是假日，已經很晚了還是有很多人在一樓聚集、喝酒、喧嘩。聲音不小，無法睡好。,0,0,0,1,0,0,0,0,0,3,0,0,3
樓上有夜店整晚都聽得到凍資凍資的音樂聲根本沒辦法睡,0,0,0,1,0,0,0,0,0,3,0,0,3
離台中車站太近 ，很難停車,0,0,0,1,0,0,0,0,0,3,0,0,3
文旅位居東協廣場，遊民與外勞朋友聚集，未必是歧視但確實對環境安全上有疑慮，消防安全也令人擔憂。,0,0,0,1,0,0,0,0,0,3,0,0,3
樓下廣場的泰國.越南人比較多，環境比較糟。,0,0,0,1,0,0,0,0,0,3,0,0,3
地點晚上有流浪漢很多 ，有點可怕。 ,0,0,0,1,0,0,0,0,0,3,0,0,3
附近都是外勞，晚上到樓下買東西一堆外勞坐地上喝酒，又髒又亂,0,0,0,1,0,0,0,0,0,3,0,0,3
位在商場大樓裡，一直無法順利搭上進飯店的電梯，假日許多外勞晚上蠻令人害怕。,0,0,0,1,0,0,0,0,0,3,0,0,3
附近是台中治安的死角，非常不安全,0,0,0,1,0,0,0,0,0,3,0,0,3
樓上的ktv太吵，一整夜都沒辦法睡覺，外面晚上也都有喝醉酒的在鬧事，吵死了,0,0,0,1,0,0,0,0,0,3,0,0,3
飯店位置不太好找,0,0,0,1,0,0,0,0,0,3,0,0,3
地點有一點點不好找，且一樓附近為玩樂場，環境較髒亂讓人有點害怕,0,0,0,1,0,0,0,0,0,3,0,0,3
1.因為附近有KTV，如果想要早休息的請三思。.因為近火車站，附近很多外籍朋友聚集，不喜歡的話建議改其他飯店。,0,0,0,1,0,0,0,0,0,3,0,0,3
如果是為風景而訂，實在沒必要，根本看不到甚麼，地點選得不好,0,0,0,1,0,0,0,0,0,3,0,0,3
離台電電塔太近,0,0,0,1,0,0,0,0,0,3,0,0,3
環境很亂，感覺不太安全,0,0,0,1,0,0,0,0,0,3,0,0,3
附近是變電所不太好,0,0,0,1,0,0,0,0,0,3,0,0,3
在舊式大樓裡面，要搭乘電梯的入口處，一個是餐廳，一個是網咖，環境不佳,0,0,0,1,0,0,0,0,0,3,0,0,3
住宿地點位在東協廣場，6～7樓有夜店，房間會感受到碰碰碰的tempo，對於聲音敏感的人需考慮.,0,0,0,1,0,0,0,0,0,3,0,0,3
二樓太吵,0,0,0,1,0,0,0,0,0,3,0,0,3
離飯店都有段距離,0,0,0,1,0,0,0,0,0,3,0,0,3
窗外看出去是車道入口，不喜歡,0,0,0,1,0,0,0,0,0,3,0,0,3
外面的環境很複雜,0,0,0,1,0,0,0,0,0,3,0,0,3
樓下環境比較複雜，出入動線混亂。,0,0,0,1,0,0,0,0,0,3,0,0,3
周遭進出人口複雜！,0,0,0,1,0,0,0,0,0,3,0,0,3
早上門口就是市場，車子出入不太方便,0,0,0,1,0,0,0,0,0,3,0,0,3
附近停車不方便，無預留位置，太晚停車可能找不到停車。,0,0,0,1,0,0,0,0,0,3,0,0,3
離飯店較遠，停車較不方便,0,0,0,1,0,0,0,0,0,3,0,0,3
附近比較困難找停車位，煩,0,0,0,1,0,0,0,0,0,3,0,0,3
飯店在鬧區很吵。,0,0,0,1,0,0,0,0,0,3,0,0,3
附近沒有多少能停車的地方，停車場有點難找,0,0,0,1,0,0,0,0,0,3,0,0,3
停車太不方便，附近完全沒有位置停車，找好久才在很遠的地方找到,0,0,0,1,0,0,0,0,0,3,0,0,3
座落地點不太好,0,0,0,1,0,0,0,0,0,3,0,0,3
坐落地點不優,0,0,0,1,0,0,0,0,0,3,0,0,3
地點不優,0,0,0,1,0,0,0,0,0,3,0,0,3
地點不好太吵,0,0,0,1,0,0,0,0,0,3,0,0,3
地點真的nono,0,0,0,1,0,0,0,0,0,3,0,0,3
地點位子NO,0,0,0,1,0,0,0,0,0,3,0,0,3
地點太過偏僻,0,0,0,1,0,0,0,0,0,3,0,0,3
地點太過偏僻很危險,0,0,0,1,0,0,0,0,0,3,0,0,3
地點不是算太好,0,0,0,1,0,0,0,0,0,3,0,0,3
飯店地點真的讓人找不到,0,0,0,1,0,0,0,0,0,3,0,0,3
旅店地點有夠難找,0,0,0,1,0,0,0,0,0,3,0,0,3
旅店附近的地點停車不太方便,0,0,0,1,0,0,0,0,0,3,0,0,3
飯店附近的停車地方很難找,0,0,0,1,0,0,0,0,0,3,0,0,3
地點太差了,0,0,0,1,0,0,0,0,0,3,0,0,3
地點選得不好,0,0,0,1,0,0,0,0,0,3,0,0,3
地點選的不太好,0,0,0,1,0,0,0,0,0,3,0,0,3
飯店位子附近太過吵雜,0,0,0,1,0,0,0,0,0,3,0,0,3
飯店位子附近出入太過複雜,0,0,0,1,0,0,0,0,0,3,0,0,3
地點遠到靠北,0,0,0,1,0,0,0,0,0,3,0,0,3
除了地點比較不容易抵達大眾運輸外，沒有什麼可以挑惕的了,0,0,0,1,0,1,0,0,0,3,0,1,1
位置非常不好，很多外籍人士聚集，甚至有人在大廳抽煙,0,0,0,1,0,1,0,0,0,3,0,3,3
附近環境比較雜亂，感覺保安不足，因酒店在商埸四樓，閒雜人容闖入！,0,0,0,1,0,1,0,0,0,3,0,3,3
停車不方便，但物超所值,0,0,0,1,1,0,0,0,0,3,1,0,1
周圍停車非常不便利，飯店性價比一般,0,0,0,1,1,0,0,0,0,3,2,0,3
價不優，離夜市不近,0,0,0,1,1,0,0,0,0,3,3,0,3
對面早市半夜12開始吵到天亮，便宜沒好貨,0,0,0,1,1,0,0,0,0,3,3,0,3
服務人員顏值很高,0,0,1,0,0,0,0,0,1,0,0,0,1
可寄放貓貓,0,0,1,0,0,0,0,0,1,0,0,0,1
訂房網站資訊很豐富,0,0,1,0,0,0,0,0,1,0,0,0,1
有提供泡麵，免費索取,0,0,1,0,0,0,0,0,1,0,0,0,1
出入人流有在控制,0,0,1,0,0,0,0,0,1,0,0,0,1
飯店人員們的顏值都好好，服務棒,0,0,1,0,0,0,0,0,1,0,0,0,1
人員顏值也是不錯,0,0,1,0,0,0,0,0,1,0,0,0,1
服務人員帥又美,0,0,1,0,0,0,0,0,1,0,0,0,1
櫃檯姊姊很漂亮,0,0,1,0,0,0,0,0,1,0,0,0,1
打掃阿姨超級認真,0,0,1,0,0,0,0,0,1,0,0,0,1
服務生很帥,0,0,1,0,0,0,0,0,1,0,0,0,1
飯店送人字拖,0,0,1,0,0,0,0,0,1,0,0,0,1
謝謝你們讓我跟我女朋友一週年的回憶很美好,0,0,1,0,0,0,0,0,1,0,0,0,1
每間房間的櫃子裡都有提供聖經,0,0,1,0,0,0,0,0,1,0,0,0,1
有提供隱形眼鏡盒,0,0,1,0,0,0,0,0,1,0,0,0,1
任何問題都可以得到幫助,0,0,1,0,0,0,0,0,1,0,0,0,1
好，多樣化的菜餚，吃得很開心,0,0,1,0,0,0,0,0,1,0,0,0,1
菜色太豐富了,0,0,1,0,0,0,0,0,1,0,0,0,1
下午茶吃的有很多可以選擇,0,0,1,0,0,0,0,0,1,0,0,0,1
支票可支付,0,0,1,0,0,0,0,0,1,0,0,0,1
有提供卸妝液,0,0,1,0,0,0,0,0,1,0,0,0,1
有提供衛生棉,0,0,1,0,0,0,0,0,1,0,0,0,1
有提供鞋套,0,0,1,0,0,0,0,0,1,0,0,0,1
飯店有提醒旅客戴口罩,0,0,1,0,0,0,0,0,1,0,0,0,1
每個五分鐘都有做酒精擦拭,0,0,1,0,0,0,0,0,1,0,0,0,1
有附潤滑液,0,0,1,0,0,0,0,0,1,0,0,0,1
飯店做的滷肉飯超讚,0,0,1,0,0,0,0,0,1,0,0,0,1
有提供髮圈,0,0,1,0,0,0,0,0,1,0,0,0,1
因火車班次關係有耽誤進房時間，但旅店還是通融我晚個30分鐘到,0,0,1,0,0,0,0,0,1,0,0,0,1
餅乾糖果任你拿,0,0,1,0,0,0,0,0,1,0,0,0,1
住宿接待的很棒,0,0,1,0,0,0,0,0,1,0,0,0,1
飯店準備的抹茶歐雷很好喝,0,0,1,0,0,0,0,0,1,0,0,0,1
新鮮食物,0,0,1,0,0,0,0,0,1,0,0,0,1
所有的人員都面帶笑容服務客人,0,0,1,0,0,0,0,0,1,0,0,0,1
貼心,0,0,1,0,0,0,0,0,1,0,0,0,1
在準備要吃早餐時，被別人撞到，手上的飲料整個灑一地，服務人員馬上跑來協助我，非常謝謝。,0,0,1,0,0,0,0,0,1,0,0,0,1
酒店有好酒可以喝,0,0,1,0,0,0,0,0,1,0,0,0,1
飯店防疫作得非常不錯,0,0,1,0,0,0,0,0,1,0,0,0,1
菜色選擇性多元，還不賴~~,0,0,1,0,0,0,0,0,1,0,0,0,1
未限制淋浴時段,0,0,1,0,0,0,0,0,1,0,0,0,1
防疫措施完備，入住有量額溫，提供酒精消毒,0,0,1,0,0,0,0,0,1,0,0,0,1
飯店的好應該不用贅述整天都可吃飽飽,0,0,1,0,0,0,0,0,1,0,0,0,1
用餐防疫做的相當用心,0,0,1,0,0,0,0,0,1,0,0,0,1
各方面都很周到。,0,0,1,0,0,0,0,0,1,0,0,0,1
！！這讓我們有被重視的感受我喜歡！！,0,0,1,0,0,0,0,0,1,0,0,0,1
隨時有東西吃，質量也不錯！,0,0,1,0,0,0,0,0,1,0,0,0,1
配合路跑彈性調整退房及早餐時間（延長）,0,0,1,0,0,0,0,0,1,0,0,0,1
疫情的防護還可以,0,0,1,0,0,0,0,0,1,0,0,0,1
疫情有宣導要帶口罩,0,0,1,0,0,0,0,0,1,0,0,0,1
疫情宣導還可以,0,0,1,0,0,0,0,0,1,0,0,0,1
全程採用自動化 非常方便！,0,0,1,0,0,0,0,0,1,0,0,0,1
員工的貼心,0,0,1,0,0,0,0,0,1,0,0,0,1
房間升級,0,0,1,0,0,0,0,0,1,0,0,0,1
早餐環境弄得很好,0,0,1,0,0,0,0,0,1,0,0,0,1
供早餐跟宵夜,0,0,1,0,0,0,0,0,1,0,0,0,1
升等服務,0,0,1,0,0,0,0,0,1,0,0,0,1
感謝9/5晚間值班的大哥，協助提供婦幼車位，拯救深夜在外排車位的老公室內桌球室預約制，疫情下的運動也讓人覺得安全放心,0,0,1,0,0,0,0,0,1,0,0,0,1
房間申等,0,0,1,0,0,0,0,0,1,0,0,0,1
服務至上,0,0,1,0,0,0,0,0,1,0,0,0,1
升級較大間的房間,0,0,1,0,0,0,0,0,1,0,0,0,1
去很多次了，每一次都住三人房，這次因為例行性清潔被升級成四人房,0,0,1,0,0,0,0,0,1,0,0,0,1
早餐的飲料很好喝,0,0,1,0,0,0,0,0,1,0,0,0,1
自動升級,0,0,1,0,0,0,0,0,1,0,0,0,1
早餐可食 加價六十九,0,0,1,0,0,0,0,0,1,0,0,0,1
可換房,0,0,1,0,0,0,0,0,1,0,0,0,1
櫃臺人員的服務態度好,0,0,1,0,0,0,0,0,1,0,0,0,1
自助方式進行入住與退房,0,0,1,0,0,0,0,0,1,0,0,0,1
櫃台的服務態度佳,0,0,1,0,0,0,0,0,1,0,0,0,1
員工親切度合格,0,0,1,0,0,0,0,0,1,0,0,0,1
有提供計程車服務,0,0,1,0,0,0,0,0,1,0,0,0,1
好吃！,0,0,1,0,0,0,0,0,1,0,0,0,1
不錯好吃,0,0,1,0,0,0,0,0,1,0,0,0,1
非常喜歡大廳零食 咖啡免費吃喝,0,0,1,0,0,0,0,0,1,0,0,0,1
服務態度非常好 ,0,0,1,0,0,0,0,0,1,0,0,0,1
好吃！種類也多！,0,0,1,0,0,0,0,0,1,0,0,0,1
每次入住員工都有一些小疏失但仍有幾位員工非常熱心且專業,0,0,1,0,0,0,0,0,1,0,0,0,1
不過跟櫃檯說了一下就立刻給我們了。,0,0,1,0,0,0,0,0,1,0,0,0,1
飯店的接待人員、櫃檯到打掃房務人員都親切有禮,0,0,1,0,0,0,0,0,1,0,0,0,1
服務人員親切,0,0,1,0,0,0,0,0,1,0,0,0,1
早飯豐盛選擇多元,0,0,1,0,0,0,0,0,1,0,0,0,1
小朋友旅途中發燒，感謝飯店溫暖貼心的協助,0,0,1,0,0,0,0,0,1,0,0,0,1
謝謝飯店準備的生日卡片與水果,0,0,1,0,0,0,0,0,1,0,0,0,1
可能人比較少的關係，還有驚喜的自動升級服務,0,0,1,0,0,0,0,0,1,0,0,0,1
態度熱忱！,0,0,1,0,0,0,0,0,1,0,0,0,1
提供的早餐很好吃，種類也多～,0,0,1,0,0,0,0,0,1,0,0,0,1
服務周到,0,0,1,0,0,0,0,0,1,0,0,0,1
服務非常好 升級房型也很棒 ,0,0,1,0,0,0,0,0,1,0,0,0,1
員工訓練做的非常好！服務100分,0,0,1,0,0,0,0,0,1,0,0,0,1
早餐選擇性多，個人覺得是非常有誠意的早餐！我記得當時還有一個很特別的是有設置一個像是小攤販的樣子，很可愛，可惜那時候吃飽了就沒吃了。飯店服務人員的態度都非常非常棒！不管是櫃檯人員、停車場的指揮人員、清掃人員也是！是個很棒的住宿體驗！,0,0,1,0,0,0,0,0,1,0,0,0,1
現做割包超好吃，製作的廚師也非常親切。,0,0,1,0,0,0,0,0,1,0,0,0,1
早餐非常優櫃台人員很親切,0,0,1,0,0,0,0,0,1,0,0,0,1
早餐多元化選擇,0,0,1,0,0,0,0,0,1,0,0,0,1
早餐超級豐盛，員工親切友善,0,0,1,0,0,0,0,0,1,0,0,0,1
早餐方面 多選擇 好吃。員工素質 很有善,0,0,1,0,0,0,0,0,1,0,0,0,1
辦理入住員工直接免費幫我們升等到大坪數的房間,0,0,1,0,0,0,0,0,1,0,0,0,1
免費升級大坪數房型,0,0,1,0,0,0,0,0,1,0,0,0,1
早餐超好吃,0,0,1,0,0,0,0,0,1,0,0,0,1
服務人員反應很快，反應房間問題後立刻更換。,0,0,1,0,0,0,0,0,1,0,0,0,1
早餐算是不錯，雖不是很豐盛，倒是面面俱到！,0,0,1,0,0,0,0,0,1,0,0,0,1
飯店人員親切,0,0,1,0,0,0,0,0,1,0,0,0,1
升等了煙波套房體驗！,0,0,1,0,0,0,0,0,1,0,0,0,1
服務人員很客氣，因清晨行程怕會延遲退房，櫃台特別給予註明12點退房的彈性！,0,0,1,0,0,0,0,0,1,0,0,0,1
早餐不錯吃,0,0,1,0,0,0,0,0,1,0,0,0,1
服務極佳,0,0,1,0,0,0,0,0,1,0,0,0,1
服務人員親切態度好。,0,0,1,0,0,0,0,0,1,0,0,0,1
服務親切,0,0,1,0,0,0,0,0,1,0,0,0,1
自動幫我們升級高樓層景觀房！超開心 ,0,0,1,0,0,0,0,0,1,0,0,0,1
超級棒的飯店 親切 專業 早餐又好吃 我真的非常大推煙波飯店 慶生,0,0,1,0,0,0,0,0,1,0,0,0,1
服務很棒,0,0,1,0,0,0,0,0,1,0,0,0,1
服務人員很親切,0,0,1,0,0,0,0,0,1,0,0,0,1
服務熱心,0,0,1,0,0,0,0,0,1,0,0,0,1
服務品質超優，員工素質優異,0,0,1,0,0,0,0,0,1,0,0,0,1
人員親切，服務態度優良,0,0,1,0,0,0,0,0,1,0,0,0,1
雖然已入住煙波數次都在不同縣市親切 服務 早餐多樣選擇值得推薦。,0,0,1,0,0,0,0,0,1,0,0,0,1
早餐好吃，服務好,0,0,1,0,0,0,0,0,1,0,0,0,1
菜色好,0,0,1,0,0,0,0,0,1,0,0,0,1
員工服務超棒,0,0,1,0,0,0,0,0,1,0,0,0,1
櫃檯人員很有耐心，態度也很好！早餐還行囉～～,0,0,1,0,0,0,0,0,1,0,0,0,1
早餐好吃，服務人員態度很好,0,0,1,0,0,0,0,0,1,0,0,0,1
服務很優,0,0,1,0,0,0,0,0,1,0,0,0,1
員工訓練素質良好，會主動親切問候,0,0,1,0,0,0,0,0,1,0,0,0,1
服務佳,0,0,1,0,0,0,0,0,1,0,0,0,1
服務人員非常親切！,0,0,1,0,0,0,0,0,1,0,0,0,1
早餐好豐盛，員工都很親切,0,0,1,0,0,0,0,0,1,0,0,0,1
從房務到櫃檯人員及還有接待人員都很專業,0,0,1,0,0,0,0,0,1,0,0,0,1
員工滿親切的！,0,0,1,0,0,0,0,0,1,0,0,0,1
早餐還不錯我們是睡兩個單人床的他還很貼心願意幫我移床讓小朋友吧會掉下去,0,0,1,0,0,0,0,0,1,0,0,0,1
早餐特優,0,0,1,0,0,0,0,0,1,0,0,0,1
員工服務極佳,0,0,1,0,0,0,0,0,1,0,0,0,1
升等海景房，讚,0,0,1,0,0,0,0,0,1,0,0,0,1
早餐豐富,0,0,1,0,0,0,0,0,1,0,0,0,1
服務人員態度親切有禮,0,0,1,0,0,0,0,0,1,0,0,0,1
服務非常好，也可以跟飯店報名一日遊行程。,0,0,1,0,0,0,0,0,1,0,0,0,1
太魯閣馬拉松接駁車安排的非常好，直接抵達會場，非常感謝體恤跑者。謝謝 ,0,0,1,0,0,0,0,0,1,0,0,0,1
整體服務讚,0,0,1,0,0,0,0,0,1,0,0,0,1
服務人員專業，貼心,0,0,1,0,0,0,0,0,1,0,0,0,1
都非常喜歡！尤其是你們的早餐，很豐富！物美價廉,0,0,1,0,0,0,0,0,1,0,0,0,1
非常貼心，早餐也有接待至位子。,0,0,1,0,0,0,0,0,1,0,0,0,1
停車引導服務人員親切讓我們提前一小時入住，解決臨時會議問題。,0,0,1,0,0,0,0,0,1,0,0,0,1
早餐很棒,0,0,1,0,0,0,0,0,1,0,0,0,1
早餐營養健康，不油膩不鹹。,0,0,1,0,0,0,0,0,1,0,0,0,1
早餐很棒 ~,0,0,1,0,0,0,0,0,1,0,0,0,1
服務人員態度良好,0,0,1,0,0,0,0,0,1,0,0,0,1
早餐好吃，選擇多樣,0,0,1,0,0,0,0,0,1,0,0,0,1
服務人員態度還不錯,0,0,1,0,0,0,0,0,1,0,0,0,1
早餐豐富，不錯吃。,0,0,1,0,0,0,0,0,1,0,0,0,1
員工的服務態度好及親切。,0,0,1,0,0,0,0,0,1,0,0,0,1
純素餐點選擇多，標示清楚,0,0,1,0,0,0,0,0,1,0,0,0,1
早餐滿意,0,0,1,0,0,0,0,0,1,0,0,0,1
服務很好,0,0,1,0,0,0,0,0,1,0,0,0,1
早餐有著名的包子以及現做的小卷雞湯米粉，自助式的菜色選擇多樣，也有許多花蓮當地的食材入菜。,0,0,1,0,0,0,0,0,1,0,0,0,1
員工很熱心，服務很好。,0,0,1,0,0,0,0,0,1,0,0,0,1
餐廳服務人員非常友善，端午連假還有贈送免費滷味宵夜，非常驚喜。,0,0,1,0,0,0,0,0,1,0,0,0,1
櫃臺人員非常專業且有耐心的解答疑惑因為有續住.房務人員很貼心的保留未使用完的東西.並補上新東西.能感受到飯店人員的細心。,0,0,1,0,0,0,0,0,1,0,0,0,1
服務好！,0,0,1,0,0,0,0,0,1,0,0,0,1
很棒的早餐,0,0,1,0,0,0,0,0,1,0,0,0,1
貼心服務   提供接駁   退房後仍提供盥洗服務(跑馬拉松),0,0,1,0,0,0,0,0,1,0,0,0,1
小孩晚上10點多吐，服務生還是馬上來幫我們換床單，服務很周到,0,0,1,0,0,0,0,0,1,0,0,0,1
服務人員親切笑容可掬,0,0,1,0,0,0,0,0,1,0,0,0,1
早餐很用心！,0,0,1,0,0,0,0,0,1,0,0,0,1
早餐小籠包很好吃，服務人員都很親切,0,0,1,0,0,0,0,0,1,0,0,0,1
櫃台服務人員親切有禮櫃台前備用零食 .足貼心,0,0,1,0,0,0,0,0,1,0,0,0,1
服務人員還不錯,0,0,1,0,0,0,0,0,1,0,0,0,1
服務人員態度不錯,0,0,1,0,0,0,0,0,1,0,0,0,1
櫃檯令人滿意到爆炸，優秀。,0,0,1,0,0,0,0,0,1,0,0,0,1
親切態度，熱誠服務,0,0,1,0,0,0,0,0,1,0,0,0,1
服務人員專業又親切,0,0,1,0,0,0,0,0,1,0,0,0,1
櫃檯服務很貼心,0,0,1,0,0,0,0,0,1,0,0,0,1
小朋友喜愛你們為他們準備小餅乾，可在大廳使用很開心,0,0,1,0,0,0,0,0,1,0,0,0,1
服務員真的很貼心,0,0,1,0,0,0,0,0,1,0,0,0,1
櫃台人員親切有禮,0,0,1,0,0,0,0,0,1,0,0,0,1
飯店的服務人員們真的很親切也很貼心而且對於我的需求和問題總是提供了極為適切的回覆與服務這也是我一再選擇入住的原因,0,0,1,0,0,0,0,0,1,0,0,0,1
工作人員都很nice,0,0,1,0,0,0,0,0,1,0,0,0,1
櫃檯很親切,0,0,1,0,0,0,0,0,1,0,0,0,1
原本是訂雙人房，但是入住時升級三人房,0,0,1,0,0,0,0,0,1,0,0,0,1
接待大廳放置小點心給等待登記入住的旅客吃，很貼心，服務人員很親切，很優。,0,0,1,0,0,0,0,0,1,0,0,0,1
Lobby有飲料和點心~很貼心的服務,0,0,1,0,0,0,0,0,1,0,0,0,1
員工服務很好,0,0,1,0,0,0,0,0,1,0,0,0,1
很貼心有準備嬰兒澡盆可以借來使用,0,0,1,0,0,0,0,0,1,0,0,0,1
大廳有免費的零食、咖啡、茶飲自助區可以享用,0,0,1,0,0,0,0,0,1,0,0,0,1
櫃台人員親切,0,0,1,0,0,0,0,0,1,0,0,0,1
櫃檯人員 很親切人很nice,0,0,1,0,0,0,0,0,1,0,0,0,1
大廳有提供免費小點心可以吃,0,0,1,0,0,0,0,0,1,0,0,0,1
櫃檯服務人員很親切,0,0,1,0,0,0,0,0,1,0,0,0,1
單車可放大廳，感覺貼心，滿意！,0,0,1,0,0,0,0,0,1,0,0,0,1
櫃台人員很親切,0,0,1,0,0,0,0,0,1,0,0,0,1
早班的服務人員蠻親切的,0,0,1,0,0,0,0,0,1,0,0,0,1
雖然回來飯店的時間都半夜了，櫃台人員還是很積極的處理車位給房客方便停車，這點很大心!,0,0,1,0,0,0,0,0,1,0,0,0,1
服務不錯。,0,0,1,0,0,0,0,0,1,0,0,0,1
服務人員態度蠻好的,0,0,1,0,0,0,0,0,1,0,0,0,1
服務態度佳,0,0,1,0,0,0,0,0,1,0,0,0,1
櫃檯人員很親切！,0,0,1,0,0,0,0,0,1,0,0,0,1
櫃檯服務人員親切。,0,0,1,0,0,0,0,0,1,0,0,0,1
服務人員很專業，因訂房訂錯時間，即時幫我處理，非常感謝,0,0,1,0,0,0,0,0,1,0,0,0,1
多次商務入住，櫃台人員很親切有禮,0,0,1,0,0,0,0,0,1,0,0,0,1
員工親切,0,0,1,0,0,0,0,0,1,0,0,0,1
櫃台小姐待人親切,0,0,1,0,0,0,0,0,1,0,0,0,1
服務人員很棒,0,0,1,0,0,0,0,0,1,0,0,0,1
親切友善,0,0,1,0,0,0,0,0,1,0,0,0,1
一樓大廳有小點心,0,0,1,0,0,0,0,0,1,0,0,0,1
24小時櫃檯很適合我的需求外，感覺有被意外升等，更加貼近人心,0,0,1,0,0,0,0,0,1,0,0,0,1
櫃檯姐姐人很好，幫我做了很多事,0,0,1,0,0,0,0,0,1,0,0,0,1
員工服務態度很好,0,0,1,0,0,0,0,0,1,0,0,0,1
工作人員服務態度佳。,0,0,1,0,0,0,0,0,1,0,0,0,1
大廳有提供零食。,0,0,1,0,0,0,0,0,1,0,0,0,1
員工服務很好，還會介紹我們美食。,0,0,1,0,0,0,0,0,1,0,0,0,1
服務人員很親切，整體滿意,0,0,1,0,0,0,0,0,1,0,0,0,1
現場升等，覺得很不錯,0,0,1,0,0,0,0,0,1,0,0,0,1
服務態度不錯,0,0,1,0,0,0,0,0,1,0,0,0,1
員工態度良好,0,0,1,0,0,0,0,0,1,0,0,0,1
櫃檯24小時有人,0,0,1,0,0,0,0,0,1,0,0,0,1
櫃台很親切,0,0,1,0,0,0,0,0,1,0,0,0,1
服務人員態度很好,0,0,1,0,0,0,0,0,1,0,0,0,1
櫃檯人員服務態度好,0,0,1,0,0,0,0,0,1,0,0,0,1
服務很親切,0,0,1,0,0,0,0,0,1,0,0,0,1
服務人員又善,0,0,1,0,0,0,0,0,1,0,0,0,1
早餐不錯服務人員素質佳,0,0,1,0,0,0,0,0,1,0,0,0,1
房間自動升級，小驚喜。,0,0,1,0,0,0,0,0,1,0,0,0,1
早餐不錯，人員服務好,0,0,1,0,0,0,0,0,1,0,0,0,1
素食的早餐很棒，很好吃！非常感謝貴公司人員所提供專業的服務。,0,0,1,0,0,0,0,0,1,0,0,0,1
停外面停車格的費用也代繳，這點很人情味,0,0,1,0,0,0,0,0,1,0,0,0,1
免費停車，雖然疫情但早餐很用心，每天都有變化，豐富多元！很棒！,0,0,1,0,0,0,0,0,1,0,0,0,1
停車的部分很貼心,0,0,1,0,0,0,0,0,1,0,0,0,1
提供早餐營養健康,0,0,1,0,0,0,0,0,1,0,0,0,1
員工服務態度超級好 不管是櫃檯或是供應早餐時的服務人員甚至是打掃阿姨 都超級親切的可見員工素質非常好 很棒 謝謝您們～～～,0,0,1,0,0,0,0,0,1,0,0,0,1
早餐與宵夜 免費提供而且相當好吃,0,0,1,0,0,0,0,0,1,0,0,0,1
早餐很棒，服務人員很不錯。,0,0,1,0,0,0,0,0,1,0,0,0,1
早餐部人員服務很好,0,0,1,0,0,0,0,0,1,0,0,0,1
早餐很用心,0,0,1,0,0,0,0,0,1,0,0,0,1
員工處理事情速度快！,0,0,1,0,0,0,0,0,1,0,0,0,1
早餐很好,0,0,1,0,0,0,0,0,1,0,0,0,1
早餐很豐盛，晚上還有附簡單的清粥小菜很棒,0,0,1,0,0,0,0,0,1,0,0,0,1
早餐選擇多、口味好,0,0,1,0,0,0,0,0,1,0,0,0,1
早餐非常多樣性,0,0,1,0,0,0,0,0,1,0,0,0,1
早餐好吃,0,0,1,0,0,0,0,0,1,0,0,0,1
櫃檯人員態度親切,0,0,1,0,0,0,0,0,1,0,0,0,1
早餐；服務人員態度很好,0,0,1,0,0,0,0,0,1,0,0,0,1
白粥好吃,0,0,1,0,0,0,0,0,1,0,0,0,1
早餐很豐盛,0,0,1,0,0,0,0,0,1,0,0,0,1
員工親戚，服務不錯。,0,0,1,0,0,0,0,0,1,0,0,0,1
早餐豐富，多樣選擇，食材新鮮。,0,0,1,0,0,0,0,0,1,0,0,0,1
服務人員態度良好， 願意提供任何幫助,0,0,1,0,0,0,0,0,1,0,0,0,1
服務人員親切有禮貌,0,0,1,0,0,0,0,0,1,0,0,0,1
員工很親切，早餐選擇豐富,0,0,1,0,0,0,0,0,1,0,0,0,1
早餐很豐富,0,0,1,0,0,0,0,0,1,0,0,0,1
很幸運升級兩大床,0,0,1,0,0,0,0,0,1,0,0,0,1
停車的問題有解決開車前往可以不必擔心,0,0,1,0,0,0,0,0,1,0,0,0,1
早餐很不錯推薦給來高雄旅遊的遊客,0,0,1,0,0,0,0,0,1,0,0,0,1
服務態度好,0,0,1,0,0,0,0,0,1,0,0,0,1
服務人員很貼心,0,0,1,0,0,0,0,0,1,0,0,0,1
早餐多樣化,0,0,1,0,0,0,0,0,1,0,0,0,1
第一次入住有提供免費宵夜的飯店,0,0,1,0,0,0,0,0,1,0,0,0,1
早餐很豐盛服務生態度佳,0,0,1,0,0,0,0,0,1,0,0,0,1
早餐非常豐富,0,0,1,0,0,0,0,0,1,0,0,0,1
早餐還不錯,0,0,1,0,0,0,0,0,1,0,0,0,1
整體感覺都很好，早餐超豐盛！,0,0,1,0,0,0,0,0,1,0,0,0,1
早餐冷盤那的牛肉 里肌肉都讚讚的,0,0,1,0,0,0,0,0,1,0,0,0,1
櫃臺與服務人員態度非常親切，預定後傳訊息詢問，以非常快的速度回覆，也明白解決詢問的問題。,0,0,1,0,0,0,0,0,1,0,0,0,1
早餐真的很棒！櫃檯人員也很親切、有耐心為我們說明飯店設施,0,0,1,0,0,0,0,0,1,0,0,0,1
早餐豐盛,0,0,1,0,0,0,0,0,1,0,0,0,1
服務令人感動，早餐豐盛印象深刻,0,0,1,0,0,0,0,0,1,0,0,0,1
員工很親切,0,0,1,0,0,0,0,0,1,0,0,0,1
服務人員態度好 早餐好吃,0,0,1,0,0,0,0,0,1,0,0,0,1
早餐不錯,0,0,1,0,0,0,0,0,1,0,0,0,1
早餐很棒，預備的很完整！,0,0,1,0,0,0,0,0,1,0,0,0,1
早餐雖是單點，但頗豐富。若有附水果會更佳。,0,0,1,0,0,0,0,0,1,0,0,0,1
這次是第二次入住櫃檯服務和餐點依然維持高水準,0,0,1,0,0,0,0,0,1,0,0,0,1
宵夜早餐都很好吃,0,0,1,0,0,0,0,0,1,0,0,0,1
早餐很棒，若多一點熱炒的會更棒，可參考康橋飯店。,0,0,1,0,0,0,0,0,1,0,0,0,1
早餐宵夜都很好 員工也很友善！,0,0,1,0,0,0,0,0,1,0,0,0,1
服務很好，早餐很好,0,0,1,0,0,0,0,0,1,0,0,0,1
飯店貼心為坐輪椅的先生準備洗澡椅，房間也安排靠近電梯附近,0,0,1,0,0,0,0,0,1,0,0,0,1
早餐好吃，食物補的很快,0,0,1,0,0,0,0,0,1,0,0,0,1
服務態度不錯，早餐比想像中豐富多樣,0,0,1,0,0,0,0,0,1,0,0,0,1
飯店早餐不錯,0,0,1,0,0,0,0,0,1,0,0,0,1
早餐種類很多不錯,0,0,1,0,0,0,0,0,1,0,0,0,1
服務人員都態度很好，很親切～～,0,0,1,0,0,0,0,0,1,0,0,0,1
令人感受到舒適，安全，便捷的服務,0,0,1,0,0,0,0,0,1,0,0,0,1
早餐豐富多樣性，選擇性很多！,0,0,1,0,0,0,0,0,1,0,0,0,1
宵夜好吃 早餐豐富,0,0,1,0,0,0,0,0,1,0,0,0,1
服務態度良好,0,0,1,0,0,0,0,0,1,0,0,0,1
早餐不錯。,0,0,1,0,0,0,0,0,1,0,0,0,1
早餐種類豐富，中西式都有，覺得滿意,0,0,1,0,0,0,0,0,1,0,0,0,1
早餐豐富，打掃阿姨親切，細心,0,0,1,0,0,0,0,0,1,0,0,0,1
服務人員很辛苦，也很貼心,0,0,1,0,0,0,0,0,1,0,0,0,1
早餐豐盛美味!貼心提供宵夜，但建議可以有蔬食選項!,0,0,1,0,0,0,0,0,1,0,0,0,1
有提供宵夜,0,0,1,0,0,0,0,0,1,0,0,0,1
自助早餐，但是選擇不太多，不過算可以了另外，有宵夜附送，這個特別。還會到火車站接，讚,0,0,1,0,0,0,0,0,1,0,0,0,1
服務人員都很親切,0,0,1,0,0,0,0,0,1,0,0,0,1
接駁車真的很方便，櫃檯人員等很親切，早餐不錯，整體很棒！,0,0,1,0,0,0,0,0,1,0,0,0,1
樣式多非常豐盛非常棒.....給110分,0,0,1,0,0,0,0,0,1,0,0,0,1
十樓房務阿姨服務很好早餐好吃，比去年進步很多,0,0,1,0,0,0,0,0,1,0,0,0,1
服務人員態度很棒。,0,0,1,0,0,0,0,0,1,0,0,0,1
早餐選擇多，若有荷包蛋或歐姆蛋會更棒。,0,0,1,0,0,0,0,0,1,0,0,0,1
退房時間充裕,0,0,1,0,0,0,0,0,1,0,0,0,1
早餐很豐盛又好吃,0,0,1,0,0,0,0,0,1,0,0,0,1
早餐多樣化選擇多、美味～,0,0,1,0,0,0,0,0,1,0,0,0,1
辦理入住櫃檯服務人員親切，解說停車等問題非常詳盡，早餐菜色中規中矩，工作人員的笑容大加分。,0,0,1,0,0,0,0,0,1,0,0,0,1
早餐多樣不錯,0,0,1,0,0,0,0,0,1,0,0,0,1
有宵夜提供,0,0,1,0,0,0,0,0,1,0,0,0,1
早餐不錯吃，打掃人員超Nice,0,0,1,0,0,0,0,0,1,0,0,0,1
服務人員解說及服務很不錯！,0,0,1,0,0,0,0,0,1,0,0,0,1
接待人員親切友善,0,0,1,0,0,0,0,0,1,0,0,0,1
早餐非常好,0,0,1,0,0,0,0,0,1,0,0,0,1
坐到捷運站的接駁車可以隨時預約,0,0,1,0,0,0,0,0,1,0,0,0,1
早餐很棒，品种丰富。,0,0,1,0,0,0,0,0,1,0,0,0,1
早餐真的很好吃 ,0,0,1,0,0,0,0,0,1,0,0,0,1
早餐很多選擇,0,0,1,0,0,0,0,0,1,0,0,0,1
早餐多樣選擇；小孩喜歡 ,0,0,1,0,0,0,0,0,1,0,0,0,1
飯店人員的服務親切，問題解決迅速，早餐餐點豐富好吃。,0,0,1,0,0,0,0,0,1,0,0,0,1
櫃檯及服務人員服務態度很好，親切有禮,0,0,1,0,0,0,0,0,1,0,0,0,1
喜歡早餐,0,0,1,0,0,0,0,0,1,0,0,0,1
每一個員工都很親切的問好，讓人很有家的感覺,0,0,1,0,0,0,0,0,1,0,0,0,1
停車位如果不夠的話，會協助代繳路邊停車格費用，非常貼心。,0,0,1,0,0,0,0,0,1,0,0,0,1
早餐非常好吃,0,0,1,0,0,0,0,0,1,0,0,0,1
早餐棒,0,0,1,0,0,0,0,0,1,0,0,0,1
飯店服務很好 很貼心 個人早餐好吃,0,0,1,0,0,0,0,0,1,0,0,0,1
當我們有需求時，只要一反應，每個服務人員都會立即處理，而且防疫工作也做的很確實，謝謝您們，大家都辛苦了,0,0,1,0,0,0,0,0,1,0,0,0,1
接觸到的工作人員都非常親切貼心,0,0,1,0,0,0,0,0,1,0,0,0,1
住宿滿意，櫃員服務親和，早餐只供（套餐）因疫情關係，（素食套餐～養生湯、柳橙汁、水果、蔬菜多樣、麵包。）好吃，餐務人員和順。喜歡。,0,0,1,0,0,0,0,0,1,0,0,0,1
東西放在冰箱忘記帶走時，員工會再來電通知是否需要幫忙留下保管並等候客人取回。,0,0,1,0,0,0,0,0,1,0,0,0,1
員工應對及服務態度很優。,0,0,1,0,0,0,0,0,1,0,0,0,1
員工工作態度還不錯,0,0,1,0,0,0,0,0,1,0,0,0,1
每個員工態度都很友善,0,0,1,0,0,0,0,0,1,0,0,0,1
早餐選項滿多的,0,0,1,0,0,0,0,0,1,0,0,0,1
早餐超棒,0,0,1,0,0,0,0,0,1,0,0,0,1
有宵夜；早餐算豐富！！,0,0,1,0,0,0,0,0,1,0,0,0,1
早餐很棒！服務人員態度超級佳！,0,0,1,0,0,0,0,0,1,0,0,0,1
接待人員很親切,0,0,1,0,0,0,0,0,1,0,0,0,1
工作人員態度親切，遇到的每個員工都好有禮貌，人情味很濃！入住當晚外出購買晚餐，因為觀光了一下導致食物冷掉了，回到飯店請接待人員幫忙微波，態度相當友善也積極的幫忙處理！讓人感到很窩心！謝謝所有工作人員，辛苦了,0,0,1,0,0,0,0,0,1,0,0,0,1
服務態度超棒、超有禮貌，下午還是會選擇！,0,0,1,0,0,0,0,0,1,0,0,0,1
旅館櫃檯與早餐服務人員都很好，服務不錯很親切。,0,0,1,0,0,0,0,0,1,0,0,0,1
櫃檯服務人員態度很好，很細心,0,0,1,0,0,0,0,0,1,0,0,0,1
早餐算豐富,0,0,1,0,0,0,0,0,1,0,0,0,1
早餐很好，服務人員態度好,0,0,1,0,0,0,0,0,1,0,0,0,1
房務人員很友善。,0,0,1,0,0,0,0,0,1,0,0,0,1
房物清潔人員很友善，馬桶不通很幫忙處理，因為連住好幾天，備品都會幫我們準備好放在門口很貼心。,0,0,1,0,0,0,0,0,1,0,0,0,1
早餐餐點很不錯,0,0,1,0,0,0,0,0,1,0,0,0,1
早餐很優,0,0,1,0,0,0,0,0,1,0,0,0,1
服務親切，早餐不錯吃！,0,0,1,0,0,0,0,0,1,0,0,0,1
櫃檯及餐廳的服務人員有禮貌，早餐是套餐式的，很豐盛，口味也好。,0,0,1,0,0,0,0,0,1,0,0,0,1
早餐很豐富，應有盡有,0,0,1,0,0,0,0,0,1,0,0,0,1
有宵夜服務,0,0,1,0,0,0,0,0,1,0,0,0,1
早餐很多樣化，每天都可選擇不同的來吃， 且服務人員親切,0,0,1,0,0,0,0,0,1,0,0,0,1
早餐很棒哦。90分！,0,0,1,0,0,0,0,0,1,0,0,0,1
服務真的很棒,0,0,1,0,0,0,0,0,1,0,0,0,1
早餐選擇不錯，但位置不多要早點來排隊,0,0,1,0,0,0,0,0,1,0,0,0,1
早餐必吃！太厲害太好吃了～,0,0,1,0,0,0,0,0,1,0,0,0,1
早餐超讚超好吃！尤其豆漿好好喝、早餐也很多樣化、可挑選的種類很多！非常令人驚艷！二樓的餐廳也非常的好吃！,0,0,1,0,0,0,0,0,1,0,0,0,1
早餐非常豐盛,0,0,1,0,0,0,0,0,1,0,0,0,1
早餐豐富多樣、沒車位可以停附近收費停車格(飯店會代付款),0,0,1,0,0,0,0,0,1,0,0,0,1
早餐好,0,0,1,0,0,0,0,0,1,0,0,0,1
門口服務人員當我們抵達時，很貼心的引導停車。附加的早餐，服務生服務很好。,0,0,1,0,0,0,0,0,1,0,0,0,1
停車服務人員，態度很好。,0,0,1,0,0,0,0,0,1,0,0,0,1
早餐很好吃，飯店提供消夜與地下一樓交誼廳有自助咖啡與手工餅乾，很貼心！,0,0,1,0,0,0,0,0,1,0,0,0,1
櫃檯人員熱心服務，早餐服務人員很用心，超棒的地方。,0,0,1,0,0,0,0,0,1,0,0,0,1
早餐好吃!,0,0,1,0,0,0,0,0,1,0,0,0,1
早餐菜色豐富營養選擇多,0,0,1,0,0,0,0,0,1,0,0,0,1
早餐好吃，菜也有很多選擇,0,0,1,0,0,0,0,0,1,0,0,0,1
服務好,0,0,1,0,0,0,0,0,1,0,0,0,1
員工親切，服務說明詳盡！,0,0,1,0,0,0,0,0,1,0,0,0,1
員工很貼心，對小朋友很友善，熱心。,0,0,1,0,0,0,0,0,1,0,0,0,1
貼心的準備嬰兒備品,0,0,1,0,0,0,0,0,1,0,0,0,1
櫃檯服務態度很棒，一樓的WO bar非常體貼及專業，是下次還會想住的飯店。,0,0,1,0,0,0,0,0,1,0,0,0,1
服務人員友善,0,0,1,0,0,0,0,0,1,0,0,0,1
服務人員：服務人員相當貼心，態度良好。,0,0,1,0,0,0,0,0,1,0,0,0,1
1. 服務人員態度親切。,0,0,1,0,0,0,0,0,1,0,0,0,1
早餐種類多樣性選擇，喜歡他的沙拉和起司還有地瓜,0,0,1,0,0,0,0,0,1,0,0,0,1
餐點還不錯,0,0,1,0,0,0,0,0,1,0,0,0,1
早餐選擇多樣化、平日附宵夜鹹粥,0,0,1,0,0,0,0,0,1,0,0,0,1
員工都很親切，早餐跟宵夜都很棒,0,0,1,0,0,0,0,0,1,0,0,0,1
員工即時反應與服務十分滿意，早餐也非常好！,0,0,1,0,0,0,0,0,1,0,0,0,1
喜歡自助式早餐,0,0,1,0,0,0,0,0,1,0,0,0,1
還有免費宵夜,0,0,1,0,0,0,0,0,1,0,0,0,1
我喜歡本飯店火車站免費接送讚讚讚讚讚,0,0,1,0,0,0,0,0,1,0,0,0,1
竟然有免費宵夜，吃到的是鹹粥，蠻好吃。早餐也非常豐盛！,0,0,1,0,0,0,0,0,1,0,0,0,1
早餐非常豐盛，服務人員態度佳。,0,0,1,0,0,0,0,0,1,0,0,0,1
早餐很豐富，有提供宵夜很特別！,0,0,1,0,0,0,0,0,1,0,0,0,1
早餐不錯選擇性多，不過人潮眾多，進場需要排隊,0,0,1,0,0,0,0,0,1,0,0,0,1
早餐種類選擇很多,0,0,1,0,0,0,0,0,1,0,0,0,1
都很滿意，早餐超好吃的,0,0,1,0,0,0,0,0,1,0,0,0,1
員工態度都很好，尤其是櫃檯,0,0,1,0,0,0,0,0,1,0,0,0,1
早餐樣式多,0,0,1,0,0,0,0,0,1,0,0,0,1
員工服務態度都還不錯。,0,0,1,0,0,0,0,0,1,0,0,0,1
早餐炸饅頭好吃,0,0,1,0,0,0,0,0,1,0,0,0,1
櫃檯人員非常親切而且細心,0,0,1,0,0,0,0,0,1,0,0,0,1
態度親切，就連清潔阿姨都非常親切 ,0,0,1,0,0,0,0,0,1,0,0,0,1
早餐好好吃,0,0,1,0,0,0,0,0,1,0,0,0,1
原訂2人房，自動升等為3人房，非常大方。發票先給顧客確認統編和日期，很謹慎、貼心。,0,0,1,0,0,0,0,0,1,0,0,0,1
提供茶包(綠茶.烏龍)、奶茶、咖啡及小零食包。,0,0,1,0,0,0,0,0,1,0,0,0,1
水壺遺漏忘了拿 櫃檯馬上來電告知,0,0,1,0,0,0,0,0,1,0,0,0,1
早餐好吃也有不少適合小孩吃的食物。,0,0,1,0,0,0,0,0,1,0,0,0,1
早餐豆漿這輩子喝過最好喝,0,0,1,0,0,0,0,0,1,0,0,0,1
因車禍受傷，床套組以日做更換謝謝你們，辛苦了,0,0,1,0,0,0,0,0,1,0,0,0,1
兩天的早餐不一樣，第二天的比較豐富,0,0,1,0,0,0,0,0,1,0,0,0,1
素食友善的環境，早餐可選擇素食套餐以外，自助區提供的粥品及麵包都是素食者可以食用的,0,0,1,0,0,0,0,0,1,0,0,0,1
服務人員微笑很甜美,0,0,1,0,0,0,0,0,1,0,0,0,1
早餐吃火鍋吃到飽，完美如缺,0,0,1,0,0,0,0,0,1,0,0,0,1
員工能即時處理問題,0,0,1,0,0,0,0,0,1,0,0,0,1
因為很晚才到高雄謝謝讓我留房間。,0,0,1,0,0,0,0,0,1,0,0,0,1
員工態度可以讚賞,0,0,1,0,0,0,0,0,1,0,0,0,1
早餐，在疫情期間還能供應豐盛的早餐,0,0,1,0,0,0,0,0,1,0,0,0,1
早餐非常好吃，阿姨非常客氣，人也很好入住的時候,0,0,1,0,0,0,0,0,1,0,0,0,1
早餐種類不多，但味道還不錯,0,0,1,0,0,0,0,0,1,0,0,0,1
晚上接待的男服務員很有禮貌又會代客人買郵票寄明信片。,0,0,1,0,0,0,0,0,1,0,0,0,1
每天早餐不同味道又好,0,0,1,0,0,0,0,0,1,0,0,0,1
員工態度親切有禮,0,0,1,0,0,0,0,0,1,0,0,0,1
早餐天天有變化,0,0,1,0,0,0,0,0,1,0,0,0,1
早餐部分選擇性略少，味道上還不錯。,0,0,1,0,0,0,0,0,1,0,0,0,1
早餐粥像泡飯ㄧ樣，不好吃，其它的菜色還不錯,0,0,1,0,0,0,0,0,1,0,0,0,1
早餐選擇較少，但阿姨煮的很好吃，所以持平,0,0,1,0,0,0,0,0,1,0,0,0,1
早餐覺得還好還行,0,0,1,0,0,0,0,0,2,0,0,0,2
早餐尚可,0,0,1,0,0,0,0,0,1,0,0,0,1
服務還行,0,0,1,0,0,0,0,0,2,0,0,0,2
 早餐還可以,0,0,1,0,0,0,0,0,1,0,0,0,1
服務人員還可以,0,0,1,0,0,0,0,0,1,0,0,0,1
早餐還可以,0,0,1,0,0,0,0,0,1,0,0,0,1
早餐還行,0,0,1,0,0,0,0,0,2,0,0,0,2
大廳有餅乾可以吃！,0,0,1,0,0,0,0,0,1,0,0,0,1
早餐還可以， 中等,0,0,1,0,0,0,0,0,1,0,0,0,1
下午茶餐點心有冰淇淋等,0,0,1,0,0,0,0,0,1,0,0,0,1
早餐還可以接受不難吃,0,0,1,0,0,0,0,0,1,0,0,0,1
早餐吃火鍋，有夠狂。若不喜歡火鍋，也有白飯、粥跟一些小菜。,0,0,1,0,0,0,0,0,1,0,0,0,1
有自助吧，內容尚可,0,0,1,0,0,0,0,0,1,0,0,0,1
早餐沒想像中好但還可以接受,0,0,1,0,0,0,0,0,1,0,0,0,1
早餐尚可，無煎或炒蛋,0,0,1,0,0,0,0,0,1,0,0,0,1
早餐真的可以吃看看，,0,0,1,0,0,0,0,0,1,0,0,0,1
大廳提供有零食 咖啡,0,0,1,0,0,0,0,0,1,0,0,0,1
這次早餐的部分略顯普通，但該有的都有。,0,0,1,0,0,0,0,0,1,0,0,0,1
早餐很普通，但可以接受,0,0,1,0,0,0,0,0,1,0,0,0,1
員工態度還好,0,0,1,0,0,0,0,0,1,0,0,0,1
防疫期間早餐從自助式改成套餐試沒問題,0,0,1,0,0,0,0,0,1,0,0,0,1
晚上大廳服務人員很貼心,0,0,1,0,0,0,0,0,1,0,0,0,1
服務人員很讚,0,0,1,0,0,0,0,0,1,0,0,0,1
員工服務很棒,0,0,1,0,0,0,0,0,1,0,0,0,1
飯店員工都很親切，服務很好,0,0,1,0,0,0,0,0,1,0,0,0,1
全部都很滿意！服務人員態度也很棒！,0,0,1,0,0,0,0,0,1,0,0,0,1
服務人員親切專業，下次來台中會再來這裡住,0,0,1,0,0,0,0,0,1,0,0,0,1
員工很主動服務，車子剛開到門口就主動出來指引停車態度很親切,0,0,1,0,0,0,0,0,1,0,0,0,1
住兩次都幫我升級 ,0,0,1,0,0,0,0,0,1,0,0,0,1
員工十分親切,0,0,1,0,0,0,0,0,1,0,0,0,1
謝謝讓我們升等房間太感謝了 謝謝服務人員辛苦了服務很好,0,0,1,0,0,0,0,0,1,0,0,0,1
櫃檯人員非常友善，辦理入住和引導停車都很棒,0,0,1,0,0,0,0,0,1,0,0,0,1
服務人員 親切又美麗,0,0,1,0,0,0,0,0,1,0,0,0,1
人員能滿足客戶的需求，並熱心提供附近美食及景點。，適合與家人、朋友住宿。,0,0,1,0,0,0,0,0,1,0,0,0,1
雙人房被抽到升級為樓中樓的四人房，。,0,0,1,0,0,0,0,0,1,0,0,0,1
早餐可以更多樣化一點，選擇性較多水果也可以多一點選擇,0,0,1,0,0,0,0,0,1,0,0,0,1
礦泉水有無限供應,0,0,1,0,0,0,0,0,1,0,0,0,1
菜色可以更多樣,0,0,1,0,0,0,0,0,1,0,0,0,1
早餐種類比較少但整理體還可以,0,0,1,0,0,0,0,0,1,0,0,0,1
早餐普普，尚可接受,0,0,1,0,0,0,0,0,1,0,0,0,1
早餐還好,0,0,1,0,0,0,0,0,1,0,0,0,1
人員十分熱情,0,0,1,0,0,0,0,0,1,0,0,0,1
接待人員很熱沈 ,0,0,1,0,0,0,0,0,1,0,0,0,1
工作人員服務相當周到,0,0,1,0,0,0,0,0,1,0,0,0,1
宵夜品質尚可,0,0,1,0,0,0,0,0,1,0,0,0,1
有提供早晚餐,0,0,1,0,0,0,0,0,1,0,0,0,1
早餐多了台南美食,0,0,1,0,0,0,0,0,1,0,0,0,1
飯店提供的食物好吃,0,0,1,0,0,0,0,0,1,0,0,0,1
人員把每一個食物都精心料理，樣樣都好吃。,0,0,1,0,0,0,0,0,1,0,0,0,1
早餐相對其他同等級行旅種類品項還有加強的空間，雖然現場員工導引非常迅速，服務非常好沒話說！,0,0,1,0,0,0,0,0,1,0,0,0,1
除了早餐以外居然還有下午茶宵夜！難怪這麼熱門,0,0,1,0,0,0,0,0,1,0,0,0,1
早餐，宵夜好吃,0,0,1,0,0,0,0,0,1,0,0,0,1
自己都忘了當天是生日，櫃檯貼心的準備了小蛋糕 ,0,0,1,0,0,0,0,0,1,0,0,0,1
房務人員拾獲了我們不小心遺漏的ㄧ個紅包，主動告知並幫忙寄回,0,0,1,0,0,0,0,0,1,0,0,0,1
消夜很好吃！,0,0,1,0,0,0,0,0,1,0,0,0,1
寵物友善，服務人員態度良好,0,0,1,0,0,0,0,0,1,0,0,0,1
服務很好 ,0,0,1,0,0,0,0,0,1,0,0,0,1
早餐服務人員親切，有笑容，餐點很好吃。,0,0,1,0,0,0,0,0,1,0,0,0,1
早餐是自助式的，種類豐富直逼飯店level，蛋是現點現做的，很棒,0,0,1,0,0,0,0,0,1,0,0,0,1
早餐很滿意,0,0,1,0,0,0,0,0,1,0,0,0,1
員工很積極協助,0,0,1,0,0,0,0,0,1,0,0,0,1
服務品質好，早餐好吃豐富。,0,0,1,0,0,0,0,0,1,0,0,0,1
寵物友善餐廳員工也是寵物友善更加分很棒的住宿體驗會多多推薦,0,0,1,0,0,0,0,0,1,0,0,0,1
早餐雖然樣式選擇不多但是很好吃,0,0,1,0,0,0,0,0,1,0,0,0,1
接待女員工很漂亮物品遺落還很熱心的願意幫忙寄回,0,0,1,0,0,0,0,0,1,0,0,0,1
餐廳早點很棒，好吃,0,0,1,0,0,0,0,0,1,0,0,0,1
需要補充品的時候 ，打電話櫃台人員很有耐心傾聽並且快速服務,0,0,1,0,0,0,0,0,1,0,0,0,1
早餐還不錯！餐廳阿姨很親切。,0,0,1,0,0,0,0,0,1,0,0,0,1
早餐服務不錯,0,0,1,0,0,0,0,0,1,0,0,0,1
早餐超豐盛還有主廚料理小孩可以吃的選擇也很多還有選擇戶外用餐服務人員也超級貼心的小孩不小心把果汁弄倒了也很快速的清理真不好意思,0,0,1,0,0,0,0,0,1,0,0,0,1
早餐很好吃,0,0,1,0,0,0,0,0,1,0,0,0,1
早餐餐點很棒,0,0,1,0,0,0,0,0,1,0,0,0,1
早餐不?,0,0,1,0,0,0,0,0,1,0,0,0,1
早餐挺豐盛的，人員服務態度很好，住的房間免費升級。,0,0,1,0,0,0,0,0,1,0,0,0,1
早餐非常好吃，種類多樣。,0,0,1,0,0,0,0,0,1,0,0,0,1
服務人員很有耐心早餐很棒,0,0,1,0,0,0,0,0,1,0,0,0,1
中西式早餐多重選擇又豐盛很不錯 ,0,0,1,0,0,0,0,0,1,0,0,0,1
服務人員態度佳,0,0,1,0,0,0,0,0,1,0,0,0,1
餐點好,0,0,1,0,0,0,0,0,1,0,0,0,1
因為臨時加人數，麻煩房務人員換房，隔天就換房間了，很感謝～,0,0,1,0,0,0,0,0,1,0,0,0,1
服務人員的態度還算親切有禮貌，聽到我們反應問題也很願意幫忙解決，很謝謝他們。,0,0,1,0,0,0,0,0,1,0,0,0,1
早餐很好唷,0,0,1,0,0,0,0,0,1,0,0,0,1
櫃臺親切,0,0,1,0,0,0,0,0,1,0,0,0,1
早餐實惠,0,0,1,0,0,0,0,0,1,0,0,0,1
早餐還不錯 肉燥很好吃,0,0,1,0,0,0,0,0,1,0,0,0,1
早餐很不錯～,0,0,1,0,0,0,0,0,1,0,0,0,1
專人下來送停車相關資料，謝謝,0,0,1,0,0,0,0,0,1,0,0,0,1
入住時停車的講解清楚明瞭，還有幫我們升級房間。,0,0,1,0,0,0,0,0,1,0,0,0,1
早餐青菜好吃！,0,0,1,0,0,0,0,0,1,0,0,0,1
服務員態度良好,0,0,1,0,0,0,0,0,1,0,0,0,1
早餐不錯，我那天有吃到炸五香還有大蔥蛋 ,0,0,1,0,0,0,0,0,1,0,0,0,1
希望現場入口指示能夠標示更清楚！但櫃檯人員於入住前有聯繫過，很細心！,0,0,1,0,0,0,0,0,1,0,0,0,1
提早到達 提早入住 很感謝。,0,0,1,0,0,0,0,0,1,0,0,0,1
超級讚 服務很好 住宿地方很優質,0,0,1,0,0,0,0,0,1,0,0,0,1
這趟剛好是一趟慶生之旅，有詢問店家，是否有佈置放假等活動，很可惜沒有但想說也沒關係本來就只是隨意問問，不過店家還給我小禮物，真的非常驚喜，還是歐舒丹的沐浴旅行組，整個很喜歡！人員也很nice，,0,0,1,0,0,0,0,0,1,0,0,0,1
櫃檯的人員很棒很親切 服務也很快速,0,0,1,0,0,0,0,0,1,0,0,0,1
每次都被升等 開心,0,0,1,0,0,0,0,0,1,0,0,0,1
已經第二次入住 有一位女主管態度很好 總是笑咪咪的,0,0,1,0,0,0,0,0,1,0,0,0,1
員工都很棒,0,0,1,0,0,0,0,0,1,0,0,0,1
飯店員工的服務態度佳,0,0,1,0,0,0,0,0,1,0,0,0,1
很開心這次有被升級有浴缸的房間 ,0,0,1,0,0,0,0,0,1,0,0,0,1
耳環不小心落在房間就退房，服務員很貼心會打來告知及做後續處理，很讚 ,0,0,1,0,0,0,0,0,1,0,0,0,1
飯店的餅乾太好吃了，一下子就沒了,0,0,1,0,0,0,0,0,1,0,0,0,1
過年入住人數過多，早上用餐位置不足與食物補充速度跟不上人群，建議這種特殊時段管控每間客房用餐時段。櫃台入住人數很多，但是接待人員處理速度很快,0,0,1,0,0,0,0,0,1,0,0,0,1
有免費咖啡,0,0,1,0,0,0,0,0,1,0,0,0,1
有配合路跑彈性調整退房及早餐時間（延長）,0,0,1,0,0,0,0,0,1,0,0,0,1
櫃臺旁有供應點心bar,0,0,1,0,0,0,0,0,1,0,0,0,1
早餐有現做早點很棒，房間內有附小點心還有泡麵！！下次來桃園會想再來住這裡～,0,0,1,0,0,0,0,0,1,0,0,0,1
飯店防疫規範做的很好,0,0,1,0,0,0,0,0,1,0,0,0,1
 因為行程關係提早到達  但因下大雨的關係 影響到行程  跟櫃台人員反應後  有提前讓我們入住 十分感謝,0,0,1,0,0,0,0,0,1,0,0,0,1
早餐美味,0,0,1,0,0,0,0,0,1,0,0,0,1
入住前，櫃檯女生很細心，先來電詢問且提早把要求的用品先放置客房！,0,0,1,0,0,0,0,0,1,0,0,0,1
雖然碰上台中大停水，但客服人員的應變能力和態度都很棒！這是我第二次來住宿，下次來台中還是會再來住 ,0,0,1,0,0,0,0,0,1,0,0,0,1
客服人員的應變能力和態度都很棒！,0,0,1,0,0,0,0,0,1,0,0,0,1
提供免費咖啡大廳,0,0,1,0,0,0,0,0,1,0,0,0,1
櫃台男員工素質極好,0,0,1,0,0,0,0,0,1,0,0,0,1
員工態度很好 ,0,0,1,0,0,0,0,0,1,0,0,0,1
跟服務人員反應後，處理態度很好也贈送我們早餐，服務人員態度非常好，值得讚許 ,0,0,1,0,0,0,0,0,1,0,0,0,1
服務人員非常親切，很感謝,0,0,1,0,0,0,0,0,1,0,0,0,1
服務人員態度很好，很忙也都口氣很好。,0,0,1,0,0,0,0,0,1,0,0,0,1
客房人員熱心,0,0,1,0,0,0,0,0,1,0,0,0,1
有一位比較資深的女性員工，印象很深刻非常地親切,0,0,1,0,0,0,0,0,1,0,0,0,1
早餐好。,0,0,1,0,0,0,0,0,1,0,0,0,1
房務人員有立急幫忙協調新床位，處理速度很快，這值得讚賞,0,0,1,0,0,0,0,0,1,0,0,0,1
下午值班的櫃檯主管非常專業，早餐菜式多樣。,0,0,1,0,0,0,0,0,1,0,0,0,1
櫃檯很忙，但還是很親切，也可以幫忙冰蛋糕！,0,0,1,0,0,0,0,0,1,0,0,0,1
跟員工反應後，有馬上來更換新的床單。,0,0,1,0,0,0,0,0,1,0,0,0,1
服務人員的態度很棒,0,0,1,0,0,0,0,0,1,0,0,0,1
員工態度算蠻ok的,0,0,1,0,0,0,0,0,1,0,0,0,1
早餐不錯哦！,0,0,1,0,0,0,0,0,1,0,0,0,1
免費停車,0,0,1,0,0,0,0,0,1,0,0,0,1
餐點上很貼心另準備素菜，很可口。,0,0,1,0,0,0,0,0,1,0,0,0,1
服務人員態度佳，喜歡早餐的服務，工作前先填飽肚子精神工作前先填飽肚子精神好工作效率高。,0,0,1,0,0,0,0,0,1,0,0,0,1
早上主動電話提醒早餐時間，餐點也不錯吃,0,0,1,0,0,0,0,0,1,0,0,0,1
早餐吃的飽,0,0,1,0,0,0,0,0,1,0,0,0,1
早餐雖然是簡單的粥，但菜色都有調整和變化，也有水果可以吃。,0,0,1,0,0,0,0,0,1,0,0,0,1
早餐方面還蠻多樣豐富的,0,0,1,0,0,0,0,0,1,0,0,0,1
早餐豐盛，多樣選擇。,0,0,1,0,0,0,0,0,1,0,0,0,1
員工對於防疫要求很嚴格。,0,0,1,0,0,0,0,0,1,0,0,0,1
早餐普通但可接受,0,0,1,0,0,0,0,0,1,0,0,0,1
服務人員的工作態度很棒，辛苦你們了，謝謝！,0,0,1,0,0,0,0,0,1,0,0,0,1
早餐的部分算比較普通，可以吃粗飽,0,0,1,0,0,0,0,0,1,0,0,0,1
蠻貼心的,0,0,1,0,0,0,0,0,1,0,0,0,1
員工服務態度很棒。,0,0,1,0,0,0,0,0,1,0,0,0,1
飯店早餐沒有冷飲可以喝，有點可惜，大致上還不錯吃！,0,0,1,0,0,0,0,0,1,0,0,0,1
早餐選擇多,0,0,1,0,0,0,0,0,1,0,0,0,1
早餐食物很多樣化,0,0,1,0,0,0,0,0,1,0,0,0,1
早餐幾乎都是現在快炒，雖然很傳統型式，但我覺得很新鮮，服務員態度都很親切，飯店也是以客為重盡量協助客人的問題,0,0,1,0,0,0,0,0,1,0,0,0,1
早餐豐盛新鮮現炒蔬菜類很棒,0,0,1,0,0,0,0,0,1,0,0,0,1
早餐豐盛，自助式可吃飽！,0,0,1,0,0,0,0,0,1,0,0,0,1
我喜歡晚班短頭髮的櫃台妹妹，人客氣服務態度超讚，讓我跟我的阿娘粉高興，而我覺得我會因這個妹妹再去住宿還有真心謝謝妹妹感謝妳。   ,0,0,1,0,0,0,0,0,1,0,0,0,1
有早餐很豐盛，真的很棒,0,0,1,0,0,0,0,0,1,0,0,0,1
自助早餐多元豐富,0,0,1,0,0,0,0,0,1,0,0,0,1
打電話給櫃檯，問題很快就處理好了,0,0,1,0,0,0,0,0,1,0,0,0,1
中式早餐豐富，工作人員和善,0,0,1,0,0,0,0,0,1,0,0,0,1
我覺得超乎我的想像外！雖然登記住房的時候，雖然手續亂了一些，但是還是很有耐心 。,0,0,1,0,0,0,0,0,1,0,0,0,1
早餐選擇多樣,0,0,1,0,0,0,0,0,1,0,0,0,1
有提供早晚餐，雖然晚餐很簡便，但口味算不錯了,0,0,1,0,0,0,0,0,1,0,0,0,1
住一晚提供了晚餐及隔天的早餐 ，沒甚麼好挑剔了,0,0,1,0,0,0,0,0,1,0,0,0,1
有附晚餐挺貼心的,0,0,1,0,0,0,0,0,1,0,0,0,1
工作人員檢查後立馬換了一間更豪華的房間，非常感謝所有辛苦的工作人員,0,0,1,0,0,0,0,0,1,0,0,0,1
服務人員態度非常的好。,0,0,1,0,0,0,0,0,1,0,0,0,1
第三次入住，非常非常nice 小孩玩的很開心 ，人員親切！態度非常好,0,0,1,0,0,0,0,0,1,0,0,0,1
有提供早晚餐真的很不錯。 ,0,0,1,0,0,0,0,0,1,0,0,0,1
晚班換班後櫃檯小姐服務態度就很好。,0,0,1,0,0,0,0,0,1,0,0,0,1
人員親切餐點美味,0,0,1,0,0,0,0,0,1,0,0,0,1
選擇性多～餐點不錯吃,0,0,1,0,0,0,0,0,1,0,0,0,1
服務人員工作態度非常棒大推     ,0,0,1,0,0,0,0,0,1,0,0,0,1
吃好住好，工作人員很親切,0,0,1,0,0,0,0,0,1,0,0,0,1
吃好住好的頂級服務,0,0,1,0,0,0,0,0,1,0,0,0,1
飯店人員立刻做出應變，很謝謝他們,0,0,1,0,0,0,0,0,1,0,0,0,1
早餐較簡單，但基本款都有了。,0,0,1,0,0,0,0,0,1,0,0,0,1
服務還算可以,0,0,1,0,0,0,0,0,1,0,0,0,1
接待的態度還行,0,0,1,0,0,0,0,0,2,0,0,0,2
很棒喔！溝通、住宿都很滿意,0,0,1,0,0,1,0,0,1,0,0,1,1
整體都很滿意，早餐的部分很讚,0,0,1,0,0,1,0,0,1,0,0,1,1
整體來說都很好 服務人員有耐心 餐點也好吃,0,0,1,0,0,1,0,0,1,0,0,1,1
服務人員態度佳！氛圍輕鬆愉快。,0,0,1,0,0,1,0,0,1,0,0,1,1
與訂房網站上的照片一模模一樣樣，非常厲害，服務人員也很熱心，真心推薦哦,0,0,1,0,0,1,0,0,1,0,0,1,1
服務人員態度超好，顏值也是不錯,0,0,1,0,0,1,0,0,1,0,0,1,1
飯店人員滿親切的、早餐我覺得滿豐富的，綜整而言，整體還滿意，我下次來的時候，會優先考慮這一間飯店。,0,0,1,0,0,1,0,0,1,0,0,1,1
反應給櫃台人員有立即來處理，給新紙杯和房間除臭，飯店是禁菸的所以有房客在房間偷抽煙讓其他間房間有煙味，櫃台人員也沒有辦法。,0,0,1,0,0,1,0,0,1,0,0,3,1
晚上附近房間有夜貓子房客，吵到一點多聲音還很大通知櫃台後有處理，有「比較」安靜一點,0,0,1,0,0,1,0,0,1,0,0,3,3
開窗疏散煙味居然有人拉開窗簾往裡面看，安全問題。之後服務人員有幫我們換房間。,0,0,1,0,0,1,0,0,1,0,0,3,3
剛入住第一晚，有蚊子入侵，被叮咬。反應後有改善，這點不錯,1,0,1,0,0,0,3,0,1,0,0,3,1
有其他房間的客人吸煙，透過管線飄散至當天住宿的房間，造成空氣品質很差，早餐方面還蠻多樣豐富的,0,0,1,0,0,1,0,0,1,0,0,3,3
升等房間超超值,0,0,1,0,1,0,0,0,1,0,1,0,1
cp值不錯 ，樓下有點心,0,0,1,0,1,0,0,0,1,0,1,0,1
以這樣的價格還有附上正常值的飯店早餐,0,0,1,0,1,0,0,0,1,0,1,0,1
早餐cp高,0,0,1,0,1,0,0,0,1,0,1,0,1
這次是第二次入住，覺得於服務方面提升很多。不管是櫃台人員或房務人員的態度都很優秀，很親切且很有熱忱的解決住客的需求。於平實的價格能有這樣的服務品質很難得，深深覺得這樣的員工是公司很寶貴的助力^_^,0,0,1,0,1,0,0,0,1,0,1,0,1
平日的價格很親民；員工看到我在三點前寄放行李，沒有要求我必須先辦理入住，讓我省了不少時間,0,0,1,0,1,0,0,0,1,0,1,0,1
對於晚上睡覺，非常足夠，而且價錢便宜。一樓有min點心，不錯。,0,0,1,0,1,0,0,0,1,0,1,0,1
服務價位合理,0,0,1,0,1,0,0,0,1,0,1,0,1
免費升等好的套房，非常物超所值，謝謝,0,0,1,0,1,0,0,0,1,0,1,0,1
價格實惠，服務人員都很親切，退房時手拿著空水壺，服務人員看到還主動幫你裝滿開水讓你帶走，很感謝他,0,0,1,0,1,0,0,0,1,0,1,0,1
服務還不錯 價格實惠,0,0,1,0,1,0,0,0,1,0,1,0,1
便宜(平日住一晚雙床房不到台幣700元)一樓有飲水機，還有提供茶包(綠茶.烏龍)、奶茶、咖啡及小零食包。,0,0,1,0,1,0,0,0,1,0,1,0,1
比較低廉的價格，員工親切的態度，大廳內還有提供免費的茶水餅乾供旅客做使用，雖然無緣用到，但是讓人感覺很貼心。,0,0,1,0,1,0,0,0,1,0,1,0,1
價格很平價，櫃檯人員很親切，而且還24小時輪班，感覺很放心，進住後發現超級滿房的，大家都很巷子內耶,0,0,1,0,1,0,0,0,1,0,1,0,1
服務人員態度很好 性價比很高,0,0,1,0,1,0,0,0,1,0,1,0,1
便宜，服務人員會協助。,0,0,1,0,1,0,0,0,1,0,1,0,1
價格非常的實惠，因為待在飯店的時間不多，這個價錢真的令人滿意，大廳還有免費的咖啡跟零食泡麵可以自由取用，櫃檯人員也是非常親切，值得推薦,0,0,1,0,1,0,0,0,1,0,1,0,1
早餐豐盛，物超所值。,0,0,1,0,1,0,0,0,1,0,1,0,1
早餐非常美味，住宿性價比很不錯,0,0,1,0,1,0,0,0,1,0,1,0,1
CP值高 早餐選擇多樣化,0,0,1,0,1,0,0,0,1,0,1,0,1
服務態度好價錢又合理,0,0,1,0,1,0,0,0,1,0,1,0,1
早餐真的物超所值，還有提供消夜，整個住宿感覺有稍微拉昇了一下,0,0,1,0,1,0,0,0,1,0,1,0,1
CP極高的飯店，適合出差住宿早餐整體豐盛，只是漢堡排是冷的，有點失望。,0,0,1,0,1,0,0,0,1,0,1,0,1
早餐相當豐富，物超所值,0,0,1,0,1,0,0,0,1,0,1,0,1
早餐算不錯，房價而言算是物超所值！,0,0,1,0,1,0,0,0,1,0,1,0,1
性價比很高，員工服務態度良好，早餐品質很好。,0,0,1,0,1,0,0,0,1,0,1,0,1
早餐選擇多，性價比高,0,0,1,0,1,0,0,0,1,0,1,0,1
餐廳提供宵夜跟早餐，雖然是免費宵夜但當天吃的是皮蛋瘦肉粥，很美味，早餐也很多樣化，CP值高，大推   下次去高雄會再回訪,0,0,1,0,1,0,0,0,1,0,1,0,1
CP值超高，早餐多元且豐富,0,0,1,0,1,0,0,0,1,0,1,0,1
房價合理，工作人員態度熱誠,0,0,1,0,1,0,0,0,1,0,1,0,1
Cp值高，早餐豐富,0,0,1,0,1,0,0,0,1,0,1,0,1
服務人員親切……cp值高,0,0,1,0,1,0,0,0,1,0,1,0,1
價格可以，早餐選擇性可以,0,0,1,0,1,0,0,0,1,0,1,0,1
物超所值，早餐豐富。,0,0,1,0,1,0,0,0,1,0,1,0,1
價錢不貴，還直接幫我們免費升等一個豪華的四人房，讓我們兩個人一人躺一張大床，員工態度也很好，超推,0,0,1,0,1,0,0,0,1,0,1,0,1
早餐豐盛葷素皆有好吃，cp超值,0,0,1,0,1,0,0,0,1,0,1,0,1
早餐很豐富，這種價位竟然有松露義大利麵出現到是令人驚艷,0,0,1,0,1,0,0,0,1,0,1,0,1
早餐很不錯，物超所值,0,0,1,0,1,0,0,0,1,0,1,0,1
性價比高，服務人員熱情親切。,0,0,1,0,1,0,0,0,1,0,1,0,1
一切都很好，還有免費升級房間，物超所值,0,0,1,0,1,0,0,0,1,0,1,0,1
被升等成四人房非常開心價格實惠還附贈早餐,0,0,1,0,1,0,0,0,1,0,1,0,1
早餐意外的豐富cp值高,0,0,1,0,1,0,0,0,1,0,1,0,1
員工服務親切，貼心。早餐cp值高,0,0,1,0,1,0,0,0,1,0,1,0,1
為第三次入住，員工服務態度良好，cp值高。以後來台中玩還是會選擇這裡！,0,0,1,0,1,0,0,0,1,0,1,0,1
早餐超值,0,0,1,0,1,0,0,0,1,0,1,0,1
飯店員工服務態度很好住宿一晚能提供兩餐，且餐點豐富，性價比極高，很推薦入住。,0,0,1,0,1,0,0,0,1,0,1,0,1
早餐和宵夜都非常美味！員工素養非常好。房間價格優惠實在。,0,0,1,0,1,0,0,0,1,0,1,0,1
性價比高、有提供宵夜和早餐,0,0,1,0,1,0,0,0,1,0,1,0,1
早餐宵夜好吃，物超所值！,0,0,1,0,1,0,0,0,1,0,1,0,1
宵夜跟早餐都很好吃，性價比非常高，到南部住宿的首選,0,0,1,0,1,0,0,0,1,0,1,0,1
免費供應的餐點，都很新鮮美味，下次還要來住，cp值很高,0,0,1,0,1,0,0,0,1,0,1,0,1
早餐消夜物超所值,0,0,1,0,1,0,0,0,1,0,1,0,1
 住宿房間cp值很高。 電梯服務人員雖然戴著口罩，但都感覺到面帶笑容因為連眼睛都笑了，服務真的棒,0,0,1,0,1,0,0,0,1,0,1,0,1
早餐很好吃，cp 值超高,0,0,1,0,1,0,0,0,1,0,1,0,1
早餐的餐點比較普通，不過可以用餐到中午！！cp值還是很高 ,0,0,1,0,1,0,0,0,1,0,1,0,1
早餐很好，cp值超高,0,0,1,0,1,0,0,0,1,0,1,0,1
早餐豐盛，這樣的價非常超值,0,0,1,0,1,0,0,0,1,0,1,0,1
～自助式早餐很豐盛！價錢很划算！,0,0,1,0,1,0,0,0,1,0,1,0,1
早餐相當豐盛，多為中式，品項豐富，幾乎可以當午餐吃了，也有土司果醬咖啡豆漿有糖無糖等，以這價位有這樣的早餐非常超值。,0,0,1,0,1,0,0,0,1,0,1,0,1
這個價格cp值高還含早餐,0,0,1,0,1,0,0,0,1,0,1,0,1
房價包含晚餐套餐，很不錯。,0,0,1,0,1,0,0,0,1,0,1,0,1
早餐豐富，物超所值。還有晚餐，真的優質。,0,0,1,0,1,0,0,0,1,0,1,0,1
因為促銷活動，從兩間雙人房被升級成兩間四人房！旅店所在地點鄰近斗六火車站,0,0,1,1,0,0,0,0,1,1,0,0,1
免費升等房型，海景無敵,0,0,1,1,0,0,0,0,1,1,0,0,1
旅店對面就是好吃的早餐兩間員工很熱心又貼心,0,0,1,1,0,0,0,0,1,1,0,0,1
早餐很多樣化 ，小孩和老人家都覺得很棒!!附近有停車場，不用擔心停車問題，這讓出門遊玩的心情很愉快。,0,0,1,1,0,0,0,0,1,1,0,0,1
員工親切、位置方便（附近有全家、全聯、寶雅、早餐店）,0,0,1,1,0,0,0,0,1,1,0,0,1
早餐和環境不錯,0,0,1,1,0,0,0,0,1,1,0,0,1
環境好；早餐優；服務人員親切！,0,0,1,1,0,0,0,0,1,1,0,0,1
宵夜與早餐品質優良，很好吃，服務人員態度很好，環境優良,0,0,1,1,0,0,0,0,1,1,0,0,1
飯店的接待人員、櫃檯到打掃房務人員都親切有禮，離市區非常近，去哪都方便。,0,0,1,1,0,0,0,0,1,1,0,0,1
離東大門夜市挺近的，感謝櫃檯人員幫忙升等到高樓山景房，可以邊泡澡邊欣賞風景，但等電梯時發現海景更漂亮，所以如果有預算夠一定要先選擇海景房,0,0,1,1,0,0,0,0,1,1,0,0,1
交通便利、服務親切,0,0,1,1,0,0,0,0,1,1,0,0,1
離市區很近！電梯，清潔服務人員等，每個人都非常有禮貌！早餐很有在地特色！,0,0,1,1,0,0,0,0,1,1,0,0,1
地理位置不錯飯店人員親切,0,0,1,1,0,0,0,0,1,1,0,0,1
喜歡地點，環境服務人員態度,0,0,1,1,0,0,0,0,1,1,0,0,1
早餐很棒 選擇多元 地點佳近海邊與多個景點 也不會離市區太遠 附近生活機能也好,0,0,1,1,0,0,0,0,1,1,0,0,1
地點不錯，晚上也很安靜，這次入住升等海景房很不錯。,0,0,1,1,0,0,0,0,1,1,0,0,1
早餐多樣選擇，地點佳、服務人員態度很親切,0,0,1,1,0,0,0,0,1,1,0,0,1
早餐多元豐富地理位置良好,0,0,1,1,0,0,0,0,1,1,0,0,1
地點可以看到海景適合渡假，早餐樣式多元。,0,0,1,1,0,0,0,0,1,1,0,0,1
地點方便，早餐豐盛,0,0,1,1,0,0,0,0,1,1,0,0,1
飯店服務人員很親切，地理位置佳。,0,0,1,1,0,0,0,0,1,1,0,0,1
住宿地點非常熱鬧，生活機能很棒，客服待人親切，停車也很方便，以後去花蓮的唯一選擇,0,0,1,1,0,0,0,0,1,1,0,0,1
飯店位置很好，加分。離市區很近，要到夜市也不遠，要下台東也是很方便。大廳備有零食可供住宿的客人食用，貼心。,0,0,1,1,0,0,0,0,1,1,0,0,1
飯店人員態度佳，地點不錯。,0,0,1,1,0,0,0,0,1,1,0,0,1
離市區近 走路就可以到鬧區逛街 飯店提供簡單輕食吧,0,0,1,1,0,0,0,0,1,1,0,0,1
在市區較為方便走路就可以買吃的很貼心有準備嬰兒澡盆可以借來使用,0,0,1,1,0,0,0,0,1,1,0,0,1
員工親切，停車方便,0,0,1,1,0,0,0,0,1,1,0,0,1
隔壁的早餐店很好吃，附近還算方便，服務很親切。,0,0,1,1,0,0,0,0,1,1,0,0,1
服務人員很親切附近生活機能也很不錯,0,0,1,1,0,0,0,0,1,1,0,0,1
離愛河不遠，步行數分鐘可到達。早餐還不錯!,0,0,1,1,0,0,0,0,1,1,0,0,1
地點好  早餐不錯,0,0,1,1,0,0,0,0,1,1,0,0,1
櫃檯人員的專業 停車方便 ,0,0,1,1,0,0,0,0,1,1,0,0,1
地點在七賢路，附近找吃得很方便。飯店也提供鹽埕區的美食步行地圖，算是很體貼的,0,0,1,1,0,0,0,0,1,1,0,0,1
早餐不錯 地點好 停車方便,0,0,1,1,0,0,0,0,1,1,0,0,1
市區地理位置方便，客服人員服務態度好,0,0,1,1,0,0,0,0,1,1,0,0,1
早餐豐盛，宵夜美味，位置優越。,0,0,1,1,0,0,0,0,1,1,0,0,1
地理位置不錯，員工友善。,0,0,1,1,0,0,0,0,1,1,0,0,1
早餐多元化，交通及周邊的景點可以在短時間到達。,0,0,1,1,0,0,0,0,1,1,0,0,1
服務人員親切，飯店位置不錯,0,0,1,1,0,0,0,0,1,1,0,0,1
地理位置好近愛河邊，六合夜市近，市議會捷運站附近，早餐不錯,0,0,1,1,0,0,0,0,1,1,0,0,1
夜晚還有宵夜時間，供旅客食用，海鮮粥還不錯若是吃不夠，樓下還有7-11。飯店位置剛好落在週遭的景點中間，很剛好。,0,0,1,1,0,0,0,0,1,1,0,0,1
服務好， 旁邊有 愛河 可散步， 很悠哉的享受,0,0,1,1,0,0,0,0,1,1,0,0,1
交通方便。早餐也很美味。,0,0,1,1,0,0,0,0,1,1,0,0,1
位置很棒、早餐好吃,0,0,1,1,0,0,0,0,1,1,0,0,1
住宿地點不錯！提供的早餐也很好,0,0,1,1,0,0,0,0,1,1,0,0,1
有附早餐和宵夜，離愛河很近，連兩晚都去逛，附近有丹丹漢堡、雞老二、牛總刷牛肉火鍋，我們帶小孩都用走路去吃，真的很方便。,0,0,1,1,0,0,0,0,1,1,0,0,1
早餐的品項還算行及服務人員態度親切，飯店有提供宵夜，但僅限週一～週四。附近有 C-Bike 租借站，走路八分鐘可到捷運站，地理位置算方便。,0,0,1,1,0,0,0,0,1,1,0,0,1
方便的住宿地點。晚上有提供簡單的消夜，對於較晚抵達入住的我們，順便解決了肚子餓的困擾。,0,0,1,1,0,0,0,0,1,1,0,0,1
員工服務親切 早餐好吃 地點方便,0,0,1,1,0,0,0,0,1,1,0,0,1
早餐好吃，地點很方便,0,0,1,1,0,0,0,0,1,1,0,0,1
位置很棒，服務很好,0,0,1,1,0,0,0,0,1,1,0,0,1
地點不錯早餐好吃,0,0,1,1,0,0,0,0,1,1,0,0,1
早餐很不錯！臨近愛河，散步很方便,0,0,1,1,0,0,0,0,1,1,0,0,1
服務人員親切，海景療癒，地理位置好 ，親子友善,0,0,1,1,0,0,0,0,1,1,0,0,1
地點吧還可以～離東大門夜市步行約15分鐘，飯店員工態度非常好，值得稱讚。,0,0,1,1,0,0,0,0,1,1,0,0,1
地點在愛河旁，早餐新鮮食物，退房可以到12點,0,0,1,1,0,0,0,0,1,1,0,0,1
早餐尚可，距離愛河很近，就這樣～,0,0,1,1,0,0,0,0,1,1,0,0,1
大廳有餅乾可以吃！門口有洗衣店可以洗對面有早餐店隔壁有停車場（位置有限）入住三人房（二大三小）,0,0,1,1,0,0,0,0,1,1,0,0,1
地理位置很好 服務人員還會引導停車 ,0,0,1,1,0,0,0,0,1,1,0,0,1
沒訂購早餐，所以早餐不知道品質。地點很好很方便，離逢甲夜市很近服務人員很親切，外表也很美麗，看了心情會好。,0,0,1,1,0,0,0,0,1,1,0,0,1
離逢甲商圈非常近，吃飯方便，連騎機車服務人員也很熱心安排地下室的位子，不用擔心下雨或是需要臨時那東西還要走出去的問題,0,0,1,1,0,0,0,0,1,1,0,0,1
服務親切，有專人指導停車 並解說附近美食，地點近逢甲商圈。,0,0,1,1,0,0,0,0,1,1,0,0,1
，有禮貌。，地點也方便離逢甲很近，走路即可到達。,0,0,1,1,0,0,0,0,1,1,0,0,1
這是第二次入住，接待與櫃檯依然親切有禮貌。 地點一樣很棒 不用擔心會餓肚子,0,0,1,1,0,0,0,0,1,1,0,0,1
服務很棒也很完善，鄰近逢甲夜市，環境也一級棒，下次會再選擇這間～,0,0,1,1,0,0,0,0,1,1,0,0,1
離逢甲一小段路，吃飽散步回來剛好～員工還很貼心還指引小路！出發前有看評價，知道隔音還好，已經有心理準備，覺得還ok員工都很主動貼心，尤其停車會幫你安排好，並在三確認用車時間住了兩晚，整體給人感覺很貼心,0,0,1,1,0,0,0,0,1,1,0,0,1
服務人員很有服務熱忱，地點優，停車方便,0,0,1,1,0,0,0,0,1,1,0,0,1
距離逢甲夜市近、前台服務熱心，check in之後，帶我們到電梯口,0,0,1,1,0,0,0,0,1,1,0,0,1
櫃台人員服務非常週到，讓客人賓至如歸。因住宿附近有黃風鈴行道樹，，剛好可賞花，晚上也可逛逢甲夜市。,0,0,1,1,0,0,0,0,1,1,0,0,1
員工服務態度很好，位置近逢甲夜市,0,0,1,1,0,0,0,0,1,1,0,0,1
服務人員都很熱心親切，早餐很棒，地點好，走路可到逢甲夜市,0,0,1,1,0,0,0,0,1,1,0,0,1
地點很好，員工服務很熱心，環境算清幽,0,0,1,1,0,0,0,0,1,1,0,0,1
員工服務態度熱情有禮，停車也很方便，離逢甲商圈不遠。,0,0,1,1,0,0,0,0,1,1,0,0,1
員工真的很熱情，地理位置又很棒 ,0,0,1,1,0,0,0,0,1,1,0,0,1
感謝這次免費升等，服務人員非常的用心（訂房後立即確認），旅店周遭沿路有小吃及全聯。,0,0,1,1,0,0,0,0,1,1,0,0,1
工作人員服務態度很棒很貼心位置也離夜市很近 可是不會吵雜,0,0,1,1,0,0,0,0,1,1,0,0,1
地點好，車可直接停在正門口，非常方便，早餐咖啡好喝,0,0,1,1,0,0,0,0,1,1,0,0,1
位置很不錯，員工素質也很好,0,0,1,1,0,0,0,0,1,1,0,0,1
員工親切熱情有活力，地點離逢甲夜市也很近,0,0,1,1,0,0,0,0,1,1,0,0,1
員工很有熱情又禮貌。離夜市很近地點不錯。早餐很豐富。值得推薦。,0,0,1,1,0,0,0,0,1,1,0,0,1
位置離逢甲夜市不會太遠工作人員服務很好，很親切,0,0,1,1,0,0,0,0,1,1,0,0,1
第二次入住總共住兩晚，幸運的被升等～非常開心！地理位置好離夜市近，有地下停車場不用拖著行李趴趴走直接可以上樓，服務人員都很親切（幫忙開門介紹夜市等等），早餐整體上是不錯的，但私心希望，能有一些不是那麼健康的飲料，比如奶茶！這樣早上吃早餐心情會更好～,0,0,1,1,0,0,0,0,1,1,0,0,1
我們這次是家庭旅遊，有帶長輩，從辦理入住到隔日退房所遇到的服務人員都很親切，不會有不愉快的感覺。也很貼心的提供小孩浴盆和小椅子，非常讚。晚上逛夜市走路就到非常方便。,0,0,1,1,0,0,0,0,1,1,0,0,1
晚上的接待櫃檯人員親切有禮。早餐種類雖然不多，但品質不錯。離商圈不遠，有鬧中取靜的優點。,0,0,1,1,0,0,0,0,1,1,0,0,1
地點離逢甲夜市很近，服務生的態度超好停車方面的問題還是辦理入住態度超優,0,0,1,1,0,0,0,0,1,1,0,0,1
不管是人員服務，地點的便利性都是很不錯 ,0,0,1,1,0,0,0,0,1,1,0,0,1
地點很好，服務人員細心,0,0,1,1,0,0,0,0,1,1,0,0,1
住宿地點很方便，如果要逛逢甲夜市真的很棒，飯店員工非常的有禮貌跟貼心。,0,0,1,1,0,0,0,0,1,1,0,0,1
離逢甲夜市近，近便性高，服務人員親切,0,0,1,1,0,0,0,0,1,1,0,0,1
住宿地點離逢甲夜市很近，服務人員都很好～,0,0,1,1,0,0,0,0,1,1,0,0,1
晚上有逢甲夜市可以逛及飲食便利，飯店裡有提供電影可以看,0,0,1,1,0,0,0,0,1,1,0,0,1
窗外景觀很棒，服務人員都很客氣,0,0,1,1,0,0,0,0,1,1,0,0,1
員工服務態度很好，當天入住還幫我們升等房型，飯店停車方便，早餐不錯吃,0,0,1,1,0,0,0,0,1,1,0,0,1
早餐選擇多地點方便，但晚上滿安靜的服務人員也非常親切 整體而言覺得是很棒的住宿經驗,0,0,1,1,0,0,0,0,1,1,0,0,1
位置很好，離逢甲夜市步行沒幾分鐘，鬧中取靜。工作人員也都很親切，服務很好。早餐自助式，中西都有，麵包種類不少且都很好吃，很棒！,0,0,1,1,0,0,0,0,1,1,0,0,1
早餐豐富、位置近逢甲夜市，卻能鬧中取靜,0,0,1,1,0,0,0,0,1,1,0,0,1
飯店週遭很安靜面對漢翔廠區和僑光科大，不受夜市複雜的影響，早餐選擇性和美味度均可。,0,0,1,1,0,0,0,0,1,1,0,0,1
早餐吃很飽，位置極佳，但隱蔽性很好。,0,0,1,1,0,0,0,0,1,1,0,0,1
地點佳，服務人員親切,0,0,1,1,0,0,0,0,1,1,0,0,1
位置臨逢甲夜市很方便，早餐好吃,0,0,1,1,0,0,0,0,1,1,0,0,1
早餐很不錯，地點距離逢甲夜市超近，很方便。,0,0,1,1,0,0,0,0,1,1,0,0,1
早餐很豐盛，地點超棒，離熱鬧的逢甲夜市很近，但旅館周邊卻非常安靜，服務很好，旅館員工都很熱心主動詢問需要什麼服務,0,0,1,1,0,0,0,0,1,1,0,0,1
離逢甲夜市很近 房間還升等 ,0,0,1,1,0,0,0,0,1,1,0,0,1
位置近逢甲，停車方便，服務員親切,0,0,1,1,0,0,0,0,1,1,0,0,1
員工親切、停車方便、近逢甲及僑光,0,0,1,1,0,0,0,0,1,1,0,0,1
地理位置佳服務親切,0,0,1,1,0,0,0,0,1,1,0,0,1
自助式早餐很好，地點非常棒，,0,0,1,1,0,0,0,0,1,1,0,0,1
地點離逢甲夜市很近，櫃台人員服務很棒。,0,0,1,1,0,0,0,0,1,1,0,0,1
態度親切 地點方便 早餐簡單但清爽好吃,0,0,1,1,0,0,0,0,1,1,0,0,1
位置很好，服務態度佳,0,0,1,1,0,0,0,0,1,1,0,0,1
地點絕佳 服務也很棒,0,0,1,1,0,0,0,0,1,1,0,0,1
西式早餐好吃，地點靠近逢甲商圈，非常方便,0,0,1,1,0,0,0,0,1,1,0,0,1
離逢甲很近，有升等成兩大床員工每個人服務都很棒,0,0,1,1,0,0,0,0,1,1,0,0,1
早餐沙拉醬很不錯！停車方便！,0,0,1,1,0,0,0,0,1,1,0,0,1
早餐很棒，飯店的地點距離逢甲夜市超近的，人員服務都很棒很親切,0,0,1,1,0,0,0,0,1,1,0,0,1
離逢甲夜市近，步行就可以到達，非常方便！若準備check in的等待期間，現場服務人員感覺非常親切熱情，主動提供資訊並關心寒喧，入住前的觀感佳！,0,0,1,1,0,0,0,0,1,1,0,0,1
自助式早餐可依自己喜好取餐很棒，住宿地點離逢甲夜市也不遠附近也有超商都很方便，服務人員都很親切,0,0,1,1,0,0,0,0,1,1,0,0,1
離逢甲夜市近服務態度很好,0,0,1,1,0,0,0,0,1,1,0,0,1
早餐好吃位置很好！,0,0,1,1,0,0,0,0,1,1,0,0,1
地點鄰近逢甲夜市，吃東西非常方便。服務人員很親切，尤其是初入飯店check in的流程非常細心，讓人有賓至如歸的感覺！,0,0,1,1,0,0,0,0,1,1,0,0,1
地點位置非常優秀 服務人員的態度也非常有禮貌 ,0,0,1,1,0,0,0,0,1,1,0,0,1
早餐豐盛，地點風景好,0,0,1,1,0,0,0,0,1,1,0,0,1
早餐多樣化，地點鬧中取靜，很好的住宿體驗，有機會會再入住,0,0,1,1,0,0,0,0,1,1,0,0,1
地點不錯，停車方便，親切服務,0,0,1,1,0,0,0,0,1,1,0,0,1
員工態度親切，離逢甲大學和夜市很近。,0,0,1,1,0,0,0,0,1,1,0,0,1
早餐很好吃 服務人員很親切專業距離逢甲很近,0,0,1,1,0,0,0,0,1,1,0,0,1
早餐好吃，離逢甲夜市不會太遠，可是又不會近到太吵雜,0,0,1,1,0,0,0,0,1,1,0,0,1
早餐很豐富，停車方便,0,0,1,1,0,0,0,0,1,1,0,0,1
 地點佳      很勤快   請求幫忙協助更換備品時  速度快     要求加棉被  服務快速 馬上送上來,0,0,1,1,0,0,0,0,1,1,0,0,1
地點位置很好，在逢甲夜市旁卻又鬧中取靜，員工熱情親切，解決問題迅速,0,0,1,1,0,0,0,0,1,1,0,0,1
早餐可以更豐富，地點因距離逢甲夜市近方便覓食,0,0,1,1,0,0,0,0,1,1,0,0,1
早餐尚可，住宿地點方便，離逢甲夜市近，。,0,0,1,1,0,0,0,0,1,1,0,0,1
早餐餐點不錯，整體環境可以～離夜市一小段路，剛好可以讓我們出去吃吃走走散步。,0,0,1,1,0,0,0,0,1,1,0,0,1
有附早餐， 鄰近保安街美食。,0,0,1,1,0,0,0,0,1,1,0,0,1
早餐種類多，地點離工作地點適中,0,0,1,1,0,0,0,0,1,1,0,0,1
感謝房間幫我們升等，宵夜跟早餐都很優！散步去林百貨非常近，很棒的住宿體驗！,0,0,1,1,0,0,0,0,1,1,0,0,1
周遭美食、景點基本上就是車停好之後用走的就到了。。，隔天退房後車子還能在停車場停到下午兩點，在台南這比較難找停車位的城市，覺得是很友善的服務。,0,0,1,1,0,0,0,0,1,1,0,0,1
離市區近，旅店附的餐點也不錯吃。,0,0,1,1,0,0,0,0,1,1,0,0,1
早餐豐盛，地點就在想去的景點附近非常方便。,0,0,1,1,0,0,0,0,1,1,0,0,1
早餐，宵夜豐盛，地理位置佳,0,0,1,1,0,0,0,0,1,1,0,0,1
旅店宵夜好吃，附近景點方便抵達,0,0,1,1,0,0,0,0,1,1,0,0,1
早餐種類多樣化，有素食也有葷食，並且有當地特色小吃，工作人員非常親切，晚上還有消夜，真的是一次非常棒的體驗，附近也有許多小吃，也鄰近許多景點，非常便利,0,0,1,1,0,0,0,0,1,1,0,0,1
有提供宵夜，地點也不錯，走路能到赤崁樓。,0,0,1,1,0,0,0,0,1,1,0,0,1
地點市中心，宵夜早餐都好吃,0,0,1,1,0,0,0,0,1,1,0,0,1
飯店人員超好，地點超好,0,0,1,1,0,0,0,0,1,1,0,0,1
旅館地點就在台南市的中心地帶，附近也有不少店家可以採買或是逛街！必須說真的非常適合商務人士入住，也許忙了一整天已經累斃了，根本懶得出去逛街或是吃飯，這時候康橋都幫你想好了，先洗澡休息一下就有宵夜時段可以大吃補充一下元氣，隔天早上也能直接吃早餐，也不用在想該去哪裡覓食！,0,0,1,1,0,0,0,0,1,1,0,0,1
地理位置好可行四處逛逛名勝古蹟，深度旅遊並享受當地美食服務也很貼心，主動協助有攜帶小朋友的旅客換兒童椅喲～感謝康橋全體人員的用心～讓「旅人」能開心旅宿～謝謝喲～,0,0,1,1,0,0,0,0,1,1,0,0,1
早餐非常豐盛，地點很方便。,0,0,1,1,0,0,0,0,1,1,0,0,1
宵夜不錯，地點很好,0,0,1,1,0,0,0,0,1,1,0,0,1
地點接近市中心、市中心有免費停車場、免費腳踏車可借用、還提供豐富的早餐宵夜工作人員大部份都相當有熱情,0,0,1,1,0,0,0,0,1,1,0,0,1
地理位子佳，員工服務親切，還有免費宵夜和無限點心享用，小孩很開心！,0,0,1,1,0,0,0,0,1,1,0,0,1
有宵夜可以吃 地點也不錯,0,0,1,1,0,0,0,0,1,1,0,0,1
入住時櫃檯為我們升級三人房，服務親切，提供下午茶點心、超美味的宵夜，宵夜包含台南知名小吃、口味好吃不油膩！飯店地點離赤崁樓、，要散步或吃美食都算方便！,0,0,1,1,0,0,0,0,1,1,0,0,1
早餐美味，地理位置好,0,0,1,1,0,0,0,0,1,1,0,0,1
康橋的早餐和宵夜是出名的豐盛，幾年沒有來還是一樣，不過，宵夜要使用?，記得以前不用（不過也可能是記錯了）停車非常方便，又在最中心點，是在台南散步的好住宿點。,0,0,1,1,0,0,0,0,1,1,0,0,1
地點很棒！服務態度很好,0,0,1,1,0,0,0,0,1,1,0,0,1
旅店餐點和地點方便,0,0,1,1,0,0,0,0,1,1,0,0,1
宵夜好吃 還被升等成大間的房間 地點很好去哪裡都方便,0,0,1,1,0,0,0,0,1,1,0,0,1
服務好，環境佳，隔壁就是購物中心，美食購物一次完成,0,0,1,1,0,0,0,0,1,1,0,0,1
離百貨近，交通方便，早餐自助選擇多～,0,0,1,1,0,0,0,0,1,1,0,0,1
早餐還不錯吃～櫃檯服務人員也很好飯店位置也不錯,0,0,1,1,0,0,0,0,1,1,0,0,1
地點方便，國道一下去不用十分鐘就到，就在南紡購物中心內，停車方便，購物方便，早餐供餐豐富。,0,0,1,1,0,0,0,0,1,1,0,0,1
早餐還不錯 周邊南紡購物中心方便,0,0,1,1,0,0,0,0,1,1,0,0,1
早餐好、地點偏郊區但幽靜,0,0,1,1,0,0,0,0,1,1,0,0,1
提供免費咖啡、早餐普通、地點偏郊區但幽靜,0,0,1,1,0,0,0,0,1,1,0,0,1
接待人員非常親切，地理位置適中。,0,0,1,1,0,0,0,0,1,1,0,0,1
早餐不錯，離火車站近。,0,0,1,1,0,0,0,0,1,1,0,0,1
離夜市很近員工熱情 ,0,0,1,1,0,0,0,0,1,1,0,0,1
离夜市很近，只需要走几分?路就到了，而且房務超nice！,0,0,1,1,0,0,0,0,1,1,0,0,1
停車地點可以再方便，搬運行李會更輕鬆。早餐超級豐盛，口味兼顧中西式，服務人員貼心親切，餐點補貨迅速，值得再來。,0,0,1,1,0,0,0,0,1,1,0,0,1
離羅東運動公園和夜市很近  服務人員非常和善  有提供書籍   很文青,0,0,1,1,0,0,0,0,1,1,0,0,1
地點距離車站、市區很近，附近還有成真咖啡可以去喝，因水打翻，房間清潔人員來打掃速度很快，沒有等很久；可自助辦入住很方便,0,0,1,1,0,0,0,0,1,1,0,0,1
住宿位置極佳，早餐選擇性多,0,0,1,1,0,0,0,0,1,1,0,0,1
早餐樣式還不錯停車也方便,0,0,1,1,0,0,0,0,1,1,0,0,1
餐點及住宿地點不錯,0,0,1,1,0,0,0,0,1,1,0,0,1
距離火車站很近很方便住宿包涵早餐覺得划算,0,0,1,1,0,0,0,0,1,1,0,0,1
距離新竹火車站很近，地理位置好。附的早餐不錯吃。,0,0,1,1,0,0,0,0,1,1,0,0,1
離火車站，東門夜市及城隍廟都很近，交通及覓食都很方便。早餐配菜好吃還有豆漿非常棒,0,0,1,1,0,0,0,0,1,1,0,0,1
地點位置讚，早餐不錯,0,0,1,1,0,0,0,0,1,1,0,0,1
有附設早餐，櫃檯小姐親切，已經住過好幾次了，離車站近，附近很多美食、景點、百貨公司 ,0,0,1,1,0,0,0,0,1,1,0,0,1
員工態度親切，位置好，樓下有藥妝店，停車不用錢，可是需要走一段路,0,0,1,1,0,0,0,0,1,1,0,0,1
地點位於火車站附近非常方便，附早餐也很不錯,0,0,1,1,0,0,0,0,1,1,0,0,1
位置非常棒，出去就是百貨公司及小吃攤，服務人員態度也很好。,0,0,1,1,0,0,0,0,1,1,0,0,1
地點方便，雖然是自助入住，但櫃檯人員主動協助,0,0,1,1,0,0,0,0,1,1,0,0,1
飯店位置不錯服務親切自助櫃台很好用！,0,0,1,1,0,0,0,0,1,1,0,0,1
服務態度好臨近商區多，好逛，剛好買到的小攤販食物便宜又好吃 ,0,0,1,1,0,0,0,0,1,1,0,0,1
住宿環境很好，離愛河很近，飯店早餐選擇樣式很多，很推薦的住宿。,0,0,1,1,0,0,0,0,1,1,0,0,1
環境很棒，服務人員也非常親切，地點也在逢甲附近，走路就可以到，把車停在飯店散步去吃逢甲很方便！,0,0,1,1,0,0,0,0,1,1,0,0,1
早餐樣式多元，當天的麻油雞湯非常好喝!地點鄰近花蓮美崙田徑場，運動非常方便~,0,0,1,1,0,0,0,0,1,1,0,0,1
店員態度很好，地點不錯，大廳有免費咖啡餅乾,0,0,1,1,0,0,0,0,1,1,0,0,1
有早餐也有宵夜，飯店周圍也安靜，很適合商務客！,0,0,1,1,0,0,0,0,1,1,0,0,1
提供免費咖啡大廳早餐普通、地點偏郊區但幽靜,0,0,1,1,0,0,0,0,1,1,0,0,1
不過可以預期的交通蠻方便的，距離台中車站步行五分鐘，櫃檯二十四小時會有值班人員，如果超過十二點也可以，方便入住有開發票和統編。,0,0,1,1,0,0,0,0,1,1,0,0,1
工作人員友善，鄰近火車站，交通方便,0,0,1,1,0,0,0,0,1,1,0,0,1
地點接近斗南車站，餐點選擇多；如果要利用火車到其他地點也很方便。,0,0,1,1,0,0,0,0,1,1,0,0,1
週邊覓食很方便熱鬧，早餐還不錯，附近還有步行就可到的景點。,0,0,1,1,0,0,0,0,1,1,0,0,1
櫃檯人員很親切；位在熱鬧的路上，周邊生活機能方便；早餐的青菜多樣且美味。,0,0,1,1,0,0,0,0,1,1,0,0,1
附近吃喝，都很便利。早餐選擇性多,0,0,1,1,0,0,0,0,1,1,0,0,1
地點好 週遭什麼都有  員工很親切,0,0,1,1,0,0,0,0,1,1,0,0,1
房務人員親切，地點覓食方便。,0,0,1,1,0,0,0,0,1,1,0,0,1
斗六市區很方便～隔壁是星巴克，對面有麥當勞，附近還有家樂福、交通便利，櫃檯人員親切。,0,0,1,1,0,0,0,0,1,1,0,0,1
地點方便 ，服務好。,0,0,1,1,0,0,0,0,1,1,0,0,1
住宿地點很棒，早餐也好吃,0,0,1,1,0,0,0,0,1,1,0,0,1
服務親切，旅店距離火車站相當方便。,0,0,1,1,0,0,0,0,1,1,0,0,1
對面是麥當勞，附近也有家樂福大賣場，距離市區及繁鬧區域不遠，很便利。接待的服務人員很和藹可親，服務態度很好。。,0,0,1,1,0,0,0,0,1,1,0,0,1
服務態度好，停車方便,0,0,1,1,0,0,0,0,1,1,0,0,1
早餐尚可，地點優,0,0,1,1,0,0,0,0,1,1,0,0,1
離東大門夜市超級近，一分鐘就到了。雖然是自助式沒有服務人員，但我喜歡這種方式。若有問題在通訊軟體很快就回覆，而且圖文並茂讓人很清楚知道問題的答案。,0,0,1,1,0,1,0,0,1,1,0,0,1
員工服務好、飯店品質佳、位置地點好、停車很方便、早餐小巧精緻,0,0,1,1,0,1,0,0,1,1,0,0,1
服務態度好離夜市近居住環境品質優 ,0,0,1,1,0,1,0,0,1,1,0,0,1
很棒的環境很棒的位置很棒的服務,0,0,1,1,0,1,0,0,1,1,0,0,1
整體周遭環境及氣氛相當適宜，放鬆的同時也能享用餐點，讓人心曠神怡。,0,0,1,1,0,1,0,0,1,1,0,1,1
整體算滿分，周遭生活機能非常便利，櫃檯人員也很親切,0,0,1,1,0,1,0,0,1,1,0,1,1
整體的感覺上非常好，去夜市很近，服務態度很好,0,0,1,1,0,1,0,0,1,1,0,1,1
離逢甲夜市算近，服務人員接待親切，早餐樣式普通尚可，整體上還可以。,0,0,1,1,0,1,0,0,1,1,0,1,1
地點佳，服務人員帥又美，早餐好吃,0,0,1,1,0,1,0,0,1,1,0,1,1
地點很好，有連通南紡購物中心，停車場免費。飯店的樓層有展覽這是比較特別的地方，住宿期間有反應客房內瑕疵退房時飯店人員有致歉與送禮！,0,0,1,1,0,1,0,0,1,1,0,1,1
大堂可放置單車，亦有小食吧及咖啡提供，酒店周圍多食店，物超所值,0,0,1,1,1,0,0,0,1,1,1,0,1
員工服務親切，價格很划算地點也還方便,0,0,1,1,1,0,0,0,1,1,1,0,1
覓食的位置不錯，隔壁就是有名的中福早餐店，以及很近的中山路扁食店，價錢便宜，旅店門面不錯，櫃台親切專業。,0,0,1,1,1,0,0,0,1,1,1,0,1
位置佳 比價性高而且入住時服務人員貼心將我的訂房由雙人房免費升級為三人房 真的很感謝,0,0,1,1,1,0,0,0,1,1,1,0,1
價錢真心便宜！員工待人親切！距東大門夜市約五分鐘車程！,0,0,1,1,1,0,0,0,1,1,1,0,1
住宿地點方便 價格便宜 服務人員很親切,0,0,1,1,1,0,0,0,1,1,1,0,1
退房時間12點非常有人性！飯店接待員服務也非常好～地點位置離市區也相當近價格又非常的親民CP值非常高！！！,0,0,1,1,1,0,0,0,1,1,1,0,1
地點方便、價格便宜、有早餐早餐有西式 中式 素食可選，個人覺得西式比較好,0,0,1,1,1,0,0,0,1,1,1,0,1
服務很棒，地點優、CP值高,0,0,1,1,1,0,0,0,1,1,1,0,1
服務人員專業，地點佳，可停車，早餐有認真。性價比超高，一定會早回來。推薦,0,0,1,1,1,0,0,0,1,1,1,0,1
住宿地點去愛河、駁二、六合夜市都很方便，早餐好吃，有物超所值的感覺。,0,0,1,1,1,0,0,0,1,1,1,0,1
地點好，早餐棒，cp值高,0,0,1,1,1,0,0,0,1,1,1,0,1
大廳服務人員態度很好又親切、地理位置尚可，以這房價有浴缸可以泡澡來講算很便宜了,0,0,1,1,1,0,0,0,1,1,1,0,1
早餐與住宿價位CP值差不多蠻好的，地理位置就是市民腳踏車 愛河邊,0,0,1,1,1,0,0,0,1,1,1,0,1
、服務人員親切有禮，客服能針對住宿旅客的訊息提供即時回應！、性價比不錯，地點方便，離逢甲夜市近。,0,0,1,1,1,0,0,0,1,1,1,0,1
周遭停車方便，員工親切有禮，價格合宜,0,0,1,1,1,0,0,0,1,1,1,0,1
員工待人親切，第一次就有房間升級，附近停車也方便，早餐也不錯，房間價格也很便宜有機會會推薦朋友，自己有機會也會想再住那邊,0,0,1,1,1,0,0,0,1,1,1,0,1
服務親切 房間主動升等 飯店離逢甲夜市很近 住宿品質物超所值,0,0,1,1,1,0,0,0,1,1,1,0,1
停車方便、服務人員親切接待 房間超優值、下次去台中玩必選,0,0,1,1,1,0,0,0,1,1,1,0,1
早餐尚可、鄰近逢甲商圈走路可及，，算cp值不錯,0,0,1,1,1,0,0,0,1,1,1,0,1
cp值高 早餐比想像中更豐盛 離逢甲夜市近 下次會再訪,0,0,1,1,1,0,0,0,1,1,1,0,1
早餐豐富物超所值，市中心自助遊便捷性高！,0,0,1,1,1,0,0,0,1,1,1,0,1
商旅除了包含早餐還有宵夜喔～太棒了。住宿地點離四週景點很近，離火車站也算近。性價比很高的商旅。,0,0,1,1,1,0,0,0,1,1,1,0,1
老闆娘人很好，親切還幫忙升等房間，離車站商圈也近cp值很高,0,0,1,1,1,0,0,0,1,1,1,0,1
位置便利、早餐好吃、性價比很好,0,0,1,1,1,0,0,0,1,1,1,0,1
早餐尚可口味不錯中西式皆有位於市中心火車站前便利逛街購物交通十分方便價格實惠,0,0,1,1,1,0,0,0,1,1,1,0,1
便宜、位置好還有早餐,0,0,1,1,1,0,0,0,1,1,1,0,1
價格合理；免費附早餐；離火車站、，出差、背包客的好選擇。已訂房很多次，以後出差還是會選擇的地點,0,0,1,1,1,0,0,0,1,1,1,0,1
cp值高、附早餐、地點佳,0,0,1,1,1,0,0,0,1,1,1,0,1
離火車站很近，有附早餐，便宜的房價,0,0,1,1,1,0,0,0,1,1,1,0,1
多數員工的微笑還有其地理位置,0,0,1,1,0,0,0,0,1,2,0,0,1
自助早餐種類豐富，位在愛河附近，距最近的捷運站約需步行10~15分鐘。,0,0,1,1,0,0,0,0,1,2,0,0,1
為了彌補住宿地點不便的問題，提供免費接駁服務但要提前一個小時前跟櫃檯登記。（除了美麗島站外，高鐵站也有接駁服務但每日只有固定班次）,0,0,1,1,0,0,0,0,1,3,0,0,1
位於東南亞廣場，樓上是ktv，房內可以聽到些許聲音。反應房間沒有對外窗之後，櫃檯幫忙換到有床的房間，服務品質很好。,0,0,1,1,0,0,0,0,1,3,0,0,1
早餐種類還可以，地點離夜市有點距離，走路的話會比較累。,0,0,1,1,0,0,0,0,1,3,0,0,3
住宿地點夜市稍遠。對面就是羅東運動公園，早餐後散散步再繼續下一個旅程。早餐是我住過商旅最滿意的,0,0,1,1,0,0,0,0,1,3,0,0,1
早餐冰的飲料都有糖早餐算是中式的菜色很多，如果吃的習慣應該可以吃的很高興。附近難停車。,0,0,1,1,0,0,0,0,1,3,0,0,1
附近停車不方便自助式早餐很棒。,0,0,1,1,0,0,0,0,1,3,0,0,1
提供寄放寵物的服務尚在規劃中,0,0,1,0,0,0,0,0,2,0,0,0,2
希望能和南紡購物中心內有更多折扣活動,0,0,1,0,0,0,0,0,2,0,0,0,2
某些網路訂房未附早餐，要事先注意一下,0,0,1,0,0,0,0,0,2,0,0,0,2
加訂早餐須跟櫃台告知,0,0,1,0,0,0,0,0,2,0,0,0,2
不含早餐,0,0,1,0,0,0,0,0,2,0,0,0,2
飯店餐廳供應時間,0,0,1,0,0,0,0,0,2,0,0,0,2
可以在官網告知何時有大型團體入住，亦或者是在客人入住時告知隔天泳池會被團體占用。,0,0,1,0,0,0,0,0,2,0,0,0,2
希望冰淇淋跟其他分館一樣有花生口味,0,0,1,0,0,0,0,0,2,0,0,0,2
卡片可以給兩張哈哈哈,0,0,1,0,0,0,0,0,2,0,0,0,2
一般旅館大都是下午三點入住。,0,0,1,0,0,0,0,0,2,0,0,0,2
櫃檯人員的服務,0,0,1,0,0,0,0,0,2,0,0,0,2
員工的服務,0,0,1,0,0,0,0,0,2,0,0,0,2
櫃檯服務人員的態度,0,0,1,0,0,0,0,0,2,0,0,0,2
櫃檯人員的態度,0,0,1,0,0,0,0,0,2,0,0,0,2
接待人員的服務態度,0,0,1,0,0,0,0,0,2,0,0,0,2
詢問旅遊景點時,0,0,1,0,0,0,0,0,2,0,0,0,2
服務的情緒,0,0,1,0,0,0,0,0,2,0,0,0,2
停車時人員的協助,0,0,1,0,0,0,0,0,2,0,0,0,2
晚餐的菜色,0,0,1,0,0,0,0,0,2,0,0,0,2
櫃臺服務人員服務,0,0,1,0,0,0,0,0,2,0,0,0,2
大夜班人員服務態度,0,0,1,0,0,0,0,0,2,0,0,0,2
房務人員的態度,0,0,1,0,0,0,0,0,2,0,0,0,2
員工服務態度,0,0,1,0,0,0,0,0,2,0,0,0,2
限金額刷卡,0,0,1,0,0,0,0,0,2,0,0,0,2
櫃檯的服務態度,0,0,1,0,0,0,0,0,2,0,0,0,2
早餐的環境和菜色,0,0,1,0,0,0,0,0,2,0,0,0,2
交通資料提供,0,0,1,0,0,0,0,0,2,0,0,0,2
櫃檯服務～ 因為我是接近晚上12點才抵達～,0,0,1,0,0,0,0,0,2,0,0,0,2
早餐普通,0,0,1,0,0,0,0,0,2,0,0,0,2
早餐一般。,0,0,1,0,0,0,0,0,2,0,0,0,2
早餐普普,0,0,1,0,0,0,0,0,2,0,0,0,2
沒有提供拖鞋，若有需要可自行攜帶。,0,0,1,0,0,0,0,0,2,0,0,0,2
有接駁車。可是要提前預約,0,0,1,0,0,0,0,0,2,0,0,0,2
早餐第一次是吃火鍋,0,0,1,0,0,0,0,0,2,0,0,0,2
特殊的早餐,0,0,1,0,0,0,0,0,2,0,0,0,2
早餐吃火鍋，第一次經歷。,0,0,1,0,0,0,0,0,2,0,0,0,2
早餐 吃小火鍋 ,0,0,1,0,0,0,0,0,2,0,0,0,2
希望能附早餐,0,0,1,0,0,0,0,0,2,0,0,0,2
雖然現在防疫，但能否建議早餐有咖啡的選項，謝謝。,0,0,1,0,0,0,0,0,2,0,0,0,2
希望房間有提供脫鞋穿著,0,0,1,0,0,0,0,0,2,0,0,0,2
希望可提供加床服務,0,0,1,0,0,0,0,0,2,0,0,0,2
希望提供單車租借,0,0,1,0,0,0,0,0,2,0,0,0,2
連續住了三天，希望可以用優惠價提供早餐,0,0,1,0,0,0,0,0,2,0,0,0,2
是否在客人入住時提醒客人，飯店各樓層房間、走廊嚴禁抽煙。,0,0,1,0,0,0,0,0,2,0,0,0,2
早餐讓我想起當兵的伙食兵,0,0,1,0,0,0,0,0,2,0,0,0,2
服務員態度一般,0,0,1,0,0,0,0,0,2,0,0,0,2
建議提供換洗衣袋！,0,0,1,0,0,0,0,0,2,0,0,0,2
早餐普通。,0,0,1,0,0,0,0,0,2,0,0,0,2
早餐一般,0,0,1,0,0,0,0,0,2,0,0,0,2
及反應後的處理,0,0,1,0,0,0,0,0,2,0,0,0,2
員工的態度,0,0,1,0,0,0,0,0,2,0,0,0,2
在下訂房間時旅店會先刷一筆「預先授權」，check in的時候在刷一筆，如果沒有問的話會以為刷了兩次，「預先授權」是指把信用卡的額度先扣住，等店家不請款才還,0,0,1,0,0,0,0,0,2,0,0,0,2
早餐偏中式。,0,0,1,0,0,0,0,0,2,0,0,0,2
櫃臺服務普通,0,0,1,0,0,0,0,0,2,0,0,0,2
停車方面這邊合作的停車場就是地下室的台灣聯通，業者只負擔一次的停車費，所以建議要回去休息過夜時的那一次再把車停下去，或是停最長時間的一次讓業者負擔，其他就只能自行負擔停車費。,0,0,1,0,0,0,0,0,2,0,0,0,2
早餐為一般中式早點。,0,0,1,0,0,0,0,0,2,0,0,0,2
早餐偏韓式,0,0,1,0,0,0,0,0,2,0,0,0,2
早餐由外籍廚工烹煮,0,0,1,0,0,0,0,0,2,0,0,0,2
早餐選項不多～沒大礙,0,0,1,0,0,0,0,0,2,0,0,0,2
早餐平平,0,0,1,0,0,0,0,0,2,0,0,0,2
早餐、晚餐菜色普通,0,0,1,0,0,0,0,0,2,0,0,0,2
服務普通,0,0,1,0,0,0,0,0,2,0,0,0,2
只有覺得早餐還好，其他無可挑剔！,0,0,1,0,0,1,0,0,2,0,0,1,1
當天住宿，不知是隔壁訪客還是樓上房客在爭吵，且還聽到丟東西的聲音，，令人無法入睡，只是當時不知跟誰反應，但我知道這是房客問題無法避免，建議飯店可向入住房客再次宣導，住宿期間應避免喧嘩影響其他房客，謝謝,0,0,1,0,0,1,0,0,2,0,0,3,3
隔壁房房客有點吵，不是隔音問題是房客的問題，建議適度的提醒。,0,0,1,0,0,1,0,0,2,0,0,3,3
早餐沒吃所以不知道如何，地點ok,0,0,1,1,0,0,0,0,2,1,0,0,1
停車方便，宵夜及早餐未能享用，希望下次能試試，應該很棒,0,0,1,1,0,0,0,0,2,1,0,0,1
地點好，早餐一般,0,0,1,1,0,0,0,0,2,1,0,0,1
早餐普通、地點偏郊區但幽靜,0,0,1,1,0,0,0,0,2,1,0,0,1
地理位置很方便！早餐普普,0,0,1,1,0,0,0,0,2,1,0,0,1
訂房網站資訊太少了，根本沒有甚麼參考性,0,0,1,0,0,0,0,0,3,0,0,0,3
訂房資訊上面未告知打折到幾時，去的時候才被告知打折活動已結束,0,0,1,0,0,0,0,0,3,0,0,0,3
訂房登記出現問題,0,0,1,0,0,0,0,0,3,0,0,0,3
當天客滿，整個服務效率變得很差,0,0,1,0,0,0,0,0,3,0,0,0,3
訂房一直失敗,0,0,1,0,0,0,0,0,3,0,0,0,3
這部分應該事先或在網上註明，否則實為不便。,0,0,1,0,0,0,0,0,3,0,0,0,3
跟在訂房app看到的不一樣，略失望,0,0,1,0,0,0,0,0,3,0,0,0,3
如是用app訂房會從信用卡扣押金，這部分建議在網站上備註，否則容易引起誤會畢竟是使用信用卡 ,0,0,1,0,0,0,0,0,3,0,0,0,3
進出限制少，這樣有點危險,0,0,1,0,0,0,0,0,3,0,0,0,3
與網站上面的廣告相片不實,0,0,1,0,0,0,0,0,3,0,0,0,3
打掃阿姨講話有夠大聲   ,0,0,1,0,0,0,0,0,3,0,0,0,3
付款金額和網站所示有差異，，雖然不多，但感覺不太好。,0,0,1,0,0,0,0,0,3,0,0,0,3
網站上沒寫清楚訂房網站無法使用秋冬旅遊補助到現場入住時才說不行,0,0,1,0,0,0,0,0,3,0,0,0,3
如果因為房價問題應該是在訂房網站登入足夠的房價，而不是到旅館卻又多收錢，這樣感覺非常不好，不是付不起而是奇摩子的問題,0,0,1,0,0,0,0,0,3,0,0,0,3
不知道訂單不附早餐,0,0,1,0,0,0,0,0,3,0,0,0,3
用餐環境較嘈雜,0,0,1,0,0,0,0,0,3,0,0,0,3
五、六點就聽到清潔人員劈哩啪啦的談話聲以及工作，雖是他們工作職責,0,0,1,0,0,0,0,0,3,0,0,0,3
晚上員工宿舍（應該是）裡的女員工（外勞）講了幾乎一晚的電話（到凌晨三點） 很吵,0,0,1,0,0,0,0,0,3,0,0,0,3
網路上照片不符,0,0,1,0,0,0,0,0,3,0,0,0,3
相關地點與網站上不同，希望可以更改掉。,0,0,1,0,0,0,0,0,3,0,0,0,3
網站上的訊息應該要註明停車費的相關訊息,0,0,1,0,0,0,0,0,3,0,0,0,3
夜班員工在內部客廳抽煙,0,0,1,0,0,0,0,0,3,0,0,0,3
餐廳外籍員工，於客人用早餐時間，聚集在一起，聊天吃餐點，並有疑似休假員工打包餐點（飯店貼有告示：禁止打包外帶）。另餐廳主管，糾正人員作業時，不宜在客人用餐場合，飆罵髒話！,0,0,1,0,0,0,0,0,3,0,0,0,3
下午茶點心的部分無法帶到房間去享用。,0,0,1,0,0,0,0,0,3,0,0,0,3
停車較不方便,0,0,0,1,0,0,0,0,3,0,0,0,3
附近商家較少,0,0,0,1,0,0,0,0,3,0,0,0,3
停車點較遠,0,0,0,1,0,0,0,0,3,0,0,0,3
停車場位置距離飯店太遠,0,0,0,1,0,0,0,0,3,0,0,0,3
停車遠了一點，,0,0,0,1,0,0,0,0,3,0,0,0,3
停車不是很方便,0,0,0,1,0,0,0,0,3,0,0,0,3
酒店附近吃的地方不算多,0,0,0,1,0,0,0,0,3,0,0,0,3
風景不好,0,0,0,1,0,0,0,0,3,0,0,0,3
打櫃台電話都打不進去欸,0,0,1,0,0,0,0,0,3,0,0,0,3
金額算錯,0,0,1,0,0,0,0,0,3,0,0,0,3
櫃台小姐是重聽了嗎,0,0,1,0,0,0,0,0,3,0,0,0,3
食物做得太乾了,0,0,1,0,0,0,0,0,3,0,0,0,3
地震了，飯店人員一點危機感都沒有，也沒人指揮逃出路線。,0,0,1,0,0,0,0,0,3,0,0,0,3
量有點少,0,0,1,0,0,0,0,0,3,0,0,0,3
蛋里有蛋殼阿…,0,0,1,0,0,0,0,0,3,0,0,0,3
樣式多點會更好,0,0,1,0,0,0,0,0,3,0,0,0,3
整修應告知吧…,0,0,1,0,0,0,0,0,3,0,0,0,3
房間禁菸部分須在加強。,0,0,1,0,0,0,0,0,3,0,0,0,3
如果沒有附帶車庫在房內的，一定標示出來，這家旅館，竟然故意不標示出來,0,0,1,0,0,0,0,0,3,0,0,0,3
早餐餐盤的位置太靠近樓梯，這樣很危險,0,0,1,0,0,0,0,0,3,0,0,0,3
其實第一次遇到飲用水要加價的旅店，只能笑笑的,0,0,1,0,0,0,0,0,3,0,0,0,3
應該直接標示無停車場，到了飯店才知道，很不方便,0,0,1,0,0,0,0,0,3,0,0,0,3
有個資考量，較不喜歡提供卡的資料,0,0,1,0,0,0,0,0,3,0,0,0,3
早餐動線人多須改善,0,0,1,0,0,0,0,0,3,0,0,0,3
早餐的水果盤跟放沙拉的地方，旁邊開著電蚊香，電蚊香還冒出淡淡的煙，看到完全沒胃口了，吃了應該對身體有害吧,0,0,1,0,0,0,0,0,3,0,0,0,3
提早入住要多加費用，其實我是第一次遇到,0,0,1,0,0,0,0,0,3,0,0,0,3
公共區，希望可以制定最後停留的時間，以免吵到鄰近的房客,0,0,1,0,0,0,0,0,3,0,0,0,3
有一個奇怪的點為什麼直接打電話 說客房滿了 但是用手機訂卻又訂得到,0,0,1,0,0,0,0,0,3,0,0,0,3
网上有要押金，可是酒店是我的信用卡上行了押金抵扣。不是不同意种做法，但是希望网上注清楚。,0,0,1,0,0,0,0,0,3,0,0,0,3
早餐用餐情況。在疫情期間桌間隔仍太近，考量人潮洶湧應加隔板，或是提供住宿者外帶回房間使用的可能。,0,0,1,0,0,0,0,0,3,0,0,0,3
無特別不喜歡的，早餐要到旁邊打狗霸吃小火鍋，不喜歡一大早吃比較油膩的要注意。,0,0,1,0,0,0,0,0,3,0,0,0,3
早餐餐盤的位置太靠近樓梯,0,0,1,0,0,0,0,0,3,0,0,0,3
過年贈送的小禮品有差別待遇，令人感覺不好，如果是花費較多才送的話，建議直接擺在高價房間內留言贈送就好。,0,0,1,0,0,0,0,0,3,0,0,0,3
晚上看電視，客服告知電視太大聲，我不覺得吵阿,0,0,1,0,0,0,0,0,3,0,0,0,3
停車動線可以再想一些配套措施,0,0,1,0,0,0,0,0,3,0,0,0,3
早餐餐廳動線不甚理想，人多時會塞住,0,0,1,0,0,0,0,0,3,0,0,0,3
無法信用卡或非現金交易,0,0,1,0,0,0,0,0,3,0,0,0,3
住宿延退房時日期 還要被加 兩倍的錢,0,0,1,0,0,0,0,0,3,0,0,0,3
住宿資訊需要再明確一點！,0,0,1,0,0,0,0,0,3,0,0,0,3
開電子發票無法使用載具，這對旅客記帳管理上很不友善，希望可以改善。,0,0,1,0,0,0,0,0,3,0,0,0,3
一早就被清潔人員的清掃聲吵醒。,0,0,1,0,0,0,0,0,3,0,0,0,3
入住需要的編號與預訂編號不同但沒有清楚的在app上顯示，人員沒有處理好,0,0,1,0,0,0,0,0,3,0,0,0,3
假日車輛要進出的動線規劃不良,0,0,1,0,0,0,0,0,3,0,0,0,3
check in時旅客的行李沒地可先暫放，讓旅客有點不太方便,0,0,1,0,0,0,0,0,3,0,0,0,3
停車動線不佳,0,0,1,0,0,0,0,0,3,0,0,0,3
房間是否含早餐的資訊錯誤,0,0,1,0,0,0,0,0,3,0,0,0,3
加被子希望免費,0,0,1,0,0,0,0,0,3,0,0,0,3
可能因為是跨年夜，當天員工有點混亂，很多床位、房間還沒打掃完，我等到晚上六點左右才有辦法入住。,0,0,1,0,0,0,0,0,3,0,0,0,3
過年入住人數過多，早上用餐位置不足與食物補充速度跟不上人群，建議這種特殊時段管控每間客房用餐時段。,0,0,1,0,0,0,0,0,3,0,0,0,3
入住時間太晚，常出國，也常在國內旅遊，入住時間通常都是下午三點,0,0,1,0,0,0,0,0,3,0,0,0,3
很早就有工作人員在房間外清潔工作，發出很大的聲響，我們都從睡眠中被吵醒,0,0,1,0,0,0,0,0,3,0,0,0,3
停車費的部份，需明確的讓民眾知道費用？免費？,0,0,1,0,0,0,0,0,3,0,0,0,3
checking時房間還沒整理出來，自己要付停車費,0,0,1,0,0,0,0,0,3,0,0,0,3
早餐選擇性可以再多一點。,0,0,1,0,0,0,0,0,3,0,0,0,3
櫃臺人員的服務態度不好,0,0,1,0,0,0,0,0,3,0,0,0,3
較疑惑對在地人說英文？,0,0,1,0,0,0,0,0,3,0,0,0,3
如果有早餐,0,0,1,0,0,0,0,0,3,0,0,0,3
已經入住很多次囉，如果每次入住能給些優惠或是記得我，老顧客會比較開心，不然跟其他冷冰冰飯店沒有不同,0,0,1,0,0,0,0,0,3,0,0,0,3
疫情期間希望飯店人員宣導帶口罩夾菜，並勸導顧客夾菜時勿聊天，用餐會更讓人安心。,0,0,1,0,0,0,0,0,3,0,0,0,3
但早餐太空虛...沒什麼選擇,0,0,1,0,0,0,0,0,3,0,0,0,3
櫃臺人員面對客訴處理不當，原本建議我賴群的朋友可以去，但我這個群長後面遇到這樣子，想一想還是將建議撤除了。,0,0,1,0,0,0,0,0,3,0,0,0,3
早餐是很用心製作，但變化性幾乎為零，希望能準備三種菜色給客人選擇，住了五天四夜，配菜的生菜沙拉、茶凍的口味至少可以換一下(前兩天主菜都是薄餅，第三天再吃薄餅真的有種想吐的感覺.......),0,0,1,0,0,0,0,0,3,0,0,0,3
早餐可以在豐盛些,0,0,1,0,0,0,0,0,3,0,0,0,3
早餐生食的食物太多種，有在做化療的人不能吃生食物，所以，在選擇菜色就沒有那麼豐富,0,0,1,0,0,0,0,0,3,0,0,0,3
接待人員態度不好,0,0,1,0,0,0,0,0,3,0,0,0,3
口氣不是很好,0,0,1,0,0,0,0,0,3,0,0,0,3
櫃台人員人太少,0,0,1,0,0,0,0,0,3,0,0,0,3
過很久櫃台人員才來處理,0,0,1,0,0,0,0,0,3,0,0,0,3
房間有變動可以提前說,0,0,1,0,0,0,0,0,3,0,0,0,3
員工訓練有待加強,0,0,1,0,0,0,0,0,3,0,0,0,3
人員不是很親切,0,0,1,0,0,0,0,0,3,0,0,0,3
服務人員臉很臭,0,0,1,0,0,0,0,0,3,0,0,0,3
沒有提前告知，就擅自幫客人換房,0,0,1,0,0,0,0,0,3,0,0,0,3
櫃台態度不優,0,0,1,0,0,0,0,0,3,0,0,0,3
櫃台人員態度不好,0,0,1,0,0,0,0,0,3,0,0,0,3
接待人員處理速度也很慢,0,0,1,0,0,0,0,0,3,0,0,0,3
人員過很久才拿一個新的水杯給我,0,0,1,0,0,0,0,0,3,0,0,0,3
某職員態度不好,0,0,1,0,0,0,0,0,3,0,0,0,3
跟櫃台人員說，都沒有要理人的意思,0,0,1,0,0,0,0,0,3,0,0,0,3
人員都裝作沒聽到，好像我是來找麻煩的,0,0,1,0,0,0,0,0,3,0,0,0,3
跟櫃台人員拿盥洗用具，東西用丟的，口氣也很差,0,0,1,0,0,0,0,0,3,0,0,0,3
服務人員態度不好,0,0,1,0,0,0,0,0,3,0,0,0,3
沒有早餐提供,0,0,1,0,0,0,0,0,3,0,0,0,3
早餐多樣性太少,0,0,1,0,0,0,0,0,3,0,0,0,3
臭臉面對客人不禮貌,0,0,1,0,0,0,0,0,3,0,0,0,3
排隊要排很久才能幫客人解決問題,0,0,1,0,0,0,0,0,3,0,0,0,3
服務態度也爛,0,0,1,0,0,0,0,0,3,0,0,0,3
接待人員也不親切,0,0,1,0,0,0,0,0,3,0,0,0,3
服務人員不是很親切,0,0,1,0,0,0,0,0,3,0,0,0,3
人員處理速度很慢,0,0,1,0,0,0,0,0,3,0,0,0,3
櫃台都沒人,0,0,1,0,0,0,0,0,3,0,0,0,3
跟櫃台反應好幾次都沒來處理,0,0,1,0,0,0,0,0,3,0,0,0,3
接待人員口氣很差,0,0,1,0,0,0,0,0,3,0,0,0,3
跟人員反應後，很久才來處理,0,0,1,0,0,0,0,0,3,0,0,0,3
櫃台沒人,0,0,1,0,0,0,0,0,3,0,0,0,3
能聽到樓上蹦蹦蹦的聲音，請人員去跟上面反應也沒去處理,0,0,1,0,0,0,0,0,3,0,0,0,3
打去櫃台無人接聽,0,0,1,0,0,0,0,0,3,0,0,0,3
員工訓練可以再好點，應對技巧不是太好,0,0,1,0,0,0,0,0,3,0,0,0,3
請人員去跟上面反應也沒去處理,0,0,1,0,0,0,0,0,3,0,0,0,3
人員回覆問題都不一致,0,0,1,0,0,0,0,0,3,0,0,0,3
人員在面對客人的提問時也是回答不出來,0,0,1,0,0,0,0,0,3,0,0,0,3
櫃台無人接聽,0,0,1,0,0,0,0,0,3,0,0,0,3
櫃台人員都不理人,0,0,1,0,0,0,0,0,3,0,0,0,3
請人員處理也沒用,0,0,1,0,0,0,0,0,3,0,0,0,3
人員態度讓我都覺得我是奧客,0,0,1,0,0,0,0,0,3,0,0,0,3
態度超差,0,0,1,0,0,0,0,0,3,0,0,0,3
態度差,0,0,1,0,0,0,0,0,3,0,0,0,3
請人員幫我們換房，隔了好久才處理和回應,0,0,1,0,0,0,0,0,3,0,0,0,3
回應速度很慢等很久,0,0,1,0,0,0,0,0,3,0,0,0,3
入住時間為下午五點令人不方便,0,0,1,0,0,0,0,0,3,0,0,0,3
3.入住當天要寄放行李的時候，櫃檯人員不知道是太累還怎樣表情不是很好。,0,0,1,0,0,0,0,0,3,0,0,0,3
入住時有哪些提供住客的服務、設備、使用方式及權益都不清楚，如果不向人員詢問，很多本應享有的服務都錯失掉了…,0,0,1,0,0,0,0,0,3,0,0,0,3
沒有早餐,0,0,1,0,0,0,0,0,3,0,0,0,3
昨晚11 00才辦好，人多排隊辦理，櫃臺應有應變，不然等好久哦,0,0,1,0,0,0,0,0,3,0,0,0,3
櫃台人員的調度能好一點，只有一個人時，又要接電話又要處理事情……感覺被晾在一旁。,0,0,1,0,0,0,0,0,3,0,0,0,3
美中不足，沒有早餐。,0,0,1,0,0,0,0,0,3,0,0,0,3
櫃台房務人員解說不夠詳細，除了填表和給房卡外，建議可以說明旅館設施位置、退房時間及其他注意事項等。,0,0,1,0,0,0,0,0,3,0,0,0,3
退房沒準備好入住時要求的打統編發票,0,0,1,0,0,0,0,0,3,0,0,0,3
辦理飯店住宿時..某位櫃檯小姐表現的很不專業.服務態度真的很差勁.,0,0,1,0,0,0,0,0,3,0,0,0,3
辦理入住時時間很久，還說我們的房間已有人入住,0,0,1,0,0,0,0,0,3,0,0,0,3
· 員工服務態度冷漠. check in 第一次遇到打開房門是尚未整理的房間. 因（續住）房價還調漲，感覺好像被騙,0,0,1,0,0,0,0,0,3,0,0,0,3
Check-in動線需改善 (大排長龍，一位要等很久),0,0,1,0,0,0,0,0,3,0,0,0,3
員工在櫃檯聊天 很久才理我們,0,0,1,0,0,0,0,0,3,0,0,0,3
一進去就給我google 評論上被黑名單的3042房,0,0,1,0,0,0,0,0,3,0,0,0,3
check in 速度有點慢,0,0,1,0,0,0,0,0,3,0,0,0,3
常常忘記放紙杯,0,0,1,0,0,0,0,0,3,0,0,0,3
大約晚間11點抵達 Check in等候時間非常久排了很長的隊伍卻只有一個工作人員在服務,0,0,1,0,0,0,0,0,3,0,0,0,3
住越久，就越被忽略！不會再去了,0,0,1,0,0,0,0,0,3,0,0,0,3
糟糕的櫃檯服務,0,0,1,0,0,0,0,0,3,0,0,0,3
退房時沒有開發票，在入住時有提醒需要統編,0,0,1,0,0,0,0,0,3,0,0,0,3
她受不了後直接叫員工直接退錢給他們，然後叫她們去別家，那個時候都晚上8點多了要他們去哪裡......實在不是很ok 的處理事情態度....,0,0,1,0,0,0,0,0,3,0,0,0,3
晚班的女生我要辦入住不理人就算了那個經理叫zu什麼的更誇張,0,0,1,0,0,0,0,0,3,0,0,0,3
沒有提供安全套,0,0,1,0,0,0,0,0,3,0,0,0,3
訂房資訊說有一天200元停車。但到場才說還沒有跟停車場簽約。此舉非常不當。,0,0,1,0,0,0,0,0,3,0,0,0,3
櫃台人員是否有考慮增加人手，總感覺櫃台人員忙碌得不可開交。,0,0,1,0,0,0,0,0,3,0,0,0,3
晚上突然有消防警報，而且好大聲，嚇到我被食物嗆到，咳了好一陣子。建議下次警報前先用溫和語氣廣播預告一下，不然吃東西突然被嚇到很危險。,0,0,1,0,0,0,0,0,3,0,0,0,3
員工：跟我們說本棟樓下可以停機車，我們停了兩天之後，發現是不能停機車的，打給美亞卻一直推託，完全沒有一絲想幫忙解決的！不夠周詳、一問三不知,0,0,1,0,0,0,0,0,3,0,0,0,3
飯店員工對於停車補助說法不一,0,0,1,0,0,0,0,0,3,0,0,0,3
工作人員態度不好,0,0,1,0,0,0,0,0,3,0,0,0,3
接待人員都沒有要理人,0,0,1,0,0,0,0,0,3,0,0,0,3
接待人員太忙，導致排隊時間很久,0,0,1,0,0,0,0,0,3,0,0,0,3
問了好幾次都沒回應,0,0,1,0,0,0,0,0,3,0,0,0,3
說要馬上處理，過了好久都沒人來接待,0,0,1,0,0,0,0,0,3,0,0,0,3
面對客人的問題都回答不出來,0,0,1,0,0,0,0,0,3,0,0,0,3
早餐份量有點太少了 ,0,0,1,0,0,0,0,0,3,0,0,0,3
服務人員很辛苦，希望更多一點親切感但可能是因為客人付的錢也沒有很多，他們接的客人又來來去去，薪水也沒辦法給太高的原因,0,0,1,0,0,0,0,0,3,0,0,0,3
早餐沒有冰的飲品,0,0,1,0,0,0,0,0,3,0,0,0,3
早餐需要稍稍改進！沒有兒童的早餐飲料（都是茶包跟咖啡）,0,0,1,0,0,0,0,0,3,0,0,0,3
早餐的選擇太少了。,0,0,1,0,0,0,0,0,3,0,0,0,3
早餐可以多些變化,0,0,1,0,0,0,0,0,3,0,0,0,3
早餐過於單調 4天住宿有3天是同款早餐,0,0,1,0,0,0,0,0,3,0,0,0,3
我訂雙床，但只有一人入住。明明貼著大清潔，結果該補的有些都沒補，有點令人失望。,0,0,1,0,0,0,0,0,3,0,0,0,3
早餐沒什麼選擇，吃不習慣。,0,0,1,0,0,0,0,0,3,0,0,0,3
到達飯店時才知道預訂的房間有問題，並沒有預先通知我，之後經由員工安排住在附近的樂客飯店，雖然距離並不遠，但應該事先通知會比較好。,0,0,1,0,0,0,0,0,3,0,0,0,3
早餐為現做，沒得選。希望至少有甜或鹹兩種口味選擇。,0,0,1,0,0,0,0,0,3,0,0,0,3
入住時櫃台有個短髮女生很不友善，早餐選擇太少建議不要折扣或改發麥當勞餐卷,0,0,1,0,0,0,0,0,3,0,0,0,3
唯一的一大缺點大概就是櫃檯員工常常不在櫃檯，有急事沒辦法第一時間處理。,0,0,1,0,0,0,0,0,3,0,0,0,3
早餐太甜了對于不喜歡甜食的人，太糟糕了,0,0,1,0,0,0,0,0,3,0,0,0,3
希望早餐能豐富點。,0,0,1,0,0,0,0,0,3,0,0,0,3
早餐量可以再多一些,0,0,1,0,0,0,0,0,3,0,0,0,3
早餐原定7：00開始，但延遲了，影響趕車的行程！,0,0,1,0,0,0,0,0,3,0,0,0,3
早餐太差了,0,0,1,0,0,0,0,0,3,0,0,0,3
早餐搭配的種類較少，服務解說不是很清楚,0,0,1,0,0,0,0,0,3,0,0,0,3
早餐提供份量不足,0,0,1,0,0,0,0,0,3,0,0,0,3
工作態度非常不好,0,0,1,0,0,0,0,0,3,0,0,0,3
雖然此次住宿有提供來一客泡麵，非常的好，但是我們不吃牛肉，你們只提供牛肉麵，無法更換，汽水並不是每個人都會喜歡喝，倒不如礦泉水多放幾瓶，或換成果汁之類的，因為妳們平時提供的礦泉水只要280ml ，一口氣就喝完了，而且只有兩瓶，量真的不夠。還有早餐選擇性少，提供的水果不要使用罐頭的，吃起來口感差，有發酵的酸味，以前提供新鮮蘋果切片很好，或是提供一條香蕉也不錯。都沒有特別為吃素食者提供餐食，全部都是葷食。,0,0,1,0,0,0,0,0,3,0,0,0,3
沒附早餐,0,0,1,0,0,0,0,0,3,0,0,0,3
櫃檯有1位小姐 臉臭臭的。,0,0,1,0,0,0,0,0,3,0,0,0,3
早餐選擇較少,0,0,1,0,0,0,0,0,3,0,0,0,3
早餐部分另人稍微失望，就只有簡單的清粥小菜與吐司而已,0,0,1,0,0,0,0,0,3,0,0,0,3
早餐樣式太少,0,0,1,0,0,0,0,0,3,0,0,0,3
早餐，種類不多，菜色普普check in時間應該是下午三點，但拖到3:15分左右客房才整理好，讓客人等待，這樣的服務有待改進,0,0,1,0,0,0,0,0,3,0,0,0,3
沒人理,0,0,1,0,0,0,0,0,3,0,0,0,3
人員態度冷淡,0,0,1,0,0,0,0,0,3,0,0,0,3
服務人員態度不佳,0,0,1,0,0,0,0,0,3,0,0,0,3
櫃台有點冷漠,0,0,1,0,0,0,0,0,3,0,0,0,3
員工處理事情應該更積極、友善,0,0,1,0,0,0,0,0,3,0,0,0,3
早餐選擇太少飯煮的太爛,0,0,1,0,0,0,0,0,3,0,0,0,3
櫃檯接待人員態度冷淡 回答問題不友善 不像是一般飯店接待人員 服務態度有待加強訓練,0,0,1,0,0,0,0,0,3,0,0,0,3
服務態度對話（房務服務改善的問題---提出改善要求---第二日續住要求換浴巾---好像房客過份要求）,0,0,1,0,0,0,0,0,3,0,0,0,3
櫃台過10點就沒人了，覺得至少可以有個連絡方式可以解決住客可能在這時間過後遇到的問題,0,0,1,0,0,0,0,0,3,0,0,0,3
沒註明早餐不是店內享用，而是跟外面早餐店配合，不喜歡,0,0,1,0,0,0,0,0,3,0,0,0,3
說有停車位，卻都停滿 ,0,0,1,0,0,0,0,0,3,0,0,0,3
沒有發票...,0,0,1,0,0,0,0,0,3,0,0,0,3
明明就有在訂房網站告知，因出發時間晚，會晚到，但沒回覆，電話通知後趕忙入房，向櫃檯人員詢問，沒回應，只是把他該講的講完，感受不佳,0,0,1,0,0,0,0,0,3,0,0,0,3
加床希望可以在入住前就先處理好，入住後在加有點困擾,0,0,1,0,0,0,0,0,3,0,0,0,3
夜班的櫃檯態度非常差！,0,0,1,0,0,0,0,0,3,0,0,0,3
櫃台人員臭臉一張！,0,0,1,0,0,0,0,0,3,0,0,0,3
早餐選擇太少,0,0,1,0,0,0,0,0,3,0,0,0,3
廚房人員態度及菜色~差,0,0,1,0,0,0,0,0,3,0,0,0,3
早餐選項太少，咖啡不好喝，且沒有水果,0,0,1,0,0,0,0,0,3,0,0,0,3
員工素質需加強。,0,0,1,0,0,0,0,0,3,0,0,0,3
早餐選擇少,0,0,1,0,0,0,0,0,3,0,0,0,3
因為回程遇到路上車禍，故返回想說再住一晚，電話詢問續住是否有優惠，電話中有提供優惠，但到飯店時，櫃檯人員表示無優惠，覺得回答不一致 ,0,0,1,0,0,0,0,0,3,0,0,0,3
Check in時男性櫃檯服務人員服務態度可以再加強，詢問問題時回答反映沒有熱忱,0,0,1,0,0,0,0,0,3,0,0,0,3
早餐太難吃,0,0,1,0,0,0,0,0,3,0,0,0,3
3/12check in女櫃檯人員不怎麼友善！使用停車場的遙控器要押金500元，結果我拿1000元櫃檯一直不收說如果大家都拿1000給他，他沒500可以找開，印象很差！滿懷第一次住承億文旅的喜悅感都沒了，失望！,0,0,1,0,0,0,0,0,3,0,0,0,3
櫃檯服務人員態度極差,0,0,1,0,0,0,0,0,3,0,0,0,3
希望能在餐廳貼上有關餐廳是否開放的部分，因為不知道能否在餐廳吃飯，所以早早就來等了，但是等有段時間都沒有人。,0,0,1,0,0,0,0,0,3,0,0,0,3
早餐不優。早餐的蛋是冰的~麵包很冷硬沒烤過。,0,0,1,0,0,0,0,0,3,0,0,0,3
早餐真心需要提升,0,0,1,0,0,0,0,0,3,0,0,0,3
Check in慢，櫃台明明有好幾個人，不知道在忙什麼。,0,0,1,0,0,0,0,0,3,0,0,0,3
1.早餐主餐希望能在多一點選擇    像我不愛吃沙拉   會吃的部分就會很少   感覺吃不飽    2.蠻失望一位女服務人員的態度    其它人員都很好喔！,0,0,1,0,0,0,0,0,3,0,0,0,3
早餐份量有點少，淋浴間要補充沐浴用品,0,0,1,0,0,0,0,0,3,0,0,0,3
早餐選擇性較少,0,0,1,0,0,0,0,0,3,0,0,0,3
原本是3點入房，到check in時才知道是5點入房，沒有提前通知，覺得很失望！,0,0,1,0,0,0,0,0,3,0,0,0,3
男性員工十分不理貌.不耐煩的態度.半夜還騷擾客人.如果不想要做這份工作.那就別做了,0,0,1,0,0,0,0,0,3,0,0,0,3
早餐樣式及口味有待提升,0,0,1,0,0,0,0,0,3,0,0,0,3
沒含早餐,0,0,1,0,0,0,0,0,3,0,0,0,3
沒有供應早餐,0,0,1,0,0,0,0,0,3,0,0,0,3
無早餐,0,0,1,0,0,0,0,0,3,0,0,0,3
沒早餐吃,0,0,1,0,0,0,0,0,3,0,0,0,3
沒早餐,0,0,1,0,0,0,0,0,3,0,0,0,3
雖然此飯店沒有提供早餐的服務,0,0,1,0,0,0,0,0,3,0,0,0,3
未提供早餐,0,0,1,0,0,0,0,0,3,0,0,0,3
我的訂房沒有早餐,0,0,1,0,0,0,0,0,3,0,0,0,3
漢堡排是冷的，有點失望。,0,0,1,0,0,0,0,0,3,0,0,0,3
菜色可以再加強,0,0,1,0,0,0,0,0,3,0,0,0,3
宵夜單調了些,0,0,1,0,0,0,0,0,3,0,0,0,3
早餐實在是無法滿意...算是少數會讓我不滿意的早餐了,0,0,1,0,0,0,0,0,3,0,0,0,3
看人來決定給不給房內附帶車庫，看你不爽就不給，管你行李多不多，管你方不方便！態度惡劣，,0,0,1,0,0,0,0,0,3,0,0,0,3
生！早餐自助式，菜色少，飲品少，難吃的要命！牛奶有牛騷味，果汁是加水的，豆漿是加水稀釋的，奉勸大家喝咖啡還不會生氣！房內的綠茶包，只有一包，所以2人才能共喝一杯喔！,0,0,1,0,0,0,0,0,3,0,0,0,3
工作人員這種的親切態度，真是讓人火大。,0,0,1,0,0,0,0,0,3,0,0,0,3
網頁說有提供免費接送至高雄火車站，但說疫情關係無提供此服務，這理由會不會太蝦？不願出車就別在網頁上宣傳免費接送高雄火車站。真蝦,0,0,1,0,0,0,0,0,3,0,0,0,3
房間清潔應主動詢問，即使顧客不在房內。,0,0,1,0,0,0,0,0,3,0,0,0,3
叫顧客自己去外面找停車位好傻眼,0,0,1,0,0,0,0,0,3,0,0,0,3
為了吃飯店早餐 特別訂了有附早餐的 但是很失望 早知道去外面吃就好,0,0,1,0,0,0,0,0,3,0,0,0,3
客服的服務態度還掛電話,0,0,1,0,0,0,0,0,3,0,0,0,3
早餐薯條，炒肉絲都太鹹,0,0,1,0,0,0,0,0,3,0,0,0,3
早餐的種類選擇較少，沒變化,0,0,1,0,0,0,0,0,3,0,0,0,3
早餐要加油,0,0,1,0,0,0,0,0,3,0,0,0,3
但是早上換了那位女的服務員問她任何事情都不大願意反應,0,0,1,0,0,0,0,0,3,0,0,0,3
拜託員工要積極宣導要求旅客在室內把口罩戴好啊啊啊啊啊,0,0,1,0,0,0,0,0,3,0,0,0,3
人很多，有時候速度很慢,0,0,1,0,0,0,0,0,3,0,0,0,3
唯獨住宿第二天沒有送水為外出的旅客補充水份很重要,0,0,1,0,0,0,0,0,3,0,0,0,3
寄放行李的時候，行李箱還好的，晚上回到飯店，行李箱的海關鎖就被打亂導致無法打開。尋求櫃檯幫忙，櫃檯卻說他什麼忙都無法，真的。另人呵呵,0,0,1,0,0,0,0,0,3,0,0,0,3
房間內電視及冰箱事先開啟請先告知，避免小朋友誤會有不乾淨的靈異事件。,0,0,1,0,0,0,0,0,3,0,0,0,3
上次住明明有跟小姐說要打統編，結果隔天退房發現沒打到，跟小姐講態度還很兇（但前一天的小姐不會人很親切）的說：妳有先講要打統編嗎（明明就有）？我們只能開當天的哦（為何妳們沒交接好是顧客要承擔啊？）,0,0,1,0,0,0,0,0,3,0,0,0,3
退房時要順便報車牌，服務員可以提醒不然根本開不出去，還要在跑去櫃檯讓他消，這個可以注意一下 服務員應主動詢問,0,0,1,0,0,0,0,0,3,0,0,0,3
，所以衣服濕濕的要等第二天十點才能洗加烘，這點希望以後能多提醒房客,0,0,1,0,0,0,0,0,3,0,0,0,3
一開始接待很好很不錯，，剛好那邊有門禁的管制進去是需要按櫃檯鈴進去，可是一開始不知道怎麼按，剛好遇到他們員工也沒開就叫我們按電鈴進去，還沒按我們也當然進去了啊，結果聽到外面的員工跟裡面員工說幹嘛讓我們進來，說真的我們是住客是不能進來嗎，再來不會等我們上去在問嗎？感覺進來就有錯,0,0,1,0,0,0,0,0,3,0,0,0,3
櫃台女服務生態度可以再親切一點,0,0,1,0,0,0,0,0,3,0,0,0,3
麻煩的事，一定要等到三點才能領房間跟車位，我覺得房間可以三點沒關係，至少可以先讓人可以先停車，小小建議,0,0,1,0,0,0,0,0,3,0,0,0,3
關於停車的問題可以再改進，最好一進旅館就告知停車的相關規定或方式，而不是讓我們的車停在外面，等辦理完住宿才告知停車場位置,0,0,1,0,0,0,0,0,3,0,0,0,3
早餐可以再好吃一點嗎,0,0,1,0,0,0,0,0,3,0,0,0,3
早餐比較廉價,0,0,1,0,0,0,0,0,3,0,0,0,3
櫃台小姐可以再多一些親切,0,0,1,0,0,0,0,0,3,0,0,0,3
櫃台沒有販賣一些日常用品,0,0,1,0,0,0,0,0,3,0,0,0,3
住宿兩晚，第一晚隔天白天早上九點半就來敲門要整理房間，無言,0,0,1,0,0,0,0,0,3,0,0,0,3
櫃檯人員可以更熱情一點。,0,0,1,0,0,0,0,0,3,0,0,0,3
早餐應該要更豐富、精緻些,0,0,1,0,0,0,0,0,3,0,0,0,3
房務打掃很吵,0,0,1,0,0,0,0,0,3,0,0,0,3
剛到時向櫃檯詢問停車的地方，櫃檯說外頭有服務人員會引導，但我們有表示沒有，原本是要請我們稍等，不過我們停的地方是會影響車流的地方，所以櫃檯才走出來跟我們指示，希望下次能夠有更明顯的指示或是有人員指引，才不致於讓客人影響到車流，謝謝 ,0,0,1,0,0,0,0,0,3,0,0,0,3
沒早餐服務員，爛,0,0,1,0,0,0,0,0,3,0,0,0,3
衣服濕濕的要等第二天十點才能洗加烘，這點希望以後能多提醒房客,0,0,1,0,0,0,0,0,3,0,0,0,3
櫃臺人員的一句 今天客滿 沒房可換了 口氣不是太好,0,0,1,0,0,0,0,0,3,0,0,0,3
早餐選擇有點少,0,0,1,0,0,0,0,0,3,0,0,0,3
菜色不多，菜有點鹹…,0,0,1,0,0,0,0,0,3,0,0,0,3
早餐普通，菜色沒有很好,0,0,1,0,0,0,0,0,3,0,0,0,3
早餐很爛,0,0,1,0,0,0,0,0,3,0,0,0,3
早餐豐富   但因為續住隔日提供菜色相近   變化少,0,0,1,0,0,0,0,0,3,0,0,0,3
很豐盛的早餐，可是補菜速度不夠快,0,0,1,0,0,0,0,0,3,0,0,0,3
沒有針對全素食的旅客處理,0,0,1,0,0,0,0,0,3,0,0,0,3
住宿當天的櫃臺服務親切，隔天早上的櫃臺態度很差。,0,0,1,0,0,0,0,0,3,0,0,0,3
早餐沒有到達預期的好,0,0,1,0,0,0,0,0,3,0,0,0,3
早餐 太差了,0,0,1,0,0,0,0,0,3,0,0,0,3
早餐種類偏少,0,0,1,0,0,0,0,0,3,0,0,0,3
停車的部分應該給予正確的建議，因為有收費陷阱，不是隨口告知客人附近還有停車場可以停。,0,0,1,0,0,0,0,0,3,0,0,0,3
上次入住雙人房，升等四人覺得不錯，才會這次再入住，趁春節假期全家出遊，誰知礦泉水說也不多給，讓人失望,0,0,1,0,0,0,0,0,3,0,0,0,3
早餐數年來都很差所以最近一兩年選擇都不吃,0,0,1,0,0,0,0,0,3,0,0,0,3
早餐選擇不夠多，若再豐富一點就更好了。,0,0,1,0,0,0,0,0,3,0,0,0,3
很爛，服務又差，以後列入黑名單,0,0,1,0,0,0,0,0,3,0,0,0,3
早餐菜色不是很高檔,0,0,1,0,0,0,0,0,3,0,0,0,3
嬰兒床應該是進房就該準備好的，飯店知道有需要嬰兒床，卻還是等打去櫃檯才把嬰兒床拿上房間,0,0,1,0,0,0,0,0,3,0,0,0,3
不曉得貴公司在不到晚上九點停車場車位沒滿的狀態下就把車位已滿牌子擋在停車場門口的用意為何？，櫃檯人員又告知開出去後如果客滿直接停路邊，重點停車場依舊沒滿，那個車位已滿牌子依舊擋在那，我們還得自己移牌子才能停車。這是公司的新規嗎？感覺頗差的。,0,0,1,0,0,0,0,0,3,0,0,0,3
櫃檯小姐的服務生硬沒溫度,0,0,1,0,0,0,0,0,3,0,0,0,3
因為疫情的關係拿回飯店房間食用，早餐太簡單了些 ，份量不太夠,0,0,1,0,0,0,0,0,3,0,0,0,3
疫情期間早餐由飯店準備帶回房間內食用不過，等餐的時間似乎有點過長。,0,0,1,0,0,0,0,0,3,0,0,0,3
員工彼此連繫要加強，前後確認兩次隔天早餐種類，隔天一早餐廳仍說前一日沒有確認餐點。,0,0,1,0,0,0,0,0,3,0,0,0,3
櫃檯不會通知你時間到了可以辦理入住了,0,0,1,0,0,0,0,0,3,0,0,0,3
早餐熱食不優，看起來像沒賣完的自助餐，完全沒有色，像，味,0,0,1,0,0,0,0,0,3,0,0,0,3
宵夜只有稀飯，沒配菜，太單調,0,0,1,0,0,0,0,0,3,0,0,0,3
對於消夜方面非常的不滿意，只有單單的一碗粥，不是每個人都會喜歡吃粥的，情願有個小點心和熱飲,0,0,1,0,0,0,0,0,3,0,0,0,3
早餐時段有點短。,0,0,1,0,0,0,0,0,3,0,0,0,3
早餐的青菜太少了。,0,0,1,0,0,0,0,0,3,0,0,0,3
早餐餐廳規劃很差，住宿房客很多，但是早餐餐廳座位數不多，導致要排隊等很久才能用餐，等到可以進去用餐了，準備要拿餐點又看到餐點都被拿光了也沒有即時補。,0,0,1,0,0,0,0,0,3,0,0,0,3
連假早餐等太久。應該事先做好分流。因沒做好。敢上班。沒吃到。造成客人損失,0,0,1,0,0,0,0,0,3,0,0,0,3
早餐太多人吃不到,0,0,1,0,0,0,0,0,3,0,0,0,3
櫃檯小姐還是一樣服務很差，遞房卡信用卡用丟的，直接提供貴公司此位服務人員名字叫”alice”,0,0,1,0,0,0,0,0,3,0,0,0,3
早餐不是很好吃 麵包很硬，熟食有待加強,0,0,1,0,0,0,0,0,3,0,0,0,3
早餐改套餐式不是很好吃，而且還是冷的，這是最失望的,0,0,1,0,0,0,0,0,3,0,0,0,3
早餐，魚肉是冷的,0,0,1,0,0,0,0,0,3,0,0,0,3
早餐有點失望，先前看網路說還不錯，但實際用了，覺得多樣性是夠。但現場對食物不夠細心，例如雞肉在容器內保存過久，因而乾掉過硬，服務人員應該適時翻動或添加湯汁。青菜亦是，過久變黃變乾。既然已是多樣性，對於蛋類只有蒸蛋，也是頗失望，應該可有多樣選擇。或許成本考量也說不定。,0,0,1,0,0,0,0,0,3,0,0,0,3
事先預訂報紙，卻沒送到。,0,0,1,0,0,0,0,0,3,0,0,0,3
早餐品質有待提升,0,0,1,0,0,0,0,0,3,0,0,0,3
早餐食材品項可以再加強一點點,0,0,1,0,0,0,0,0,3,0,0,0,3
既然提供宵夜就不該過度的差，只有炸醬豆乾飯和貢丸冬瓜湯連白開水都沒，如果無法讓人感受到誠意，倒不如不要提供。,0,0,1,0,0,0,0,0,3,0,0,0,3
唯一不足早餐選擇不多，沒很好吃,0,0,1,0,0,0,0,0,3,0,0,0,3
雖然晚上有夜宵是件令人惊喜的事，但食物的安排本人得就太于小家子气，因晚是咖喱肉配和籮卜排骨。就不要求了，但飯乘上桌時我留意到沒有一客人是滿意的，因為一個大碟子就了，然後就一小小的肉和几顆丁的籮卜及一些咖哩汁。讓人第一感覺是很隨便很沒有誠意要讓客人吃，把惊喜的心情都變成客人都有話要了。這是本人小小的一些想法。,0,0,1,0,0,0,0,0,3,0,0,0,3
這次早餐不夠豐富,0,0,1,0,0,0,0,0,3,0,0,0,3
服務有待加強,0,0,1,0,0,0,0,0,3,0,0,0,3
退房後遺漏了新的手機充電器，詢問服務人員，房務整理竟然沒看到我也是服了,0,0,1,0,0,0,0,0,3,0,0,0,3
員工素質有待加強,0,0,1,0,0,0,0,0,3,0,0,0,3
房務有點母湯,0,0,1,0,0,0,0,0,3,0,0,0,3
早餐的涼麵有果蠅在上面雖然我沒有吃,0,0,1,0,0,0,0,0,3,0,0,0,3
早餐看到很多人都說好吃，可是跟吃完後覺得很不值得。,0,0,1,0,0,0,0,0,3,0,0,0,3
打掃人員無敲門就開門，幸好有鎖安全鎖。,0,0,1,0,0,0,0,0,3,0,0,0,3
適逢春節客滿，早餐卻只能餐廳門口現場排隊防疫期間，站了一堆人在候位 飯店接滿房客的同時，應該做好人力及空間上的調度住了兩天，由於停車場不敷使用所以門口附近磚道皆有停車，年初二的夜班櫃檯人員，卻口氣不佳的磚道從來不可停車我們禮貌詢問，員工的態度不好，門口碼道卻看到有停飯店九人座車及其他的車,0,0,1,0,0,0,0,0,3,0,0,0,3
早餐 真的沒有很好吃 選項少 也沒有很好吃,0,0,1,0,0,0,0,0,3,0,0,0,3
，詢問他停車位問題，問能不能停貴公司的接駁車旁邊，因為適逢假日路邊沒停車格已經繞了好幾圈就是沒有，問他是否有配合的停車場一副不想解決的樣子，一直碎念說貴公司只幫忙繳路邊停車費，但就是沒位才請您解決反被碎唸最後才說有配合的停車場，都半夜我還得聽您教訓真是感受極差。,0,0,1,0,0,0,0,0,3,0,0,0,3
教育不周全。因我在飯店，受氣。爛透的少數員工。夜班吧台客服。,0,0,1,0,0,0,0,0,3,0,0,0,3
員工未清楚告知預約免費接駁，需同時預約去回接送時間，且預約模式不夠透明，讓人感受不佳。,0,0,1,0,0,0,0,0,3,0,0,0,3
飯店提供接駁車部分，去問了櫃檯，一位服務員說當天早上沒提供載送服務，後來問了另一位服務員又說當天已經滿了，感覺很差，如果沒這服務就不要公告有提供這項服務   櫃檯服務員態度挺冷淡                              ,0,0,1,0,0,0,0,0,3,0,0,0,3
衣服落在房間沒收到，回頭打電話詢問說沒看到，態度也有些敷衍，推說請打給房務問問。,0,0,1,0,0,0,0,0,3,0,0,0,3
人 員服務需要加強,0,0,1,0,0,0,0,0,3,0,0,0,3
早餐都沒什麼味道尤其是蒸蛋 雖然灑上海苔粉也沒有味道,0,0,1,0,0,0,0,0,3,0,0,0,3
早餐種類稍嫌少,0,0,1,0,0,0,0,0,3,0,0,0,3
早餐選擇雖然看似很多，但是肉類跟青菜（熟的）部分不如預期,0,0,1,0,0,0,0,0,3,0,0,0,3
早餐變化沒那麼多,0,0,1,0,0,0,0,0,3,0,0,0,3
，服務人員說房間還沒整理好，請我們等待，房間整理好會通知，結果大家都上樓了，只剩我們還在大廳等待，等我去櫃臺問，才告知我們房間整理好了感受很不好，這中間也只有來問一次我是葉小姐嗎？我說不是，就在也沒人來問？服務人員來來去去，都沒人來問說，我們在等什麼？,0,0,1,0,0,0,0,0,3,0,0,0,3
早餐接待太慢 ,0,0,1,0,0,0,0,0,3,0,0,0,3
因有老人家同遊行動不便有自備輪椅，出入需開車，但車位似乎不足，請櫃台幫忙安排一個固定車位，再三請求被無情拒絕，太不近人情，飯店不是服務業嗎？,0,0,1,0,0,0,0,0,3,0,0,0,3
員工不太專業 之前訂房特殊要求回覆有，入住之後發現沒準備,0,0,1,0,0,0,0,0,3,0,0,0,3
當天住宿的時候我要用現金，櫃檯和我說飯店已經先從卡裡收取訂金了，需要幾天的時間才會退款到我帳戶，於是我改用卡片付款，但是我訂房間的時候是用金融卡，我現場給錯卡片給成另一張信用卡，他刷不過也沒跟我告知，我在整理帳單金額才發現扣款是從金融卡扣款不是信用卡可以麻煩你們櫃檯不要亂講話嗎？booking根本就沒有先收取訂金更沒有幾天後才退到帳戶裡的事，再來卡片不同張也不告知一下，給我感覺非常不專業，我搞錯卡片再先，但櫃檯小姐也很兩光,0,0,1,0,0,0,0,0,3,0,0,0,3
早餐種類太少,0,0,1,0,0,0,0,0,3,0,0,0,3
便宜房間沒早餐,0,0,1,0,0,0,0,0,3,0,0,0,3
超時加價這部分希望提前告知,0,0,1,0,0,0,0,0,3,0,0,0,3
早餐可以再努力,0,0,1,0,0,0,0,0,3,0,0,0,3
櫃檯服務人員沒有很友善，早餐的部分種類非常少,0,0,1,0,0,0,0,0,3,0,0,0,3
櫃檯小姐態度非常差,0,0,1,0,0,0,0,0,3,0,0,0,3
夜班櫃檯有位小姐服務超差態度極度不好，很像客人欠她錢的樣子。,0,0,1,0,0,0,0,0,3,0,0,0,3
服務人員素質不好，客人使用洗衣機烘衣機內的衣服還沒烘乾就被服務人員拿出來還隨便拿個垃圾袋裝，我還是有計算時間到烘衣機去拿的，我住過大大小小的旅館，還沒遇到過如此不客氣的服務人員，已經有跟服務人員反應,0,0,1,0,0,0,0,0,3,0,0,0,3
缺點方面人員專業素質有待加強，入住凌晨遇到火災警報響起，過了一個小時還不知系統偵測起火點在哪，人員也沒系統性告知住客應當如何應變，最後還需等警察與消防人員到場才一間一間房間去查看。,0,0,1,0,0,0,0,0,3,0,0,0,3
預定好的房間、入住前都電話確認過、也提供房號、、雖然又換了房但感覺管理不落實,0,0,1,0,0,0,0,0,3,0,0,0,3
不看人說話的員工,0,0,1,0,0,0,0,0,3,0,0,0,3
餐點都收掉部分了沒粥、沒咖啡、飲料也見底了,0,0,1,0,0,0,0,0,3,0,0,0,3
櫃檯的服務人員整個晚娘面孔，臉超臭的介紹飯店規定，完全沒有抬頭正眼看顧客，詢問旅遊補助事項，也整個不耐煩，頭還是不抬最基本的禮貌都做不到，抬頭正眼回答問題很難嗎？希望主管可給予教育而且就只有那一位，旁邊的人都面帶微笑，正眼服務每個客人，我們共住兩天，第一天入住就被這位接待，整個心情超差要不是這位壞了水準其他都很滿意謝謝,0,0,1,0,0,0,0,0,3,0,0,0,3
入住櫃台態度不佳，停車位無說明,0,0,1,0,0,0,0,0,3,0,0,0,3
打電話詢問訂房狀況女生口氣不好讓人很不舒服早餐選擇太少要吃早餐結果東西什麼東西都沒有,0,0,1,0,0,0,0,0,3,0,0,0,3
早餐不好,0,0,1,0,0,0,0,0,3,0,0,0,3
櫃檯穿黃色衣服員工，態度差。不理不睬客人入住,0,0,1,0,0,0,0,0,3,0,0,0,3
大夜櫃檯核對身份方式令人覺得備感困擾；手拿著滿滿的行李不幫忙也就算了抵達也已經很晚很累，身份證件跟訂房編號也給他登記了還一直不給房間；說我可能是盜刷因為bookingcom 訂房名稱和證件不同；最後還要拿出線上訂房信用卡核對，在給房間時還揚言通常我這種情形他們是會拒絕入住全台灣跑透透第一次遇到這麼不專業的櫃檯：早班櫃檯也是聊天一族，外出交鑰匙回程後要跟櫃檯拿；櫃檯還在跟我乾瞪眼。一直到我跟他說鑰匙啊她才回神,0,0,1,0,0,0,0,0,3,0,0,0,3
已配合刷二維條碼實名制了，櫃檯小姐還要求消毒手（實在不盡情理，因為我只是到櫃檯詢問上述事情，並未碰觸飯店的任何設施）不會再入住這家飯店了。,0,0,1,0,0,0,0,0,3,0,0,0,3
因為疫情方面，為了避免聚集，所以沒有開放早餐，覺得失望的地方。,0,0,1,0,0,0,0,0,3,0,0,0,3
員工服務太讓人感覺差透了，住這家好幾年了，這一次讓我感覺差透透，我一個人大包小包帶一個孩子，到退房時間有打電話告知退房，我已經回答員工說現在要下樓，，說我超過時間,0,0,1,0,0,0,0,0,3,0,0,0,3
這是我去第三次了，之前都很好，這次給我觀感很差，櫃檯小姐臉臭態度又差，基本介紹都沒有，要多床棉被只有一句有就送就掛電話了，這是代表？果然就沒下文了，我想我不會再去了,0,0,1,0,0,0,0,0,3,0,0,0,3
訂房的時候明明就有早餐，結果在check in的時候被告知房間升等有窗戶，所以被取消，我的沒有要升等卻被升等，早餐還被取消,0,0,1,0,0,0,0,0,3,0,0,0,3
服度冷淡，答不理的,0,0,1,0,0,0,0,0,3,0,0,0,3
，廣播要住客疏散，住戶根本搞不清是真的發生火警還是另有狀況，打去櫃台問居然無人接聽，，根本擾人清夢，事後退房也沒多加說明和致歉，真的讓人有種枉顧客人的感覺,0,0,1,0,0,0,0,0,3,0,0,0,3
有位眉毛畫得超濃的櫃檯小姐態度極差,0,0,1,0,0,0,0,0,3,0,0,0,3
訂房時明明說有停車位，入住時告知停車場已停滿，還告知停私人停車場無補助，只有停停車格才有，請問一下這是什道理？,0,0,1,0,0,0,0,0,3,0,0,0,3
櫃台人員態度不是很友善…,0,0,1,0,0,0,0,0,3,0,0,0,3
餐廳備粥飯及菜色量顯不足需等待,0,0,1,0,0,0,0,0,3,0,0,0,3
櫃檯女員工很冷淡 愛理不理的,0,0,1,0,0,0,0,0,3,0,0,0,3
早班櫃檯小姐服務態度不佳……住這麼多次，第一次覺得服務態度差勁 ,0,0,1,0,0,0,0,0,3,0,0,0,3
服務態度極差,0,0,1,0,0,0,0,0,3,0,0,0,3
服務態度很差,0,0,1,0,0,0,0,0,3,0,0,0,3
夜間服務人員態度不佳,0,0,1,0,0,0,0,0,3,0,0,0,3
因為疫情無早餐，也無配套,0,0,1,0,0,0,0,0,3,0,0,0,3
疫情期間還是建議減少接觸：刷卡的簽單，明明寫免簽名，卻硬要客人在旁邊簽名 ,0,0,1,0,0,0,0,0,3,0,0,0,3
主要那天入住櫃檯check in，現場唯一穿黑色外套女服務員接待感受相較其他人相比感受較為不好。但這是就此產業需要高品質服務態度觀感去評分狀態,0,0,1,0,0,0,0,0,3,0,0,0,3
早餐種類少,0,0,1,0,0,0,0,0,3,0,0,0,3
飯店對餐廳用餐人數控制以及客人位置安排管理差，而已我們還有另外三人家庭同行，入座時已提醒，他們也選同一時段，我們座位隔壁也有空位可安排，但卻還是安排給其他人，總覺得服務人員不是很貼心。用餐時，因為已被延誤用餐，餐廳服務人員說東西不會收，雖然是事實,0,0,1,0,0,0,0,0,3,0,0,0,3
早餐擺放動向 需改進,0,0,1,0,0,0,0,0,3,0,0,0,3
早餐的選擇可再多豐富些,0,0,1,0,0,0,0,0,3,0,0,0,3
早餐用餐時服務人員帶位後又更換座位,0,0,1,0,0,0,0,0,3,0,0,0,3
早餐缺乏變化,0,0,1,0,0,0,0,0,3,0,0,0,3
早餐不夠多樣化。建議提供鮮奶,0,0,1,0,0,0,0,0,3,0,0,0,3
早餐可以選擇的品項不多,0,0,1,0,0,0,0,0,3,0,0,0,3
早餐選擇性太少，可以改善最好,0,0,1,0,0,0,0,0,3,0,0,0,3
早餐餐點普通，有待改進。,0,0,1,0,0,0,0,0,3,0,0,0,3
菜色每天都一樣，吃的有點膩,0,0,1,0,0,0,0,0,3,0,0,0,3
早餐的飲品 柳橙汁不行 淡到變成柳橙水 ,0,0,1,0,0,0,0,0,3,0,0,0,3
入住時等待時間稍長，不耐煩,0,0,1,0,0,0,0,0,3,0,0,0,3
超級不滿意就是住宿配合的計程車大都會態度超級不好的，司機還罵三字經請問這是客人因得的服務嗎？雖然計程車不是隸屬貴旅館的員工，但是配合的計程車公司，因司機這樣的行為舉止也嚴重了影響你們聲譽希望你們能好好檢視與貴公司配合的計程車司機,0,0,1,0,0,0,0,0,3,0,0,0,3
員工微笑少了點，口氣官腔了些,0,0,1,0,0,0,0,0,3,0,0,0,3
早餐有點讓人失望，選擇真的太少。,0,0,1,0,0,0,0,0,3,0,0,0,3
早餐可以再加強一些,0,0,1,0,0,0,0,0,3,0,0,0,3
早餐品項可再加強，沒有蛋,0,0,1,0,0,0,0,0,3,0,0,0,3
櫃檯人員專業訓練明顯，我是連續入住兩晚，櫃檯人員回答我今天的房間已經客滿了喔我中午問，客人下午三時才入住，而我只是要換相同房型卻客滿了，真的太敷衍了。當然隨後有另一人解釋為何沒有房間，但第一時間的感受真的不好 感覺好像不想讓我換房間。,0,0,1,0,0,0,0,0,3,0,0,0,3
早餐真的很不用心，菜色差到讓人傻眼,0,0,1,0,0,0,0,0,3,0,0,0,3
入住前有男性服務員電話詢問大概幾點會到飯店，我只是說我會提早到問可以先去寄放行李嗎，那位服務員回覆的語氣聽得出來不太耐煩 ,0,0,1,0,0,0,0,0,3,0,0,0,3
早餐不優連最基本的牛奶都沒有,0,0,1,0,0,0,0,0,3,0,0,0,3
還沒退房就被房務人員按兩次電鈴租機車沒先告知車行員工旅遊還要我們自己去牽車到現場還沒人出來服務要我自己打電話給車行聯繫飯店人員真的很需要再被教育,0,0,1,0,0,0,0,0,3,0,0,0,3
飯店隨便安排房型，某員工處理方式差,0,0,1,0,0,0,0,0,3,0,0,0,3
早餐應該再改進些，且早餐的訊息讓我覺的不理解，入住時有員工致電客房詢問素食有幾人，說要特別另外準備，但用餐時卻說現場自助餐點已有標示，沒有另外準備這件事。,0,0,1,0,0,0,0,0,3,0,0,0,3
早餐餐點品質有待提升,0,0,1,0,0,0,0,0,3,0,0,0,3
接待入住的前台人員對於停車規定沒有說明清楚,0,0,1,0,0,0,0,0,3,0,0,0,3
員工服務不佳入住前一晚應該先確認好有關旅客的問題,0,0,1,0,0,0,0,0,3,0,0,0,3
員工不細心,0,0,1,0,0,0,0,0,3,0,0,0,3
行李寄放需要加強控管沒有人員確認就可以進出拿若有有心人士還滿危險的,0,0,1,0,0,0,0,0,3,0,0,0,3
早餐服務員的態度可以再改善,0,0,1,0,0,0,0,0,3,0,0,0,3
不能刷卡，沒有這項服務不太方便,0,0,1,0,0,0,0,0,3,0,0,0,3
早餐提供時間太晚了,0,0,1,0,0,0,0,0,3,0,0,0,3
早餐太晚了,0,0,1,0,0,0,0,0,3,0,0,0,3
早餐的品質可以提升，份量跟豐富度都可以改善。,0,0,1,0,0,0,0,0,3,0,0,0,3
前台工作人態度不佳,0,0,1,0,0,0,0,0,3,0,0,0,3
有點失望，工作人員沒有以前入住時的親切不再有一顆溫暖像朋友般的心。公式化機械式的回應。對待外國人會比本國人親切點有更多的笑容。,0,0,1,0,0,0,0,0,3,0,0,0,3
早餐東西太少了,0,0,1,0,0,0,0,0,3,0,0,0,3
員工多數在櫃台閒聊，感官差房間路線規劃不佳,0,0,1,0,0,0,0,0,3,0,0,0,3
但入住時因人手不足，店員可能忙碌，且我們不熟悉自助checkin機，等了頗久,0,0,1,0,0,0,0,0,3,0,0,0,3
還沒到退房時間房卡卻已消磁，這有點離譜了，而且聽到員工說不少次這樣了，老闆在嗎，處理一下吧,0,0,1,0,0,0,0,0,3,0,0,0,3
櫃檯說明服務待加強,0,0,1,0,0,0,0,0,3,0,0,0,3
已說過不需要morning call 也說過不需要續住隔天早上還是打了兩通電話 是很怕別人睡過頭嗎,0,0,1,0,0,0,0,0,3,0,0,0,3
以個人口味來說早餐評價普通偏低,0,0,1,0,0,0,0,0,3,0,0,0,3
加購早餐 一定要戴口罩才可以進入用餐（沒有提前告知，要用餐才知道）,0,0,1,0,0,0,0,0,3,0,0,0,3
明明選擇的是到店付款，但員工在電話中先行確認入住時間時間時並未先告知會先刷信用卡，到了現場後，我提出疑問，為何沒有先告知我就刷了我的信用卡，在當下員工態度只一直強調因為假日很忙，所以他有權先刷，如果我覺得要換別張刷她可以幫我退刷，但我所提出的疑問明明是我所選取的是到店付款，為何我人未到旅館辦理check in，飯店櫃台可以將我個人資料中的信用卡在未先告知我的狀況下就先刷卡，說真的，會讓我覺得我的個人隱私被隨意任用，我以後不會再到此店入住,0,0,1,0,0,0,0,0,3,0,0,0,3
說明不仔細,0,0,1,0,0,0,0,0,3,0,0,0,3
員工，下樓詢問是否在櫃檯買餐卷，晚班有位男生不等別人說完，一直叫我們明天早上才過來，態度沒禮貌,0,0,1,0,0,0,0,0,3,0,0,0,3
櫃檯小姐服務都不看人的，也無法提供太多旅遊資訊。,0,0,1,0,0,0,0,0,3,0,0,0,3
員工處理事情的態度不是很好，因為是朋友入住，對於停車的部份讓朋友不是很高興，覺得員工的處理方式不好,0,0,1,0,0,0,0,0,3,0,0,0,3
櫃檯服務人員的態度有待加強,0,0,1,0,0,0,0,0,3,0,0,0,3
第一天入住，睡到半夜三點聞到煙味，到櫃檯反應，跟我說可以請他們搬臭氧上去，半夜三點搬臭氧進去，我們人要去哪裡？在外面乾等嗎？重點朋友在睡覺了。第二天又聞到，只說聲不好意思，會再請師傅幫忙看看，還是我自己主動說要換房間才有動作，因為這問題導致我兩個晚上都睡不好，不但沒有任何幫得上忙的地方，也沒有感到愧疚給其他的折價卷之類的，問他們摩托車可不可以停對面，態度也很差的回覆說沒辦法，是我住過評價最差的飯店，裡面也有一兩個服務不錯，但整體來說只能給負評,0,0,1,0,0,0,0,0,3,0,0,0,3
退房時的服務人員感覺我已要退房，態度不甚良好,0,0,1,0,0,0,0,0,3,0,0,0,3
扣款二次，還是我自己發現了,0,0,1,0,0,0,0,0,3,0,0,0,3
為什麼沒有早餐,0,0,1,0,0,0,0,0,3,0,0,0,3
服務人員沒有一個會笑的,0,0,1,0,0,0,0,0,3,0,0,0,3
櫃檯冷淡,0,0,1,0,0,0,0,0,3,0,0,0,3
員工素質很差，尤其是櫃檯，態度惡劣,0,0,1,0,0,0,0,0,3,0,0,0,3
花蓮旅遊補助不會主動告知，詢問後還被問什麼補助？櫃臺服務不佳,0,0,1,0,0,0,0,0,3,0,0,0,3
早餐部份個人沒有很喜歡,0,0,1,0,0,0,0,0,3,0,0,0,3
櫃台員工態度需改善,0,0,1,0,0,0,0,0,3,0,0,0,3
 我表示只是想先辦手續，等時間到再入住也不可以，車子也要求我要在飯店外臨停， in後才能停車。我只好在外面車上等，，卻發現有一個外國人已經在我之前辦好入住手續了，當下感覺很不好。,0,0,1,0,0,0,0,0,3,0,0,0,3
員工口徑不一致，反反覆覆蠻奇怪的,0,0,1,0,0,0,0,0,3,0,0,0,3
除早餐樣式及口味有待提升,0,0,1,0,0,0,0,0,3,0,0,0,3
早餐雖然很用心製作，不過太固定份量稍不夠，還是喜歡自助式早餐。,0,0,1,0,0,0,0,0,3,0,0,0,3
房間是兩人住就只準備一個人的洗漱用品，不用心,0,0,1,0,0,0,0,0,3,0,0,0,3
一定要15：00後才能入住，若早一點到也只能去附近晃晃磨時間,0,0,1,0,0,0,0,0,3,0,0,0,3
希望下次能吃到自助吧,0,0,1,0,0,0,0,0,3,0,0,0,3
早餐要早點去吃不然都要等很久很多人 ,0,0,1,0,0,0,0,0,3,0,0,0,3
退房可再晚點更棒,0,0,1,0,0,0,0,0,3,0,0,0,3
早餐如果有牛奶等，就更好了！,0,0,1,0,0,0,0,0,3,0,0,0,3
建議早餐有鹹味的選擇，謝謝！,0,0,1,0,0,0,0,0,3,0,0,0,3
早餐飲料可在多樣化,0,0,1,0,0,0,0,0,3,0,0,0,3
早餐可以再多樣化一些,0,0,1,0,0,0,0,0,3,0,0,0,3
早餐如果可以有炒蛋會更好,0,0,1,0,0,0,0,0,3,0,0,0,3
可能是因為疫情關係 早餐變的很普通 ,0,0,1,0,0,0,0,0,3,0,0,0,3
宵夜可以多增加選項,0,0,1,0,0,0,0,0,3,0,0,0,3
如果有提供早餐會更好,0,0,1,0,0,0,0,0,3,0,0,0,3
若提供早餐會更好,0,0,1,0,0,0,0,0,3,0,0,0,3
早餐雖則不錯， 但不是人人喜歡食西餐,0,0,1,0,0,0,0,0,3,0,0,0,3
建議可加醬瓜跟豆腐乳，飲料可加豆漿，紅茶，西式比較少選擇！,0,0,1,0,0,0,0,0,3,0,0,0,3
如提前告知，會改訂有窗的房間。,0,0,1,0,0,0,0,0,3,0,0,0,3
1.早餐較制式，不知是否能夠主動告知房客早餐是否具選擇性？可能有些人不一定能夠吃較甜的早餐,0,0,1,0,0,0,0,0,3,0,0,0,3
還是喜歡以前一開始的十二點退房比較不會那麼趕,0,0,1,0,0,0,0,0,3,0,0,0,3
早餐美味水果種類少了點,0,0,1,0,0,0,0,0,3,0,0,0,3
早上吃火鍋，選擇不多,0,0,1,0,0,0,0,0,3,0,0,0,3
希望早餐能有更多選擇，兩天早餐都是一樣的。,0,0,1,0,0,0,0,0,3,0,0,0,3
住了兩天，早餐菜色變了兩樣，不過還是大同小異，變化不大,0,0,1,0,0,0,0,0,3,0,0,0,3
可以在早點提供更好，讓要較早離開的旅客用餐,0,0,1,0,0,0,0,0,3,0,0,0,3
幾乎同樣規模的早餐與晚餐，所以以早餐來說，很豐盛，相對來說晚餐就只能說普通,0,0,1,0,0,0,0,0,3,0,0,0,3
假日的早餐新鮮度較高，平日的早餐感覺都是隔夜的,0,0,1,0,0,0,0,0,3,0,0,0,3
早餐菜色雖然很多，但是味道很普通,0,0,1,0,0,0,0,0,3,0,0,0,3
服務人員臉上笑容多壹些會更好喔,0,0,1,0,0,0,0,0,3,0,0,0,3
宵夜的湯若改成飲料或綠豆湯更好,0,0,1,0,0,0,0,0,3,0,0,0,3
吃早餐的時候員工一直提醒時間快到他們準備要收了，可惜了點,0,0,1,0,0,0,0,0,3,0,0,0,3
服務人員能忙拿一下行李就更好了,0,0,1,0,0,0,0,0,3,0,0,0,3
希望每日的早餐品項可以做點變化，對於續住的人會是種驚艷的感覺。,0,0,1,0,0,0,0,0,3,0,0,0,3
早餐超級普通,0,0,1,0,0,0,0,0,3,0,0,0,3
整體沒有明顯缺失，若消夜的品項可以再多一些會更好。,0,0,1,0,0,0,0,0,3,0,0,0,3
早餐還有進步空間,0,0,1,0,0,0,0,0,3,0,0,0,3
早上可以在豐富些,0,0,1,0,0,0,0,0,3,0,0,0,3
員工服務可以更熱心，早餐可以再多元化點,0,0,1,0,0,0,0,0,3,0,0,0,3
櫃台接待可多些笑容,0,0,1,0,0,0,0,0,3,0,0,0,3
早餐可以問想吃中式或西式,0,0,1,0,0,0,0,0,3,0,0,0,3
早餐的蛋可以去掉三色豆嗎 ,0,0,1,0,0,0,0,0,3,0,0,0,3
早餐食物有更多進步空間，反而麵包方面很好 ,0,0,1,0,0,0,0,0,3,0,0,0,3
早餐菜色可再豐富,0,0,1,0,0,0,0,0,3,0,0,0,3
對於有帶小朋友的家庭，如果早餐有提供熱牛奶會更好喔，,0,0,1,0,0,0,0,0,3,0,0,0,3
如果早餐總類能夠多點樣式就太完美了   ,0,0,1,0,0,0,0,0,3,0,0,0,3
早餐可以在更多樣化,0,0,1,0,0,0,0,0,3,0,0,0,3
早餐的選擇可以在多樣化一點,0,0,1,0,0,0,0,0,3,0,0,0,3
早餐可以更豐富,0,0,1,0,0,0,0,0,3,0,0,0,3
我覺得早餐可以再多一點選擇。,0,0,1,0,0,0,0,0,3,0,0,0,3
早餐時段有點壅擠，，若是服務人員可以提醒用餐人潮約集中在什麼時候會比較有心理準備,0,0,1,0,0,0,0,0,3,0,0,0,3
早餐時不妨播放點輕鬆的音樂。,0,0,1,0,0,0,0,0,3,0,0,0,3
不可以使用信用卡,0,0,1,0,0,0,0,0,3,0,0,0,3
酒店的早餐可以丰富一些,0,0,1,0,0,0,0,0,3,0,0,0,3
短期几天存放行李，可以免費寄放就更完美了,0,0,1,0,0,0,0,0,3,0,0,0,3
辦住宿的時候過程有點繁瑣製卡什麼的 櫃檯人員不多有時只有一位但生意很好 客人蠻多 會等待較久,0,0,1,0,0,0,0,0,3,0,0,0,3
餐可以再多選擇一點,0,0,1,0,0,0,0,0,3,0,0,0,3
無客房服務,0,0,1,0,0,0,0,0,3,0,0,0,3
早餐能有水果就好了,0,0,1,0,0,0,0,0,3,0,0,0,3
早餐的菜色，如果能再豐盛一點，那就更棒了,0,0,1,0,0,0,0,0,3,0,0,0,3
早餐建議可以多點選擇,0,0,1,0,0,0,0,0,3,0,0,0,3
希望可以恢復以前有早餐的服務,0,0,1,0,0,0,0,0,3,0,0,0,3
早餐的部分菜色可以再多樣一點,0,0,1,0,0,0,0,0,3,0,0,0,3
希望可以提早入住，不然要在外面晃好久,0,0,1,0,0,0,0,0,3,0,0,0,3
如果硬要說，早餐水果只有一樣,0,0,1,0,0,0,0,0,3,0,0,0,3
早餐尖峰時段或可進行管制，不需讓房客進去餐廳空等座位,0,0,1,0,0,0,0,0,3,0,0,0,3
早餐普通很可惜,0,0,1,0,0,0,0,0,3,0,0,0,3
迎賓飲料都是含糖飲料，建議能提供健康一點的選項，即使黑咖啡或氣泡水都好,0,0,1,0,0,0,0,0,3,0,0,0,3
平日缺園區內接送交通,0,0,1,0,0,0,0,0,3,0,0,0,3
希望能包含早餐。,0,0,1,0,0,0,0,0,3,0,0,0,3
因為今年住第二次，如果有連住早餐和晚餐容易吃膩，希望變化可以再多樣,0,0,1,0,0,0,0,0,3,0,0,0,3
早餐針對素食種類較少,0,0,1,0,0,0,0,0,3,0,0,0,3
早餐就是一般早餐，沒有難吃，也沒有到好吃的地步,0,0,1,0,0,0,0,0,3,0,0,0,3
因疫情沒早餐,0,0,1,0,0,0,0,0,3,0,0,0,3
沒提供早餐,0,0,1,0,0,0,0,0,3,0,0,0,3
早餐菜色不多,0,0,1,0,0,0,0,0,3,0,0,0,3
未在飯店使用早餐，因系統訂位無附早餐,0,0,1,0,0,0,0,0,3,0,0,0,3
人數太多了   用餐環境稍微吵雜建議可以提供客房用餐服務,0,0,1,0,0,0,0,0,3,0,0,0,3
可先詢問客人用餐時間段，加以分流。,0,0,1,0,0,0,0,0,3,0,0,0,3
早餐非常中式，對外國人和早餐不習慣吃粥、曼頭、或是飯和菜的人來說選擇不多，只有白吐司、可頌和果醬奶油，希望可以有多一點的西式早餐，像是cereal,0,0,1,0,0,0,0,0,3,0,0,0,3
不知道宵夜僅平日供應，假日未供應，錯過第一晚的宵夜，第二晚遇到假日就沒有了，有點可惜。,0,0,1,0,0,0,0,0,3,0,0,0,3
沒有宵夜,0,0,1,0,0,0,0,0,3,0,0,0,3
疫情期間沒辦法吃的自助早餐有點可惜,0,0,1,0,0,0,0,0,3,0,0,0,3
早餐菜色應多一點變化,0,0,1,0,0,0,0,0,3,0,0,0,3
菜色普通,0,0,1,0,0,0,0,0,3,0,0,0,3
早餐一般般，可以再丰富一些,0,0,1,0,0,0,0,0,3,0,0,0,3
早餐可以多一點喔,0,0,1,0,0,0,0,0,3,0,0,0,3
早餐的話因為疫情比較可惜自助吧可使用,0,0,1,0,0,0,0,0,3,0,0,0,3
早餐仍有進步空間～,0,0,1,0,0,0,0,0,3,0,0,0,3
早餐品項希望多樣點～比如增加：煎蛋、培根,0,0,1,0,0,0,0,0,3,0,0,0,3
私心建議如果早餐有牛奶麥片會更棒的～,0,0,1,0,0,0,0,0,3,0,0,0,3
房間內應放置小點心,0,0,1,0,0,0,0,0,3,0,0,0,3
早餐若能標示有葷食、奶素、蛋素等等，就更完美了。,0,0,1,0,0,0,0,0,3,0,0,0,3
可以的話，早點中式配菜能加上鹹蛋與豆腐乳就更好了,0,0,1,0,0,0,0,0,3,0,0,0,3
早餐可以更西式些,0,0,1,0,0,0,0,0,3,0,0,0,3
房間有逃生緩降裝置，建議入住前先告知,0,0,1,0,0,0,0,0,3,0,0,0,3
早餐若能再多幾樣素食者可食用的料理就更完美啦！,0,0,1,0,0,0,0,0,3,0,0,0,3
早餐種類如果可以再多一點就好了,0,0,1,0,0,0,0,0,3,0,0,0,3
早餐菜色可以在多一點選擇。會更好,0,0,1,0,0,0,0,0,3,0,0,0,3
早餐種類可以多一些,0,0,1,0,0,0,0,0,3,0,0,0,3
早餐很普通,0,0,1,0,0,0,0,0,3,0,0,0,3
早餐可以更多樣化,0,0,1,0,0,0,0,0,3,0,0,0,3
早餐希望能夠好吃一點，好難吃,0,0,1,0,0,0,0,0,3,0,0,0,3
早餐有進步的空間！,0,0,1,0,0,0,0,0,3,0,0,0,3
早餐因疫情影響，無法至餐廳用餐。,0,0,1,0,0,0,0,0,3,0,0,0,3
早餐可以再多樣化一點就更棒了。,0,0,1,0,0,0,0,0,3,0,0,0,3
早餐需自費，若能搭在套房內做優惠會更加。,0,0,1,0,0,0,0,0,3,0,0,0,3
早餐可以吃的飽，但是東西沒了，不一定會補,0,0,1,0,0,0,0,0,3,0,0,0,3
早餐希望可以多加幾道肉品,0,0,1,0,0,0,0,0,3,0,0,0,3
早餐希望有熱牛奶的選項,0,0,1,0,0,0,0,0,3,0,0,0,3
早餐比較簡單,0,0,1,0,0,0,0,0,3,0,0,0,3
早餐菜色還有加強空間！,0,0,1,0,0,0,0,0,3,0,0,0,3
早餐實在不予置評,0,0,1,0,0,0,0,0,3,0,0,0,3
因為續住隔日提供菜色相近   變化少,0,0,1,0,0,0,0,0,3,0,0,0,3
要稍微delay checkout time還需要收費～跟其他旅店比起來不人性許多～,0,0,1,0,0,0,0,0,3,0,0,0,3
已經有說明九點多才check in還沒九點就打來問什麼時候要check in，當時因為工作剛結束卻被催著去check in感覺很不好,0,0,1,0,0,0,0,0,3,0,0,0,3
提早一小時到完全不能提早check in 有點硬,0,0,1,0,0,0,0,0,3,0,0,0,3
西式早餐雖然可以吃很飽但口味有點低廉,0,0,1,0,0,0,0,0,3,0,0,0,3
早餐負責帶位的服務員似乎狀況外，我是一人入住餐廳很空曠卻總是安排在最爛的地方（例如門口一進來卡在門旁邊）反應之後稍微改善依然是安排在最爛的地方，例如夾在有人的兩桌中間。然而四周卻非常空曠，在餐廳用餐的人不到六位，而且多半是單獨一人。餐廳員工訓練真的需要改善，否則早餐時段讓人食不下咽。,0,0,1,0,0,0,0,0,3,0,0,0,3
停車位不足應該要阻擋客人在開下去停車場,0,0,1,0,0,0,0,0,3,0,0,0,3
分批用早餐，較晚用餐，部份餐點已冷了,0,0,1,0,0,0,0,0,3,0,0,0,3
早餐沒有現煎蛋，然後小朋友的部分也相對少,0,0,1,0,0,0,0,0,3,0,0,0,3
早餐食材用料雖佳，但'菜色樣式選擇不多,0,0,1,0,0,0,0,0,3,0,0,0,3
未告知的狀況安排障礙房間，應提早告知這樣的狀況。,0,0,1,0,0,0,0,0,3,0,0,0,3
早餐菜色太少了,0,0,1,0,0,0,0,0,3,0,0,0,3
早餐可供選擇品項較少。,0,0,1,0,0,0,0,0,3,0,0,0,3
早餐好吃但總類少,0,0,1,0,0,0,0,0,3,0,0,0,3
因小孩晚起床法趕上早餐時間，向餐廳反應不進餐廳用餐但能否外帶一點食物及咖啡回房，經工作人員洽詢館方後，請我們只能自己拿餐巾紙包乾麵包並用餐廳內咖啡瓷杯帶咖啡回房，覺得若能多體諒帶小孩出遊的家庭生活不便處，應會更加分！,0,0,1,0,0,0,0,0,3,0,0,0,3
早餐可以再加強一下,0,0,1,0,0,0,0,0,3,0,0,0,3
櫃檯人員態度不佳,0,0,1,0,0,0,0,0,3,0,0,0,3
早餐沒有牛奶,0,0,1,0,0,0,0,0,3,0,0,0,3
早餐選項不多,0,0,1,0,0,0,0,0,3,0,0,0,3
完全沈浸於升等驚喜  感受太過良好 故不滿意,0,0,1,0,0,0,0,0,3,0,0,0,3
早餐選擇上較少較簡單這是比較可惜的地方,0,0,1,0,0,0,0,0,3,0,0,0,3
、早餐選擇種類較少（飲品部分,0,0,1,0,0,0,0,0,3,0,0,0,3
客人還在用餐時，就直接收走盤子,0,0,1,0,0,0,0,0,3,0,0,0,3
下午茶時間可考慮延長一小時,0,0,1,0,0,0,0,0,3,0,0,0,3
早餐菜色的選擇希望能在更多一些。,0,0,1,0,0,0,0,0,3,0,0,0,3
早餐品項能再多一點會更好,0,0,1,0,0,0,0,0,3,0,0,0,3
 服務讓我感覺像是打給交情差的同事 。,0,0,1,0,0,0,0,0,3,0,0,0,3
訂房前有標註要有窗戶的房間，結果入住時沒有窗戶，哪幹嘛還答應，說會告知主管之後再與我聯繫，，所以是在敷衍打發我嗎？,0,0,1,0,0,0,0,0,3,0,0,0,3
櫃檯很不友善，完全不幫忙。check out當天想拿回行李卻沒有人，我又沒密碼，check in機器的呼叫櫃臺無法聯絡職員。要是我真的趕時間，飛機都飛走了。到了checkin時間才說房間還沒清潔好，打亂旅客的計劃。,0,0,1,0,0,0,0,0,3,0,0,0,3
多間旅館經營但在客房狀況處理反應極差；致電聯繫兩次後面,0,0,1,0,0,0,0,0,3,0,0,0,3
希望素食熟食能有更多選項,0,0,1,0,0,0,0,0,3,0,0,0,3
住三天 晚餐菜色都一樣 傷心,0,0,1,0,0,0,0,0,3,0,0,0,3
停車時如果能先告知假日因為顧客較多，車輛停入後會出不來會更好！,0,0,1,0,0,0,0,0,3,0,0,0,3
希望宵夜可以供應到晚一點,0,0,1,0,0,0,0,0,3,0,0,0,3
要小心會亂刷顧客信用卡,0,0,1,0,0,0,0,0,3,0,0,0,3
早餐內容較單調,0,0,1,0,0,0,0,0,3,0,0,0,3
大廳無供應咖啡、茶,0,0,1,0,0,0,0,0,3,0,0,0,3
早餐多一點台南特色小吃會更棒。,0,0,1,0,0,0,0,0,3,0,0,0,3
早餐在地選項可以多一點,0,0,1,0,0,0,0,0,3,0,0,0,3
早餐菜色可以更多樣化,0,0,1,0,0,0,0,0,3,0,0,0,3
幫朋友訂房，朋友回來說第一天吃早餐的時候，菜有消毒水的味道，讓她吃不下去  ,0,0,1,0,0,0,0,0,3,0,0,0,3
第一天晚上入住客少，宵夜菜色少很多,0,0,1,0,0,0,0,0,3,0,0,0,3
就煎台和麵攤的供餐人員回應客人的問題可以再婉轉禮貌一點例如說 哦。很抱歉宵夜時間我們沒有供應煎蛋的服務 而不是直接回答沒有比如說 我們將會在收取宵夜卷後才會開始服務 而不是直接回答你宵夜卷收了嗎？,0,0,1,0,0,0,0,0,3,0,0,0,3
宵夜選擇性變少，跟之前比落差很大,0,0,1,0,0,0,0,0,3,0,0,0,3
宵夜沒有茶葉蛋了覺得可惜,0,0,1,0,0,0,0,0,3,0,0,0,3
早餐的服務人員收餐可以再更積極些（）有時盤子已堆滿桌子，感覺不佳，,0,0,1,0,0,0,0,0,3,0,0,0,3
check in時前面有群歐洲客入住，速度有點慢,0,0,1,0,0,0,0,0,3,0,0,0,3
早餐不好吃無宵夜,0,0,1,0,0,0,0,0,3,0,0,0,3
早上有下雨，但到的時候雨已經停很久了，想借腳踏車，櫃檯告訴下雨不外借，但下樓吃飯時，卻看到有很多人借車出遊，不知是如何判斷何時可以借,0,0,1,0,0,0,0,0,3,0,0,0,3
櫃檯人員服務不熱誠接電話態度冷漠不夠用心,0,0,1,0,0,0,0,0,3,0,0,0,3
員工態度不是很nice,0,0,1,0,0,0,0,0,3,0,0,0,3
態度很差不再入住，住過很多間康橋。第一次被員工大小聲。心裡極不舒服,0,0,1,0,0,0,0,0,3,0,0,0,3
早餐時間很忙碌餐廳人很多，服務人員態度感到不被歡迎。,0,0,1,0,0,0,0,0,3,0,0,0,3
辦入住沒先告知升等，因為本身也是飯店業，很怕是不是太忙給錯房間哈哈，結果是隨機升等啦，辛苦了,0,0,1,0,0,0,0,0,3,0,0,0,3
 check in時櫃台服務人員的態度感覺很累有些不耐煩。 在app留言詢問請飯店回覆相關問題，飯店都沒主動回覆都是自己要去電確認。 停車問題也是一樣的狀況。,0,0,1,0,0,0,0,0,3,0,0,0,3
如果房間還有空房，會西曬的房間要先問房客是否會介意。很熱ㄟ,0,0,1,0,0,0,0,0,3,0,0,0,3
對素食者而言，早餐選擇不多，而且餐點未標示素食、蛋奶素，必須自己注意。,0,0,1,0,0,0,0,0,3,0,0,0,3
小缺點 早餐樣式蠻少的，原本期待看能不能吃到一些台南代表性的早點，可惜大多都是西式早點,0,0,1,0,0,0,0,0,3,0,0,0,3
早餐種類稍少,0,0,1,0,0,0,0,0,3,0,0,0,3
早餐提供的品項變少了。,0,0,1,0,0,0,0,0,3,0,0,0,3
 突然發生火災警報 ，睡到一半整個被嚇醒！然後全部住戶都跑出來走廊 當下很多住戶直接提著行李直接退房離開，然後妳們工作人員在當下也沒有到各客房去做致歉的動作，早上也都沒有刻意去提起，直到有人提起才去跟住戶解釋?然後給茶包做致歉 我真的不懂你們大公司到底在想什麼，後續動作都做的無關緊要?已經讓我列入黑名單了，也會在各社群發佈資訊！整個睡眠、精神都受到影響，卻沒人來慰問！只用了一句 因為影城的關係導致火災警報作動，知道當下客房內多大聲嗎？回覆評價也不要用複製貼上來做回應 我不愛！謝謝，因為沒誠意?,0,0,1,0,0,0,0,0,3,0,0,0,3
早餐讓我很失望,0,0,1,0,0,0,0,0,3,0,0,0,3
進退房人員需要訓練及人力，辦理進退房時間太久,0,0,1,0,0,0,0,0,3,0,0,0,3
服務人員臉臭,0,0,1,0,0,0,0,0,3,0,0,0,3
房間已入住，但服務人員為了通知次日有消防演習，竟然在按鈴之後，就直接開門進入房間，萬一客人正在換衣服怎麼辦？讓人感到不尊重客人隱私。,0,0,1,0,0,0,0,0,3,0,0,0,3
早餐還可以！不過水果處有蒼蠅在飛，跟服務小姐反應：竟回應說她打不到…也沒做進一步處理！,0,0,1,0,0,0,0,0,3,0,0,0,3
早餐是好吃但飲料選擇有點少,0,0,1,0,0,0,0,0,3,0,0,0,3
發票開錯金額,0,0,1,0,0,0,0,0,3,0,0,0,3
另外吃早餐時，朋友拿起吐司發現有發霉的情況，雖然員工有協助更換吐司，但應該還是可以先將裝吐司的盒子加以清洗再放置新的回去，以上。,0,0,1,0,0,0,0,0,3,0,0,0,3
服務人員沒有笑容,0,0,1,0,0,0,0,0,3,0,0,0,3
從大廳走到住的地方有點遠，而且我還要再走出來請他們幫我開空調?（因為我是房間裡第一個到的人）不知道為什麼有看到跟其他住客介紹環境，但我是自己摸索?,0,0,1,0,0,0,0,0,3,0,0,0,3
這是民宿。所以沒提供早餐，也不會有發票統編提供報帳。如果住宿有任何問題則以電話聯絡屋主，大廳不會有工作人員,0,0,1,0,0,0,0,0,3,0,0,0,3
未經同意擅自進房，做打掃，感受很差！！,0,0,1,0,0,0,0,0,3,0,0,0,3
我是要一大張雙人床,0,0,1,0,0,0,0,0,3,0,0,0,3
飯店人員應答或許還能再修飾些,0,0,1,0,0,0,0,0,3,0,0,0,3
如提前告知,0,0,1,0,0,0,0,0,3,0,0,0,3
希望能提供紅茶包可以泡茶,0,0,1,0,0,0,0,0,3,0,0,0,3
茶包、咖啡包與攪拌棒還要在一樓大廳拿，著實不方便！每間房配置好不是更舒適？,0,0,1,0,0,0,0,0,3,0,0,0,3
沒有看到相關解說資料，有點可惜,0,0,1,0,0,0,0,0,3,0,0,0,3
茶包、咖啡放在大廳，稍嫌不便！,0,0,1,0,0,0,0,0,3,0,0,0,3
一樓沒有張貼旅館的資訊房間跨二至三樓，我們剛好房間在三樓因門外沒有任何指示,0,0,1,0,0,0,0,0,3,0,0,0,3
沒有配合路跑彈性調整退房及早餐時間（延長）,0,0,1,0,0,0,0,0,3,0,0,0,3
訂房已經備註因為難入眠對聲音比較敏感，所以希望安排較安靜房間（給我們還是可怕的中間樓層）,0,0,1,0,0,0,0,0,3,0,0,0,3
反應無效,0,0,1,0,0,0,0,0,3,0,0,0,3
明明有跟小姐說要打統編，結果隔天退房發現沒打到，跟小姐講態度還很兇（但前一天的小姐不會人很親切）的說：妳有先講要打統編嗎（明明就有）？我們只能開當天的哦（為何妳們沒交接好是顧客要承擔啊？）,0,0,1,0,0,0,0,0,3,0,0,0,3
早餐是冷的，早餐店做好外送到旅店的那種，建議直接給早餐卷到隔條巷子的早餐店。,0,0,1,0,0,0,0,0,3,0,0,0,3
原本很期待的早餐後來變成麥當勞,0,0,1,0,0,0,0,0,3,0,0,0,3
退房和入住的時間有些不便,0,0,1,0,0,0,0,0,3,0,0,0,3
現在換成一人一份，前一晚先點好隔天早上以為早點去拿可以拿到熱騰騰的早餐，結果並沒有好失望唷若早餐能改善的話或是提供加熱服務的話，會更滿意,0,0,1,0,0,0,0,0,3,0,0,0,3
員工把客人的行李箱用懷床,0,0,1,0,0,0,0,0,3,0,0,0,3
早餐提供自助式的會更好。,0,0,1,0,0,0,0,0,3,0,0,0,3
訂房時應提醒有合作停車場,0,0,1,0,0,0,0,0,3,0,0,0,3
早餐可以更好一點,0,0,1,0,0,0,0,0,3,0,0,0,3
入住時間很晚，要五點才能入住,0,0,1,0,0,0,0,0,3,0,0,0,3
CHECK IN速度有待加強,0,0,1,0,0,0,0,0,3,0,0,0,3
可能連假較忙櫃檯常沒有工作人員,0,0,1,0,0,0,0,0,3,0,0,0,3
住宿當天凌晨遇到火災警報 櫃檯都沒有人也不知道如何處理,0,0,1,0,0,0,0,0,3,0,0,0,3
服務人員的動作比較慢，等很久,0,0,1,0,0,0,0,0,3,0,0,0,3
早餐量及補充速度稍顯不足,0,0,1,0,0,0,0,0,3,0,0,0,3
5點才可以進房，當初也要求兩間房要在一起，結果當天到了，房間隔了有夠遠，加上早餐的食物，因為人太多，剩沒多少可以選擇，希望可以改進。,0,0,1,0,0,0,0,0,3,0,0,0,3
火災誤報以及當下處理非常的不及格，補償做為與比率原則很難認同。老外也無法妥善對應，國民外交大傷。應該在事件後主動聯繫客戶補救。這樣的態度都沒有？,0,0,1,0,0,0,0,0,3,0,0,0,3
緊急應變措施能力不足：凌晨5點火災警報大作數十分鐘，大廳聚滿入住民眾卻遲遲沒有員工前來說明(附圖)。後續表示設備異常已經緊急關閉，但對於關閉警報系統期間遭遇真正火災事故如何應變，遲遲無法提出應對措施。期間無人介紹緊急逃生出入口。,0,0,1,0,0,0,0,0,3,0,0,0,3
早餐吃不飽,0,0,1,0,0,0,0,0,3,0,0,0,3
服務速度太慢,0,0,1,0,0,0,0,0,3,0,0,0,3
或許是因為用APP訂房的關係，我出去回來膠囊房的床位居然給了別的旅客.....,0,0,1,0,0,0,0,0,3,0,0,0,3
8點去餐廳吃早餐已經沒什麼東西可以吃了，所以之後早餐樣提早去吃,0,0,1,0,0,0,0,0,3,0,0,0,1
明明是禁菸旅館，但是旅館卻沒有嚴格禁菸，非常令人擔憂。,0,0,1,0,0,0,0,0,3,0,0,0,3
工作人員有一個大嬸的態度極差，非得等消費者氣到提出要走法律途徑，才肯協助，雖然也不是大事，但仗著自己是店家有錢有地勢，把消費者當什麼都不懂的人，做出走鐘行為，最後怕鬧上消保會，才心不甘情不願的協助消費者，態度惡劣真的很糟糕。我個人是不可能再次光顧,0,0,1,0,0,0,0,0,3,0,0,0,3
飯店停車費只幫你付一次，停車費不便宜非常非常貴,0,0,1,0,0,0,0,0,3,0,0,0,3
男櫃台服務員態度差，一付要與客人槓嗆。,0,0,1,0,0,0,0,0,3,0,0,0,3
極差的感覺，上網訂好房間，人到了現場居然說沒房間可以住，試問要如何處理？讓客人自己想辦法這樣的飯店不如關起來好了，好好的3天夜的假期全部都沒了。,0,0,1,0,0,0,0,0,3,0,0,0,3
在前檯辦理入住等待時間很久,0,0,1,0,0,0,0,0,3,0,0,0,3
入住客人少時，提供一人一份的主廚早餐，不喜歡應該問一下客人需求再出餐不是每個人早上都吃炸雞塊香腸之類的避免不必要的浪費,0,0,1,0,0,0,0,0,3,0,0,0,3
入住經驗非常差！1.當初預訂的時候官網是寫15 00才能進房，我們想說算了那就去晃晃等到五點再回來Check in，結果五點回到飯店的時候跟我們說還要再等一個小時，房間還沒準備好，在這之前完全沒有電話通知，是直接讓我們回飯店撲空的。,0,0,1,0,0,0,0,0,3,0,0,0,3
快要到約定好的一個小時的時候，我們去我們要住的那間看了一下，跟我們五點回來看到的場景一模一樣，清潔車還停在門口裡面完全都還沒整理，去跟主管反映只得到了他們人力不夠的答案，還說我們去跟他反映是在浪費他們整理的時間，那當初就不該跟我們說一個小時，去反映了才說要先幫我們掃，前前後後在飯店空等了一小時四十分鐘左右，後面的行程完全被delay，事後完全沒有任何的補償！那我們被吃掉的時間呢？.,0,0,1,0,0,0,0,0,3,0,0,0,3
停車場太少位，我們比較晚到詢問員工可以停哪裡，也只回「去停夜市」這種答案剛好我是在地人，知道附近有收費停車場但像我男友是外地人，聽到櫃檯人員回「去停夜市」時，還問我是哪個夜市(我們去的時間點，夜市已關，廣場暗一片，看不出來是夜市)住其他旅館飯店，員工都會出來協助/建議可以停哪裡就連比貴飯店便宜的飯店都會這樣做了大夜櫃檯員工缺少貼心度,0,0,1,0,0,0,0,0,3,0,0,0,3
收桌速度慢,0,0,1,0,0,0,0,0,3,0,0,0,3
夜間女生服務人員，臉好臭喔,0,0,1,0,0,0,0,0,3,0,0,0,3
沒有準備茶（咖啡）杯、礦泉水，也沒有茶包、咖啡包,0,0,1,0,0,0,0,0,3,0,0,0,3
無供應早餐,0,0,1,0,0,0,0,0,3,0,0,0,3
沒有附早餐或點心。,0,0,1,0,0,0,0,0,3,0,0,0,3
櫃檯人員態度真的不知道在跩什麼 登記完什麼都不講 還要主動問,0,0,1,0,0,0,0,0,3,0,0,0,3
房間沒有給毛巾，經反應後，竟然說沒有毛巾了，很無言,0,0,1,0,0,0,0,0,3,0,0,0,3
沒有沒有早餐,0,0,1,0,0,0,0,0,3,0,0,0,3
從7.30反應至少3次到10點只拿來一台電風扇，超級火大,0,0,1,0,0,0,0,0,3,0,0,0,3
第一天有盥洗用品，其餘就沒補充,0,0,1,0,0,0,0,0,3,0,0,0,3
正值防疫期間飯店內的櫃台人員都沒有戴上口罩，希望以後可以改進。,0,0,1,0,0,0,0,0,3,0,0,0,3
當日用早餐時遇到員工嚷嚷叫罵，觀感不太好。,0,0,1,0,0,0,0,0,3,0,0,0,3
週六入住「虎尾  登豐米蘭商務旅店」，湊巧遇到不知道是甚麼路跑活動，剛到旅店門口一停車即被旅店紅衣人告知離開因為有路跑的兩台遊覽車要來，已經告知先讓我辦理入住吧ooxx耶在小爭執後，請問一般旅店住客為何不能暫停門口辦理入住，感覺可以再加強工作人員與住客溝通的方式與品質，可以理解大車來的時候的停車困擾，但一般客人應該也要有待客之道，而非臭臉與一味說不行和驅離。,0,0,1,0,0,0,0,0,3,0,0,0,3
廚師不太會煮也太油膩了,0,0,1,0,0,0,0,0,3,0,0,0,3
住宿沒開發票，只有收據。,0,0,1,0,0,0,0,0,3,0,0,0,3
飯店早餐沒有冷飲可以喝，有點可惜,0,0,1,0,0,0,0,0,3,0,0,0,3
早餐無熱飲,0,0,1,0,0,0,0,0,3,0,0,0,3
入住時間比一般飯店晚結果還是等超過入住時間還沒辦法使用,0,0,1,0,0,0,0,0,3,0,0,0,3
說好的停車位還要停員工自己的位置傻眼,0,0,1,0,0,0,0,0,3,0,0,0,3
員工和住戶一起享用早餐好奇怪，還聽到廚房工作人員在咆哮，櫃檯代叫計程車還要半個小時以上，詢問有無腳踏車租借，都不知道。 ,0,0,1,0,0,0,0,0,3,0,0,0,3
早餐時間很早就都沒有東西吃，也都沒有人補菜，有提早預約車位，車位卻差點沒有，隔天要離開時，出口還被檔住。,0,0,1,0,0,0,0,0,3,0,0,0,3
過年期間人手不足，早餐菜色選擇少，出菜速度慢很多空盤子，飲品也是補太慢，有進步空間。,0,0,1,0,0,0,0,0,3,0,0,0,3
早餐不合胃口，青菜都煮太老 ， 櫃台人員解釋都已被工程車停滿。,0,0,1,0,0,0,0,0,3,0,0,0,1
網站上說 設施有免費停車場入住卻叫我去外面停（付費的）真的很無言 ,0,0,1,0,0,0,0,0,3,0,0,0,3
早餐太過油膩,0,0,1,0,0,0,0,0,3,0,0,0,3
疫情期間應該更重視衛生管理，全開放式夾菜，令人感到畏懼,0,0,1,0,0,0,0,0,3,0,0,0,3
大廳接待人員滿差的，給發票出包很多。早餐真的是很差，完全不會有食慾。,0,0,1,0,0,0,0,0,3,0,0,0,3
接待人員滿差的,0,0,1,0,0,0,0,0,3,0,0,0,3
早餐極普通,0,0,1,0,0,0,0,0,3,0,0,0,3
早餐加油早餐弱爆了,0,0,1,0,0,0,0,0,3,0,0,0,3
早餐不衛生，害人又吐又拉看醫生食物不 新鮮,0,0,1,0,0,0,0,0,3,0,0,0,3
早班櫃台小姐 心事重重沒有客人還有辦法傻傻分不清,0,0,1,0,0,0,0,0,3,0,0,0,3
早餐去的時候幾乎是空的，供應時間還很久，可是沒有任何補餐。,0,0,1,0,0,0,0,0,3,0,0,0,3
早餐只有白開水…呵呵,0,0,1,0,0,0,0,0,3,0,0,0,3
電梯一打開驚見房務員打開我們的房門，明明退房時間還沒到為何擅自開旅客的房門？遺失貴重物品是否旅店全賠？,0,0,1,0,0,0,0,0,3,0,0,0,3
早餐偏中式，東西不多，品質不佳。,0,0,1,0,0,0,0,0,3,0,0,0,3
早餐選項不多，也無法補菜色,0,0,1,0,0,0,0,0,3,0,0,0,3
提供的晚餐不好吃，可以再改善,0,0,1,0,0,0,0,0,3,0,0,0,3
疫情緣故，自助式改為點餐式，有點可惜,0,0,1,0,0,0,0,0,3,0,0,0,3
入住時間提早需要加錢，早餐選擇性不多,0,0,1,0,0,0,0,0,3,0,0,0,3
早餐菜色略顯單調，補充有點慢,0,0,1,0,0,0,0,0,3,0,0,0,3
早餐不好吃,0,0,1,0,0,0,0,0,3,0,0,0,3
晚餐如果能在門口有明確告示今日套餐會更好，客人可以更清楚晚餐的用餐方式。,0,0,1,0,0,0,0,0,3,0,0,0,3
早餐有待加強，這是唯一的缺點,0,0,1,0,0,0,0,0,3,0,0,0,3
請加強早餐內容,0,0,1,0,0,0,0,0,3,0,0,0,3
帳務方面我覺得太過死板了！（我因為要報帳申請補助的緣故，訂房時即告知要先刷卡付款結帳，櫃檯卻告知要本人到現場刷卡！我住台中耶？讓我先跑一趟？好，我還真的先到現場刷卡了！可是到了現場刷完卡，才又告訴我只是先過卡，！那何必讓我多跑一趟？）頭一次入住。,0,0,1,0,0,0,0,0,3,0,0,0,3
早餐餐點內容有提升空間晚餐體驗（人員服務、菜色）有待加強,0,0,1,0,0,0,0,0,3,0,0,0,3
早餐素食可以再豐富些,0,0,1,0,0,0,0,0,3,0,0,0,3
投宿當晚櫃臺小姐的行為，破壞出遊的心情,0,0,1,0,0,0,0,0,3,0,0,0,3
早餐選擇較少。,0,0,1,0,0,0,0,0,3,0,0,0,3
早餐可以再多樣化,0,0,1,0,0,0,0,0,3,0,0,0,3
餐點一般般，與期待有落差。,0,0,1,0,0,0,0,0,3,0,0,0,3
早餐跟晚餐都還不錯，不過希望樣式能再多一些會更好,0,0,1,0,0,0,0,0,3,0,0,0,3
提早到，提早入住要加費時，窗口應該是主管或老員工級的服務人員解說時，口氣態度讓人覺得不舒服,0,0,1,0,0,0,0,0,3,0,0,0,3
早餐好吃到讓人想吐。,0,0,1,0,0,0,0,0,3,0,0,0,3
早餐不錯量夠，吃只是種類少了點。,0,0,1,0,0,0,0,0,3,0,0,0,3
早餐很差只有吐司,0,0,1,0,0,0,0,0,3,0,0,0,3
早餐結束時間太早了,0,0,1,0,0,0,0,0,3,0,0,0,3
服務好到令人傻眼,0,0,1,0,0,0,0,0,3,0,0,0,3
櫃台人員口氣可以再差一點,0,0,1,0,0,0,0,0,3,0,0,0,3
人員應答是怎樣，我以為在跟五歲小孩對話,0,0,1,0,0,0,0,0,3,0,0,0,3
接待人員對應能力能再好一點嗎?,0,0,1,0,0,0,0,0,3,0,0,0,3
人員真的很不OK,0,0,1,0,0,0,0,0,3,0,0,0,3
人員親切的態度，讓我以為我是什麼奧客，是有多不歡迎。,0,0,1,0,0,0,0,0,3,0,0,0,3
人員的親切態度根本很假掰,0,0,1,0,0,0,0,0,3,0,0,0,3
櫃台是什麼假掰的態度,0,0,1,0,0,0,0,0,3,0,0,0,3
問甚麼都說不知道，到底用那位櫃台人員幹嗎,0,0,1,0,0,0,0,0,3,0,0,0,3
人員的腦子是金魚嗎?,0,0,1,0,0,0,0,0,3,0,0,0,3
接待人員是無腦嗎?,0,0,1,0,0,0,0,0,3,0,0,0,3
服務為甚麼可以這麼差啊?,0,0,1,0,0,0,0,0,3,0,0,0,3
房務人員居然拿掃把攻擊人，傻眼,0,0,1,0,0,0,0,0,3,0,0,0,3
早餐好吃到我都快要吐了,0,0,1,0,0,0,0,0,3,0,0,0,3
消夜讓我直接想倒掉,0,0,1,0,0,0,0,0,3,0,0,0,3
消夜我寧願不吃，難吃死了,0,0,1,0,0,0,0,0,3,0,0,0,3
只是想提早入住而已，態度可以不用這麼兇八,0,0,1,0,0,0,0,0,3,0,0,0,3
態度好到我想給負分,0,0,1,0,0,0,0,0,3,0,0,0,3
負分的好態度,0,0,1,0,0,0,0,0,3,0,0,0,3
人員的手可以不要亂摸客人嗎,0,0,1,0,0,0,0,0,3,0,0,0,3
櫃台人員處理的速度我都可以環全台一周了,0,0,1,0,0,0,0,0,3,0,0,0,3
接待人員親切的態度讓我作噁,0,0,1,0,0,0,0,0,3,0,0,0,3
前台的態度有夠好，我都想打人了,0,0,1,0,0,0,0,0,3,0,0,0,3
前台的態度都讓我想好好請他吃拳頭,0,0,1,0,0,0,0,0,3,0,0,0,3
櫃台人員是在邱甚麼?,0,0,1,0,0,0,0,0,3,0,0,0,3
人員的態度是不怕被做成消波塊嗎?,0,0,1,0,0,0,0,0,3,0,0,0,3
虛假的態度，不爽做接待人員可以不要做,0,0,1,0,0,0,0,0,3,0,0,0,3
隨便問客人的隱私是沒被人揍過嗎,0,0,1,0,0,0,0,0,3,0,0,0,3
服務好到讓人靠北,0,0,1,0,0,0,0,0,3,0,0,0,3
服務人員不專業的回答態度,0,0,1,0,0,0,0,0,3,0,0,0,3
早餐在九點半已經沒有什麼菜 跟員工反映沒有西瓜水果了，也不願意補，一直等到十點多 我才失望的離開，水果是不用煮的，這樣要求應該不過分。,0,0,1,0,0,0,0,0,3,0,0,0,3
有特色的飯店但比不上櫃檯人員冷漠。,0,0,1,0,0,1,0,0,3,0,0,1,3
除早餐樣式及口味有待提升外其餘部分都相當滿意,0,0,1,0,0,1,0,0,3,0,0,1,1
，有非常非常近的施工工程在吵雜，，我明白不是飯店的問題，但是我覺得飯店周圍如果有這種情形應該要去溝通讓對方不要這麼早進行工程，這是這次住宿唯一可惜的地方。,0,0,1,0,0,1,0,0,3,0,0,3,3
入住當天外面在施工，飯店是否可以多一點貼心，打電話告知房客外面施工，可以繞道而行。,0,0,1,0,0,1,0,0,3,0,0,3,3
1.預約時已留言告知攜帶寵物，飯店回覆需要押金1000元，到現場時，卻要另付300元寵物清潔費，希望可提前告知並希望在官網上更新資訊！2.高級雙人房(汽旅)，半夜兩點半火警警報器響，家人與其他客人衝下樓，遲遲不見員工出來說明與處理，待家人到櫃檯詢問時，才告知有人誤觸，甚至到退房時都未有任何人有道歉之類的行為。防災應變能力非常差。,0,0,1,0,0,1,0,0,3,0,0,3,3
道路施工24H，到場才告知，傳個訊息很難嗎？,0,0,1,0,0,1,0,0,3,0,0,3,3
原本是訂四人房，但因當天去接人時，對方臨時有事無法來住宿，洽詢櫃台可以把此份訂房改下週使用，當天我則改現場訂購兩人房？回應我必須跟booking講，要booking 跟他們聯絡才可以我當下打booking客服電話一直忙線打不進去（打了數通都是這狀況），因此次是出差，很累了，最後放棄，只好兩個人睡四人房然後對面房很吵，所以此次住宿非常不開心,0,0,1,0,0,1,0,0,3,0,0,3,3
飯店在施工，沒有提前告知,0,0,1,0,0,1,0,0,3,0,0,3,3
碰到一位喝的很醉的旅客，半夜大吼大叫，不只把同寢客人吵醒，我想整層樓都聽到了吧？旅社什麼都好，只是剛好碰到素質比較差的旅客？但影響時間太長了處理的有點慢，但還是辛苦了。,0,0,1,0,0,1,0,0,3,0,0,3,3
第一次住到住宿與照片圖文不符明明奢華四人房能看夜景的只有一間但住宿照片卻沒有用其他間奢華四人房的照片那誰會知道夜景房只有一間而已呢還怪我們沒有在上面備註,0,0,1,0,0,1,0,0,3,0,0,3,3
人感有些吵，入住晚有中秋活，一直到晚上十一多在party，一方面很适合年人交朋友，另一方面感到有些被打扰，建議酒店管理party不要太晚。另外，因不能在房食，只能在公共域，但公共域停留的人太多，而且一停留就几小不走，甚至有人一人就占四位置，了宵夜回也不知道在哪吃合适。有一不太舒适的是，晚上有人敲，前前后后敲了三次，真的很影睡眠，建酒店留意一下，尤其是看起喝醉酒找不到房的客人。,0,0,1,0,0,1,0,0,3,0,0,3,3
因疫情影響早餐用餐環境較嘈雜，餐點品項無法太多選擇餐食放置於餐盒，食物風味與品質未達預期。,0,0,1,0,0,1,0,0,3,0,0,3,3
有非常非常近的施工工程在吵雜，我明白不是飯店的問題，但是我覺得飯店周圍如果有這種情形，應該要去溝通讓對方不要這麼早進行工程，這是這次住宿唯一可惜的地方。,0,0,1,0,0,1,0,0,3,0,0,3,3
早上四點多，有旅客在室內抽煙！如此極品旅客真不敢恭維！還以為來到了中國大陸！店家有責任在入住告知！從結果來看，真是一個噁心的住宿體驗！,0,0,1,0,0,1,0,0,3,0,0,3,3
樓上聲音太吵雜，與櫃台反映了仍然沒有效果，到凌晨四點才稍微稍停，但已經累到睡不著了...,0,0,1,0,0,1,0,0,3,0,0,3,3
疫情緣故，自助式改為點餐式，有點可惜，但還是性價比高,0,0,1,0,1,0,0,0,3,0,1,0,1
早餐樣式不多，就一般般，但就價位來說，不能嫌棄,0,0,1,0,1,0,0,0,1,0,2,0,1
晚餐的性價比不太好，沒有代表性的特色餐點,0,0,1,0,1,0,0,0,3,0,3,0,3
有提早訂房，但在當日check in後發現bookingcom訂房網相同房型價格卻比提早訂的較便宜，也告知mini hotels櫃台人員，此旅館值班人員告知無法以較優惠價格，亦無法補差價升等 當日訂房網、旅館官網皆顯示還有空房，無法替客戶著想,0,0,1,0,1,0,0,0,3,0,3,0,3
booking早鳥訂價比當日房價高！總房價比家庭房高！跟櫃檯反應，當天無法退款喔！要當個精明的旅客喔！,0,0,1,0,1,0,0,0,3,0,3,0,3
連假的住宿價格略高，早餐因應疫情套餐式法選擇細項的情況下，會出現不喜歡的食物,0,0,1,0,1,0,0,0,3,0,3,0,3
宵夜暫停供應房價也沒比較便宜,0,0,1,0,1,0,0,0,3,0,3,0,3
以這房價覺得早餐弱了點,0,0,1,0,1,0,0,0,3,0,3,0,3
防疫期間沒有開放早餐，收這樣的價位算貴,0,0,1,0,1,0,0,0,3,0,3,0,3
早餐建議可以再更多種選擇，性價比不高,0,0,1,0,1,0,0,0,3,0,3,0,3
這次入住是為了早餐，但實際發現早餐好普通，cp值不高。,0,0,1,0,1,0,0,0,3,0,3,0,3
早餐需要自己找位子，工作人員只有一位，光是收拾桌面以及準備食材，實在忙得不得了！性價比不高,0,0,1,0,1,0,0,0,3,0,3,0,3
連假的住宿價格略高，早餐因應疫情套餐式無法選擇細項的情況下，會出現不喜歡的食物,0,0,1,0,1,0,0,0,3,0,3,0,3
服務怎麼可以這麼…浪費我的錢,0,0,1,0,1,0,0,0,3,0,3,0,3
太早訂了，平日入住，入住前兩三天訂房，。剛好給的房間隔局很怪，我看照片很像l型，但爸媽說不是；不管訂什麼方案都不會有早餐，因為飯店政策改變？早餐不作了，當初訂房沒看清楚，雖然附近很方便，也有幾家有名的早餐店，但感覺不一樣。,0,0,1,1,0,0,0,0,3,1,0,0,3
雖然附近就有早餐店，但總覺得沒附早餐好可惜,0,0,1,1,0,0,0,0,3,1,0,0,3
入住要在櫃檯前站很久。每一次 然後櫃檯人員都沒招呼臉很僵。地點棒,0,0,1,1,0,0,0,0,3,1,0,0,3
早餐令人失望，房務人員未鋪床，也沒有補充衛生紙。地點方便,0,0,1,1,0,0,0,0,3,1,0,0,3
夜間女生服務人員，臉好臭喔，地點好。,0,0,1,1,0,0,0,0,3,1,0,0,1
早餐素食可以再豐富些，很棒的地點。,0,0,1,1,0,0,0,0,3,1,0,0,1
早餐沒甚麼東西好吃，位置很好，近斗六夜市，對面麥當勞，隔壁星巴克,0,0,1,1,0,0,0,0,3,1,0,0,1
周邊很多外籍勞工，5點才能入住,0,0,1,1,0,0,0,0,3,2,0,0,3
check in 之後下午仍聽到隔壁打掃房間的吸塵聲view 是圓環馬路有聽到夜晚的飆車聲,0,0,1,1,0,0,0,0,3,3,0,0,3
飯店距離停車場要走一小段。服務人員若知道首次來的可以多介紹一點會更好。,0,0,1,1,0,0,0,0,3,3,0,0,3
離捷運站偏遠，雖有接駁車但需提早一小時告知，而且要看接駁車情形才知道能不能坐,0,0,1,1,0,0,0,0,3,3,0,0,3
窗外沒景，與訂房網站的介紹不一致。沒有提供免費刮鬍刀… 其實這項對男生蠻重要的，有必要性。,0,0,1,1,0,0,0,0,3,3,0,0,3
沒有附早餐，飯店位置離市區鬧區有段距離,0,0,1,1,0,0,0,0,3,3,0,0,3
室外景觀被高樓擋住，破壞美景，服務人員態度不好,0,0,1,1,0,0,0,0,3,3,0,0,3
沒有早餐提供，離車站遠,0,0,1,1,0,0,0,0,3,3,0,0,3
附近沒超市不方便，早餐多樣性太少,0,0,1,1,0,0,0,0,3,3,0,0,3
附近沒有便利店，接待人員也不親切,0,0,1,1,0,0,0,0,3,3,0,0,3
臭臉面對客人不禮貌，地點也不好,0,0,1,1,0,0,0,0,3,3,0,0,3
排隊要排很久才能幫客人解決問題，樓上是健身房晚上都能聽到重物烙下的聲音,0,0,1,1,0,0,0,0,3,3,0,0,3
地點爛，服務態度也爛,0,0,1,1,0,0,0,0,3,3,0,0,3
大房間都是在五樓(5/6/8人房)，六樓就是健身房，從15 : 00入住到晚上00 : 00都有人不斷地重訓，每幾分鐘就有巨大聲響及地面震動，家中小孩嚇哭了多次。家裡有老弱婦孺，一家老小的，不建議入住。飯店晚班櫃檯態度消極，竟要房客親自上樓抗議?,0,0,1,1,0,0,0,0,3,3,0,0,3
地點不太好，員工有點冷漠帶老人家入住不會幫忙行李的搬運,0,0,1,1,0,0,0,0,3,3,0,0,3
櫃台服務不佳   停車比較不方便  ,0,0,1,1,0,0,0,0,3,3,0,0,3
停車場到房間位置，有點遠。員工也都不會主動打招呼或詢問,0,0,1,1,0,0,0,0,3,3,0,0,3
服務人員比較冷淡，位置ok，不過如果從火車站過來可以在火車站租摩托車請他們送行李過來，因為離車站有點距離,0,0,1,1,0,0,0,0,3,3,0,0,3
飯店所處位置並非大眾運輸交通便利處，自行開車前往，又無自己停車?，也無合作停車?，必須自己開車去找車位。飯店說是我們自己沒看清楚規則，我確實沒注意到這條不同一般飯店的狀況。但booking有責任將這種缺少一般多數飯店會有的基本服務時，應以較清楚方式（譬如於明顯位置標示，粗體或顏色）提醒消費者。,0,0,1,1,0,0,0,0,3,3,0,0,3
周圍環境真的很差，到達目的地後、完全不想入住、連一個停車的地方完全找不到，打電話去，也完全沒有接通過。完全聯絡不上，來幫忙解決停車問題。完全沒有,0,0,1,1,0,0,0,0,3,3,0,0,3
地點不太好，附近沒什麼好逛的。,0,0,0,1,0,0,0,0,0,3,0,0,3
周遭沒什麼可以買的店家,0,0,0,1,0,0,0,0,0,3,0,0,3
附近沒衣服店或商圈,0,0,0,1,0,0,0,0,0,3,0,0,3
雖然有商圈但很沒落，沒什麼人,0,0,0,1,0,0,0,0,0,3,0,0,3
附近有點冷清,0,0,0,1,0,0,0,0,0,3,0,0,3
無聊的地方,0,0,0,1,0,0,0,0,0,3,0,0,3
附近有工廠排廢氣，實在不太好聞,0,0,0,1,0,0,0,0,0,3,0,0,3
離電塔太近了，感受不太好,0,0,0,1,0,0,0,0,0,3,0,0,3
附近沒有大眾運輸很不方便,0,0,0,1,0,0,0,0,0,3,0,0,3
非常不方便的地方,0,0,0,1,0,0,0,0,0,3,0,0,3
對於飯店位置不是很滿意,0,0,0,1,0,0,0,0,0,3,0,0,3
附近環境真的閒雜人等很多，很不安全,0,0,0,1,0,0,0,0,0,3,0,0,3
附近不太安全，沒什麼保障,0,0,0,1,0,0,0,0,0,3,0,0,3
飯店位置真的很失望,0,0,0,1,0,0,0,0,0,3,0,0,3
附近沒什麼吃得好不方便，也沒有超商甚麼的,0,0,0,1,0,0,0,0,0,3,0,0,3
如果飯店附近有商家就更好了,0,0,0,1,0,0,0,0,0,3,0,0,3
荒涼一片的地方,0,0,0,1,0,0,0,0,0,3,0,0,3
根本荒郊野外的感覺,0,0,0,1,0,0,0,0,0,3,0,0,3
飯店位置不予置評,0,0,0,1,0,0,0,0,0,3,0,0,3
如果飯店周遭有公車或是捷運會更方便,0,0,0,1,0,0,0,0,0,3,0,0,3
飯店離捷運有好大段距離，以為很近的說,0,0,0,1,0,0,0,0,0,3,0,0,3
旅店的距離我想去的景點好遠，不是很方便,0,0,0,1,0,0,0,0,0,3,0,0,3
飯店走出去是大馬路，我覺得不好,0,0,0,1,0,0,0,0,0,3,0,0,3
離火車站好遠…如果近一點會更好,0,0,0,1,0,0,0,0,0,3,0,0,3
附近店家才8點就關門了…根本沒辦法買消夜來吃,0,0,0,1,0,0,0,0,0,3,0,0,3
附近店家真的好少，才5分鐘就逛完了,0,0,0,1,0,0,0,0,0,3,0,0,3
如果是想要離捷運站進的人，真的要好好考慮這家飯店，真的有點距離,0,0,0,1,0,0,0,0,0,3,0,0,3
飯店外面的小路真的好小，車子很難開欸,0,0,0,1,0,0,0,0,0,3,0,0,3
飯店後面居然是墳墓…,0,0,0,1,0,0,0,0,0,3,0,0,3
附近是公墓，雖然沒怎樣，但感覺還是怪怪的,0,0,0,1,0,0,0,0,0,3,0,0,3
地點真的不是很優，勸各位要三思,0,0,0,1,0,0,0,0,0,3,0,0,3
地點不是很好，要停車很不方便,0,0,0,1,0,0,0,0,0,3,0,0,3
相當不便利的地方,0,0,0,1,0,0,0,0,0,3,0,0,3
飯店附近有許多酒店，出入較雜,0,0,0,1,0,0,0,0,0,3,0,0,3
周遭相當危險,0,0,0,1,0,0,0,0,0,3,0,0,3
飯店附近很常發生車禍有點恐怖,0,0,0,1,0,0,0,0,0,3,0,0,3
附近沒有小吃,0,0,0,1,0,0,0,0,0,3,0,0,3
周遭沒有可以按摩的地方,0,0,0,1,0,0,0,0,0,3,0,0,3
周遭沒有網美打卡景點,0,0,0,1,0,0,0,0,0,3,0,0,3
飯店附近能夠打卡的景點真的很少,0,0,0,1,0,0,0,0,0,3,0,0,3
周遭是鬧區，半夜會有點吵雜，喜歡安靜的人不建議住,0,0,0,1,0,0,0,0,0,3,0,0,3
附近沒酒吧可以喝酒，好可惜,0,0,0,1,0,0,0,0,0,3,0,0,3
地點不怎麼樣,0,0,0,1,0,0,0,0,0,3,0,0,3
很不怎樣的地理位置,0,0,0,1,0,0,0,0,0,3,0,0,3
說好的山景根本沒有，不懂為甚麼說自己的地理位置很好,0,0,0,1,0,0,0,0,0,3,0,0,3
附近環境真的很髒…,0,0,0,1,0,0,0,0,0,3,0,0,3
飯店附近有許多流浪漢會睡在那，觀感實在不佳,0,0,0,1,0,0,0,0,0,3,0,0,3
飯店附近有許多小混混出沒，有點危險,0,0,0,1,0,0,0,0,0,3,0,0,3
飯店附近好像有工廠排放廢氣，我的天,0,0,0,1,0,0,0,0,0,3,0,0,3
地點不好，所以建議開車來，不然從捷運走到飯店真的有距離,0,0,0,1,0,0,0,0,0,3,0,0,3
地點真的不好，就這個缺點,0,0,0,1,0,0,0,0,0,3,0,0,3
如果地點可以再更方便，下次我就會繼續住了,0,0,0,1,0,0,0,0,0,3,0,0,3
附近有許多網咖，所以出入有點亂，女孩子較不適合住,0,0,0,1,0,0,0,0,0,3,0,0,3
周遭甚麼都沒有，想買吃的要走路20分鐘才會有便利商店,0,0,0,1,0,0,0,0,0,3,0,0,3
附近沒有美妝店和超商之類的,0,0,0,1,0,0,0,0,0,3,0,0,3
從飯店離開，只是要搭個公車要走好久才會看到公車站牌,0,0,0,1,0,0,0,0,0,3,0,0,3
地點真的真的太不OK了,0,0,0,1,0,0,0,0,0,3,0,0,3
地點不OK，太無聊,0,0,0,1,0,0,0,0,0,3,0,0,3
好山好水好無聊，也沒好看的景點可以看,0,0,0,1,0,0,0,0,0,3,0,0,3
附近沒有腳踏車可以出租，只能用走的,0,0,0,1,0,0,0,0,0,3,0,0,3
性價比真的不是太好,0,0,0,0,1,0,0,0,0,0,3,0,3
花這錢花得太不值得了,0,0,0,0,1,0,0,0,0,0,3,0,3
明明以前很便宜阿，為甚麼現在價錢那麼貴，cp值也有所下降,0,0,0,0,1,0,0,0,0,0,3,0,3
唉!以為是會個不錯的體驗，但cp值實在太低了,0,0,0,0,1,0,0,0,0,0,3,0,3
一晚5000也是不便宜，但老實說跟平價民宿沒什麼差別,0,0,0,0,1,0,0,0,0,0,3,0,3
看起來很高級，想說花錢體驗看看，結果真的太令人失望了，根本就不值得花那麼多錢住,0,0,0,0,1,0,0,0,0,0,3,0,3
如果價錢能更便宜就好了…,0,0,0,0,1,0,0,0,0,0,3,0,3
cp值沒有到讓人很滿意,0,0,0,0,1,0,0,0,0,0,3,0,3
花錢花得真冤望，品質真不好，cp值大扣分,0,0,0,0,1,0,0,0,0,0,3,0,3
有錢也不要來這家住,0,0,0,0,1,0,0,0,0,0,3,0,3
不是阿，我花錢是來享受的，為甚麼都沒有享受的感覺，糟糕的性價比,0,0,0,0,1,0,0,0,0,0,3,0,3
糟糕的性價比,0,0,0,0,1,0,0,0,0,0,3,0,3
都花錢了，卻是帶著失望的感受回家，cp值真太差差差差差差了,0,0,0,0,1,0,0,0,0,0,3,0,3
性價比的部分 痾…蠻失望的,0,0,0,0,1,0,0,0,0,0,3,0,3
房價真得不便宜，cp值勉強,0,0,0,0,1,0,0,0,0,0,3,0,3
花錢真的花心酸的,0,0,0,0,1,0,0,0,0,0,3,0,3
價錢的部分真得不好說，我是不會在住第二次了,0,0,0,0,1,0,0,0,0,0,3,0,3
其他客人真的很吵欸,0,0,0,0,0,1,0,0,0,0,0,3,3
有客人在大廳大吵大鬧的，有夠丟臉,0,0,0,0,0,1,0,0,0,0,0,3,3
對面的情侶半夜在走廊上吵架，煩死了,0,0,0,0,0,1,0,0,0,0,0,3,3
有客人居然偷抽菸,0,0,0,0,0,1,0,0,0,0,0,3,3
半夜有其他住客再亂敲門,0,0,0,0,0,1,0,0,0,0,0,3,3
這次我此生看過最誇張的，居然在別人的門口尿尿,0,0,0,0,0,1,0,0,0,0,0,3,3
有酒醉的客人在交誼廳大吵,0,0,0,0,0,1,0,0,0,0,0,3,3
其他住客的腳臭味真的讓人受不了,0,0,0,0,0,1,0,0,0,0,0,3,3
因為是住青旅的關係，半夜一直被同個房間住客吵醒,0,0,0,0,0,1,0,0,0,0,0,3,3
明明上面都寫超過10點要降低音量，睡我隔壁床的人還在那邊大聲撥音樂,0,0,0,0,0,1,0,0,0,0,0,3,3
隔壁床的打呼聲真的讓人睡不著覺,0,0,0,0,0,1,0,0,0,0,0,3,3
有客人在亂,0,0,0,0,0,1,0,0,0,0,0,3,3
看見有一位住客飲料打翻，居然就這樣走人，也沒有告知櫃台，傻眼!,0,0,0,0,0,1,0,0,0,0,0,3,3
有人亂按火災警報器，真得嚇死人,0,0,0,0,0,1,0,0,0,0,0,3,3
有住客把洗髮精整個幹走，是有多窮,0,0,0,0,0,1,0,0,0,0,0,3,3
凌晨一直聽到我對面床的旅客在講電話，根本就睡不飽,0,0,0,0,0,1,0,0,0,0,0,3,3
看到有一個喝醉的旅客，在大廳吐的到處都是..,0,0,0,0,0,1,0,0,0,0,0,3,3
真的很傻眼，有人居然把我放在冰箱的蛋糕吃掉,0,0,0,0,0,1,0,0,0,0,0,3,3
有些旅客真的很自私，講電話也不會小聲一點，這麼會吵人，不懂為甚麼要住青旅,0,0,0,0,0,1,0,0,0,0,0,3,3
有些人嗓門真的很大聲，害我根本無法睡覺,0,0,0,0,0,1,0,0,0,0,0,3,3
其他住客的素質真的不怎麼樣，垃圾都給他亂丟,0,0,0,0,0,1,0,0,0,0,0,3,3
有旅客撞到我的腳，沒道歉，還瞪我，原本來住請旅只是想開開心心的，整個破壞我的好心情,0,0,0,0,0,1,0,0,0,0,0,3,3
cp值極差，非常不推這家飯店,0,0,0,0,1,0,0,0,0,0,3,0,3
離夜市好遠，要走一段路,0,0,0,1,0,0,0,0,0,3,0,0,3
地理環境真的不怎麼樣欸!,0,0,0,1,0,0,0,0,0,3,0,0,3
飯店周圍在施工，要繞道而行，飯店位置也有點難找,0,0,0,1,0,0,0,0,0,3,0,0,3
甚麼鬼地方，飯店好難找到,0,0,0,1,0,0,0,0,0,3,0,0,3
旅店周遭真的沒有好吃的，不要抱太大的期望,0,0,0,1,0,0,0,0,0,3,0,0,3
附近沒有甚麼景點可逛，想去其他點要搭車或是坐計程車過去,0,0,0,1,0,0,0,0,0,3,0,0,3
飯店附近給人的感覺好舊，很像廢墟,0,0,0,1,0,0,0,0,0,3,0,0,3
周圍附近沒有大賣場之類的,0,0,0,1,0,0,0,0,0,3,0,0,3
如果要搭火車要走20分鐘的路程，下雨天真的不是很方便，腳還被淋濕,0,0,0,1,0,0,0,0,0,3,0,0,3
附近都是高樓大廈，有種壓迫感,0,0,0,1,0,0,0,0,0,3,0,0,3
周遭很複雜，一堆不良混混在,0,0,0,1,0,0,0,0,0,3,0,0,3
沒有商圈可以逛…不知道附近有甚麼,0,0,0,1,0,0,0,0,0,3,0,0,3
離超商有一大段距離，想買個飲料都有點困難,0,0,0,1,0,0,0,0,0,3,0,0,3
附近店家都沒有營業，好冷清,0,0,0,1,0,0,0,0,0,3,0,0,3
飯店附近很不怎麼樣，沒有樂趣可言,0,0,0,1,0,0,0,0,0,3,0,0,3
地點偏僻，cp值低,0,0,0,1,1,0,0,0,0,3,3,0,3
地點很遙遠，性價不太好,0,0,0,1,1,0,0,0,0,3,3,0,3
附近沒什麼可以逛，cp值不算好,0,0,0,1,1,0,0,0,0,3,3,0,3
周遭沒商店，沒有甚麼優點可以說，房價太貴,0,0,0,1,1,0,0,0,0,3,3,0,3
房價昂貴，附近沒的逛,0,0,0,1,1,0,0,0,0,3,3,0,3
附近很無聊，沒什麼熱門景點或是大眾運輸，cp值來說不好,0,0,0,1,1,0,0,0,0,3,3,0,3
cp值太差，周遭無景點,0,0,0,1,1,0,0,0,0,3,3,0,3
附近沒有可以玩的地方，環境也蠻差的，整體來說性價比不好,0,0,0,1,1,0,0,0,0,3,3,0,3
一晚真的太貴拉，說真的cp值也沒有到很好,0,0,0,1,1,0,0,0,0,3,3,0,3
cp值真的差，根本不符合價錢，周遭也沒有甚麼商店,0,0,0,1,1,0,0,0,0,3,3,0,3
沒有便利商店，沒有大賣場，甚麼都沒有，cp值不及格,0,0,0,1,1,0,0,0,0,3,3,0,3
cp值實在令人失望，花了那麼多錢，結果附近店家都沒開,0,0,0,1,1,0,0,0,0,3,3,0,3
飯店的地理環境根本就沒那麼好，然後房價還那麼貴，是在貴甚麼意思,0,0,0,1,1,0,0,0,0,3,3,0,3
房價二晚要破萬，但cp值很差欸,0,0,0,1,1,0,0,0,0,3,3,0,3
性價比非常不優，地點也不太好，想買個飲料要走好久才有便利商店,0,0,0,1,1,0,0,0,0,3,3,0,3
附近居然沒全家或7-11，性價比不優,0,0,0,1,1,0,0,0,0,3,3,0,3
地點不好不優，房價也很貴,0,0,0,1,1,0,0,0,0,3,3,0,3
附近為甚麼都沒有的逛阿，真的要開車來，整體cp值不值得入住,0,0,0,1,1,0,0,0,0,3,3,0,3
飯店位置並不好找，繞了好久才找到，附近也在施工。這個房價我可以去住更好的,0,0,0,1,1,0,0,0,0,3,3,0,3
這房價並不符合五星級的水準，周遭也沒有非常熱鬧,0,0,0,1,1,0,0,0,0,3,3,0,3
附近很冷清，跟以往天差地遠，飯店的整體cp值也有所下降,0,0,0,1,1,0,0,0,0,3,3,0,3
性價比嚴格來說不怎麼樣，飯店跟以前的環境差太多了，以前附近很熱鬧的說,0,0,0,1,1,0,0,0,0,3,3,0,3
cp值我想可以再更好，房價其實可以在親民一點，至於地點確實有點不太方便,0,0,0,1,1,0,0,0,0,3,3,0,3
旅店位置有點偏僻，如果不是開車或騎車來，會有點麻煩，性價比的部分有待加強,0,0,0,1,1,0,0,0,0,3,3,0,3
cp值有待加強，實在有很多值得去改善的地方，附近也沒什麼景點可以逛,0,0,0,1,1,0,0,0,0,3,3,0,3
這邊距離捷運站有段距離，如果是老人家徒步來應該不太方便，cp值差強人意,0,0,0,1,1,0,0,0,0,3,3,0,3
CP值差強人意，地點不好，太冷清,0,0,0,1,1,0,0,0,0,3,3,0,3
CP值有待加強，價格可以再下降一點，周遭有點恐怖,0,0,0,1,1,0,0,0,0,3,3,0,3
周遭環境好可怕，不會再來這邊住了。雖然價錢便宜，但CP值還是不好,0,0,0,1,1,0,0,0,0,3,3,0,3
不推薦來這邊住，地點偏僻沒商家，房價也沒多親民,0,0,0,1,1,0,0,0,0,3,3,0,3
付了很多錢，結果性價比不怎麼樣，因為疫情的關係許多店家都倒了，附近變得好無聊不熱鬧,0,0,0,1,1,0,0,0,0,3,3,0,3
廣告不實,0,0,0,0,0,1,0,0,0,0,0,0,3
整潔度實在很差，根本就不適合人住,1,0,0,0,0,0,3,0,0,0,0,0,3
都有壁癌了，不知道為甚麼都不翻新,1,0,0,0,0,0,3,0,0,0,0,0,3
都長青苔了，還不清嗎,1,0,0,0,0,0,3,0,0,0,0,0,3
霉味好重，讓人非常的不舒服,1,0,0,0,0,0,3,0,0,0,0,0,3
一直聞到燒焦的味道,1,0,0,0,0,0,3,0,0,0,0,0,3
有種說不上來的怪味道,1,0,0,0,0,0,3,0,0,0,0,0,3
整潔度真的有待加強，要好好注意打掃才對。,1,0,0,0,0,0,3,0,0,0,0,0,3
打掃不確實，棉絮到處飛,1,0,0,0,0,0,3,0,0,0,0,0,3
一堆小蟲到處飛,1,0,0,0,0,0,3,0,0,0,0,0,3
好多小蟲子還會咬人好可怕,1,0,0,0,0,0,3,0,0,0,0,0,3
被跳蚤咬了!!!!!!!!!,1,0,0,0,0,0,3,0,0,0,0,0,3
不乾淨，害我皮膚好癢,1,0,0,0,0,0,3,0,0,0,0,0,3
癢死了!到底有沒有在好好打掃,1,0,0,0,0,0,3,0,0,0,0,0,3
乾淨程度令人髮指,1,0,0,0,0,0,3,0,0,0,0,0,3
超級不乾淨的，霉味跟煙味有夠重,1,0,0,0,0,0,3,0,0,0,0,0,3
一直聞到油耗味，是不是沒有打掃乾淨,1,0,0,0,0,0,3,0,0,0,0,0,3
香味重到令人不舒服,1,0,0,0,0,0,3,0,0,0,0,0,3
住得很不舒服，不會再來住了，列入黑名單,1,0,0,0,0,0,3,0,0,0,0,0,3
極度讓人不舒服，很不乾淨,1,0,0,0,0,0,3,0,0,0,0,0,3
實在不乾淨，也讓人不舒服,1,0,0,0,0,0,3,0,0,0,0,0,3
地點極差，好生氣,0,0,0,1,0,0,0,0,0,3,0,0,3
差爆了，附近都沒得玩,0,0,0,1,0,0,0,0,0,3,0,0,3
周遭有很多流氓出沒，好可怕,0,0,0,1,0,0,0,0,0,3,0,0,3
周遭不是說很安靜，有點吵,0,0,0,1,0,0,0,0,0,3,0,0,3
附近可以說是鳥不生蛋,0,0,0,1,0,0,0,0,0,3,0,0,3
去個全聯要開車開30分鐘才有,0,0,0,1,0,0,0,0,0,3,0,0,3
唯一缺點大太就是地點吧,0,0,0,1,0,0,0,0,0,3,0,0,3
飯店附近居然發生搶劫案，有夠不安全,0,0,0,1,0,0,0,0,0,3,0,0,3
地點太差了，唉!,0,0,0,1,0,0,0,0,0,3,0,0,3
氣氛好差,0,0,0,0,0,1,0,0,0,0,0,3,3
有房客偷抽菸，是不會想其他人的感受嗎,0,0,0,0,0,1,0,0,0,0,0,3,3
居然有其他亂丟自己內褲，傻眼欸,0,0,0,0,0,1,0,0,0,0,0,3,3
住青旅房客真的很重要，這次遇到不好的房客，講話好大聲,0,0,0,0,0,1,0,0,0,0,0,3,3
有房客在發酒瘋大吵大鬧的,0,0,0,0,0,1,0,0,0,0,0,3,3
其他房客的素質真的很差欸，都凌晨了還在大聲說話,0,0,0,0,0,1,0,0,0,0,0,3,3
有位房客的香水味重到讓人想吐,0,0,0,0,0,1,0,0,0,0,0,3,3
有些人衛生習慣真的不好欸，垃圾就亂丟在走廊,0,0,0,0,0,1,0,0,0,0,0,3,3
防疫期間，居然有人不戴口罩就在夾菜,0,0,0,0,0,1,0,0,0,0,0,3,3
疫情期間有些人都沒有落實實名制,0,0,0,0,0,1,0,0,0,0,0,3,3
這次的住宿體驗真的很差，被其他旅客打擾,0,0,0,0,0,1,0,0,0,0,0,3,3
整體來說實在不怎麼樣!!,0,0,0,0,0,1,0,0,0,0,0,3,3
整體真的令人生氣,0,0,0,0,0,1,0,0,0,0,0,3,3
這次住宿體驗極度的糟糕,0,0,0,0,0,1,0,0,0,0,0,3,3
這次住宿體驗還不錯,0,0,0,0,0,1,0,0,0,0,0,1,1
有好心的房客分享他的食物給我,0,0,0,0,0,1,0,0,0,0,0,1,1
與我同住的旅人好漂亮,0,0,0,0,0,1,0,0,0,0,0,1,1
住青旅的好處就是可以認識到人,0,0,0,0,0,1,0,0,0,0,0,1,1
這次很開心，同住的旅客都有遵守入夜後降低音量的規定，睡得很好,0,0,0,0,0,1,0,0,0,0,0,1,1
這次住宿心情很好,0,0,0,0,0,1,0,0,0,0,0,1,1
整體而言是很不錯的體驗，下次還會再來,0,0,0,0,0,1,0,0,0,0,0,1,1
很愉快，會與朋友推薦這間,0,0,0,0,0,1,0,0,0,0,0,1,1
這間推爆，全部都非常棒,0,0,0,0,0,1,0,0,0,0,0,1,1
所有的一切都很棒，讓人捨不得離開,0,0,0,0,0,1,0,0,0,0,0,1,1
住宿體驗相當棒，簡直是100分,0,0,0,0,0,1,0,0,0,0,0,1,1
氣氛很好，讓人愉悅，很棒,0,0,0,0,0,1,0,0,0,0,0,1,1
如果要打分數我會給滿分,0,0,0,0,0,1,0,0,0,0,0,1,1
讓人想一住再住,0,0,0,0,0,1,0,0,0,0,0,1,1
讚爆了!,0,0,0,0,0,1,0,0,0,0,0,1,1
真是太棒了，簡直不可挑剔,0,0,0,0,0,1,0,0,0,0,0,1,1
不可挑剔的完美,0,0,0,0,0,1,0,0,0,0,0,1,1
完美至極,0,0,0,0,0,1,0,0,0,0,0,1,1
真的說不出來有甚麼缺點,0,0,0,0,0,1,0,0,0,0,0,1,1
根本沒有缺點可以說阿,0,0,0,0,0,1,0,0,0,0,0,1,1
沒有優點可以說,0,0,0,0,0,1,0,0,0,0,0,3,3
沒有甚麼好說的，反正是不會再來這家了,0,0,0,0,0,1,0,0,0,0,0,3,3
氣氛真是糟透了,0,0,0,0,0,1,0,0,0,0,0,3,3
遇到好房客真的很重要，所幸這次的房客都很好。,0,0,0,0,0,1,0,0,0,0,0,1,1
CP值很好，雖然房價稍貴，但錢花得很值得，要我在花一次錢住，我也願意,0,0,0,0,1,0,0,0,0,0,1,0,1
值得推薦的好地方,0,0,0,0,0,1,0,0,0,0,0,1,1
不值得推薦的一家飯店,0,0,0,0,0,1,0,0,0,0,0,3,3
這麼好的飯店怎麼可以只有我知道,0,0,0,0,0,1,0,0,0,0,0,1,1
我覺得整體都還不錯,0,0,0,0,0,1,0,0,0,0,0,1,1
根本完美無缺，沒有好挑剔的地方,0,0,0,0,0,1,0,0,0,0,0,1,1
很棒，非常愉快的一次旅行,0,0,0,0,0,1,0,0,0,0,0,1,1
其他旅客的素質都很好，沒有半夜吵鬧的問題,0,0,0,0,0,1,0,0,0,0,0,1,1
跟我住同房的會分享食物給大家吃，很友善,0,0,0,0,0,1,0,0,0,0,0,1,1
整體讓我感到愉悅，以後會再來的,0,0,0,0,0,1,0,0,0,0,0,1,1
大家都很守防疫規範，讓人安心,0,0,0,0,0,1,0,0,0,0,0,1,1
看到大家都會乖乖排隊掃實名制，蠻讓人放心的,0,0,0,0,0,1,0,0,0,0,0,1,1
大家都有乖乖戴好口罩,0,0,0,0,0,1,0,0,0,0,0,1,1
我的口罩遺失，好險有遇到善心的房客給我口罩戴,0,0,0,0,0,1,0,0,0,0,0,1,1
某些旅客行為真的很不ok,0,0,0,0,0,1,0,0,0,0,0,3,3
不懂為甚麼有人好好遵守防疫規定,0,0,0,0,0,1,0,0,0,0,0,3,3
有人沒掃實名制阿,0,0,0,0,0,1,0,0,0,0,0,3,3
遇到不好的同住人，半夜還在進進出出，實在無法好好睡覺,0,0,0,0,0,1,0,0,0,0,0,3,3
有人根本就沒好好遵守住宿規定,0,0,0,0,0,1,0,0,0,0,0,3,3
遇到奇怪的房客，有點讓人害怕,0,0,0,0,0,1,0,0,0,0,0,3,3
看到有些人沒戴口罩就去夾菜真的讓人不敢吃,0,0,0,0,0,1,0,0,0,0,0,3,3
不懂為甚麼都不戴口罩亂亂走,0,0,0,0,0,1,0,0,0,0,0,3,3
老是遇到不好的房客，心好累阿,0,0,0,0,0,1,0,0,0,0,0,3,3
聽到對面房的旅客在吵架，感覺像是要發生命案一樣,0,0,0,0,0,1,0,0,0,0,0,3,3
如果其他旅客在半夜沒好好降低自己的音量，其他早睡的人根本沒辦法好好睡覺,0,0,0,0,0,1,0,0,0,0,0,3,3
同住的人噴大量的香水，那味道有夠重，都快吐了,0,0,0,0,0,1,0,0,0,0,0,3,3
不懂為甚麼有人可以這麼自私，都不會顧及其他旅客的感受，要講電話也不會去外面講,0,0,0,0,0,1,0,0,0,0,0,3,3
因為是住在青旅，所以會有蠻多人一起住，但有人居然內褲不收好就掛在床前，拜託有夠噁的,0,0,0,0,0,1,0,0,0,0,0,3,3
其他客人素質有夠差，講話很大聲，還在走廊上唱歌，走音有夠難聽,0,0,0,0,0,1,0,0,0,0,0,3,3
舒適程度不好不壞,1,0,0,0,0,0,2,0,0,0,0,0,2
整潔程度不好不壞,1,0,0,0,0,0,2,0,0,0,0,0,2
舒適度普通，整潔也普通,1,0,0,0,0,0,2,0,0,0,0,0,2
乾淨我覺得還行普通吧,1,0,0,0,0,0,2,0,0,0,0,0,2
一般的乾淨整潔度,1,0,0,0,0,0,2,0,0,0,0,0,2
廁所整潔度普通，性價比還行,1,1,0,0,1,0,2,2,0,0,2,0,2
床的舒適度一般，價錢還行,1,1,0,0,1,0,2,2,0,0,2,0,2
公共區域及舒適度普通，cp值還行,1,1,0,0,1,0,2,2,0,0,2,0,2
大廳擺設及味道一般，房價性價比還行,1,1,0,0,1,0,2,2,0,0,2,0,2
地板的清潔一般，房價還行,1,1,0,0,1,0,2,2,0,0,2,0,2
房間的味道還行，單價還行,1,1,0,0,1,0,2,2,0,0,2,0,2
整潔還行，性價比普通，不好也不壞,1,0,0,0,1,0,2,0,0,0,2,0,2
環境的舒適度普普，價錢普通,1,0,0,0,1,0,2,0,0,0,2,0,2
可能是疫情關係，進大門就有種消毒味道，但還行，以目前價位來看，普通。,1,0,0,0,1,0,2,0,0,0,2,0,2
進門有異味，外出冷氣開著，回來則無異味了，就價位而言，沒有好或不好,1,1,0,0,1,0,2,2,0,0,2,0,2
清潔還行，性價比一般,1,0,0,0,1,0,2,0,0,0,2,0,2
整潔還行，cp值一般,1,0,0,0,1,0,2,0,0,0,2,0,2
舒適程度還行算普通，cp值實在一般般,1,0,0,0,1,0,2,0,0,0,2,0,2
舒適程度不好不壞，房價普通,1,0,0,0,1,0,2,0,0,0,2,0,2
整潔程度不好不壞，性價比普通,1,0,0,0,1,0,2,0,0,0,2,0,2
舒適度普通，整潔也普通，性價比普普,1,0,0,0,1,0,2,0,0,0,2,0,2
乾淨我覺得還行普通吧，以週末的房價而言性價比普通,1,0,0,0,1,0,2,0,0,0,2,0,2
一般的乾淨整潔度，cp值普通,1,0,0,0,1,0,2,0,0,0,2,0,2
整潔普普通通還行，早餐覺得還好還行,1,0,1,0,0,0,2,0,2,0,0,0,2
環境的舒適度普普，服務還行,1,0,1,0,0,0,2,0,2,0,0,0,2
可能是疫情關係，進大門就有種消毒味道，但還行，早餐還行,1,0,1,0,0,0,2,0,2,0,0,0,2
清潔還行，接待的態度還行,1,0,1,0,0,0,2,0,2,0,0,0,2
整潔還行，提供寄放寵物的服務尚在規劃中,1,0,1,0,0,0,2,0,2,0,0,0,2
舒適程度還行算普通，希望能和南紡購物中心內有更多折扣活動,1,0,1,0,0,0,2,0,2,0,0,0,2
舒適程度不好不壞，某些網路訂房未附早餐，要事先注意一下,1,0,1,0,0,0,2,0,2,0,0,0,2
整潔程度不好不壞，加訂早餐須跟櫃台告知,1,0,1,0,0,0,2,0,2,0,0,0,2
舒適度普通，整潔也普通，飯店餐廳供應時間,1,0,1,0,0,0,2,0,2,0,0,0,2
乾淨我覺得還行普通吧，可以在官網告知何時有大型團體入住，亦或者是在客人入住時告知隔天泳池會被團體占用。,1,0,1,0,0,0,2,0,2,0,0,0,2
一般的乾淨整潔度，希望冰淇淋跟其他分館一樣有花生口味,1,0,1,0,0,0,2,0,2,0,0,0,2
整潔普普通通還行，一般旅館大都是下午三點入住。,1,0,1,0,0,0,2,0,2,0,0,0,2
環境的舒適度普普，櫃檯人員的服務,1,0,1,0,0,0,2,0,2,0,0,0,2
可能是疫情關係，進大門就有種消毒味道，但還行，員工的服務,1,0,1,0,0,0,2,0,2,0,0,0,2
清潔還行，櫃檯服務人員的態度,1,0,1,0,0,0,2,0,2,0,0,0,2
整潔還行，櫃檯人員的態度,1,0,1,0,0,0,2,0,2,0,0,0,2
舒適程度還行算普通，接待人員的服務態度,1,0,1,0,0,0,2,0,2,0,0,0,2
舒適程度不好不壞，詢問旅遊景點時,1,0,1,0,0,0,2,0,2,0,0,0,2
整潔程度不好不壞，服務的情緒,1,0,1,0,0,0,2,0,2,0,0,0,2
舒適度普通，整潔也普通，停車時人員的協助,1,0,1,0,0,0,2,0,2,0,0,0,2
乾淨我覺得還行普通吧，晚餐的菜色,1,0,1,0,0,0,2,0,2,0,0,0,2
一般的乾淨整潔度，櫃臺服務人員服務,1,0,1,0,0,0,2,0,2,0,0,0,2
整潔還行，大夜班人員服務態度,1,0,1,0,0,0,2,0,2,0,0,0,2
舒適程度還行算普通，房務人員的態度,1,0,1,0,0,0,2,0,2,0,0,0,2
舒適程度不好不壞，員工服務態度,1,0,1,0,0,0,2,0,2,0,0,0,2
整潔程度不好不壞，限金額刷卡,1,0,1,0,0,0,2,0,2,0,0,0,2
舒適度普通，整潔也普通，櫃檯的服務態度,1,0,1,0,0,0,2,0,2,0,0,0,2
乾淨我覺得還行普通吧，早餐的環境和菜色,1,0,1,0,0,0,2,0,2,0,0,0,2
一般的乾淨整潔度，交通資料提供,1,0,1,0,0,0,2,0,2,0,0,0,2
整潔還行，櫃檯服務～ 因為我是接近晚上12點才抵達～,1,0,1,0,0,0,2,0,2,0,0,0,2
舒適程度還行算普通，早餐普通,1,0,1,0,0,0,2,0,2,0,0,0,2
舒適程度不好不壞，早餐一般。,1,0,1,0,0,0,2,0,2,0,0,0,2
整潔程度不好不壞，早餐普普,1,0,1,0,0,0,2,0,2,0,0,0,2
舒適度普通，整潔也普通，沒有提供拖鞋，若有需要可自行攜帶。,1,0,1,0,0,0,2,0,2,0,0,0,2
乾淨我覺得還行普通吧，有接駁車。可是要提前預約,1,0,1,0,0,0,2,0,2,0,0,0,2
一般的乾淨整潔度，早餐第一次是吃火鍋,1,0,1,0,0,0,2,0,2,0,0,0,2
整潔普普通通還行，特殊的早餐,1,0,1,0,0,0,2,0,2,0,0,0,2
環境的舒適度普普，早餐吃火鍋，第一次經歷。,1,0,1,0,0,0,2,0,2,0,0,0,2
可能是疫情關係，進大門就有種消毒味道，但還行，早餐 吃小火鍋 ,1,0,1,0,0,0,2,0,2,0,0,0,2
清潔還行，希望能附早餐,1,0,1,0,0,0,2,0,2,0,0,0,2
整潔還行，雖然現在防疫，但能否建議早餐有咖啡的選項，謝謝。,1,0,1,0,0,0,2,0,2,0,0,0,2
舒適程度還行算普通，希望房間有提供脫鞋穿著,1,0,1,0,0,0,2,0,2,0,0,0,2
舒適程度不好不壞，希望可提供加床服務,1,0,1,0,0,0,2,0,2,0,0,0,2
整潔程度不好不壞，希望提供單車租借,1,0,1,0,0,0,2,0,2,0,0,0,2
舒適度普通，整潔也普通，連續住了三天，希望可以用優惠價提供早餐,1,0,1,0,0,0,2,0,2,0,0,0,2
整潔普普通通還行，是否在客人入住時提醒客人，飯店各樓層房間、走廊嚴禁抽煙。,1,0,1,0,0,0,2,0,2,0,0,0,2
環境的舒適度普普，早餐讓我想起當兵的伙食兵,1,0,1,0,0,0,2,0,2,0,0,0,2
可能是疫情關係，進大門就有種消毒味道，但還行，服務員態度一般,1,0,1,0,0,0,2,0,2,0,0,0,2
清潔還行，建議提供換洗衣袋！,1,0,1,0,0,0,2,0,2,0,0,0,2
整潔還行，早餐普通。,1,0,1,0,0,0,2,0,2,0,0,0,2
舒適程度還行算普通，早餐一般,1,0,1,0,0,0,2,0,2,0,0,0,2
舒適程度不好不壞，員工的態度,1,0,1,0,0,0,2,0,2,0,0,0,2
整潔程度不好不壞，在下訂房間時旅店會先刷一筆「預先授權」，check in的時候在刷一筆，如果沒有問的話會以為刷了兩次，「預先授權」是指把信用卡的額度先扣住，等店家不請款才還,1,0,1,0,0,0,2,0,2,0,0,0,2
舒適度普通，整潔也普通，早餐偏中式。,1,0,1,0,0,0,2,0,2,0,0,0,2
整潔程度不好不壞，櫃臺服務普通,1,0,1,0,0,0,2,0,2,0,0,0,2
舒適度普通，整潔也普通，停車方面這邊合作的停車場就是地下室的台灣聯通，業者只負擔一次的停車費，所以建議要回去休息過夜時的那一次再把車停下去，或是停最長時間的一次讓業者負擔，其他就只能自行負擔停車費。,1,0,1,0,0,0,2,0,2,0,0,0,2
乾淨我覺得還行普通吧，早餐為一般中式早點。,1,0,1,0,0,0,2,0,2,0,0,0,2
一般的乾淨整潔度，早餐偏韓式,1,0,1,0,0,0,2,0,2,0,0,0,2
整潔普普通通還行，早餐由外籍廚工烹煮,1,0,1,0,0,0,2,0,2,0,0,0,2
環境的舒適度普普，早餐選項不多～沒大礙,1,0,1,0,0,0,2,0,2,0,0,0,2
可能是疫情關係，進大門就有種消毒味道，但還行，早餐平平,1,0,1,0,0,0,2,0,2,0,0,0,2
清潔還行，早餐、晚餐菜色普通,1,0,1,0,0,0,2,0,2,0,0,0,2
整潔還行，服務普通,1,0,1,0,0,0,2,0,2,0,0,0,2
早餐很豐富，座位寬敞舒適，適合全家旅遊。,1,1,1,0,0,0,1,1,1,0,0,0,1
很舒適，有禮貌,1,0,1,0,0,0,1,0,1,0,0,0,1
地點非常好，服務人員專業且細心，家庭房空間大、浴室設備佳、床鋪枕頭舒適。因為陪考到下午，讓我們延後至14:00退房。,1,1,1,1,0,0,1,1,1,1,0,0,1
地毯乾淨舒適，服務人員態度良好,1,1,0,0,0,0,1,1,0,0,0,0,1
員工服務態度親切，房間舒適,1,1,1,0,0,0,1,1,1,0,0,0,1
離捷運站很近，交通便利！床鋪柔軟度適中，非常舒適！,1,1,0,1,0,0,1,1,0,1,0,0,1
乾淨，溫馨，地點便利，推薦HOTEL內附屬的每一間餐廳，每間餐廳都有特色， 健身設施充足，桑拿舒適,1,1,0,1,0,0,1,1,0,1,0,0,1
床很舒適，環境乾淨，交通方便，服務貼心,1,1,1,1,0,0,1,1,1,1,0,0,1
空間寬敞，明亮舒適，床很舒服,1,1,0,0,0,0,1,1,0,0,0,0,1
床跟枕頭都很舒適,1,1,0,0,0,0,1,1,0,0,0,0,1
早餐相當美味，選擇也多。特別是西式早餐的現做歐姆蛋，堪稱完美。麵包種類選擇相當多。雖是在4F西式早餐區用餐，但亦有炒飯、蘿蔔糕以及叉燒酥等中式餐點選項，安排十分周到。整體而言，食物新鮮美味，物超所值。衛浴設備相當整潔，床非常舒適，迎賓飲料為這趟住宿增色不少。,1,1,1,0,1,0,1,1,1,0,1,0,1
房間雖舊，但舒適,1,1,0,0,0,0,1,3,0,0,0,0,1
服務親切且許多貼心的設計。浴袍舒適，衣帽間晾微雨的大衣剛好，且房間有雨傘不怕臨時天氣變化。,1,1,1,0,0,0,1,1,1,0,0,0,1
早餐好吃。床大很舒適，員工很有禮貌。浴室有淋浴跟浴缸不錯。,1,1,1,0,0,0,1,1,1,0,0,0,1
房間大小舒適,1,1,0,0,0,0,1,1,0,0,0,0,1
舒適沒話說,1,0,0,0,0,0,1,0,0,0,0,0,1
飯店位置方便，房間舒適,1,1,0,1,0,0,1,1,0,1,0,0,1
服務態度超好，舒適，熱情但不讓人感到緊迫盯人。早餐品項略少，但補食材速度快，新鮮好吃。福華幾乎已成我們家族的首選,1,0,1,0,0,0,1,0,1,0,0,0,1
房間整體很乾淨床很舒適，地點很好,1,1,0,1,0,0,1,1,0,1,0,0,1
早餐選擇多，房間寬敞舒適,1,1,1,0,0,0,1,1,1,0,0,0,1
房間整潔舒適，隔音良好。建築的整體設計非常棒，房間露台雖向中庭，有天窗引入柔和的自然光線。,1,1,0,0,0,0,1,1,0,0,0,0,1
床很舒適,1,1,0,0,0,0,1,1,0,0,0,0,1
房間舒適，服務好,1,1,1,0,0,0,1,1,1,0,0,0,1
西式早餐很好，房間床很舒適,1,1,1,0,0,0,1,1,1,0,0,0,1
早餐很多選擇又好吃～家庭房乾淨又舒適，很棒！！,1,1,1,0,0,0,1,1,1,0,0,0,1
床鋪舒適及家庭房的空間大,1,1,0,0,0,0,1,1,0,0,0,0,1
房間整潔，睡床舒適,1,1,0,0,0,0,1,1,0,0,0,0,1
員工親切，飯店舒適,1,0,1,0,0,0,1,0,1,0,0,0,1
地下停車場沒有電梯到大廳，只有樓梯及手扶梯。員工服務態度可以再更親切一點。家庭房的一大床是用兩床墊拼裝的，睡起來不舒適！,1,1,1,0,0,0,3,3,3,0,0,0,3
要入住辦手續真的等很久，櫃台人員也不會順便告知優惠，讓人感覺滿差的。入住的4人房是由2間雙人房打通的，其中一間的床舖竟然是臨時床的床舖，所以舒適度非常的不好。,1,1,1,0,0,0,3,3,3,0,0,0,3
房間乾淨舒適，員工親切服務,1,1,1,0,0,0,1,1,1,0,0,0,1
地點方便， 清潔， 舒適,1,0,0,1,0,0,1,0,0,1,0,0,1
地點方便、房間舒適、餐點選擇多,1,1,1,1,0,0,1,1,1,1,0,0,1
交通方便。床舒適。人員親切,1,1,1,1,0,0,1,1,1,1,0,0,1
舒適便利，安靜舒適，鄰近美食,1,0,0,1,0,0,1,0,0,1,0,0,1
乾淨，舒適！,1,0,0,0,0,0,1,0,0,0,0,0,1
地點方便，房間整修後很舒適,1,1,0,1,0,0,1,1,0,1,0,0,1
乾淨且舒適。鄰近鬧區。距離兩個捷運站走路約5-10分鐘,1,0,0,1,0,0,1,0,0,1,0,0,1
福華體系的飯店住了數次， 房間大小令人覺得舒適， 尤其此次帶著小孩， 不用擔心東碰西撞， 服務態度亦保持一定水準， 此外房間的備品等級也提升了,1,1,1,0,0,0,1,1,1,0,0,0,1
環境舒適、乾淨、服務態度好,1,0,1,0,0,0,1,0,1,0,0,0,1
舒適、乾淨、交通便利,1,0,0,1,0,0,1,0,0,1,0,0,1
交通便利 ， 房間舒適乾淨， 服務人員態度佳,1,1,1,1,0,0,1,1,1,1,0,0,1
清潔力真的要好好重視，已經在好幾處看到壁癌了，價錢不是普通的貴欸,1,0,0,0,1,0,3,0,0,0,3,0,3
有蚊子，沒做好清潔歐，房價實在貴得驚人,1,0,0,0,1,0,3,0,0,0,3,0,3
晚上睡覺有蚊子，女兒一早起床，被叮了好多包，五星級的飯店?別笑死人了,1,0,0,0,1,0,3,0,0,0,3,0,3
突然有蟲，價位對一般人來說 實在太貴了,1,0,0,0,1,0,3,0,0,0,3,0,3
蚊子多到爆 一整晚蚊子打不完 凌晨三點多還打不完，價格不能接受,1,0,0,0,1,0,3,0,0,0,3,0,3
蚊子有點多，以假日這一個接近2000元的價位，我不能接受,1,0,0,0,1,0,3,0,0,0,3,0,3
蚊子真的超級多，在戶外想要聊天都要一直狂噴防蚊液，還是無法阻止飢餓的蚊子大軍。，酒店的價格不算親民，要好好考慮,1,0,0,0,1,0,3,0,0,0,3,0,3
手腳都被叮到一顆一顆的很癢，不知道是跳蚤還是蚊子叮，在春節時間入住，價格有點小貴,1,0,0,0,1,0,3,0,0,0,3,0,3
蚊子好多還出現綠色搖蚊，早餐價位以台南來說比較不吸引人,1,0,0,0,1,0,3,0,0,0,3,0,3
房間有蚊子，被叮得好痛。，比較貴,1,0,0,0,1,0,3,0,0,0,3,0,3
有蚊子……被叮，好幾個紅點，哭。，差不多吧。若以常住飯店的我來說，價錢相對房間空間來說 ，CP值低了點。,1,0,0,0,1,0,3,0,0,0,3,0,3
有一隻蚊子，這是美中不足的地方。，有點小貴,1,0,0,0,1,0,3,0,0,0,3,0,3
有怪氣味，價格太高了，便宜一點會有比較高的性價比,1,0,0,0,1,0,3,0,0,0,3,0,3
有前房客遺留的襪子，稍貴,1,0,0,0,1,0,3,0,0,0,3,0,3
菸味 ，價錢不符合居住空間大小,1,0,0,0,1,0,3,0,0,0,3,0,3
都沒有好好的打掃….，價格偏高,1,0,0,0,1,0,3,0,0,0,3,0,3
菸味，價錢有點貴,1,0,0,0,1,0,3,0,0,0,3,0,3
剛進去有裝潢味，性價比不怎麼高,1,0,0,0,1,0,3,0,0,0,3,0,3
煙味很重......，假日星期六的房價也不親民。,1,0,0,0,1,0,3,0,0,0,3,0,3
裝潢材料味道太重，訂了四間房間，因為假錢差了一倍，所以下次還是要再注意一點不然客人感受真的很不好。,1,0,0,0,1,0,3,0,0,0,3,0,3
雖然寫禁煙，但是煙味還是很重，早餐費太貴,1,0,0,0,1,0,3,0,0,0,3,0,3
空氣異味，沒有順利入住原先預定的房型，訂房網價格比現場訂房貴,1,0,0,0,1,0,3,0,0,0,3,0,3
有點不喜歡，雖然有開窗通風，但是氣味留在室內還是聞得到。，週六房價訂價太貴，導致性價比太低。,1,0,0,0,1,0,3,0,0,0,3,0,3
有整潔問題，房間價格貴,1,0,0,0,1,0,3,0,0,0,3,0,3
用餐環境需要改進太糟太髒了，性價比太低,1,0,0,0,1,0,3,0,0,0,3,0,3
有霉味，價格不符合期待,1,0,0,0,1,0,3,0,0,0,3,0,3
有菸味，房價太貴了,1,0,0,0,1,0,3,0,0,0,3,0,3
有股悶味，房價可以再便宜一點，CP低,1,0,0,0,1,0,3,0,0,0,3,0,3
消毒水太濃，CP值低,1,0,0,0,1,0,3,0,0,0,3,0,3
有煙味。，cp低,1,0,0,0,1,0,3,0,0,0,3,0,3
有皮屑太不ok了，中規中矩，這價位應該有更多可以選擇。,1,0,0,0,1,0,3,0,0,0,3,0,3
有蟑螂，房價略高,1,0,0,0,1,0,3,0,0,0,3,0,3
有很多小蟲很恐怖，在booking訂比較貴,1,0,0,0,1,0,3,0,0,0,3,0,3
灰塵很多很不舒服，booking的訂房系統價格較昂貴,1,0,0,0,1,0,3,0,0,0,3,0,3
有異味，噁，價格上來說偏高,1,0,0,0,1,0,3,0,0,0,3,0,3
有霉味，讓人很不舒服，真的要說不滿意的就只有價格略高,1,0,0,0,1,0,3,0,0,0,3,0,3
有菸味臭死了，價格再優惠一些就更好了。,1,0,0,0,1,0,3,0,0,0,3,0,3
有煙味，很臭，性價比不算好,1,0,0,0,1,0,3,0,0,0,3,0,3
有尿騷味 噁，一點也不物超所值,1,0,0,0,1,0,3,0,0,0,3,0,3
有怪味，太糟糕，房價不夠親民,1,0,0,0,1,0,3,0,0,0,3,0,3
芳香劑太香了讓人想吐，cp值實在不怎麼樣,1,0,0,0,1,0,3,0,0,0,3,0,3
有屎味，性價比很不OK,1,0,0,0,1,0,3,0,0,0,3,0,3
有不明味道，不是很好，房價實在太貴了，不值得,1,0,0,0,1,0,3,0,0,0,3,0,3
真的很髒，這個價錢不值的入住,1,0,0,0,1,0,3,0,0,0,3,0,3
有很多灰塵，這個價錢可以找到更好的飯店,1,0,0,0,1,0,3,0,0,0,3,0,3
清潔沒確實，價錢實在太貴了，cp值不夠好,1,0,0,0,1,0,3,0,0,0,3,0,3
整潔度真的很差，這個價錢可以住到更好的,1,0,0,0,1,0,3,0,0,0,3,0,3
打掃沒確實，有霉味，cp值不好,1,0,0,0,1,0,3,0,0,0,3,0,3
味道刺鼻，消毒水味超重，清潔也沒很好，cp值不夠優,1,0,0,0,1,0,3,0,0,0,3,0,3
有壁癌和霉味，cp值太低了,1,0,0,0,1,0,3,0,0,0,3,0,3
打掃沒確實，價位不夠一至，我們朋友跟我們一樣，這個真的有需要改進，否則消費者知道會不高興的,1,0,0,0,1,0,3,0,0,0,3,0,3
清潔也沒很好，價格歧視讓人不想預訂,1,0,0,0,1,0,3,0,0,0,3,0,3
味道不好，cp值不高,1,0,0,0,1,0,3,0,0,0,3,0,3
芳香劑味道太重，價格偏貴 ,1,0,0,0,1,0,3,0,0,0,3,0,3
味兒也不好，價格稍高,1,0,0,0,1,0,3,0,0,0,3,0,3
有霉味無法接受，等同價位設計旅店等級有明顯差距,1,0,0,0,1,0,3,0,0,0,3,0,3
氣味濃郁到讓人想吐，假日住房費希望可以更低一點,1,0,0,0,1,0,3,0,0,0,3,0,3
氣味差，因為太晚訂了，所以入住價格幾乎可以住雙人房了,1,0,0,0,1,0,3,0,0,0,3,0,3
味道臭，光床位就800，其實不便宜。,1,0,0,0,1,0,3,0,0,0,3,0,3
有霉味不好聞，飯店價位略高,1,0,0,0,1,0,3,0,0,0,3,0,3
清潔劑味道好噁心，價錢真的不便宜，要考慮清楚在下訂。,1,0,0,0,1,0,3,0,0,0,3,0,3
有煙味大扣分，價位可以在親民一點會更完美,1,0,0,0,1,0,3,0,0,0,3,0,3
進門後有微微廁所味 讓人受不了，房價有點小貴,1,0,0,0,1,0,3,0,0,0,3,0,3
自己還要酒精消毒一遍，價格太過分，絕對不會再入住也不推薦任何人。,1,0,0,0,1,0,3,0,0,0,3,0,3
剛入房時還有打掃完後都清楚可見毛髮，可能因為假日關係房價高了點只是覺得還是有許多不足的地方,1,0,0,0,1,0,3,0,0,0,3,0,3
可能有跳蚤，假日價錢偏高,1,0,0,0,1,0,3,0,0,0,3,0,3
清洁方面需要大大的改進，cp值很不ok,1,0,0,0,1,0,3,0,0,0,3,0,3
一打開門就看到小強，整個就是...唉便宜...有地方睡跟洗澡,1,0,0,0,1,0,3,0,0,0,3,0,3
還遺留其他客人用過的用品，說旅店cp值超好，根本就是騙人的，明明就爛到爆。,1,0,0,0,1,0,3,0,0,0,3,0,3
有臭酸味，性價比太差了,1,0,0,0,1,0,3,0,0,0,3,0,3
霉味很重，價錢太差了,1,0,0,0,1,0,3,0,0,0,3,0,3
有潮濕味，性價比不好,1,0,0,0,1,0,3,0,0,0,3,0,3
有油垢味，性價比太不OK,1,0,0,0,1,0,3,0,0,0,3,0,3
清洁方面需要大力改善，價錢不優,1,0,0,0,1,0,3,0,0,0,3,0,3
有明顯的異味，價錢不親民貴死,1,0,0,0,1,0,3,0,0,0,3,0,3
稍有煙味，價錢不親民,1,0,0,0,1,0,3,0,0,0,3,0,3
有跳蚤出沒，價錢太貴,1,0,0,0,1,0,3,0,0,0,3,0,3
可以看到一些黑黑發霉狀態。，以這樣的價格，我會願意再加價住更好一點的飯店。,1,0,0,0,1,0,3,0,0,0,3,0,3
環境衛生不太優，沒有四星級的價值浪費了我的錢,1,0,0,0,1,0,3,0,0,0,3,0,3
發現有前一位房客用過的衛生用品。，房價太貴,1,0,0,0,1,0,3,0,0,0,3,0,3
不干淨……不值五星，房價貴鬆鬆,1,0,0,0,1,0,3,0,0,0,3,0,3
濕氣有點重很不舒服，房價貴，卻沒有相等的感覺,1,0,0,0,1,0,3,0,0,0,3,0,3
可能房務查房時要在仔細，東西沒清理乾淨，性價比不是算好,1,0,0,0,1,0,3,0,0,0,3,0,3
冰箱小櫃子上方有一隻小蟑螂跑出來，cp值太低,1,0,0,0,1,0,3,0,0,0,3,0,3
濕氣有點重，對於用這個價格入住，我覺得不值,1,0,0,0,1,0,3,0,0,0,3,0,3
煙味煙味煙味太重了，昂貴的價錢，不夠好,1,0,0,0,1,0,3,0,0,0,3,0,3
煙味有點重，這個錢我可以去住更好的,1,0,0,0,1,0,3,0,0,0,3,0,3
煙味很重，這價錢實在是對人不是很親民,1,0,0,0,1,0,3,0,0,0,3,0,3
煙味需注意很臭，讓我白花錢住這間了，根本爛阿,1,0,0,0,1,0,3,0,0,0,3,0,3
整潔程度需要加強，整體來說有待改善，cp值不符合我的期待,1,0,0,0,1,0,3,0,0,0,3,0,3
乾淨度尚需努力，價格貴，浪費我的錢錢，五星級是假的嗎?評選為五星級到底怎麼來的????,1,0,0,0,1,0,3,0,0,0,3,0,3
很多地方都有一股令人不喜的氣味。，這價錢不符合五星級,1,0,0,0,1,0,3,0,0,0,3,0,3
需要注意一下，整理房務時請務必查看冰箱內是否有位丟棄的飲料或食物。謝謝，cp值過低,1,0,0,0,1,0,3,0,0,0,3,0,3
希望客戶還在吃早餐時先不要掃地，感覺很不好，且食物沒蓋起來，cp值爆低，千萬別住阿,1,0,0,0,1,0,3,0,0,0,3,0,3
有點灰塵，性價比有夠爛，貴死人，也沒比較好啊,1,0,0,0,1,0,3,0,0,0,3,0,3
有女性頭髮 不只一根，價錢太貴了，不值得住,1,0,0,0,1,0,3,0,0,0,3,0,3
有揮之不去的屎味，價錢很貴，有更好的住宿,1,0,0,0,1,0,3,0,0,0,3,0,3
環境 香水味太重，這個價錢不值得一住,1,0,0,0,1,0,3,0,0,0,3,0,3
一直聞到一股味道…，這個價錢，比我在家住還差,1,0,0,0,1,0,3,0,0,0,3,0,3
但有一些些遺憾打掃未落實，價錢實在是不怎麼親民，cp值也沒到很好,1,0,0,0,1,0,3,0,0,0,3,0,3
濃濃的芳香劑味道 味道讓人很不舒服，cp值很低,1,0,0,0,1,0,3,0,0,0,3,0,3
有殺蟲劑的味道，價錢不怎麼優質，我寧願去別的地方住,1,0,0,0,1,0,3,0,0,0,3,0,3
有小蟑螂，性價比實在是太差了,1,0,0,0,1,0,3,0,0,0,3,0,3
煙味 清潔有待加強，價錢貴，cp值差,1,0,0,0,1,0,3,0,0,0,3,0,3
發現一根長頭髮，cp值有夠低,1,0,0,0,1,0,3,0,0,0,3,0,3
有一股消毒水的味道，cp值不怎麼好欸,1,0,0,0,1,0,3,0,0,0,3,0,3
清潔有待加強，許多處有灰塵堆積，這個價錢應該要有好的品質吧,1,0,0,0,1,0,3,0,0,0,3,0,3
有點煙味，價錢昂貴，不值得入住,1,0,0,0,1,0,3,0,0,0,3,0,3
有螞蟻，cp值不值得一提，實在是爛,1,0,0,0,1,0,3,0,0,0,3,0,3
整潔待改善，爛的cp值，不會再住了,1,0,0,0,1,0,3,0,0,0,3,0,3
唯一缺點就是有小螞蟻，浪費我的金錢，一晚花了好幾張小朋友，卻沒想像中的高品質,1,0,0,0,1,0,3,0,0,0,3,0,3
看起來完全沒有清過，cp值過低，無品質可言,1,0,0,0,1,0,3,0,0,0,3,0,3
清潔香氛氣味太重，反倒讓人不舒服，我說品質呢?都花了那麼多錢，卻沒什麼CP值可說,1,0,0,0,1,0,3,0,0,0,3,0,3
霉味太重，這住宿品質 真的很不值得這個價格,1,0,0,0,1,0,3,0,0,0,3,0,3
還是有菸味，性價比好到不會在入住,1,0,0,0,1,0,3,0,0,0,3,0,3
但是很多地方都有一股令人不喜的氣味。，這個價錢可以再住更更更更好的旅店阿,1,0,0,0,1,0,3,0,0,0,3,0,3
有老舊的味道，價錢優質到我不會向他人介紹這家,1,0,0,0,1,0,3,0,0,0,3,0,3
霉味對一個沒有中控的旅社而言，是個難題...，這個價位我應該可以享受到更好的才對啊,1,0,0,0,1,0,3,0,0,0,3,0,3
乾淨度可再加強，錢花得一點也不值得,1,0,0,0,1,0,3,0,0,0,3,0,3
有很濃的芳香劑味道，歡迎錢多的可以來這家飯店浪費錢,1,0,0,0,1,0,3,0,0,0,3,0,3
唯一的小缺點是有發現小蟑螂 ，性價比真的讓人發笑，呵呵呵，千萬不要來,1,0,0,0,1,0,3,0,0,0,3,0,3
一進房就有蟑螂，CP值夠好，好到我想多留幾條負評,1,0,0,0,1,0,3,0,0,0,3,0,3
打掃人員應再仔細，有上位房客使用後的東西及毛髮尚未清理乾淨，給予負評的優質Cp值,1,0,0,0,1,0,3,0,0,0,3,0,3
整潔度很差，根本負分的CP值,1,0,0,0,1,0,3,0,0,0,3,0,3
很重香精味！，CP值好到我都想當下離開這家飯店欸,1,0,0,0,1,0,3,0,0,0,3,0,3
衛生條件不好，CP值根本沒有傳聞說的那麼好,1,0,0,0,1,0,3,0,0,0,3,0,3
整潔度不佳，這麼高的價錢，為甚麼還會有人來，又沒多好,1,0,0,0,1,0,3,0,0,0,3,0,3
房務人員清潔訓練應加強，錢花得很值得，值得到我留下一堆建議和負評,1,0,0,0,1,0,3,0,0,0,3,0,3
髒，超爛的cp直,1,0,0,0,1,0,3,0,0,0,3,0,3
清潔有很大的進步空間，cp值爛透的,1,0,0,0,1,0,3,0,0,0,3,0,3
前一住客留在桌上的飲料水漬還在，感覺只有把東西歸位及換上備品而已。，令人失望的cp值,1,0,0,0,1,0,3,0,0,0,3,0,3
有明顯菸味，說好的優質cp值呢，浪費我的錢,1,0,0,0,1,0,3,0,0,0,3,0,3
環境整潔需加強，cp值實在不高,1,0,0,0,1,0,3,0,0,0,3,0,3
令人難以入眠，持續了一個小時的臭味，逼著我要帶口罩睡覺，睡眠品質大打折扣。，價錢算高嘍??,1,0,0,0,1,0,3,0,0,0,3,0,3
細節未打掃乾淨，住宿價格有點貴,1,0,0,0,1,0,3,0,0,0,3,0,3
清潔度不佳，這個價格不符合我的期待,1,0,0,0,1,0,3,0,0,0,3,0,3
整潔方面再多注意囉，價錢實在很貴,1,0,0,0,1,0,3,0,0,0,3,0,3
煙味太重，價錢實在不便宜,1,0,0,0,1,0,3,0,0,0,3,0,3
清洁需要多注意，房價不便宜,1,0,0,0,1,0,3,0,0,0,3,0,3
有小髒螂超噁心，cp值部怎樣,1,0,0,0,1,0,3,0,0,0,3,0,3
在一些細節方面也確實暴露出了『汽車旅館』先天上的缺陷，像是整理不夠細膩、環境中的煙味等等，cp值不高歐,1,0,0,0,1,0,3,0,0,0,3,0,3
空氣循環不好，有異味，cp值不像網站上的那麼高,1,0,0,0,1,0,3,0,0,0,3,0,3
整理不夠細膩，cp值太差了,1,0,0,0,1,0,3,0,0,0,3,0,3
有前客人的腳指甲屑，cp值不優,1,0,0,0,1,0,3,0,0,0,3,0,3
灰塵有點多，cp值不佳,1,0,0,0,1,0,3,0,0,0,3,0,3
稍微有一些油漆味，價錢不怎麼優惠,1,0,0,0,1,0,3,0,0,0,3,0,3
灰塵多，價錢過高,1,0,0,0,1,0,3,0,0,0,3,0,3
有小強，房價太過昂貴,1,0,0,0,1,0,3,0,0,0,3,0,3
入住時床位完全沒有整理 個人沒有潔癖所以就不反應了。，價格不成正比,1,0,0,0,1,0,3,0,0,0,3,0,3
煙臭味，cp值有待加強,1,0,0,0,1,0,3,0,0,0,3,0,3
菸臭味，cp值實在太差了,1,0,0,0,1,0,3,0,0,0,3,0,3
不舒服，缺點就是cp值不值得入住,1,0,0,0,1,0,3,0,0,0,3,0,3
睡到一半竟然有老鼠闖入，嚇死了！，這個價錢不值得住,1,0,0,0,1,0,3,0,0,0,3,0,3
有很濃的蟑螂味，這個房價可以去住更好的,1,0,0,0,1,0,3,0,0,0,3,0,3
清潔度還是有差。，這個價錢不配五星級,1,0,0,0,1,0,3,0,0,0,3,0,3
灰塵多，窗外都鳥糞，價錢高實在與高級飯店相差甚遠,1,0,0,0,1,0,3,0,0,0,3,0,3
不乾淨，無法好好休息，cp值是我遇過最差的,1,0,0,0,1,0,3,0,0,0,3,0,3
太髒了，最差的cp值,1,0,0,0,1,0,3,0,0,0,3,0,3
有一隻小蟲，不優的cp值,1,0,0,0,1,0,3,0,0,0,3,0,3
潮濕味、煙味、怪味，不便宜的價格，cp值爛,1,0,0,0,1,0,3,0,0,0,3,0,3
潮濕味，爛cp值,1,0,0,0,1,0,3,0,0,0,3,0,3
怪味，性價比不怎麼好呢,1,0,0,0,1,0,3,0,0,0,3,0,3
衛生可以再加強。，性價比差,1,0,0,0,1,0,3,0,0,0,3,0,3
沒有乾淨舒適，糟糕的體驗。，性價比不優,1,0,0,0,1,0,3,0,0,0,3,0,3
灰塵很多沒打掃，性價比不好，有更好的旅店,1,0,0,0,1,0,3,0,0,0,3,0,3
上一個旅客的毛巾沒收，性價比不佳,1,0,0,0,1,0,3,0,0,0,3,0,3
晚上睡覺時在床上發現一隻小蟲蟲，沒打掃好。，性價比太爛了,1,0,0,0,1,0,3,0,0,0,3,0,3
有蚊蟲建議加強清潔消毒，小朋友隔天早上手跟臉都有一包一包的紅腫，整體體驗實在太不好了，性價比打個大叉叉,1,0,0,0,1,0,3,0,0,0,3,0,3
整體清潔有待改善，cp值相當不好,1,0,0,0,1,0,3,0,0,0,3,0,3
空氣十分不佳，cp值很差，差到極點。,1,0,0,0,1,0,3,0,0,0,3,0,3
不乾淨、老舊，房間的品質完全體現便宜的價格,1,0,0,0,1,0,3,0,0,0,3,0,3
潮濕，春節假期入住比原本平常時間貴,1,0,0,0,1,0,3,0,0,0,3,0,3
整潔度呵呵爛爆，跟台南區其它地區相比，同樣的錢住宿環境品質沒有比較好,1,0,0,0,1,0,3,0,0,0,3,0,3
整潔度再加強一點好嗎，環境便宜有便宜的代價,1,0,0,0,1,0,3,0,0,0,3,0,3
整潔度完全好到讓我想當天快速遠離。，絕對不會再入住也不推薦任何人。,1,0,0,0,1,0,3,0,0,0,3,0,3
清潔好到一堆蟑螂跟我打招呼，性價比真的不是太好,1,0,0,0,1,0,3,0,0,0,3,0,3
清潔真是好到不行，一堆小強欸，花這錢花得太不值得了,1,0,0,0,1,0,3,0,0,0,3,0,3
一堆灰塵是要讓我吃灰塵嗎，明明以前很便宜阿，為甚麼現在價錢那麼貴，cp值也有所下降,1,0,0,0,1,0,3,0,0,0,3,0,3
整潔度讓我想到垃圾車的味道呢，唉!以為是會個不錯的體驗，但cp值實在太低了,1,0,0,0,1,0,3,0,0,0,3,0,3
乾淨整潔都是騙人的，一晚5000也是不便宜，但老實說跟平價民宿沒什麼差別,1,0,0,0,1,0,3,0,0,0,3,0,3
評論說乾淨整潔是假的嗎，看起來很高級，想說花錢體驗看看，結果真的太令人失望了，根本就不值得花那麼多錢住,1,0,0,0,1,0,3,0,0,0,3,0,3
房務人員的打掃真的可以呵呵，麻煩辭職好嗎，如果價錢能更便宜就好了…,1,0,0,0,1,0,3,0,0,0,3,0,3
噁心死了一堆蟲，直接掰掰不住了，cp值沒有到讓人很滿意,1,0,0,0,1,0,3,0,0,0,3,0,3
一堆灰塵是讓我想過敏嗎，花錢花得真冤望，品質真不好，cp值大扣分,1,0,0,0,1,0,3,0,0,0,3,0,3
尿騷味有夠重，有錢也不要來這家住,1,0,0,0,1,0,3,0,0,0,3,0,3
屎味有夠重，不是阿，我花錢是來享受的，為甚麼都沒有享受的感覺，糟糕的性價比,1,0,0,0,1,0,3,0,0,0,3,0,3
清潔人員的視力真的很好，這麼大的垃圾居然沒看到，留下前一個房客所吃的食物。，糟糕的性價比,1,0,0,0,1,0,3,0,0,0,3,0,3
有兩隻小蟑螂，都花錢了，卻是帶著失望的感受回家，cp值真太差差差差差差了,1,0,0,0,1,0,3,0,0,0,3,0,3
整潔度實在很差，根本就不適合人住，性價比的部分 痾…蠻失望的,1,0,0,0,1,0,3,0,0,0,3,0,3
都有壁癌了，不知道為甚麼都不翻新，房價真得不便宜，cp值勉強,1,0,0,0,1,0,3,0,0,0,3,0,3
都長青苔了，還不清嗎，花錢真的花心酸的,1,0,0,0,1,0,3,0,0,0,3,0,3
霉味好重，讓人非常的不舒服，價錢的部分真得不好說，我是不會在住第二次了,1,0,0,0,1,0,3,0,0,0,3,0,3
一直聞到燒焦的味道，cp值極差，非常不推這家飯店,1,0,0,0,1,0,3,0,0,0,3,0,3
有種說不上來的怪味道，這個價格不符合我的期待,1,0,0,0,1,0,3,0,0,0,3,0,3
整潔度真的有待加強，要好好注意打掃才對。，價錢實在很貴,1,0,0,0,1,0,3,0,0,0,3,0,3
打掃不確實，棉絮到處飛，價錢實在不便宜,1,0,0,0,1,0,3,0,0,0,3,0,3
一堆小蟲到處飛，房價不便宜,1,0,0,0,1,0,3,0,0,0,3,0,3
好多小蟲子還會咬人好可怕，cp值部怎樣,1,0,0,0,1,0,3,0,0,0,3,0,3
被跳蚤咬了!!!!!!!!!，cp值不高歐,1,0,0,0,1,0,3,0,0,0,3,0,3
不乾淨，害我皮膚好癢，cp值不像網站上的那麼高,1,0,0,0,1,0,3,0,0,0,3,0,3
癢死了!到底有沒有在好好打掃，cp值太差了,1,0,0,0,1,0,3,0,0,0,3,0,3
乾淨程度令人髮指，cp值不優,1,0,0,0,1,0,3,0,0,0,3,0,3
超級不乾淨的，霉味跟煙味有夠重，cp值不佳,1,0,0,0,1,0,3,0,0,0,3,0,3
一直聞到油耗味，是不是沒有打掃乾淨，價錢不怎麼優惠,1,0,0,0,1,0,3,0,0,0,3,0,3
香味重到令人不舒服，價錢過高,1,0,0,0,1,0,3,0,0,0,3,0,3
住得很不舒服，不會再來住了，列入黑名單，房價太過昂貴,1,0,0,0,1,0,3,0,0,0,3,0,3
極度讓人不舒服，很不乾淨，價格不成正比,1,0,0,0,1,0,3,0,0,0,3,0,3
實在不乾淨，也讓人不舒服，cp值極差，非常不推這家飯店,1,0,0,0,1,0,3,0,0,0,3,0,3
非常建議來這家飯店入住,0,0,0,0,0,1,0,0,0,0,0,1,1
防疫期間，要記得掃實名制登記,0,0,0,0,0,1,0,0,0,0,0,2,2
整體普通一般,0,0,0,0,0,1,0,0,0,0,0,2,2
整體的體驗普通,0,0,0,0,0,1,0,0,0,0,0,2,2
其他客人的行為也會影響到評分,0,0,0,0,0,1,0,0,0,0,0,2,2
如果可以想多待久一點,0,0,0,0,0,1,0,0,0,0,0,1,1
旅店養的狗狗好可愛,0,0,0,0,0,1,0,0,0,0,0,1,1
老闆的寵物實在是太可愛了，忍不住想跟牠玩,0,0,0,0,0,1,0,0,0,0,0,1,1
飯店整體都相當不錯，地點便利、服務親切、整潔舒適、床也相當的舒適，交誼廳還有提供電影觀看和零食，真的超棒的。一晚也不會太貴，真的物超所值，cp值相當高。,1,1,1,1,1,0,1,1,1,1,1,0,1
房間設計的比較奇怪，都在犄角旮旯裡面，然後沒有窗戶，我感覺不是特別好。,0,1,0,0,0,0,0,3,0,0,0,0,3
房間超乾淨超舒適，位置在市中心，去哪都方便！早餐也非常豐富呢！還提供小食和夜宵！,1,0,1,1,0,0,3,0,3,3,0,0,3
房間超級無敵小，第一次遇到行李都打不開的房間，這還是升等過的。,0,1,0,0,0,0,0,3,0,0,0,0,3
房間足夠大， 也很乾淨。 整個裝修也符合主題。 員工的服務態度也很好。整個旅程，好的旅店真的是一個加分項！,1,1,1,0,0,0,1,1,1,0,0,0,1
房間還是有點小，30寸箱子攤開就堵住通道了，燈光開關分不清，牙刷品質一般，顏色都一樣，2個人必須分開位置放,0,1,0,0,0,0,0,3,0,0,0,0,3
房間通風不好，或者空調不好，我咳嗽，晚上一進房間就咳得更厲害，開空調蓋被子，出汗,1,1,0,0,0,0,3,3,0,0,0,0,3
房間隔音不好，能聽到隔壁房間的水管的流水聲和走廊行人的聲音。枕頭不舒服。,0,1,0,0,0,0,0,3,0,0,0,0,3
房間隔音不好，隔壁放水聲都能聽到，客房服務差，寄存一隻箱子都不能，（我住二晚，到台中去二天，回來還住一晚，在前臺都不能寄存一隻箱子，讓我拖著二隻箱子旅遊）,0,1,1,0,0,0,0,3,3,0,0,0,3
房間隔音很差，第一晚入住就被附近的叫床聲騷擾的沒辦法好好睡。,0,1,0,0,0,1,0,3,0,0,0,3,3
房間隔音效果不好，樓上下隔壁房間有一點動靜，屋裡都能聽見。屋裡不透氣，有小蟲子咬人。,1,1,0,0,0,0,3,3,0,0,0,0,3
"房間非常狹窄，別人家的16平房間就遠遠沒用他家16平狹窄。而且設計非常不合理。在衣櫥和大門中間硬是塞了一個桌子，這個桌子的存在讓衣櫥門沒法全部打開，神一樣的設計
，我平時睡覺睡褲是到膝蓋的，膝蓋以下嚴重過敏，可能是床單不乾淨。不過不能確定是不是真的是他家，因為前面一天住的是高雄的康橋六合，不確定是因為高雄那家還是他家",1,1,0,0,0,0,3,3,0,0,0,0,3
房間面積相對狹小，但在這個地段也沒有辦法。房間裝修細節一般，有一些牆紙剝落的情況。,0,1,0,0,0,0,0,3,0,0,0,0,3
所在位置很便利，離捷運站很近！員工非常親切、服務態度良好，而且總是笑臉迎人，注重服務細節。,0,0,1,1,0,0,0,0,1,1,0,0,1
所有人員服務專業細心，平日CP值超高，浴室備品齊全，也絲毫不忽略細節，很用心。櫃台人員專業迅速細心，解說詳細，其他服務人員也很親切貼心。床很好睡，浴室乾溼分離水流水溫都很適當，空調也很舒適，網路快速流暢，水壺茶杯一塵不染亮晶晶。早餐自助式很好吃，服務人員也很足夠，動作俐落有禮親切，隨時注意客人用餐狀況給予服務，很讚！,0,1,1,0,1,0,0,1,1,0,1,0,1
所有地方都是優等 包括服務與清潔，只是當要退房時 突然有個陌生人用房卡開了房間門，當下我只是錯愕 還好沒發生什麼事 男友說他要下樓拿衣服時看見那個陌生人從四樓下來二樓 事後有與櫃檯人員溝通 櫃檯是說有刷卡失敗紀錄，整體來說是不錯 ,1,0,1,0,0,1,1,0,1,0,0,1,1
所有垃圾桶皆未清理（廁所及桌下垃圾桶），皆還有前一房客使用過的垃圾 感受不好,1,0,0,0,0,0,3,0,0,0,0,0,3
美中不足的是，入住時下定有對外窗的房間，也有再次表明一定要對外窗，但入房後才發現窗戶外面是他們的洗衣間，這樣好像也算另類的對外，但不是我所預期與照片顯示的，陽光無法照進來，透過窗戶也無法分辨天是否亮了，這樣的對外窗好像沒有甚麼意義。,0,1,0,0,0,0,0,3,0,0,0,0,3
所有都很滿意，位置特別方便，距臺北車站步行也就十分鐘，而且直線到達，最近的捷運站也就幾分鐘路程。房間設施齊全，還有超豐富的24小時自助小吃和飲料，性價比超高。前臺小姐姐小哥哥又美又帥，態度還非常好，非常熱心告知路線。可惜只訂到一晚的房，下次一定要早點訂房多住幾晚。打call！！,0,1,1,1,1,0,0,1,1,1,1,0,1
所有飯店人員都很專業，美中不足的是房間內空調面板有異常但不影響空調。,0,1,1,0,0,0,0,2,1,0,0,0,1
所處位置非常方便，環境還算不錯，致電詢問相關事宜時客服人員態度也很好,0,0,1,1,0,1,0,0,1,1,0,1,1
打掃完全不乾淨，隔音吵雜，早餐是更覺得太爛了，從沒住過這種酒店……,1,1,1,0,0,0,3,3,3,0,0,0,3
打掃房間的阿姨，態度真的很好，我們剛坐電梯到達樓層，搞不清楚要往那裡走時，阿姨聽到我們在找房間，立馬很熱情的引導我們到我們的房門口,0,0,1,0,0,0,0,0,1,0,0,0,1
打掃時東西都會補齊，隔音也很好，下次來西門町還可以再來住,0,1,1,0,0,0,0,1,1,0,0,0,1
打掃的一塵不染，早餐非常豐盛，前臺員工很親切友善 耐心回應問題，整體很棒 會再訪,1,0,1,0,0,0,1,0,1,0,0,0,1
打掃的很乾淨，還有放一些香精，一進房間就感覺很放鬆，且在訂房時有希望可以有對外窗的需求也是被貼心的安排,1,0,1,0,0,0,1,0,1,0,0,0,1
打掃阿姨 詢問打掃的口氣沒有很好，電鈴按的很倉促 14後就會出門吃飯，有必要口氣這麼的急嗎？ 能體諒她的工作，但也希望給住宿者一個尊重 畢竟房內都有一個請打掃的吸鐵,0,0,1,0,0,0,0,0,3,0,0,0,3
打電話給櫃檯請人送水和衣架，等了一個小時以上。回電詢問打了四通才有人接。建議多僱用一些員工。,0,0,1,0,0,0,0,0,3,0,0,0,3
打電話說要換房間時，願意幫忙協助，只是等候時間過久，可能因為人很多，說要回播後來也是我自己打過去的,0,0,1,0,0,0,0,0,3,0,0,0,3
把「人」放在第一，不是「服務」放在第一。他們真心關注旅客，有人情味。感謝給我的幫助，以及十分自然溫暖的問候，像家一樣的自在。能做到這樣，真的太好了,0,0,1,0,0,0,0,0,1,0,0,0,1
抵達的時候意外得到升等！，飯店非常乾淨，服務及房間細節都很到位！,1,1,1,0,0,0,1,1,1,0,0,0,1
拖鞋是那種很薄底的，在浴室裡很容易滑。雖然酒店標注是火車站店，其實如果拖著行李步行去火車站會很辛苦，距離並不近。酒店早餐品種太少，沒有牛奶，雞蛋，糕點只有切片麵包一種，水果只有切好的柳丁一種。睡覺能聽得到馬路上的機車聲。4人房很小，其中一個床對著洗手間。,0,1,1,1,0,0,0,3,3,3,0,0,3
拿到房卡第一次是插卡無電源，拿到服務臺重置後上樓連刷卡進門都不行，再次的到服務台重置才可以進房間，真是超扯的。隔音超差，隔壁房開關房門的聲音都聽的到，隔壁的房客一直碰牆連自己靠著的床頭都會震動，超扯的,0,1,1,0,0,1,0,3,3,0,0,3,3
挺容易找到的，在臺北車站地下街Z6出口，然後從星巴克再直走，看見有賣胡椒餅的再過馬路就到了。房間和洗手間很乾淨，下次有機會再來。,1,0,0,1,0,0,1,0,0,1,0,0,1
捷運站出來走幾十米就到了，馬路對面是西門町，出行很方便。房間也很不錯，推薦在臺北遊玩的時候入住。,0,1,0,1,0,0,0,1,0,1,0,0,1
捷運站距離酒店約四個街口，對一個老人來說，我覺得很累，這也是個人問題。,0,0,0,1,0,0,0,0,0,3,0,0,3
排隊入住花了兩個多小時，下午去看人很多，去附近晃了一下晚上去，還是花了兩個多小時在排隊上，希望可以增加人手或是使用自助入住系統,0,0,1,0,0,0,0,0,3,0,0,0,3
"掛著的大毛巾聞的時候有點微微溼氣的味道，可能是掛在握把那裡的關係，所以還是有使用，但小毛巾完全沒有所以兩條小毛巾都有使用！
，拋棄式室內拖沒有止滑，不建議穿進浴室間裡！浴室地板若溼會滑！需注意！",1,1,0,0,0,0,3,3,0,0,0,0,3
接待人員好像是新手 一問三不知 有點可惜，就是速度慢了點,0,0,1,0,0,0,0,0,3,0,0,0,3
接待人員很細心地解說飯店設施。整體環境乾淨舒適。現在多了下午茶的服務，很貼心。早餐菜色蠻多的，吃得很滿足。,1,0,1,0,0,0,1,0,1,0,0,0,1
接待人員很親切，有停車場，地理位置方便。房間舒適整潔，下次有機會一定會再來住！,0,1,1,1,0,0,0,1,1,1,0,0,1
接待人員很親切！有賓至如歸的感覺！下午茶很好！星空吧很舒服！早餐超乎想像！有主餐、自助吧可選！很推薦！有機會會再度拜訪！,0,1,1,0,0,0,0,1,1,0,0,0,1
接待人員態度再好一點，因為她不是台灣人，所以她說話我有時聽不清楚，再問一次時，口氣就不好了，有種我剛才不是說過了的意思。,0,0,1,0,0,0,0,0,3,0,0,0,3
接待人員態度客氣。房間整齊。床棉被枕頭都很舒適。備品齊全分量足夠。吹風機風量充足，對長髮女性十分友善。,1,1,1,0,0,0,1,1,1,0,0,0,1
接待人員態度親切，需要列印資料房客有列印五張的額度，可以在大廳的電腦區進行列印非常棒。,0,1,1,0,0,0,0,1,1,0,0,0,1
接待人員服務態度非常好、2F有24hr的輕食可以享用，房間有給飲料及零食。旁邊工地剛好在施工退房時有送小禮品補償。,0,0,1,0,0,0,0,0,1,0,0,0,1
接待人員與櫃檯人員都非常專業與貼心，服務讓人心情很好！，因為是生日旅行遊玩，入住的海景房型很美，整個人很放鬆，都睡得非常好，衛浴也很棒有浴缸，乾濕分離，並且有2間廁所，這部分很棒，，入住的感受真的很像在國外的感覺哦，希望下次還能再入住高雄國賓飯店,1,1,1,0,0,0,1,1,1,0,0,0,1
接待人員蠻熱情的，提供的小點選擇相當多，接待區的交誼廳很寬闊，很適合朋友家人一起聊天玩玩遊戲，房卡的設計也很用心,0,1,1,0,0,0,0,1,1,0,0,0,1
接待人員親切，房間乾淨舒適，晚上10點還有免費的泡麵，也有幫忙代訂早餐的服務，整體感覺很不錯,1,0,1,0,0,1,1,0,1,0,0,1,1
接待人員親切有禮，讓我感覺非常的開心，謝謝翁聿璿副理的熱情接待，下次到高雄還會訂貴飯店的房間！,0,0,1,0,0,0,0,0,1,0,0,0,1
接待員非常親切，早餐很好吃，每天都不同，而且水果非常新鮮，房間的藍光電影還不錯,0,1,1,0,0,0,0,1,1,0,0,0,1
接待禮儀一向作的相當不錯，飯店位置也相當理想，餐廳的品質也可接受，是我每每南下宴客的地點,0,1,1,1,0,0,0,1,1,1,0,0,1
接待處的酒精噴霧是感應式的，不需接觸就可使用。也都會量體溫和房客的健康狀況，住的很安心，管理者很前瞻，看得長遠,0,1,1,0,0,1,0,1,1,0,0,1,1
接待速度可以再快一點；一樓沒有飲水機；大廳沒有提供酒精；早餐口味過鹹；廁所有煙味,1,1,1,0,0,0,3,3,3,0,0,0,3
接近淩晨等待入住的客人很多，排的很長，但是櫃檯的速度有點慢…，梳子的品質不是太好,0,1,1,0,0,0,0,3,3,0,0,0,3
接近捷運站和西門町購物，睡床舒適，待整間酒店完成裝修工程後，明年再給與整體評價。最後，整體員工非常有禮貌，有九十五分服務,1,1,1,1,0,0,1,1,1,1,0,0,1
接駁服務很熱心，房內零食飲料齊全，房內設施解說充分，房間寬敞明亮，流連忘返。。。,0,1,1,0,0,0,0,1,1,0,0,0,1
提供24小時免費自助洗衣乾衣， 免費自助咖啡飲品吧， 環境舒適,1,1,0,0,0,0,1,1,0,0,0,0,1
提供免費的幹洗衣機和茶水間，幹濕分離的衛浴非常好，洗浴空間也足夠寬敞，員工非常熱情有禮，離臺北車站真的非常近，4-5分鐘步行。,0,1,1,1,0,0,0,1,1,1,0,0,1
提供宵夜到22:00，房價含早餐很划算，只是隔壁小孩吵整晚，飯店部份很棒棒,0,0,1,0,1,1,0,0,1,0,1,3,1
提供宵夜的服務很適合忙碌的人，房間大而寬，床很好睡，地下一樓也有提供點心及咖啡，很用心經營的飯店,0,1,1,0,0,0,0,1,1,0,0,0,1
提供寶寶嬰兒床，奶瓶消毒鍋。自助式早餐不錯 。離愛河西子灣近,0,1,1,1,0,0,0,1,1,1,0,0,1
提供專屬停車場，車位有室內也有室外，當天先至櫃檯領取遙控器再前往停車，飯店有提供免費電影可觀看,0,1,1,0,0,0,0,1,1,0,0,0,1
提供很多的瓶裝水是不錯，但如果可以有飲水機讓旅客可以自行填裝，或許可以減少一點垃圾，為環保盡一份心力。,0,1,0,0,0,0,0,2,0,0,0,0,2
提供早餐、下午茶以及宵夜，對於突然嘴饞的住客來說真是一大福音，可以免去外出的動作。房間的舒適度與整潔度皆屬上乘，隔音也還可以。,1,1,1,0,0,0,1,1,1,0,0,0,1
提供的房型海景豪華客房，物超所值！飯店提供雙人床舒適、易入眠，很值得推薦的飯店。,1,1,0,0,1,0,1,1,0,0,1,0,1
提供的早餐不夠用心，不符合星級飯店的標準！食材標示不清，外籍遊客感到無助~,0,0,1,0,0,0,0,0,3,0,0,0,3
提供的早餐有中西式葷素食可選擇，東西好吃；有提供停車場，如果客滿停路邊停車繳款單，飯店也會幫忙繳款,0,1,1,0,0,0,0,1,1,0,0,0,1
提供許多免費設施，服務齊全，床很乾淨，乾濕分離很棒，採光佳，放假的好去處。,1,1,1,0,0,0,1,1,1,0,0,0,1
"提供貼心免費的下午茶+宵夜
，提供貼心的手機，甚至可以打國際電話。剛好這次是從國外回臺灣到高雄，因為這個服務可以直接和家人報平安！",0,1,1,0,0,0,0,1,1,0,0,0,1
提供停車場車位，沐浴乳洗髮精非常好洗很喜歡這舒服的，各類電影看到飽，真的太cp了,0,1,0,0,1,0,0,1,0,0,1,0,1
提前入住時間抵達飯店，人員願意讓我們加費然後提前入住，感覺很貼心,0,0,1,0,0,0,0,0,1,0,0,0,1
提前告知有當日壽星，旅店人員還準備小蛋糕跟手寫卡片，這點真的很貼心很加分。浴室跟廁所空間大，乾濕分離真的很讚！有機會會再去住的～,0,1,1,0,0,0,0,1,1,0,0,0,1
提前抵達，原想放個行李，櫃檯表示房間已整理好可以直接入住，真是太貼心,0,0,1,0,0,0,0,0,1,0,0,0,1
提早到了也一定要15：00後才能入住，超過15：00要自己再問一次入住，櫃檯不會通知你時間到了可以辦理入住了,0,0,1,0,0,0,0,0,3,0,0,0,3
提早到旅店 櫃檯人員也不囉嗦 （真的很阿莎力）會直接讓客人 進房間先休息（這點滿感謝櫃檯人員的），因入住兩晚 第二天的打掃 也整理的很乾淨,1,0,1,0,0,0,1,0,1,0,0,0,1
提早訂房還要在外面等待兩小時，回飯店還拿別人房卡給我們，讓我們提著行李走來走去,0,0,1,0,0,0,0,0,3,0,0,0,3
提早辦理入住，沒想到晚上8點回到飯店要進房，還得等上20分鐘排隊等做房卡，進到房間後竟然沒有電力，打給櫃檯還等上3分鐘才有回應,0,0,1,0,0,0,0,0,3,0,0,0,3
插座充電應該在床邊多裝幾個，位置離火車站有點距離 其他地方都不錯,0,1,0,1,1,0,0,3,0,3,1,0,3
插座很多，網路穩定，有USB專用插座，房內設置齊全又簡單俐落。,0,1,0,0,0,0,0,1,0,0,0,0,1
插頭在床頭可以設置，以利旅客充電手機與使用，另外房間內可以放置兩張椅子以利使用與用餐,0,1,0,0,0,0,0,1,0,0,0,0,1
插頭夠多 整體設計優質 兩張單人床都還有各自的小桌跟插座 完全不用擔心小物沒地方放 床睡起來很舒服,0,1,0,0,0,0,0,1,0,0,0,0,1
插頭過少，隔音不佳，還算乾淨 但不到一塵不染，房間燈光暗，整修中稍有不便,1,1,0,0,0,0,2,3,0,0,0,0,3
換新用具，舊的應該收走，衛生紙沒了沒補。棉被隔的那塊布質感不依，影響睡眠。,1,1,1,0,0,0,3,3,3,0,0,0,3
搭台鐵抵達台中站後，從後出口走不到2分鐘就到了，很適合自由行的人。 酒店設計很美，每層樓有不同的設計風格。,0,1,0,1,0,0,0,1,0,1,0,0,1
撲鼻而來的木頭香氣可謂舒服；倒頭就睡的大床可謂舒適；潔淨香芬的歐斯丹可謂舒爽！,1,1,0,0,0,1,1,1,0,0,0,1,1
擺設都不錯，服務人員態度也很好！但美中不足的地方是浴室洗澡的部分。建議可以添購洗澡椅，讓未來的身心障礙者使用，一方面減少危險、二方面也可以增加障礙者住宿品質，畢竟洗完澡睡覺才舒服阿,0,1,1,0,0,0,0,2,1,0,0,0,2
整體房間十分整潔， 特別一些掛?位置及數量看得出很向用家著想， 見微知注。另外很欣賞櫃檯服務員新切笑臉之外亦很窩心， 一些登記入住時順口提及的事， 當再見面時意外地已幫我查詢了有關資料及告知， 很感動。,1,1,1,0,0,0,1,1,1,0,0,0,1
整體真的超出我的預期，房間很有設計感，整體很舒服，服務人員也十分熱情，房間裡的飲料小吃全部都免費！這讓我有點小驚喜，還有下午茶和宵夜，雖然也就是一些小餅乾和小麵包，但還是讓人覺得挺貼心的。早餐分量很足，而且景觀不錯！推薦推薦！！,1,1,1,1,0,1,1,1,1,1,0,1,1
整體都非常滿意。替客人著想，免費提供宵夜。回來晚可以吃點東西。,0,0,1,0,0,1,0,0,1,0,0,1,1
整個CP值爆表，位置也很方便，整體乾淨、裝潢也到位，很值得推薦,1,1,0,1,1,0,1,1,0,1,1,0,1
整個商旅裡充斥著某種氣味，令人不舒服。房間窄壓迫感重，隔音非常不好，我體質特殊，進入房間後，一直覺得頭暈和反胃，導致整個肩頸異常緊繃。,1,1,0,0,0,0,3,3,0,0,0,0,3
整個就是發黴味，隔音差很吵，浴室格局不好，淋浴竟然要到澡缸裡，噴的地板都是水,1,1,0,0,0,0,3,3,0,0,0,0,3
整個房間很寬敞，浴室有乾濕分離的淋浴間，浴缸，空間寬敞，非常舒適。,1,1,0,0,0,0,1,1,0,0,0,0,1
整個房間整體很乾淨，每個員工對待住客都很親切，以後有機會還會再入住,1,0,1,0,0,0,1,0,1,0,0,0,1
整個房間設備都很齊全~房間很整潔，加上位置真的很好，覺得CP值超高！！,1,1,0,1,1,0,1,1,0,1,1,0,1
"整個旅店充滿設計感 房間非常乾淨舒適 餐廳還有提供很多小點心供我們食用 看得出旅店的用心與巧思 印象深刻當天幫我們入住的小姐名牌上雖寫著""菜鳥"" 但服務態度卻非常好！親切又貼心 總而言之這是非常棒的住宿體驗 下次有機會一定會再回來！",1,1,1,0,0,0,1,1,1,0,0,0,1
整個清潔度很棒，一進房間感到非常舒適，第一次入住，接待人員很親切的解說所有的設施，飯店在捷運站附近，很方便。,1,0,1,1,0,0,1,0,1,1,0,0,1
整個空調以及床都非常舒適，對於旅客的安全性很高，電梯刷卡後只能上自己的樓層。自助的入住服務也很直觀快速,0,1,0,0,0,1,0,1,0,0,0,1,1
整個過程當中我最滿意的應該是他們的訂房專線，比價過他們的報價以及booking.com的價格之後，我選擇了Booking.com，但是接電話的小姐一樣很熱情的歡迎我訂房。,0,0,1,0,0,0,0,0,1,0,0,0,1
整個酒店的裝修很美，房間剛好對著馬路，能看到美麗的夜景，走到六合夜市大概要10分鐘左右。酒店員工很主動，每次進入或走出電梯，員工都會主動向前幫忙開門。最讓我意外的是，他們家的床辱超級舒服，真的能讓人好好的睡上一覺,0,1,1,1,0,0,0,1,1,1,0,0,1
整晚一些年輕人吵到沒辦法睡，服務人員很盡責的制只，但都沒用，請多注意客戶的素質高,0,0,1,0,0,1,0,0,3,0,0,3,3
整棟建築有排水孔的味道，大廳以及走道用很刺鼻的香味要蓋住，但問題根本應該是整個管道系統的味道，希望可以改善，住宿時所有物品都沾染上此味道,1,0,0,0,0,0,3,0,0,0,0,0,3
整潔乾淨，位置於西門丁及臺北站之間， 週邊有便利店及食店方便，店員有禮， 空中花園及健身室設施不錯，早餐也可以。,1,1,1,1,0,0,1,1,1,1,0,0,1
整潔、乾淨、明亮，且有獨立空調。24小時櫃台服務，服務人員態度親切。,1,1,1,0,0,0,1,1,1,0,0,0,1
整潔、寬敞、舒適，還有躺椅可以讓有潔癖尚未洗澡前不碰床的我有位置可以休息，棒棒,1,1,0,0,0,0,1,1,0,0,0,0,1
整潔不佳，一進去就在洗手台看見頭髮??座椅是壞掉的，整體感覺很廉價,1,1,0,0,0,1,3,3,0,0,0,3,3
整潔乾淨、舒適，服務人員用心，可以寄放行李，電視也可以看許多新舊電影，包含成人電影！,1,1,1,0,0,0,1,1,1,0,0,0,1
整潔乾淨，若有需要進一步清潔部分，告知旅店後會積極處理。早餐菜色每日更換，十分多元美味！非常喜歡！，員工服務良好，笑容親切。房間設備一應俱全。電視電影都很新！大廳備有防曬、防蚊噴霧使用，飲品、小點心、書報都有，也有一個小兒童遊戲區。隔音不錯，不太會聽到隔壁或是走道的講話聲音，但是有時會聽到隔壁廁所開水龍頭之後水管的水聲，會考慮再次入住！推薦～,1,1,1,0,0,0,1,1,1,0,0,0,1
整潔安靜位置佳，還提供消毒酒精 飲料點心，很簡單的區分拖鞋和杯子顏色 都一樣的話雖然也不影響使用 但小小用心帶來很大方便，最重要的是 早餐很棒！！,1,1,1,1,0,0,1,1,1,1,0,0,1
整潔?敞，基本設施完善，鄰近食店，交通方便。捷運站轉右兩分鐘路程。,1,1,0,1,0,0,1,1,0,1,0,0,1
整潔度很棒，剛好經過看到清潔人員很用心打掃。櫃檯人員服務很好。,1,0,1,0,0,0,1,0,1,0,0,0,1
整潔度很棒，離捷運站很近，服務也很棒，寄放行李會鎖著也會登記,1,0,1,1,0,0,1,0,1,1,0,0,1
整潔度高，服務人員優秀！！整體而言CP值算好，下次來高雄會再入住。,1,0,1,0,1,0,1,0,1,0,1,0,1
整潔的客房。 親切的服務人員。 豐富新鮮的早餐。 唯房間隔音可以再好一些。,1,1,1,0,0,0,1,3,1,0,0,0,1
整潔的房間，廁所裡面沒有一根頭髮！！服務人員超級親切，下次還會再來住,1,0,1,0,0,0,1,0,1,0,0,0,1
整潔能在做仔細些，有客人用過的毛巾未收回，放到發黴還有異味。,1,0,0,0,0,0,3,0,0,0,0,0,3
整潔舒適、設備優良，所有的東西都恰到好處，記得別錯過他們的早餐喔??,1,1,1,0,0,0,1,1,1,0,0,0,1
整理大致上還不錯，服務人員很用心在入住時發現當天生日，還特別祝福我,0,0,1,0,0,1,0,0,1,0,0,1,1
整理房務人員講話有夠大聲，完完全全聽到她們在嫌客人的缺點，整理完房間後，要關門時，分明是像生氣怒吼般的甩上門，嚇死人。,0,0,1,0,0,0,0,0,3,0,0,0,3
整理房間很貼心，東西都會收好，連充電線也會幫忙捲好。推薦住宿～,0,0,1,0,0,0,0,0,1,0,0,0,1
整體，包括員工、環境跟創意，很可愛的住宿經驗，還有飲料點心可以吃真的不錯,0,0,1,0,0,1,0,0,1,0,0,1,1
整體上感覺是個很優良的飯店，但我在網路上不小心同天訂了2房，在我取房入住時沒先問我是否還有另一訂房，在半夜則自行以信用卡自動刷扣，這動作讓我大半夜驚嚇萬分，怎麼卡在身也住房內手機訊息傳來還又刷了1筆簽單，差點嚇到失眠。,0,0,1,0,0,1,0,0,3,0,0,1,3
早餐清粥溫度有待加強~7:10去用餐時清粥溫度以偏冷！有勞服務人員可以適時多加注意一下！,0,0,1,0,0,0,0,0,3,0,0,0,3
整體不論是服務，早餐都非常好！！而且這次還免費升級到四人房！！唯獨如果房間加強一點貼心的小地方，例如: 浴室增加掛勾或毛巾架可以掛東西，浴室燈光增強方便化妝，或房間有其他明亮一點的地方有鏡子可以化妝，這都是女性商務客人會比較需要的！！！已經住過很多次了，一直想說！！！,0,1,1,0,0,0,0,2,1,0,0,0,1
整體不錯，但是隔音的部分真的是稍差，謝謝有提供素食泡麵，希望可以再多點選擇,0,1,1,0,0,1,0,3,1,0,0,1,1
整體不錯！早餐安排很好、食物好吃！大堂有免費飲料！便宜、會考慮再入住！但房間馬桶絕不能丟衛生紙、會淤塞！不太方便、不太衛生！,0,1,1,0,0,1,0,3,1,0,0,1,1
整體乾淨、舒適，設備也不會太舊，地理位置也離車站近，附近就有很多可以逛的！,1,1,0,1,0,0,1,1,0,1,0,0,1
整體乾淨空調舒服，房間明亮度夠，床是偏硬的那種還ok，旅店位置離捷運站超近,1,1,0,1,0,0,1,1,0,1,0,0,1
整體來說乾淨，然後不會看起來就是老旅館改裝的，就是明亮舒服,1,0,0,0,0,0,1,0,0,0,0,0,1
整體來說，還不錯。可惜門鎖裝設不是很緊實，鄰房關門因震動而會有聲響。,0,1,0,0,0,1,0,3,0,0,0,1,1
整體來說CP值高，地點不錯，設備齊全也都很乾淨，服務人員專業。,1,1,1,1,1,0,1,1,1,1,1,0,1
整體來說住宿的機能CP值高，走出去很多吃的，搭公車去其他夜市方便。房內空間舒適，分配空間佳,1,1,0,1,1,0,1,1,0,1,1,0,1
整體來說很好，但不知道是不是冷氣開不夠冷，還是棉被太悶，容易流汗。,0,1,0,0,0,1,0,3,0,0,0,1,1
整體來說很滿意，可惜地毯看起來有些髒髒的，踩在地板有點可怕，但整體說來還是很滿意。,1,0,0,0,0,1,3,0,0,0,0,1,1
整體來說很舒適，床鋪也軟硬適中，裝潢是90年代的風格。清潔人員服務態度很好、服務人員的態度也不錯。離愛河及愛音館很近，晚上散步距離適宜。房間照明適當。附近美食很多，對面有便利商店。,1,1,1,1,0,0,1,1,1,1,0,0,1
整體來說是一間很舒服的飯店 質感很不錯 飯店櫃檯服務人員很親切,0,0,1,0,0,1,0,0,1,0,0,1,1
整體來說還算舒適，早餐餐盒可惜是用圓碗裝，食物都被堆疊在一起，或許能以類似方盒型盛裝，看起來會更美味。,1,0,1,0,0,0,1,0,3,0,0,0,1
整體來說就是差在隔音不好，隔壁一群屁孩很吵，從半夜吵到淩晨。,0,1,0,0,0,1,0,3,0,0,0,3,3
整體來說都很棒！房間算大，電視也很大～房裡設備衣櫃、冰箱、保險箱、一張桌椅 ，浴室乾濕分離空間也滿大的，有壁掛式的洗髮精經沐浴乳洗手乳，吹風機是獨立袋裝，非固定在牆上的，風力很強！拖鞋不是很薄紙拖鞋是厚的那種！非常好穿！附的用品也都是旅館自家Logo且有精美包裝，床也舒服好睡，大致上都非常滿意！,0,1,0,0,0,1,0,1,0,0,0,1,1
整體來說都相當滿意，如果硬要說不喜歡的部份，大概只有因床相當大，床邊的走道比較小，剛好有一邊的卡到柱子所以走道更小。,0,1,0,0,0,1,0,3,0,0,0,1,1
整體來說都非常滿意，不管是接客、舒適度、整潔度，我覺得都做的很好。,1,0,1,0,0,1,1,0,1,0,0,1,1
整體來說非常好，服務人員也很有禮貌，住下來很不錯，但是在使用洗衣機的時候遇到有夠沒品的不知哪位旅客，要去拿衣服時發現自己衣服已經被拿出來，我覺得沒關係，畢竟有人要用，但是一摸還是濕的！！！，我要瘋了，敢情他還在運轉時你就把它拿出來了？，真的是謝謝了，有被這種沒品的人氣到,0,0,1,0,0,1,0,0,1,0,0,3,1
整體來說非常滿意，泡澡也可以看風景，隔音算很棒了 ，早餐也不錯吃，含早餐的房型還提供點心及宵夜，房間很乾淨，乾淨到我用手摸地板 一點灰塵都沒有，提供的停車位較少，但很貼心提供周遭停車場每房每天150$補助停車費,1,1,1,1,0,1,1,1,1,1,0,1,1
整體來說非常滿意，浴室乾濕分明的設計很好，下次會再來住。備註 :早餐很好吃,0,1,1,0,0,1,0,1,1,0,0,0,1
整體來說非常物超所值，非常喜愛，飯店內一直有人打掃保持清潔，房間內也非常乾淨，飯店內外的藝術品非常符合氣氛，真的很喜愛。,1,1,0,0,1,0,1,1,0,0,1,0,1
整體入住感覺都很好也蠻乾淨的，早餐有西式、中式 、素食可選擇還蠻好吃的，就算選同一款每天菜色也不一樣，算是有用心，停車位有限，但在周邊停車的費用可由飯店支付，床很大很舒服,1,1,1,0,0,1,1,1,1,0,0,1,1
整體入住都還不錯，唯一不好的地方就是浴室排水系統有改善空間，雖然是乾濕分離但門關上洗澡水還是會流出外面,0,1,0,0,0,1,0,3,0,0,0,1,1
整體如果只是過夜休息是可以接受的，但豪華雙人床其實就是兩張加大單人拼起來，床中間的接線睡起來不是很舒服。另外真心想提到關於附上的早餐，憑心而論是不好吃的，多道無法說是那種料理的菜全部堆疊在一個餐盒裡，飲料跟湯也是化學感很重。真的建議寧可是提供一份簡單但好吃的食物比如三明治或漢堡，也好過客人把一堆不好吃的食物丟掉。,0,1,1,0,0,1,0,3,3,0,0,2,3
整體尚可，房間尺寸算普通，浴廁乾淨清潔，但停車空間不足，若物品多的人，請慎重考慮，因為配合的停車空間約距離500公尺，還好有接駁車，早餐選擇多，有中上水準,1,1,1,0,0,1,1,3,1,0,0,2,2
整體很新，風格很有趣 ，洗手台在馬桶和淋浴的外面 比想像中的方便，房內明亮 雖然桌子不大 但對於臨時需要辦公的旅人來說很實用 ，床鋪好睡 電視選擇多,0,1,0,0,0,1,0,1,0,0,0,1,1
整體很舒適; 不過畢竟是老飯店了，設計上許多較不方便， 例如床頭沒有夠多的充電插座（以符合現代人使用習慣），且只有一邊有插座; 房間燈光電源沒有中控， 還要找各自開關在哪裡， 浴室馬桶與牆壁間距過小，有點太擁擠了，電視也過老舊，解析度很差,1,1,0,0,0,0,1,1,0,0,0,0,1
整體性價比很棒，整潔、價格、提供服務都很好，值得再次入住的地方,1,0,1,0,1,0,1,0,1,0,1,0,1
整體感覺下來是還不錯的，但煙味有點重、隔音的部份還有待加強。,1,1,0,0,0,1,1,1,0,0,0,0,1
整體感覺不錯，房間舒服，空間很大，愛河最熱鬧的區域就在旁邊，捷運站出來10分鐘可以到，是下次去還會選擇的旅店。,1,1,0,1,0,1,1,1,0,1,0,1,1
整體感覺很喜歡，櫃台服務態度很貼心，11樓有大露臺可觀賞夜景，也提供免費烘衣洗衣機服務，飲料吧台跟吐司可使用,0,1,1,0,0,1,0,1,1,0,0,1,1
整體感覺很棒，對面就是西門，旁邊是捷運站 ，我一人帶小孩安全性很棒！房間設備很棒！很舒服，下次來會再選這裡！,1,1,0,1,0,1,1,1,0,1,0,1,1
整體感覺真的不錯，盥洗用品的部分還有乳液以及潤髮乳非常的細心，還有停車位置,0,1,0,0,0,1,0,1,0,0,0,1,1
整體感覺算舒適，進入大廳整體視覺非常整潔明亮，交誼區有四種迎賓飲料可選擇，櫃台服務人員也很親切，會幫忙評估衡量旅客的需求，住宿房間乾淨、整潔，給予住客的備品也屬不錯的等級，對於整體住宿的感覺評分屬優良。,1,0,1,0,0,1,1,0,1,0,0,1,1
整體房間清潔程度很低，冷氣不夠凍，原本浴室水力大是理想的，可惜洗手盤水掣太難控制每次開都會弄濕衣服，另外，服務姨姨算有禮貌，但前臺服務人員欠笑容,1,1,1,0,0,0,3,3,3,0,0,0,3
整體房間非常乾淨，隔音也很好 ，而且現在防疫期間，入住還有送小罐酒精，非常的貼心！，旁邊就有全家非常方便喲,1,1,0,1,0,0,1,1,0,1,0,0,1
整體是滿意的，下次有至臺北旅遊還會考慮訂房，不過可能安排的房間比較靠近電梯，淩晨三四點還會聽到門外其他房客的嬉笑聲音。,0,0,0,0,0,1,0,0,0,0,0,1,1
整體是舒適的，浴室很乾淨、熱水舒適。員工很友善，不知道怎麼開空調，也很耐心說明,1,0,1,0,0,0,1,0,1,0,0,0,1
整體服務不錯，唯一美中不足是浴室的鏡子，對女生而言真的是不方便。,0,1,1,0,0,0,0,3,1,0,0,0,1
整體服務人員親切，房間清潔舒適很乾淨，貼心下午茶宵夜，早餐豐盛。,1,0,1,0,0,0,1,0,1,0,0,0,1
整體服務和設備都是這個價位可接受的等級！早餐每天都有不一樣的菜色,0,1,1,0,1,0,0,1,1,0,1,0,1
整體服務態度設備不錯，靠近愛河。清潔房間的阿姨態度優，會主動說早安很親切。,0,1,1,1,0,0,0,1,1,1,0,0,1
整體氣氛好，服務人員友善，客房空間加，客房燈光設置系統好，硬體及空調設備好,0,1,1,0,0,1,0,1,1,0,0,1,1
整體沒有不喜歡的，只是雖然，飯店有歷史是早已知道的事實，但沒想到停車場居然那麼小，很不方便，幸好沒有加訂早餐，想在飯店自助餐用餐，居然被要求配戴口罩，說是取菜時要戴。。。。所以座位上沒維持社交距離就沒關係?理由實在太瞎。。。。。,0,1,1,0,0,1,0,3,3,0,0,1,3
整體環境乾淨舒適，價性比非常高！還有免費的交誼廳自助吧，也很讓人驚艷，下次還想再來住！,1,1,0,0,1,0,1,1,0,0,1,0,1
整體環境及清潔度出乎我意料之外，兩晚2人房才1400多，空間也比我想像中的大，雖然跟隔壁的隔音不是非常好，不過也不至於影響晚上的睡眠，離臺北捷運站的Z10出口步行約不到5分鐘，周遭有很多小吃及麥當勞跟便利商店，連CP值超高的城中市場也在附近，唯一要注意的是，Z10出口沒有手扶梯及電梯，帶行李的人只能爬樓梯,1,1,0,1,1,0,1,1,0,1,1,0,1
整體環境明亮、舒適、整潔，員工服務態度親切，顧客出入都會立即的起身並點頭致意，感受非常親切。客房服務也會貼心地將散亂的電線收納好放置在桌上，也是有別於其他旅店令人驚喜的地方:) 很棒的住宿體驗，未來出差臺北都會考慮再次光臨。,1,0,1,0,0,0,1,0,1,0,0,0,1
整體環境不錯，人員也親切禮貌，但房間不大，沒有活動空間感覺了,0,1,1,0,0,1,0,3,1,0,0,1,1
整體環境都很棒，房間雖小，但該有的都有，很乾淨舒適，隔音也不錯，服務人員態度親切，服務台在地下一樓佈置得很漂亮，還貼心附明信片提供免費寄出服務。,1,1,1,0,0,1,1,1,1,0,0,0,1
整體環境非常舒適，特別是大廳的設計，讓人覺得很棒，還有提供零食、泡麵和飲品的額外服務，令人有物超所值的感受。另外竟然還有供孩子玩耍的遊戲室，太優了，不用擔心孩子沒地方跑來跑去了。下次來臺北還會想住這裡，真的。,1,1,1,0,1,0,1,1,1,0,1,0,1
整體的佈置好溫馨，也有許多貼心小巧思，還有附泡麵點心可以溫暖胃,0,1,1,0,0,1,0,1,1,0,0,1,1
整體的整潔度都很不錯，算是很舒服的房間，而且地理位置相當好，還附停車服務，在北部來說CP值算是頗高。,1,1,1,1,1,0,1,1,1,1,1,0,1
整體空間氛圍設計的很棒！交誼廳還有免費的泡麵飲料遊戲機，空間很大，很舒適。,0,1,1,0,0,1,0,1,1,0,0,0,1
整體算乾淨整潔、該有的設備也都蠻齊全的；加上離地鐵近，非常方便！,1,1,0,1,0,0,1,1,0,1,0,0,1
整體而言 都不錯！ 不管是旅店位置還是 設備都很齊全，房間冷氣也夠冷。,0,1,0,1,0,1,0,1,0,1,0,1,1
整體而言，符合我對五級的飯店的期待，只是枕頭太軟了，對頭部比較沒有支撐。其他都算滿意。,0,1,0,0,0,1,0,3,0,0,0,1,1
整體而言~還算不錯，CP值高~，離火車站近，有免費咖啡喝，頂樓有免費洗衣機和烘乾機，又有運動器材可使用……貼心，下次會再入住~並介紹友人~,0,1,1,1,1,1,0,1,1,1,1,1,1
整體而言不錯，早餐雖然因為疫情變成套餐帶回房間吃，但是看的出來準備得相當用心。,0,0,1,0,0,1,0,0,1,0,0,1,1
整體而言乾淨舒適，沒有什麼感覺到不好的地方，服務人員態度親切。,1,0,1,0,0,0,1,0,1,0,0,0,1
熱水壺和保險箱上積了灰塵。壁紙上有看起來白白毛毛的東西，不知道是使用久了起毛還是灰塵（希望不是發黴），總之觀感不好,1,0,0,0,0,0,3,0,0,0,0,0,3
整體而言舒適，人員服務態度佳，設備齊全，氣氛佳，食材棒，地理位置佳,1,1,1,1,0,1,1,1,1,1,0,1,1
整體舒適，床大，餐點有水準，離捷運站不會太遠，自有平面停車場（平常日很好停）,1,1,1,1,0,0,1,1,1,1,0,0,1
整體舒適度還不錯，樓下點心提供的也是好吃的，一個人來住雙人房很適合,1,0,1,0,0,0,1,0,1,0,0,0,1
整體良好，尤其當我停車泊車需協助時，職員都能幫手。咖啡真值得一讚,0,0,1,0,0,1,0,0,1,0,0,1,1
整體表現都很棒，早餐也很好吃，環境乾淨，如果衛浴用品可以在多提供潤髮乳就更好了！謝謝各服務人員的照顧，在很多細節上都可以感受到服務的用心,1,1,1,0,0,1,1,2,1,0,0,1,1
整體裝潢讓人感到舒適，還有免費提供泡麵、零食等，浴室是乾濕分離的，員工態度非常好，非常喜歡,1,1,1,0,0,0,1,1,1,0,0,0,1
整體規劃非常的棒，11樓有個景觀好的大露臺洗衣機烘衣機可使用，樓下還有免費的飲料吧跟吐司可吃，水壓強，洗澡非常的舒服，下次有機會一定再來,0,1,1,0,0,1,0,1,1,0,0,1,1
整體設備很新，就在北車對面，雖然位在市中心但市景雙人房空間寬敞，衛浴乾濕分離，還有浴缸跟免治馬桶,0,1,0,1,0,0,0,1,0,1,0,0,1
整體設備服務都非常棒，唯獨房間的落地窗玻璃髒了點?有些美中不足,1,1,1,0,0,0,3,1,1,0,0,0,1
整體設備算不錯，高級雙人房地坪很大，有沙發小茶几，浴室乾濕分離很好。,0,1,0,0,0,1,0,1,0,0,0,1,1
整體設計感不錯，服務人員都非常親切，早餐為套餐式，味道都很不錯。,0,0,1,0,0,1,0,0,1,0,0,1,1
整體設計感很好，早餐用餐區域很棒，景觀超好，房內空間足夠，床很大也舒服， 地點好，距離捷運站很近， 旅店有自己的停車場，但是是自動升降式的，入住後會給一個遙控器，可隨時取車， 但如果是大型休旅車，可能就進不去，但旅店前方也有一塊停車場可供停放,1,1,0,1,0,1,1,1,0,1,0,1,1
整體評價滿分，入住時床上有張小紙寫著清潔人員的名字-志勇，旁邊附上小點心，令人備感貼心！,0,0,1,0,0,1,0,0,1,0,0,1,1
整體都很好，浴室水壓很強，可以免費洗衣服，10點以後有泡麵可以吃，感謝9/18、9/19的房務人員幫我們把充電線還有自備的吹風機的線收好，櫃檯人員服務態度良好，幫我們收烘好的衣服，還幫我們找海鮮口味的泡麵，退房還收到了可愛的手寫卡片，下次還會再入住，也會推薦給朋友,0,1,1,0,0,1,0,1,1,0,0,1,1
整體都很棒，只是隔音效果不好，隔壁洗澡的淋浴聲音太有臨場感。,0,1,0,0,0,1,0,3,0,0,0,1,1
整體都很棒，早餐也很豐盛，夜晚頂樓的露天夜店很酷炫，可以放鬆的和朋友在那邊喝個小酒聊聊天，時不時抬起頭還有星星月亮在天上相伴，好不愜意浪漫的氣氛～,0,1,1,0,0,1,0,1,1,0,0,1,1
整體都很舒適環境，房間乾淨床舒服，24小時泡麵、小餅乾 非常好,1,1,1,0,0,0,1,1,1,0,0,0,1
整體非常乾淨清潔，服務人員也非常熱情。宵夜跟早餐是最值得讚賞的地方。連我老公是韓國人，都有泡菜可以吃到，他很開心,1,0,1,0,0,0,1,0,1,0,0,0,1
整體非常乾淨舒適，櫃臺服務好，房間整理的很乾淨，CP值非常高,1,0,1,0,1,0,1,0,1,0,1,0,1
整體非常滿意，所有服務人員都親切有禮，且處理事情態度都積極主動，很棒。,0,0,1,0,0,1,0,0,1,0,0,1,1
整體風格很可愛，沐浴瓶是用瓶裝的很環保，房間有小點心跟水可以吃， 1樓大廳也有飲料可以喝，早餐也好吃，整體來說覺得很不錯。,0,1,1,0,0,1,0,1,1,0,0,1,1
整體飯店風格屬精品設計，備品及房間設施，處處可詳見小細節，來自美國經典名床、德國經典瓷器、英國品牌煮水器、法國香氛品牌浴室備品，甚至房間含有迷你吧檯，冰箱飲料免費引用，房內所提供之晚安水及面膜因考慮到高雄天氣乾燥，提供用意是增加房間濕度，並使用晚安水浸泡面膜收縮毛孔，讓疲累的一天有最好的紓壓，這麼注重細節的飯店，會是您的最佳選擇。,0,1,1,0,0,0,0,1,1,0,0,0,1
整齊乾淨，房務員在他們工作的時候不會打擾我們。之前住過一間很扯的飯店，那間飯店的房務員會敲門問要出門了沒？然後隔天走出房門後，房務員又口氣不好的問我們要出去了沒。真的讓人感覺很差??不過你們這間飯店很棒！,1,0,1,0,0,0,1,0,1,0,0,0,1
整齊乾淨～有提供拖鞋和早餐，也可跟櫃檯領取一次拋棄式牙刷～CP值非常高～,1,1,1,0,1,0,1,1,1,0,1,0,1
位置非常近捷運站！設計時尚有風格， 設施齊備，亦可以免費自助洗衫。房間亦有免費網路,0,1,0,1,0,0,0,1,0,1,0,0,1
地點很方便！早餐中上，中式菜肴多。用餐環境不錯，滿寬敞。設備有點年份，但是整齊清潔。浴室設備好。,1,1,1,1,0,0,1,1,1,1,0,0,1
新淨清潔，早餐一般，位置方便，步行至高雄捷運/台鐵站約10-15分鐘，性價比高,1,0,1,1,1,0,1,0,2,1,1,0,1
新開的飯店，櫃台服務人員有問必答，很貼心，特別介紹他們的早餐，超豐富的！！！,0,0,1,0,0,0,0,0,1,0,0,0,1
新體驗微科技住房，房間舒適乾淨。最值得提及的是飯店的人員都非常的熱情！！CP值超高！,1,0,1,0,1,0,1,0,1,0,1,0,1
飯店地點方便，環境整潔！有特色房間！近台中火車站！去那裡都快！,1,0,0,1,0,0,1,0,0,1,0,0,1
方便，走50步可到台中後火車站，房間小但恰好足夠，有免費video， 設計時尚,0,1,0,1,0,0,0,1,0,1,0,0,1
方便乾淨平價的車站旅館，旁邊有全家超商和許多吃飯店，附近有一家明星咖啡館，是以前文人雅士的愛店，如三毛、蔣夫人都是其座上賓。旅館的電視節目有經典洋片可以看,1,1,0,1,0,0,1,1,0,1,0,0,1
方便遊客住宿，環境舒適讓人很容易入睡，精神亦亦，謝謝你們提供方便住宿，有機會會在來。,1,0,0,1,0,0,1,0,0,1,0,0,1
於Booking上刻意寫含早餐（可於用餐時加購）模糊不清的字句，引誘沒注意看完全文的消費者，有如詐騙之行為,0,0,1,0,0,0,0,0,3,0,0,0,3
於住宿期間某一晚上， 因洗手間無法去水， 員工馬上到來清潔， 態度友善， 樂意服務,0,1,1,0,0,0,0,3,1,0,0,0,1
於酒店預約包車往機場價錢公道，而且服務也很好， 酒店人員及司機也很有禮貌，房間乾淨令人住得舒適！,1,0,1,0,1,0,1,0,1,0,1,0,1
櫃台處理速度有點慢，施工的部分有一點多，入住和退房的程式可以再精簡快速一點,0,0,1,0,0,0,0,0,3,0,0,0,3
旁邊有小夜市很多吃的，早餐可以吃的很飽，CP值很高，退房時間是12點也比較晚，很讚！,0,0,1,1,1,0,0,0,1,1,1,0,1
"旅客在走廊上的說話房間裡會聽到，但房間跟房間之間的隔音倒是不錯。
房間地板是地毯，所以如果有過敏的話要稍微注意一下，但飯店有附上免洗脫鞋，這點還算不錯。
客房樓層牆壁都是黑色為主，個人覺得稍微沉重一些。",0,1,0,0,0,0,0,1,0,0,0,0,1
旅店主動幫我們升級房型，相當超值，房間乾淨，內部設計也不錯，地點好，早餐有用心好吃，下次還會再來。,1,1,1,1,0,0,1,1,1,1,0,0,1
旅店人員非常非常親切！所有服務都貼心至極，很像朋友一般的貼心與溫暖！讓人有比回到家還舒服的感受,0,0,1,0,0,0,0,0,1,0,0,0,1
旅店位於商辦大樓裡，櫃檯在地下一樓，辦入住要先到地下一樓。櫃檯人員招待親切，房內舒適且無其它味道，房卡設計也很好看，平日一晚也才900元，CP值很高的一間旅店！,1,1,1,0,1,0,1,1,1,0,1,0,1
旅店位於西門站五號出口約步行2-3分鐘，轉個彎即可抵達旅店，入住和退房皆採自助式機台操作（第一次使用也無太多不便）若不熟悉操作旁邊也有服務人員協助，旅店旁邊即是中山堂，穿越後可抵達後方的較民生的小區和市場，離超商也非常近，滿意周邊的配套以及地理位置 房間也比想像中更舒適 ！,1,1,1,1,0,0,1,1,1,1,0,0,1
旅店位置不錯，行李多的話有一點點麻煩，很多評價已經提及。大堂有自助免費茶吧，可以坐下聊天休息，只要離開時自己收拾乾淨就好，非常貼心的賣點。,0,0,1,1,0,0,0,0,1,1,0,0,1
旅店位置便捷;客房明亮舒適;人員服務親切周到;設施周全;CP值高,1,1,1,1,1,0,1,1,1,1,1,0,1
旅店位置很好，房間雖然小，但是整潔舒適，有對外大窗在衛浴間，衛浴間有浴缸而且水量大，房間隔音尚可。,1,1,0,1,0,0,1,1,0,1,0,0,1
旅店位置方便，房間五臟俱全，櫃檯人員親切，即時協助叫車,0,1,1,1,0,0,0,1,1,1,0,0,1
旅店內有早餐服務，不過需要多增加100元費用，但入住前也有提醒膳食區有提供免費的飲品和麵包，所以不想花錢吃早餐的應該可以考慮食用他們提供的免費餐點，我個人沒有加購早餐所以不提供早餐評價，旅店附近不少餐店,0,0,1,1,0,0,0,0,1,1,0,0,1
旅店只有兩個停車位要想停到車只能拚人品，人品不好只能自費1~200停外面,0,1,0,0,0,0,0,3,0,0,0,0,3
旅店地點很好很靠近臺北車站，旅店還有免費咖啡和麵包24小時供應。附近還有馳名的胡椒餅很好吃，還有很多家珍珠奶茶店讓你選擇，絕對不會餓到。旅店還可以幫忙叫計程車到機場，價錢公道車子乾淨服務周到。,0,0,1,1,1,0,0,0,1,1,1,0,1
旅店大廳及房間都很有質感及設計感，床很舒適，景也不錯。早餐很棒，很用心，在高樓層吃早餐邊看風景一大享受。,1,1,1,1,0,0,1,1,1,1,0,0,1
旅店很貼心，站在消費者角度預備房間。小點心、雙色牙刷、早餐佔位的小玩具（內有貼心小卡）、防疫措施、旅遊服務、洗衣烘衣紙條…等。,0,1,1,0,0,0,0,1,1,0,0,0,1
旅店明顯好找，招待在地下一樓設計蠻溫馨的，是我喜歡的色系。櫃檯人員詳細解說很棒，態度友善。有空間讓人喝茶飲食，但缺少素食的泡麵，哈哈哈。,0,1,1,1,0,0,0,1,1,1,0,0,1
旅店的位置很好，位於捷運站出口大概50公尺的地方，轉運相當方便。,0,0,0,1,0,0,0,0,0,1,0,0,1
旅店的位置極佳，鄰近火車站，搭公車有很多選擇。此次入住的房間雖然靠向火車站這一側但隔音效果好，聽不太到火車進出站的聲音，很安靜。備品品質不錯，還很用心的準備了小點心。員工服務很專業也很親切，讓人覺得賓至如歸。如果下次要在台中住宿會想再次入住。,0,1,1,1,0,0,0,1,1,1,0,0,1
旅店的地理位置很方便，就在車站旁，來回機場十分方便，員工服務態度好，樂意熱心為顧客解決問題。,0,0,1,1,0,0,0,0,1,1,0,0,1
旅店的床對我來說有點太軟，睡起來腰痠背痛哈哈，然後半夜有其他旅客在走廊大吼大叫。。。一度很想開門罵人。,0,1,0,0,0,1,0,3,0,0,0,3,3
旅店的照片跟實際真的是差太多了。沒早餐，沒停車位，（地下室B2停一晚要$320）房間幾乎牆面都有肉眼看的到的毛屑。所謂的豪華家庭房，實在是很錯愕。所以這價格算很貴了，無法用言語形容,1,1,1,0,1,0,3,3,3,0,3,0,3
旅店的設計時尚而簡約， 風格突出， 走廊牆壁上有有意思的圖畫， 而價格並不貴。,0,1,0,0,1,0,0,1,0,0,1,0,1
旅店設施都很新、乾淨，離捷運出口近。櫃台人員服務親切周到，是會讓我想再回住的一大重點,1,1,1,1,0,0,1,1,1,1,0,0,1
旅館24小時提供咖啡、飲料、糖果、餅乾、泡麵讓房客免費享用！還有兒童遊戲室、桌上足球、射飛鏢、電影等設施，讓大人小孩都玩的樂不思蜀，完全不想外出了！ 端午節住宿有贈送精美小禮物，下次如果再去臺北，還會再入住！非常棒！,0,1,1,0,0,0,0,1,1,0,0,0,1
旅館交通方便最窩心的莫過於旅館提供整天免費茶水供應，大熱天時外遊回來，可以在餐廳享用到冷熱飲料，休息夠了才回房間，十分寫意。,0,0,1,1,0,0,0,0,1,1,0,0,1
旅館人員非常親切，房間讓人感覺乾淨明亮，也不會聽到車聲，是台中非常好的住宿選擇,1,1,1,0,0,0,1,1,1,0,0,0,1
旅館位置就在車站附近，交通非常便利。一樓的商務中心能讓住宿客在此暫時歇歇腳，查查旅遊資訊，個人覺得是個很理想的空間。,0,1,0,1,0,0,0,1,0,1,0,0,1
旅館位置差不多位於北車捷運站與中山捷運站之間，步行大概都要10分鐘的距離，如果很常搭捷運移動的人可以考量,0,0,0,1,0,0,0,0,0,1,0,0,1
旅館內沒有設停車場但是地下室有私人停車場，旅館內的旅客無法使用只能自付了。但是還不錯因為不會太貴停車24小時大概360元，還行因為是地下停車場。並不是露天的停車場可以接受。,0,1,0,0,0,0,0,1,0,0,0,0,1
旅館前是人行道，行走障礙物很多，危險。離捷運站遠不方便，櫃台接待員，冷漠。需加強員工訓練,0,0,1,1,0,0,0,0,1,1,0,0,1
旅館周邊吃東西很方便，底下的停車場也十分優惠，在寸土寸金的臺北算是非常實惠的價格，員工處理問題速度迅速,0,1,1,1,1,0,0,1,1,1,1,0,1
旅館地點極佳，西門站出來過個馬路就到飯店，因為在熱鬧區對面所以晚上也不會太吵雜可以放心入睡，櫃檯人員親切服務很好還會詢問是否需要瓶裝水飲用，房務人員打掃仔細會貼心把明天天氣都提醒在紙條上，連我們的充電器線也特地用束帶捆綁好，整體上感受很好！,0,0,1,1,0,0,0,0,1,1,0,0,1
旅館早上隔音很差，六七點就被隔壁吵醒。高雄車站附近施工，步行至此旅館至少要二十分鐘，行李多跟太陽大，連附近人行道都施工真的很不方便。,0,1,0,1,0,0,0,1,0,1,0,0,1
旅館有專屬停車場(步行可抵達)、鄰近台中車站交通便利、附近有UBIKE可以代步、電視可觀看免費影片,0,1,0,1,0,0,0,1,0,1,0,0,1
旅館的位置極好，交通方便，房間乾淨，不會有擁擠感，符合CP值,1,0,0,1,1,0,1,0,0,1,1,0,1
旅館的地理位置非常的好，不管是交通或是美食都在旅館附近走路就能抵達。飯店也距離臺北車站不遠，所以適合搭大眾捷運或公共交通工具來的旅客。房間的設施也不錯，床也非常的舒適。旅館內的設施也很棒，內附有健身房和透天的陽台。還有設有洗衣機。非常推薦自由行的旅客來居住。,0,1,0,1,0,0,0,1,0,1,0,0,1
旅館的地點位置距離北車很近，轉搭火車、捷運、機捷都很快~~,0,0,0,1,0,0,0,0,0,1,0,0,1
旅館的地點離捷運站近，附近就是西門町商圈，用餐與逛街都很方便。,0,0,0,1,0,0,0,0,0,1,0,0,1
旅館空間很不錯，四人房還有浴缸，廁所和洗手台、浴室都是分開的，同時使用的很方便,0,1,0,0,0,0,0,1,0,0,0,0,1
旅館距離高雄火車站步行約7-10分鐘，非常便利。水溫適中，水量充足，浴室寬敞。早餐選擇多樣， 肉燥飯值得一試！員工親切有禮。,0,1,1,1,0,0,0,1,1,1,0,0,1
旅館離臺北車站近、人員服務態度親切、硬體設施應有盡有、設備新穎潔淨、零食飲料免費取用。附近也有許多美食可以選擇。離寧夏夜市很近~,1,1,1,1,0,0,1,1,1,1,0,0,1
旅館的地理位置優越，離臺北車站、捷運中山站、公交臺北車站（承德）很近。附近有許多早餐店和咖啡館，覓食非常方便；旅館有自助洗衣服務和深夜自助食堂（泡面）。,0,1,1,1,0,0,0,1,1,1,0,0,1
無窗，而且感覺沒有新風系統，有氣味。提供的拖鞋實在太差，沒法穿。,1,1,0,0,0,0,3,3,0,0,0,0,3
既然提供宵夜就不該過度的差，只有炸醬豆乾飯和貢丸冬瓜湯連白開水都沒，如果無法讓人感受到誠意，倒不如不要提供。,0,0,1,0,0,0,0,0,3,0,0,0,3
早上7、8點就聽到外面清潔聲音和講話聲音被吵醒後來一直聞到濃濃的消毒水的味道一直睡不著，直到比較淡了才又睡一下！,0,0,0,0,0,1,0,0,0,0,0,3,3
早上8點多到12點退房之前房間周圍傳來陣陣雜音，聽聞其他樓層有施工，但還是有影響到休憩品質。（已有反應，飯店員工處理得宜）,0,0,1,0,0,1,0,0,1,0,0,3,3
早上8點多竟然被消防警報鈴吵醒 ，發生火災要我們趕快逃離 ，結果跑到樓下竟然沒發生什火災， 被消防鈴給嚇死 ！聽到其他遊客說是有人不小心按到！ 希望消防鈴能裝一個外殼 才不會不小心被其他客人物按！,0,1,0,0,0,0,0,3,0,0,0,0,3
早上一直聽到一間間房間打掃的聲音，門開開關關睡的不舒服。個人習慣睡晚一點，接近12:00才會退房。,0,0,0,0,0,1,0,0,0,0,0,3,3
早上七點開放早餐，員工都有戴口罩，可是我們卻是七點，之前到，結果全部員工卻都沒帶口戴在食物的周邊談起話來，疫情當下卻誏我們毛起來,0,0,1,0,0,0,0,0,3,0,0,0,3
房間及浴室夠大，冷氣出風口近掛衣的地方方便晾衫，入住第一天免費提供罐裝飲品，要求入住高樓層也能安排，早餐用餐地方景觀不錯，入住第二及三晚的大堂男服務生非常主動親切有禮，酒店幫忙餐廳訂位服務！,0,1,1,0,0,0,0,1,1,0,0,0,1
早上十點已出門，掛著清潔牌，下午4點才敲門說要打掃，我們說小朋友在睡，遲少少再來，他們說五點後就不打掃了， 很不合道理。一整天不打掃，下午4點才打掃。,0,0,1,0,0,0,0,0,3,0,0,0,3
早上吃早餐的碗跟杯子有些沒洗乾淨，樓下1樓共用的廁所可以放清潔酒精，健身房居然沒有開放～,1,1,0,0,0,0,3,3,0,0,0,0,3
早上因為工作很早離開飯店。它們替我們4人準備豐盛的餐盒。湯。水果。飲料。非常滿意,0,0,1,0,0,0,0,0,1,0,0,0,1
早上大約9：30入住，櫃檯小姐有登記我的證件資料，中午同行入住的朋友抵達，向櫃檯查詢我入住的房號，櫃檯小姐詢問朋友是否有訂單編號，但因為朋友無訂單編號所以報我登記的名字查詢，櫃檯小姐卻說查不到，而且據朋友的說法櫃檯似乎不太願意幫忙查詢，導致朋友在樓下等了快3小時，我睡醒發現才帶朋友進房。,0,0,1,0,0,0,0,0,3,0,0,0,3
早上已入住，下午入住還要重新排隊，辦理速度超級慢，等了半小時，櫃檯找不到早上已填寫的資料，也不知道我是否已付錢，早上的問題又重頭問一遍，效率極差。進房還未開燈會踢到浴室的階梯，很危險！,0,1,1,0,0,0,0,3,3,0,0,0,3
早上有提供數量限定的三明治，吧台有自助不限量的小吃和飲料和泡面！房間雖然不大，但是很溫馨，設備齊全，如果有窗戶就更好了！地理位置很棒，靠近臺北高鐵站，離西門町也很近！總體很滿意！,0,1,1,1,0,1,0,2,1,0,0,0,0
早上櫃?小姐服務態度很差、疫情因素有必要一付高傲看不起人的態度嗎？,0,0,1,0,0,0,0,0,3,0,0,0,3
"早上用早餐時，服務人員帶位完成，不過，去拿完早餐回到座位，發現被其他客人坐走了，知會現場服務人員，服務人員直言怎麼可能，語氣不是讓人很舒服。
還有入住時，我們有表示有停車，停車場繳費方式，沒有主動跟客戶說明清楚因此也沒有主動給予優惠，隔天要出門時，為了繳費跑來跑去。請協助改善，謝謝您們。",0,0,1,0,0,0,0,0,3,0,0,0,3
早上發現桌上的咖啡旁邊出現兩隻小蟑螂，衛生整潔需要加強，此外隔音不佳,1,1,0,0,0,0,3,3,0,0,0,0,3
早上起床的陽光照射到書桌的感覺很棒，房間打掃後有些淡淡的香味，很喜歡。,1,0,0,0,0,0,1,0,0,0,0,0,1
早晨全家被牆壁內管線異音吵醒，非常困擾，希望能改善，不然很難會再去一次，很可惜,0,1,0,0,0,0,0,1,0,0,0,0,1
早晨雖然選擇不多不過可以吃飽，有宵夜有魯肉飯、茶葉蛋、霜淇淋吃到飽哈哈，總之無時無刻都有東西吃,0,0,1,0,0,0,0,0,1,0,0,0,1
早餐因疫情採套餐方式，現場服務人員有點手忙腳亂，導致餐點都忘了上,0,0,1,0,0,0,0,0,3,0,0,0,3
早班櫃台小姐人很好 ，熱心推薦好去處！房間也乾淨整齊，下次會再入住,1,0,1,0,0,0,1,0,1,0,0,0,1
早班櫃檯員很客氣有禮貌（短髮），早餐餐飲員也有禮貌，房務也有禮貌，住宿房費很物超所值，包含住宿，點心，早餐，非常優,0,0,1,0,1,0,0,0,1,0,1,0,1
早班男生服務態度很差，問個發票有沒有開了，在那邊不屑什麼，問一下不行嗎，欠教育,0,0,1,0,0,0,0,0,3,0,0,0,3
早班的櫃檯服務小姐，很認真服務也很熱誠，房務人員也都會說早安。,0,0,1,0,0,0,0,0,1,0,0,0,1
早餐很棒 ，入住人員服務佳，介紹很詳盡，大門前工作人員服務親切，房間內備品還不錯，房間內膠囊咖啡很香,0,1,1,0,0,0,0,1,1,0,0,0,1
早餐好吃，提供免費洗衣的洗衣機，附近吃的多，靠大魯閣很近走2~3分鐘就到。,0,1,1,1,0,0,0,1,1,1,0,0,1
早餐，如果有現煎蛋話就更好，可以增加食慾。開水機與紅茶甚遠，也沒有豆漿。,0,0,1,0,0,0,0,0,3,0,0,0,3
早餐，實在是糟透了！地瓜沒有蒸熟，中心還是硬的，溫度不冷不熱吃起來很奇怪的口感，雖然溫馨提醒鐵盤溫度高小心燙，但是丹麥吐司也不好吃，杏包菇還有秋葵都是冷冰冰的蔬菜，鐵盤根本沒有作用。而且價格那麼高？實在覺得後悔增訂早餐。,0,0,1,0,1,0,0,0,3,0,3,0,3
早餐，真的是場災難，位置真的不夠用，只有一處可以取餐，補餐點又太慢，導致大排長龍，服務人員很想提供好服務，但認真覺得人手不足，早餐的問題應該要好好改善，一早用餐搞的大家都爆氣了,0,1,1,0,0,0,0,3,3,0,0,0,3
早餐、點心、宵夜都好吃。離地鐵站走路3分鐘。房內配備了好用的手沖咖啡壺。整體設計典雅舒適。,1,1,1,1,0,0,1,1,1,1,0,0,1
早餐: 好 (吐司好吃)，房間內設施不錯，房價含早餐，經濟實惠。飯店周邊交通，餐飲，逛街，。。。。。方便。以後，有機會再來住喔！,0,1,1,1,1,0,0,1,1,1,1,0,1
早餐：豆漿酸了；宵夜：咖啡機完全不供應飲品，好不容易等待熱機7分鐘，按下鍵試了三個飲品出來的都是清水、有擺放果醬卻沒有提供麵包；房間設備：訂房時房務資訊是一大雙床，但實際是兩單床合併，床中間就會有一條凸起的界線，睡起來不是很舒適、枕頭太軟過低；環境：隔音不佳，停車自理。,0,1,1,0,0,0,0,3,3,0,0,0,3
"早餐10:03不讓人進場是否太誇張。
，反應後態度不佳，回覆官方。",0,0,1,0,0,0,0,0,3,0,0,0,3
早餐550元，但早餐品質連三星飯店早餐都不及，實在有待改進！ 早餐餐廳服務人員態度也有待改進，煎蛋需要二位師父，卻不怎理會用餐住客的點餐！,0,0,1,0,1,0,0,0,3,0,3,0,3
早餐7：00~7：30分有提供三明治，但只限量100個。。。。唯一美中不足的地方,0,0,1,0,0,0,0,0,3,0,0,0,3
早餐7：15限量提供，但大概8點已經什麼都沒有了，放假就是希望可以晚點起床，但晚了就除了泡麵外沒有什麼東西可以吃，附近也沒有什麼好吃的，希望可以加長早餐時間，讓放假也可以睡晚一點，可休息多一點,0,0,1,1,0,0,0,0,3,3,0,0,3
早餐7點開始供應，因為早上要趕火車錯過了；另外蓮蓬頭的水量有點小,0,1,1,0,0,0,0,3,2,0,0,0,3
早餐9點多下樓取已經是涼的，這點比較可惜，浴室地板真的需要小心滑倒，但飯店有附止滑墊，有需要可以自行鋪設,0,1,1,0,0,0,0,2,3,0,0,0,3
早餐CP值很低，餐包只能吃冷的連基本烤麵包機都沒有，浪費了舒適的用餐空間，若是住宿可不含早餐認為會更值得。,0,0,1,0,1,0,0,0,3,0,3,0,3
早餐一如往昔的優質，如果能有鹹蛋會更好！首次發現有提供免費自助洗衣，很好。提供的免費電影都有更新，加分！,0,1,1,0,0,0,0,1,1,0,0,0,1
早餐一成不變，我連住二天，準備的食材都不怎麼樣，讓我非常失望,0,0,1,0,0,0,0,0,1,0,0,0,1
旅館在房間贈送的柑橘，鳳梨酥很貼心，一樓的麵包房麵包很有水準， 在20樓陶然亭享受迎賓飲料，很讚！,0,0,1,0,0,0,0,0,1,0,0,0,1
早餐一般沒想像好吃，品類也還可以，可能不是太符合我個人口味，人比較多，吵鬧的是韓國人,0,0,1,0,0,1,0,0,2,0,0,3,3
早餐一般般，不符合五星級酒店標準，房間內的浴缸不乾淨。屋內所有的燈必須一個一個關閉，太麻煩，一點不現代化。,1,1,1,0,0,0,3,3,3,0,0,0,3
早餐一般般，雖然東西不算少，但是有些味道真的不太好。像是麵包、蓮藕、火腿等等,0,0,1,0,0,0,0,0,3,0,0,0,3
早餐三明治太少，一早就被搶光。。。。 房間過小，四人住宿，分配3人房，有點擁擠。 無搭配的停車場稍嫌可惜。,0,1,1,0,0,0,0,3,3,0,0,0,3
早餐不值得吃…跟二?三星商旅差不多或更差，隔音差，櫃檯入住慢,0,1,1,0,0,0,0,3,3,0,0,0,3
早餐不及旁邊酒店，款式少味道差，房間冷氣不穩，大部份時間很不足,0,1,1,0,0,0,0,3,3,0,0,0,3
早餐不及格，外觀不足以讓客人驚艷就算了，把水果放在熱的食物上加熱？沙拉也做馬馬虎虎，吃外面的心情還比較好,0,0,1,0,0,0,0,0,3,0,0,0,3
早餐不及格，從筷子、叉、匙，都擺不同邊，就知道隨便準備。麵包的奶油、果醬也要客人詢問才拿出來，很扯。,0,0,1,0,0,0,0,0,3,0,0,0,3
早餐不夠應對大批住客，停車場也不夠，游泳池也不是很匹配住客數，是小小缺點！,0,1,1,0,0,0,0,3,3,0,0,0,3
早餐不好吃，種類少而且看起來盤子都沒洗乾淨。附近沒有什麼好的餐廳。,1,0,1,1,0,0,0,3,3,3,0,0,3
早餐不好吃，選擇也不多。重點是浴室洗澡時水都會弄到地上都是！！！！！很麻煩很不方便！！！ 還有水力也不太夠。如果是自駕的話也不太方便，因為沒有附停車場，然後旁邊是有一個收費停車場，但每天付錢也不便宜喔！,1,1,1,0,0,0,3,3,3,0,0,0,3
早餐不如以前住宿時豐盛，也許是因?疫情關係，但希望可以再更好。,0,0,1,0,0,0,0,0,3,0,0,0,3
早餐不是一般的自助餐，在半開放的頂樓用餐，覺得很愜意。晚上也有酒吧，不過如果有音樂的話（現場）就更有氣氛，但可能收費就不一樣了！,0,0,1,0,0,0,0,0,1,0,0,0,1
早餐我從開幕住宿吃到現在，已膩，期待新的早餐出現，有時我想點個中式早餐，但它太油膩了，只好放棄，期待有簡單的白米清粥小菜，不想一早吃魚啊…這次住宿的房間，冷氣不管如何調，永遠的21度，好冷啊…,0,1,1,0,0,0,0,3,3,0,0,0,3
早餐不錯，宵夜是免費的，有網路但很弱，七樓網路斷斷續續，房間無菸味,1,1,1,0,0,0,1,3,1,0,0,0,1
早餐不錯，床很大！地點也很棒！中午12點退房，可以吃完早餐睡飽再退房，非常貼心阿！,0,1,1,1,0,0,0,1,1,1,0,0,1
早餐不錯，選擇多樣、連吃兩天不太膩。房務很積極、被子有點狀況也很快更換。整體而言舒適、CP值高。,1,0,1,0,1,0,1,0,1,0,1,0,1
他們貼心地提供免費宵夜，但是不用太期待，填填肚皮即可。離捷運大約10分鐘走路的路程，如果對於願意走路的夥伴們是不錯的選擇。,0,0,1,1,0,0,0,0,2,1,0,0,1
早餐不錯中上，房間隔音中上，熱水來的快，插座很多，停車場車位有限所以滿位時飯店會請你去停路邊收費格飯店會代付費用，很貼心，客房服務迅速,0,1,1,0,0,0,0,1,1,0,0,0,1
早餐不錯，前臺很有耐心，不管是交通方面還是其他都有幫到我們！謝謝,0,0,1,0,0,0,0,0,1,0,0,0,1
早餐不錯。滷肉飯很好吃。價格也比較划算。位置離西門町，火車站都很近。位置很佔優勢。,0,0,1,1,1,0,0,0,1,1,1,0,1
早餐中庸，麥片只分口味不同，太少選擇，蘋果直接給一顆吃不完，最推薦咖哩飯，米飯很好吃,0,0,1,0,0,0,0,0,2,0,0,0,2
早餐中式熱食選擇多，很多網友都推薦！ 離高雄火車站不遠，地理位置佳。,0,0,1,1,0,0,0,0,1,1,0,0,1
早餐中西式合併~有擔仔麵可以吃，覺得蠻新奇的,0,0,1,0,0,0,0,0,1,0,0,0,1
早餐主餐普通、自助吧還可以，服務人員態度還行，房間比預期的還要小，但設施不錯,0,1,1,0,0,0,0,1,2,0,0,0,1
早餐人數有管控，不會沒有位子。要說缺點：地下一樓停車場位置太少，有等待一段時間。,0,1,1,0,0,0,0,3,1,0,0,0,1
早餐人流沒控管，沒位子坐還必須打包回房間，食物沒有了也沒有補充,0,0,1,0,0,0,0,0,3,0,0,0,3
早餐令人滿意。從二樓看到游泳池，看起來很乾淨，下次再入住可以去遊看看,0,1,1,0,0,0,0,1,1,0,0,0,1
早餐令人驚喜?房間乾淨．配色清爽?接待大廳有自助熱飲，提供免費上網，方便又貼心,1,1,1,0,0,0,1,1,1,0,0,0,1
早餐以五星級飯店來說， 種類選擇不算太多， 但口味與食材品質還不錯， 煎蛋的廚師很忙， 又要做荷包蛋， 又要做炒蛋和蛋捲， 忙不太過來， 建議炒蛋比照其它飯店由後台廚房做好就好， 也能做成美式炒蛋也比較美味。,0,0,1,0,0,0,0,0,2,0,0,0,2
早餐份量很大，很好吃！還有免費下午茶及宵夜時段點心飲品供應！房間精緻，設計看得出花過不少心思！酒店員工十分幫忙，更有代購記念品的服務。總體來說，感覺是一間很捧的酒店！,0,1,1,0,0,1,0,1,1,0,0,1,1
早餐位子太近，和隔壁的陌生人感覺好像在共桌，在五星級飯店的水準應該不是如此吧?,0,1,0,0,0,0,0,3,0,0,0,0,3
早餐位子少，品項不多但東西補充的慢，導致排隊隊伍拉的很長，影響用餐品質,0,1,1,0,0,0,0,3,3,0,0,0,3
早餐位於一樓，面游泳池 (疫情期間暫不開放) 可以看到泳池潔淨的水，早餐菜色不錯，可再多樣些更好，住宿地點很好，面臨愛河走路散步悠閒，夜晚星空很美,0,1,1,1,0,0,0,1,1,1,0,0,1
早餐使用的食材品質明顯不佳， 當然外加價格也很低廉， 但寧可吃到品種少但質量好的食物,0,0,1,0,1,0,0,0,3,0,1,0,3
早餐內容豐盛，中西式選擇多，不錯吃！擔仔麵是最好的～,0,0,1,0,0,0,0,0,1,0,0,0,1
早餐兼併中西式，菜都滿好吃的，咖啡選用優仕品牌且不只早餐有交誼廳也會放，甚至還有多種糖漿可加，不喝咖啡的人也有其他飲料，房間內是放優仕品牌的咖啡包。服務和房間設施整潔度都不錯，以價錢來說CP值很高。,1,1,1,0,1,0,1,1,1,0,1,0,1
早餐出餐亂七八糟，前菜、麵包、甜點一次一起上，主餐到全部餐點都送了還沒送來，電視完全沒辦法看，打掃沒有確實，地板依然有垃圾,1,1,1,0,0,0,3,3,3,0,0,0,3
早餐到11:00，中午12:00退房，房內備有小點心，感覺很貼心！,0,1,1,0,0,0,0,1,1,0,0,0,1
早餐半自助式有提供素食主餐，服務人員親切，房間乾淨，有提供高鐵接駁,1,0,1,0,0,0,1,0,1,0,0,0,1
早餐口味不佳，菜色可少但要有特色，沒特色、不可口、選擇又不夠多，以這樣的房價相對令人失望,0,0,1,0,1,0,0,0,3,0,3,0,3
早餐口味不喜歡，隔音差在房內可聽見打掃人員的聲音，還沒有敲門就打開我的房門，還好我有上鎖。感覺令人不舒服,0,1,1,0,0,0,0,3,3,0,0,0,3
早餐口味不錯，但餐廳較小得早點到，否則還要排隊。這次住7樓，房間還不錯也很乾淨,1,1,1,0,0,0,1,2,1,0,0,0,1
我們這次訂到的房間，因有幼兒同行略嫌太小。另外特約停車場較遠，住宿較滿時也可能沒位子，幸好附近的停車格不難找。,0,1,0,0,0,0,0,2,0,0,0,0,2
早餐口味和種類不夠豐富。口味明顯的偏印度風，可能是根據酒店的住店客人來設定的吧？,0,0,1,0,0,0,0,0,3,0,0,0,3
早餐可以，但前提為我們當天入住價格千元有找，所以覺得性價比很高，很超值,0,0,1,0,1,0,0,0,1,0,1,0,1
早餐可以，地理位置也剛好，隔音也可以，晚上不想出去的話，也可以在房間內選擇看藍光電影。,0,1,1,1,0,0,0,1,1,1,0,0,1
早餐可以，地點佳，房間大，足夠3人開28吋行李?， 床舖也很舒適,0,1,1,1,0,0,0,1,1,1,0,0,1
早餐可以點牛排主餐。有跑步機游泳池。頂樓有露天酒吧。設施很讚。附近逛街也很方便,0,1,1,1,0,0,0,1,1,1,0,0,1
早餐可能住宿人員太多，取餐地方比較擁擠，建議可以於入住時讓客人選填想要何時吃早餐，以利控管人數，菜色可以多樣一點，尤其素食可以再增加一點標示也可以再明確一點(小小建議),0,1,1,0,0,0,0,3,2,0,0,0,2
早餐可能因疫情關係變成套餐式，口味普普。房間備品及設施都不錯，也很乾淨！,1,1,1,0,0,0,1,1,2,0,0,0,1
服務不錯，願意全額吸收路邊停車費用非常棒！整體來說，住宿體驗很好很棒！,0,0,1,0,0,1,0,0,1,0,0,1,1
早餐和京悅軒都很棒。環境設施設計上的細節都很貼心。地點也非常方便。,0,1,1,1,0,0,0,1,1,1,0,0,1
早餐和臺灣入住的其他幾家來說真是算比較差勁的了，每天幾乎就是這幾個花樣，然後麵包的黃油是人造黃油，黏的化不開的那種，房間打掃的時間比較晚，下午三點回到酒店依舊沒有打掃過，房間隔音差，隔壁洗澡聲音，關門聲音一清二楚,1,1,1,0,0,0,3,3,3,0,0,0,3
早餐品種豐富，旁邊還有一家打狗霸火鍋，住店客人有打折。飯店位於西門，出門步行5分鐘即可到達西門町和紅樓，十分方便。去市內各個景點坐捷運很便利。,0,0,1,1,0,0,0,0,1,1,0,0,1
早餐品種和味道仍需提升。特別要改進的是衛生間，淋浴沒有前擋，洗完澡就會“水漫金山”，這與其四星的定位甚有不符。,0,1,1,0,0,0,0,3,3,0,0,0,3
早餐品種很多，中西都有，還有蘿蔔糕最愛，地理位置也很好，離地鐵站5分鐘就走到，附近超市也很多，超市裡面早參也很多品種，咖啡現沖，司機也都認識，還有主要是機場1906號大巴就在酒店後門，非常方便腿腳不好的客人趕飛機！,0,0,1,1,0,0,0,0,1,1,0,0,1
早餐品質、服務品質很好，以及公共區域設施很棒，加上還有24hr免費洗衣烘衣。房間舒適，裝潢很新、很漂亮,1,1,1,0,0,0,1,1,1,0,0,0,1
早餐因為疫情關係由服務人員送至房間享用，但是菜色上略顯單調，無提供麵包或吐司之類的，飲料也只有一小杯，雖說櫃台人員表示不夠吃可以再加，但相同的餐點應該是不會想吃第二遍，早餐費用200元但提供的餐點似乎不太符合預期，當日菜色為生菜沙拉+全熟蛋+一小份義大利麵+雞腿排+蒟蒻+抹茶地瓜泥，有點像是外面早餐店賣的美式配置,0,0,1,0,1,0,0,0,3,0,3,0,3
早餐因疫情因素採個人套餐形式，菜有些涼掉了，房間剛進房有一點點悶悶的味道，感覺是潮濕味,1,0,1,0,0,0,3,0,3,0,0,0,3
早餐餐廳在地下一樓 居然沒有電梯下樓，只能走樓梯 。隔音效果滿弱的 。,0,1,0,0,0,0,0,3,0,0,0,0,3
早餐堪稱完美，主餐處理的非常好，用餐空間和房間都非常舒適。另有行政空間提供大量美味的小點跟酒水，非常優秀。店如其名，到處都提供滿滿的飲料酒水，整個入住補充滿滿水能量。飯店附近環境也不錯，大型餐廳或是夜市都有，也有配合的按摩店，對面還有KTV跟小酒吧！非常推薦。,1,1,1,1,0,0,1,1,1,1,0,0,1
早餐多元化，適合不同齡客人需求，同時也注意到營養均衡，讚 ！,0,0,1,0,0,0,0,0,1,0,0,0,1
早餐多樣不錯，離捷運站很近！最重要是很近臺北車站，去哪兒都方便，服務生態度也超級好，極力推薦~,0,0,1,1,0,0,0,0,1,1,0,0,1
早餐多樣且豐盛。員工素質佳，服務熱誠。健身設備俱全，還有游泳池，可在此好好享受。,0,1,1,0,0,0,0,1,1,0,0,0,1
早餐多樣化，新鮮也好吃，房間乾淨，電視很有誠意是有線電視，床好睡，房務人員跟早餐的服務人員親切，不開車的話是很不錯的選擇，因為停車有點不方便。,1,1,1,1,0,0,1,1,1,3,0,0,1
早餐油炸餐點比例可減少，此外，飯店櫃檯必然是公司統一要求不笑、裝嚴肅，要不然可以這麼有默契，非常不簡單,0,0,1,0,0,0,0,0,3,0,0,0,3
早餐大部分都很很滿意，其中一道洋蔥雞肉可再燉得入味一點。公共區提供的咖啡和甜點-檸檬愛玉很貼心、很消暑。,0,0,1,0,0,0,0,0,1,0,0,0,1
早餐大體上還算蠻好的，床是兩張併起來的，很大，可以躺上三個大人，房間住的很舒適，視窗可以看到外面街道,1,1,1,0,0,0,1,1,1,0,0,0,1
早餐太臺式一點也不國際化 ，選項不多 ，尤其沒有肉類 ，應該加強一下 ，早晨櫃臺小姐回達我問題 ，資態非常傲氣淩人 ，一直玩手機 ，這樣會失去很多客戶 ！要柔軟一些這是服務業！應該要有訓練才能坐櫃臺,0,0,1,0,0,0,0,0,3,0,0,0,3
早餐太多人同一時間用餐，導致電梯排隊，早餐入場排隊，退房排隊等等，建議早餐分時段預約，才不會太擁擠,0,0,1,0,0,0,0,0,3,0,0,0,3
早餐太弱 ，半自助式主餐或是餐檯料理都有待加強，對不起這家飯店的等級與價格,0,0,1,0,1,0,0,0,3,0,3,0,3
早餐好，選擇多，位置非常好，後車站2號位置出，不用過馬路，員工態度好，大堂可聊天進食，有洗衣,0,1,1,1,0,0,0,1,1,1,0,0,1
早餐好吃，入住後房間內還有貼心小卡，電梯內也有當天的天氣狀況，服務人員服務很棒，下次有機會來台中還會入住的,0,1,1,0,0,0,0,1,1,0,0,0,1
早餐好吃，走幾步路有ubike方便，不一定要搭捷運，離愛河也近,0,0,1,1,0,0,0,0,1,1,0,0,1
早餐好吃，員工親切，有1歲嬰兒同行，飯店有提供嬰兒床，澡盆，洗澡備品，消毒鍋,0,1,1,0,0,0,0,1,1,0,0,0,1
早餐好吃，對於800左右一晚還含早餐真的超超值。中西式都有，種類不會超多但是各類都有一點，都蠻好吃的。現場台/港/歐美的人都有，早餐大家都蠻滿意的樣子。平日少人住，配的房間給比較大採光好的樣子，感謝服務人員！，廁所乾淨明亮乾濕分離，吹風機大風速乾非常好！！！,1,1,1,0,1,0,1,1,1,0,1,0,1
早餐好吃，床軟硬度可，馬桶有溫水洗淨的便座很優，室內設備科技感與質感不錯（燈光、廁所），浴室提供的馬鞭草洗浴用品很香，一樓大廳還有冰熱飲可以免費喝。,0,1,1,0,0,0,0,1,1,0,0,0,1
早餐好吃，房價合宜，地點方便，提供自助式入住方式很方便又安全,0,1,1,1,1,0,0,1,1,1,1,0,1
早餐好吃，房間和廁所空間大，有很多空間放東西，空調風力大，床很舒服,0,1,1,0,0,0,0,1,1,0,0,0,1
早餐好吃，有烤土司、炒麵、擔仔麵、滷肉飯等多種選擇，浴廁很乾淨、水溫水量也都可以正常使用,1,1,1,0,0,0,1,1,1,0,0,0,1
早餐好吃，服務人員親切，地點近車站。，多次入住，看得出來在清潔維護及待客用心，且設備新穎。,1,1,1,1,0,0,1,1,1,1,0,0,1
早餐好吃，浴缸也蠻好躺的~設施都很用心~好旅館，下次會再來！！,0,1,1,0,0,0,0,1,1,0,0,0,1
早餐好吃，衛生乾淨，車站出來就是九如二路走六分鐘可到，還有下午茶及免費單車，真的物超所值,1,0,1,1,1,0,1,0,1,1,1,0,1
早餐好吃，食物新鮮品質也非常好，還很貼心的介紹負責早餐的主廚，櫃台人員及清潔人員都非常和善，1樓公共區域還有提供免費熱咖啡等飲料,0,0,1,0,0,0,0,0,1,0,0,0,1
早餐好吃、提供免費洗衣、有商務中心方便辦公有公共空間可聯誼。,0,1,1,0,0,0,0,1,1,0,0,0,1
早餐好吃、豐盛、睡覺也蠻舒服的、推薦給來台中住宿旅客、交通方便近火車站,1,0,1,1,0,0,1,0,1,1,0,0,1
早餐好吃，下午茶不錯，有霜淇淋和零食和飲料，晚上有宵夜，洗衣機和乾衣機也有，洗衣每次台幣30元，乾衣30元。，前台供應洗衣粉。,0,1,1,0,0,0,0,1,1,0,0,0,1
早餐好吃，服務人員好看，房間乾淨漂亮，物超所值，是個很大方的酒店,1,1,1,0,1,1,1,1,1,0,1,1,1
早餐好吃也有不少適合小孩吃的食物。帶一歲2個多月的孩子去，飯店提供消毒鍋、嬰兒床、澡盆、小椅子很貼心,0,1,1,0,0,0,0,1,1,0,0,0,1
提供的嬰兒床很小，一歲以上的孩子不適合，建議可以考慮換成中型或大一些的嬰兒床床，我想有些家庭應該跟我們一樣不和寶寶共床的（安全考量），而且家庭房的玩具壞損，不過孩子也還不懂玩這～,0,1,0,0,0,0,0,3,0,0,0,0,3
早餐好吃又多樣，早上餐廳服務員服務態度很好。可以抵用安心旅遊補助，CP值很高。,0,0,1,0,1,0,0,0,1,0,1,0,1
早餐好吃樣式多，設備新穎好用，房間整潔乾淨，唯一美中不足的是訂房時間是下午15：00但到達的時候已經是下午17：00多，辦理住宿櫃臺人員說房間在消毒要我們等待，這點感覺有點差，照理說應該是要把房間整理好等客人到才是，除了以上原因其他整體上都很滿意，下次還是會選擇來此住宿的,1,1,1,0,0,1,1,1,3,0,0,1,1
早餐好好吃，雖然菜色不多，但每樣都很精緻，味道也很不錯，房間舒適乾淨，電視有有線電視和電影可以選擇，超讚！距離火車站走路5分鐘，非常方便，下次去台中還會入住,1,1,1,1,0,0,1,1,1,1,0,0,1
早餐好豐盛，床也很舒適，車子一到門口，立刻有工作人員引導停車，服務很周到。,0,1,1,0,0,0,0,1,1,0,0,0,1
早餐好豐盛喔，中式早餐稀飯小菜還有電蒸籠包子，以這個價位真的非常划算,0,0,1,0,1,0,0,0,1,0,1,0,1
早餐如果人很多要等蠻久的，建議可以先來預約，但是種類蠻多，也蠻好吃的,0,0,1,0,0,0,0,0,1,0,0,0,1
早餐如果更多元就更棒了，地點位置非常的棒，鄰近熱鬧區域，也可漫步愛河邊,0,0,1,1,0,0,0,0,2,1,0,0,1
早餐孩子吃的很滿足。地點很方便，走路可以輕鬆漫遊。房間整體舒適，床很舒服，睡眠優。,1,1,1,1,0,0,1,1,1,1,0,0,1
早餐孩子吃的滿足。晚上睡眠品質不錯。地點很好，古蹟，迪化街都很好逛。,1,0,1,1,0,0,1,0,1,1,0,0,1
早餐客製化，很讚也很好吃。距離捷運站也很近，適合沒有開車的旅客。,0,0,1,1,0,0,0,0,1,1,0,0,1
早餐實在太差了，難吃， 樣式少， 人多， 8-9點要排隊， 早餐樣式少得可憐，讓你有點算了還是出去吃吧的感覺。酒店很老舊，房間太小(我已經是付高級房型)，看你追求吧,0,1,1,0,0,0,0,3,3,0,0,0,3
早餐尚可，請早點下去不然要排隊；這次是高樓邊間，景觀不錯；房間中偏大，可攤開2個29吋箱。,0,1,1,1,0,0,0,1,2,1,0,0,1
早餐就是很普通的早餐，要吃粗飽可以，但建議如果想吃好一點的，可不用加訂早餐，房間及環境整潔度非常棒 ，如果有機會會在選擇入住,1,0,1,0,0,0,1,0,2,0,0,0,1
早餐工作人員雖辛苦，但是請你們先讓客人取完餐，而不是要等妳排完杯子,0,0,1,0,0,0,0,0,3,0,0,0,3
早餐差評，選擇性不多。無停車場，或配合的停車場，需自費停車。,0,1,1,0,0,0,0,3,3,0,0,0,3
早餐應該每天不一樣，住了5天4夜，要出外吃，我住6樓，樓頂有類似老鼠跑上跑下，有點恐怕,1,0,1,0,0,0,3,0,3,0,0,0,3
早餐座位自由選擇，服務人員無法有效協助安排找位，形成不搶位就一直等不太到位置,0,0,1,0,0,0,0,0,3,0,0,0,3
早餐廳的廚房服務員素質有待改善，中午用餐的包廂內，服務人員的素質極待提高(兩次餐具掉到地上，一次上菜時手碰到桌上食物),0,0,1,0,0,0,0,0,3,0,0,0,3
早餐很一般，連現煮麵粉一類的都沒有，實在體現不出高雄的美食優勢。,0,0,1,0,0,0,0,0,3,0,0,0,3
早餐很不錯吃，地點也很好，環境乾淨舒適，員工都很和藹可親，非常推薦背包客,1,0,1,1,0,0,1,0,1,1,0,0,1
早餐很豐富，不過口味一般，地理位置很好，離桃園機場捷運非常近,0,0,1,1,0,0,0,0,1,1,0,0,1
早餐很豐盛，晚上的酒吧也很好，離地鐵口非常近，一切都很滿意，以後去高雄的首選。,0,0,1,1,0,0,0,0,1,1,0,0,1
早餐不符合我們的口味，房價高但房間太小了，臺北算市區房價高房間小也能理解，隔壁的旅店更有特色，前臺小哥哥小姐姐好像很忙所以比起高雄墾丁的住宿體驗不是那麼的好噢,0,1,1,0,1,0,0,3,3,0,3,0,3
早餐很多樣化，有西式也有中式，停車也很方便，下次一定還會來住,0,0,1,1,0,0,0,0,1,1,0,0,1
早餐很好 ，整體感覺不錯，若能定期辦理平日住宿優惠或連續住宿專案更好,0,0,1,0,0,1,0,0,1,0,0,2,1
早餐很好，款色也多，如能多轉換便更好。所有職員都很有禮貌，熱情，能幫忙解決問題，這方面完全比得上五星級大飯店。有自助洗衣設備能為我們解決大問題。,0,1,1,0,0,0,0,1,1,0,0,0,1
早餐很好，自助餐，豐富，位置好，離臺北車站近，有床頭燈，布簾隔開，儲物櫃,0,1,1,1,0,0,0,1,1,1,0,0,1
早餐很好，防疫期間還會提供個人的餐盒，性價比非常高，床也非常舒適，下次還會選擇這裡，這樣的價格沒有什麼可以挑剔的。,0,1,1,0,1,0,0,1,1,0,1,0,1
早餐很好。床很軟很舒服。有下午茶有宵夜。服務人員也很熱情。不錯的體驗,0,1,1,0,0,0,0,1,1,0,0,0,1
早餐很好也豐富，睡床很舒適！工作人員都很和善，下次一定再來。,0,1,1,0,0,0,0,1,1,0,0,0,1
早餐很好吃 服務人員態度都很好，房間裡的迎賓餅乾起司棒超級好吃！,0,0,1,0,0,0,0,0,1,0,0,0,1
早餐很好吃，真心推薦。員工很友善，服務不錯。房間很乾淨，打掃用心。,1,0,1,0,0,0,1,0,1,0,0,0,1
早餐很好吃，種類也算多，服務人員態度也都非常好，還幫我免費升等大床，雖然沐浴乳洗髮乳是用包裝的比較可惜《長髮一包不夠用啊啊》，但整體很滿意，有機會會再造訪！謝謝,0,1,1,0,0,1,0,3,1,0,0,1,1
早餐很好吃、西式給的小果醬和安佳奶油品質很放心，尤其在防疫期間有感受到旅店用心。中式的白粥和小菜都很好吃，房間乾淨，沒有遇到傳說中隔音不好的問題，主動提供房間升級，四人房浴缸超大浴室超大，這個性價比非常優良,1,1,1,0,1,0,1,1,1,0,1,0,1
早餐很好吃、選擇很多樣，而且防疫做得很好，CP值高！不管是服務處還是櫃台人員，服務都非常好，很細心、有耐心地幫我們處理住宿問題！！,0,0,1,0,1,0,0,0,1,0,1,0,1
早餐很好吃！！入住送的兩杯飲料，我們選的是調酒，好喝！！，大廳的裝潢也很不錯，整體的感覺很讚,0,1,1,0,0,1,0,1,1,0,0,1,1
早餐很好吃！房間雖然偏小但是乾淨整潔又很舒服！而且有很多電影可以看！大廳還有咖啡奶茶可以泡，真的覺得很貼心～住的很開心！,1,1,1,0,0,0,1,1,1,0,0,0,1
早餐很好吃，疫情關係，可以到會員貴賓室拿取飲料和點心，都是很棒的手工餅乾和小甜點，還有我最愛的氣泡飲料和水和莫凡彼霜淇淋。房間內還有點心飲料全都免費，度假很讚,0,0,1,0,0,0,0,0,1,0,0,0,1
早餐很棒，且餐廳在高樓層，用餐視野佳。點心吧也覺得很好，雖然沒機會使用到，房間提供自製晚安面膜，很貼心。,0,1,1,0,0,0,0,1,1,0,0,0,1
早餐很棒，光奶油是小盒安佳就足夠給滿分了，還有新鮮水果，麵包除了土司還多了乾酪麵包可以吃，稀飯的熱菜口味跟種類也都不錯。房間乾淨寬敞明亮，衛浴空間設備也都很好，枕頭還給軟硬各一組，十分貼心。附近餐飲選擇性很高，還有五金賣場，十分便利。,1,1,1,1,0,0,1,1,1,1,0,0,1
早餐很棒，分量足夠也美味。房間舒適乾淨服務亦佳，很棒的住宿體驗,1,0,1,0,0,0,1,0,1,0,0,0,1
早餐很棒，喜歡涼拌菜的擺盤，色彩繽紛，一早看到就令人心情愉悅。床和棉被非常舒服,0,1,1,0,0,0,0,1,1,0,0,0,1
床不錯。就是預定時的房間照片和實際入住的不太一樣，沒有照片中的美。,0,1,1,0,0,0,0,1,3,0,0,0,3
早餐很棒，床品也很好！酒店很新，而且會提供免費的手機供住客上網電話旅遊，非常周到。,0,1,1,0,0,0,0,1,1,0,0,0,1
早餐很棒，廚師們都很用心，環境乾淨，房間都相當整潔，市區方便，交通也便利,1,0,1,1,0,0,1,0,1,1,0,0,1
早餐很棒，有許多選擇，床鋪很舒適，偏軟，枕頭也是，房間大小還蠻不錯的，不過有些東西收拾得比較隱密，需要找一下,0,1,1,0,0,0,0,1,1,0,0,0,1
早餐很棒，每天都會更換一些菜色，連續住幾天也不會吃膩，有自己的平面停車場，比較方便,0,1,1,0,0,0,0,1,1,0,0,0,1
早餐很棒，菜都是現炒的，食材新鮮！。咖啡很好喝。有配合停車場，很便利！服務人員貼心、很棒～！房間超乾淨，隔音也不錯。有洗衣機、烘衣機，有在保養很用心～！第4次入住～還是給予滿分,1,1,1,0,0,0,1,1,1,0,0,0,1
早餐很棒，雖然不是自助，但是種類很多。員工很友善，非常熱心，床也很舒服。,0,1,1,0,0,0,0,1,1,0,0,0,1
早餐很棒，雖然不是自助，但是種類很多。員工很友善，非常有幫助的，床也很舒服。,0,1,1,0,0,0,0,1,1,0,0,0,1
早餐很棒！很有質感環境也很棒～坐在頂樓吃早餐很愜意，一人一份餐不會吃過量也很精緻，點心吧跟宵夜吧的服務也很貼心，雖然都是小小的點心，但都很好吃也能填飽肚子！（布朗尼跟西米露好好吃大推）服務人員都很親切，這次是跟妹妹一起來高雄小旅行，因為住到比歐緻居才有這麼棒的回憶～～謝謝你們辛苦了,0,0,1,0,0,1,0,0,1,0,0,1,1
早餐很棒！每樣東西都很好吃。離台中火車站後站很近，走出來就是,0,0,1,1,0,0,0,0,1,1,0,0,1
早餐很棒！美中不足的是當日熱湯：番茄海帶豆腐湯，胡椒味稍重，能調整一下會更好，其餘都在水準上！,0,0,1,0,0,0,0,0,2,0,0,0,2
早餐很棒！餐點老少都很合適，住宿品質很好，以後來高雄玩是首選。,0,0,1,0,0,1,0,0,1,0,0,1,1
早餐很用心，即便用餐時間快到了還是會補上食材;豪華家庭房空間很大很舒適,0,1,1,0,0,0,0,1,1,0,0,0,1
早餐很精緻好吃～飯店員工很親切，酒店細節的設計做得很好！處處都很用心，下次還希望再來～,0,1,1,0,0,0,0,1,1,0,0,0,1
早餐很糟糕，早午餐定位可以內容不好，太多人工化合物的商品，難吃,0,0,1,0,0,0,0,0,3,0,0,0,3
早餐很美味，菜色多樣化，餐廳服務人員的服務態度很好，親切又貼心，客房整理人員很認真，還留小卡片歡迎客人，感覺很棒！,0,0,1,0,0,0,0,0,1,0,0,0,1
早餐很豐富！很多道不同的菜色！，讓我們一家人吃的很飽滿！，下次還會再來住！,0,0,1,0,0,0,0,0,1,0,0,0,1
早餐很豐富很滿足，免費的午茶吧的糕點也都很精緻好吃，櫃台人員服務態度都很好很貼心，最喜歡的是房間的床和枕頭都超級舒服超紓壓到好想買回家，有機會有時間會想再訪~~,0,1,1,0,0,0,0,1,1,0,0,0,1
早餐很豐盛也很好吃，就是中規中矩的五星級飯店，該有的都有,0,0,1,0,0,1,0,0,1,0,0,1,1
早餐很豐盛， 接待人員也有水準以上表現， 房間設備符合性價比。,0,1,1,0,1,0,0,1,1,0,1,0,1
早餐很豐盛，地理位置超棒！房間雖然不大但很舒適，淋浴水也很強，舒服,0,1,1,1,0,0,0,1,1,1,0,0,1
早餐很豐盛，環境也不錯，但浴室有異味很嚴重，一進房門就聞到不太舒服。,1,0,1,0,0,1,3,0,1,0,0,1,3
早餐很豐盛，而且有提供接近午餐的選擇，迎賓飲料也非常棒，電梯是半透明可以觀賞景觀的，梯廳也都有設計聯絡電話，感覺蠻符合五星飯店的要求水準。,0,1,1,0,0,1,0,1,1,0,0,1,1
早餐很豐盛、只是廁所排水不良，但飯店有派人及時處理，還算不錯,0,1,1,0,0,0,0,3,1,0,0,0,1
早餐很豐盛。親子房遊戲能夠吸引小男孩注意力，很棒！浴缸大，親子一同泡澡沒問題,0,1,1,0,0,0,0,1,1,0,0,0,1
早餐很高級，房間內附贈的飲料和餅乾都很棒，而且電視能看youtube非常方便，地點在捷運中央公園站出口附近，要去買東西吃或是逛街都很方便，整體都非常的滿意。,0,0,1,1,0,1,0,0,1,1,0,1,1
早餐快吃完了，跟服務員說飲料還沒上 過一下子還是沒送來，又跟服務員說了一次才馬上送來，希望加強管理，早餐採辦理入住時預約，但如果人太多 因位子較少，可能得先回房間等待，電話通知時才可以過去吃 ，若有趕時間的人可能得入住時預約早一點的時段吃，或是訂沒含早餐的房型，然後出去外面早餐店吃,0,0,1,0,0,0,0,0,1,0,0,0,1
早餐餐點不錯，但菜單的邏輯怪怪的，上菜序也怪怪的，可以在改進。,0,0,1,0,0,0,0,0,3,0,0,0,3
早餐意外的好，價格便宜，地點附近觀感不好，但離車站確實方便。,0,0,1,1,1,0,0,0,1,3,1,0,1
早餐意料外的豐盛；床舖和衛浴設備都是乾淨，是不錯的商務旅館。,1,1,1,0,0,0,1,1,1,0,0,0,1
早餐應以每房住宿人數分配領取，才7:45早餐就沒了，而且又不補……,0,0,1,0,0,0,0,0,3,0,0,0,3
早餐應該由工作人員帶位，而不是讓我們自己進去繞圈圈找位置，還要用搶的。浴室沖澡時水會從浴缸邊流到地板上造成濕滑，而有滑倒的危險，浴室滑門關上時還有2個指頭的縫隙蠻誇張的。,0,1,1,0,0,0,0,3,3,0,0,0,3
早餐挺好吃，有牛奶、豆漿、咖啡、包子、麵包、乾拌面、各種葷菜和素菜、湯、水果（不太喜歡這種水果）。。。等等。種類挺多，就是每天都是一樣的東西。我覺得水果可以換一換，或者種類多一些會更好。最上面一層有一個健身房，還有很多座位可以休息。最上一層還有室外空間，有一些座位和秋千，風很大，感覺很自由。服務也很好，前臺的服務人員很友善。台灣真好，臺北真好。,0,1,1,0,0,0,0,1,1,0,0,0,1
早餐採主餐加半自助，但希望自助方面選擇多一點，畢竟早上起來吃不了主餐的食物。,0,0,1,0,0,0,0,0,2,0,0,0,2
早餐改成套餐，選擇性不多！缺乏特色。 我還是喜歡過去的自助餐式！(疫情關係，我可以諒解！）,0,0,1,0,0,0,0,0,3,0,0,0,3
早餐是半自助式，餐點很豐富，服務人員非常親切，房間舒適、浴室水量充足、提供免費飲料跟咖啡膠壤，頂樓的游泳池非常適合拍照、也很大~晚上會變身夜店風,0,1,1,0,0,0,0,1,1,0,0,0,1
早餐是不錯，若能多增加如什錦果麥類更好。距火車站近是優點。,0,0,1,1,0,0,0,0,1,1,0,0,1
早餐是套餐+自助吧，餐點味道都很不錯，不過中式粥類要比漢堡好吃一點。房間空間非常大，浴缸出水速度極快，住起來很舒適,1,1,1,0,0,0,1,1,1,0,0,0,1
早餐是比較簡易也具有健康性的，是否能夠進行定期的更換菜色，相信更能夠接地氣,0,0,1,0,0,0,0,0,2,0,0,0,2
早餐美中不足的，就是霜淇淋櫃裡面的霜淇淋都很硬，挖不起來，很難挖,0,0,1,0,0,0,0,0,3,0,0,0,3
早餐是豐富的自助餐， 房間很乾淨，價位合理。離愛河景點很近，地點很好。CP值很高。,1,0,1,1,1,0,1,0,1,1,1,0,1
早餐時播放的音樂能再慢點、清點，播快節奏的音樂讓人緊張，吃得很趕的感覺～,0,0,1,0,0,0,0,0,3,0,0,0,3
早餐時段分為3個時段： 早上7點；早上8點；早上9點。三明治內容物豐富，但西式中式餐點取餐時已經涼掉了。提早完成早點後，應放入保溫箱，待房客預約時段再拿出餐車放置即可。謝謝您。,0,0,1,0,0,0,0,0,3,0,0,0,3
早餐時間到十點，我們9:50入場，也收了我們早餐費用，竟然10:07就態度很不好地來把我們一家都趕走。如果十點就必須清場，就不要收我們進去吃飯，才拿好了餐點，連吃都沒吃什麼，就被趕走了，兩個小孩當場十分錯愕。去過很多旅館，沒發生過這種事，所以以後不會再住了。,0,0,1,0,0,0,0,0,3,0,0,0,3
早餐時間的飲品要排的稍嫌久了點，不過是也還可以接受，畢竟假日就人多,0,0,1,0,0,0,0,0,2,0,0,0,2
早餐普通。隔壁房客早上5點多就離開，房務隨即進行清掃，雖然理解這樣比較有效率，但六點左右就要聽到清掃聲，有點擾人清夢。,0,0,1,0,0,0,0,0,3,0,0,0,3
早餐會在入住時確認，當天早上用單點的方式準備，服務非常貼心，比起自助式的早餐更為精緻，份量也足夠是吃得飽的。冰箱裡面竟然有小黃瓜片跟面膜用水還附上面膜錠，房間也有免費的零食飲料，接待櫃台前更有宵夜吧的服務，給較晚入住的旅客充飢用，整體來說是不錯的入住體驗。,0,0,1,0,0,1,0,0,1,0,0,1,1
早餐有中式蔬菜水果也有簡單的土司小麵包可以有選擇，菜色算有變化。室內整潔床舒適，空調好。,1,1,1,0,0,0,1,1,1,0,0,0,1
早餐有些沒有很好吃蛋有燒焦，隔音比想像中差一點，可以聽到隔壁關門聲，但還可以接受,0,1,1,0,0,0,0,3,3,0,0,0,3
早餐有多樣選擇，有青菜有水果還有粥，也有土司，而且用餐時還有貼心小物可以放桌上，讓人知道這餐桌是有人使用的！！一樓還有可以休息喝茶看書報的地方！！網路訊號也很好！床也很舒服讓我睡的很好！離後火車站很近！櫃檯服務人員很貼心，還有幫我查詢如何搭公車轉乘,0,1,1,1,0,0,0,1,1,1,0,0,1
早餐有奶茶跟炸物跟整體環境非常不錯，房價也蠻合理的。有機會會在入住的。,0,0,1,0,1,1,0,0,1,0,1,1,1
早餐有很大的改善空間，海景房變成側景房，看不到正面的愛河，整面茶幾上有灰塵。,1,0,1,0,0,0,3,0,3,0,0,0,3
早餐有改善，變得很豐富！房間隔音不錯還滿安靜的，鬧中取靜，要去西門町很近，過個馬路就到，但又不會被吵到。,0,1,1,1,0,0,0,1,1,1,0,0,1
早餐有著名的滷肉飯和擔仔面，餐廳的員工服務很主動；全天有飲料供應。距離臺北車站挺近的，周圍購物和餐飲非常方便。,0,0,1,1,0,0,0,0,1,1,0,0,1
早餐有點簡單，客製荷包蛋太油，，雙床房空調設備，不能控溫21度太冷了,0,1,1,0,0,0,0,3,3,0,0,0,3
早餐服務人員服務不是很好，地板溼的也沒有及時整理。碗盤不夠洗出來的也不是很乾淨，服務人員態度也不是很親切。總之。原本的好印象在早餐餐廳這裡整個讓我覺得再也不會來了。,1,1,1,0,0,0,3,3,3,0,0,0,3
早餐服務員的態度，第一天吃完早餐後，後面二天早餐就不想去吃了。,0,0,1,0,0,0,0,0,3,0,0,0,3
早餐服務生可以再多注意客人需要什麼，早餐只有三四桌客人，但早餐為單點加半自助，想點餐時會需要自行去找服務生。,0,0,1,0,0,0,0,0,3,0,0,0,3
早餐服務生素質和應對進退的相關訓練需加強。我尚未用完餐，發現桌上圓牌被收走，問了一位女服務生，她的回答居然是:那不是我收的！，所以我只好去跟女經理反應…。圓牌被放回後，那位女服務生居然向另一位女服務生大聲埋怨工作事務，而且就距離我們3-4桌的位置，講話的聲音在安靜的早餐廳裡甚為明顯，影響到我們的用餐情緒，讓我們觀感很差…。早上9:30就把圓牌全部收走，客人會有被趕的不好感受，在管理上。,0,0,1,0,0,0,0,0,3,0,0,0,3
早餐東西太少了啦~~我們9點多一點下樓 結果什麼都沒得吃了啦,0,0,1,0,0,0,0,0,3,0,0,0,3
早餐柳橙汁有點酸掉的味道，有一道菜不確定是不是加熱的關係，也有點變味。,0,0,1,0,0,0,0,0,3,0,0,0,3
早餐樣式多， 櫃台服務人員接電話很快， 回答有耐心， 我們下次還要來住。,0,0,1,0,0,0,0,0,1,0,0,0,1
早餐樣式的選擇蠻多樣的。入住時的附贈的小糕點與小餅乾很周到。硬體部分都蠻周到的，衛浴的開關也都蠻直覺的。從入門口到櫃台的接待人員的接待對應也都很有禮貌到位。免治馬桶很舒適，花灑與沖澡的蓮蓬頭水流也夠力，溫度也舒適，泡澡看電視很爽。,0,1,1,0,0,0,0,1,1,0,0,0,1
早餐樣式雖然不算很多，但美味可口，該有的都有了，全家都很喜歡。,0,0,1,0,0,0,0,0,1,0,0,0,1
早餐欠佳， 食物選擇不多， 水果種類少，食物保溫不足， 冷飲品也不夠冷,0,0,1,0,0,0,0,0,1,0,0,0,1
早餐款式一般，但水果種類也算多。方塊麵包超軟嫩，每天有免費下午茶，免費提供自助洗衣乾衣服務。整體環境很舒服，服務員很有禮貌和熱情，下次也會再入住。,0,1,1,0,0,1,0,1,1,0,0,1,1
早餐款式天天不同，房間整潔新穎，員工禮貌友善，有機會會再入住。,1,1,1,0,0,0,1,1,1,0,0,0,1
早餐款式少，沒有特色。乾衣機等候時間長。浴缸外地面沒有裝設阻隔台，每次沐浴後整個廁所地上都淹水。,0,1,1,0,0,0,0,3,3,0,0,0,3
"早餐款式比較少，但還是可以的。
但房間和走廊的燈光比較偏暗?隔音有點差，而且房間有些氣味呢！",1,1,1,0,0,0,3,3,2,0,0,0,3
早餐款色不多。雙床房面積不大，如果拿大一點的行李箱不好收拾。上一次住的雙人大床房面積大一點，還有窗，舒服一點。,0,1,1,0,0,0,0,3,3,0,0,0,3
早餐每人一份，現點現做，份量足夠，景觀很棒。喜歡這裡的每個小細節，所有設計，房間裡的備品，無可挑剔。是目前住過台灣特色旅店的前二名！交通很方便，捷運站旁邊，也離商圈很近。最棒的是有特斯拉停車位，電動車友善！員工也都很友善熱情！還招待我吃下午茶跟宵夜～如果再去高雄絕對回訪！,0,1,1,1,0,0,0,1,1,1,0,0,1
早餐每天菜色都不同，住兩天也不會覺得都吃一樣，另外還有提供素食，很用心，提供洗衣烘衣機，真的大加分，夏天去玩到流汗也不用怕衣服燜到臭或是洗了隔天不會乾,0,1,1,0,0,0,0,1,1,0,0,0,1
早餐比前幾年差！前臺服務也差勁，失望！不會再入住。這幾年跟booking.com 訂的房，無論英國瑞典義大利等歐洲或亞洲，全部近電梯位置，嚴重影響睡眠品質及身體健康。,0,1,1,0,0,0,0,3,3,0,0,0,3
早餐比較簡單，較偏向中式，很好吃有飽足感，但希望可以再多樣化。服務人員都非常親切！,0,0,1,0,0,0,0,0,1,0,0,0,1
早餐水果很好吃， 有中式和西式早餐 ，但麵包區只有吐司，希望可以增加麵包類,0,0,1,0,0,0,0,0,1,0,0,0,1
早餐水果新鮮好食， 大廳 非常舒適， 又可免費享受咖啡/茶，有免費洗衣及乾衣，非常貼心。,0,1,1,0,0,0,0,1,1,0,0,0,1
早餐水準不好，這樣的飯店，應該可以有更好的早餐。房間隔音不太好。,0,1,1,0,0,0,0,3,3,0,0,0,3
早餐沒有人帶位，走了一圈最後併桌。建議餐後由客人將使用完畢的牌子返還入口處，貴飯店人員才能知悉有否空位，方便後續客人使用。,0,0,1,0,0,0,0,0,3,0,0,0,3
早餐沒有特別驚喜，住宿不含早餐還要另外付費，雖然優惠房客，但一人也要360元，有點小貴。,0,0,1,0,1,0,0,0,3,0,3,0,3
早餐清潔工一直把我們的牌子收走，夾菜夾到一半還要擔心其他人把我們原先的位置佔走,0,0,1,0,0,0,0,0,3,0,0,0,3
早餐滿多樣的，因起得比較晚，服務人員很熱心協助延長取餐時間． 晚上浴室電燈異常，通知櫃檯後馬上換了一間房間，態度也很好． 有公用停車場，位置算多，不過訂房率算高建議早點停放，如果真的滿了，也可停路邊收費停車格， 再把收費單給櫃檯即可．,0,1,1,0,0,0,0,1,1,0,0,0,1
早餐滿好吃的，櫃台的人員也都很親切、熱心助人，房間雖然不算大但很舒適，電視有藍光免費電影很讚，影片都很新,1,1,1,0,0,0,1,1,1,0,0,0,1
早餐炒飯飯都硬掉了，火腿也硬掉，高麗菜太軟，服務生收盤子太慢了，總之很失望，,0,0,1,0,0,0,0,0,3,0,0,0,3
早餐熟食樣式選擇不多且不美味。晚餐自助餐的菜色相較於饗食天堂和海港顯得不優。 浴室空間狹小，淋浴和浴缸沒有分離,0,1,1,0,0,0,0,3,3,0,0,0,3
早餐牛排太乾，選擇了2大1小的小朋友加價專案訂房後，飯店卻說要再另外加價，這已經是我在booking台灣訂房遇到第二次類似問題(上一次是六房莊)，希望booking與飯店方確認雙方後台的訂單資訊內容。,0,0,1,0,0,0,0,0,3,0,0,0,3
早餐特別好吃，菜色也非常多元以及用心，調味不隨便，真的好吃！,0,0,1,0,0,0,0,0,1,0,0,0,1
早餐特別好，因為說人多，所以開了中餐廳、西餐廳兩個早餐廳，隨意選，都是半自助式的，反正我覺得挺好。唯一就是臺灣餐廳都收的很早，中餐廳十點半就沒了，差點沒吃著。,0,0,1,0,0,0,0,0,1,0,0,0,1
早餐特別好，種類很多；住宿地點很方便，距離車站很近，距離購物景點也很近。整體住宿環境不錯。,0,0,1,1,0,1,0,0,1,1,0,1,1
早餐用免洗餐盒裝，自助取用，味道還可以，但真的感覺很不好。櫃檯還少註記一份早餐，得跟餐廳爭取才有，不太愉快的早餐經驗。泳池、住房都很乾淨,1,1,1,0,0,0,1,1,3,0,0,0,3
早餐用餐人多，動線不好，人擁擠。供餐不及，坐位不夠。服務員的無線電太吵了。,0,0,1,0,0,0,0,0,3,0,0,0,3
早餐用餐情況。在疫情期間桌間隔仍太近，考量人潮洶湧應加隔板，或是提供住宿者外帶回房間使用的可能。,0,0,1,0,0,0,0,0,3,0,0,0,3
早餐用餐時候，只是在去拿東西，服務人員就把東西收走牌子也收走，重點我們沒有翻清潔那面呀！服務人員也沒有道歉，就只有說還妳,0,0,1,0,0,0,0,0,3,0,0,0,3
早餐的主餐是限定的提供，很好，也很精緻。還有自己取用的部分，這樣的安排很好。,0,0,1,0,0,0,0,0,1,0,0,0,1
早餐的主餐沙朗牛排不符合期望。跟網紅影片拍的有點落差。雞肉捲和鮑魚粥都吃起來都溫溫偏冷。主餐以外的食物選擇性算蠻多的。廁所洗臉台的平臺真的有點小。東西不好放置。小鏡子的燈沒有辦法熄滅。電影選擇不多。大人可以選的不多。小孩子只能從第四台的兒童台挑。,0,1,1,0,0,0,0,3,3,0,0,0,3
早餐的出餐速度可能要在加強。大約8點左右前往餐廳，但很多東西都剛好沒有了，後續有補上但覺得早餐不是特別好吃。,0,0,1,0,0,0,0,0,3,0,0,0,3
早餐的咖啡有塑膠味。雖然跟人員反映後得知是杯子的問題，實際上咖啡豆很高級。但若是使用高級的咖啡豆，卻因為容器問題喝起來只有低價的味道(塑膠味)不是很枉然嗎。如果能改善這點就完美了~,0,0,1,0,0,0,0,0,3,0,0,0,3
早餐的品質不錯，選擇也算滿多的，住宿環境以這個價錢來說，其實相當不錯。房間乾淨明亮，設施齊全，我住的房間有對外窗風景很不錯！,1,1,1,1,1,0,1,1,1,1,1,0,1
早餐的品項可以再多樣點 ，只有吐司咖啡，炒麵，湯，清粥和幾樣醬菜四星級的飯店早餐有點傻眼。,0,0,1,0,0,0,0,0,3,0,0,0,3
早餐的場域非常擁擠，動線應改善。桌間距非常窄，現有COVID-19的威脅，間距比高鐵座位還差，感覺隔壁阿北的口水都噴過來，很不衛生！應試圖控管人數或改善動線桌距！,0,0,1,0,0,0,0,0,3,0,0,0,3
早餐的果汁不好喝，再點一杯牛奶卻被說不是一樣的不能續杯，感覺很不好,0,0,1,0,0,0,0,0,3,0,0,0,3
早餐的柳橙汁很稀，早餐菜色都以中式為主，沒有火腿熱狗之類，有點失望。,0,0,1,0,0,0,0,0,3,0,0,0,3
早餐的水果盤跟放沙拉的地方，旁邊開著電蚊香，電蚊香還冒出淡淡的煙，看到完全沒胃口了，吃了應該對身體有害吧！！,0,0,1,0,0,0,0,0,3,0,0,0,3
早餐的牛奶壞了，小孩喝了半杯，除了我們有這樣的狀況外，隔壁桌的客人也有一樣的感覺，跟服務人員反映後，立即作全部牛奶的更換，離開飯店後，小孩小拉肚子，還好沒喝很多,0,0,1,0,0,0,0,0,3,0,0,0,3
早餐的種類超多樣，比之前住宿的地方都要來的好，服務人員超親切專業，本來只住一天，臨時加住一天，立刻就協助處理，CP值破表，地點也算市區去附近的景點都很方便，還可以租藉電動機車，唯一小小的問題就是停車位只有3位，不過以這樣的價位及服務，沒有什麼可以挑剔了，值得再來。,0,1,1,1,1,0,0,3,1,1,1,0,1
早餐的蛋糕很乾，提供的毛巾味道很重，窗戶是否可以加強清潔,1,1,1,0,0,0,3,3,3,0,0,0,3
早餐的部份和之前臺北日記做比較，感覺有比較差，東西變少選擇性不多了。沙拉吧只有四種菜，牛奶、豆漿、果汁都不見了，咖啡只有黑咖啡，之前有拿鐵、卡不奇諾可以選擇；麵包只剩吐司，可頌、法式麵包沒了；擔仔麵貢丸也沒了，之前會有涼拌菜，現在沒有了~,0,0,1,0,0,0,0,0,3,0,0,0,3
早餐的部分可以再多一點變化，也許可以合作知名早餐店的小吃，不然會覺得一塵不變,0,0,1,0,0,0,0,0,3,0,0,0,3
早餐的部分差強人意，蠻普通的，若可以希望可增加蛋類和肉腸 ，畢竟這是早餐中蠻普遍的食材,0,0,1,0,0,0,0,0,3,0,0,0,3
早餐的部分讓人有點失望，選擇性不多，加上價格上也不便宜，可以說是單純花錢吃氣氛的,0,0,1,0,1,0,0,0,3,0,3,0,3
早餐相當美味，選擇也多。特別是西式早餐的現做歐姆蛋，堪稱完美。麵包種類選擇相當多。雖是在4F西式早餐區用餐，但亦有炒飯、蘿蔔糕以及叉燒酥等中式餐點選項，安排十分周到。整體而言，食物新鮮美味，物超所值。衛浴設備相當整潔，床非常舒適，迎賓飲料為這趟住宿增色不少。,1,1,1,0,1,0,1,1,1,0,1,0,1
早餐相當豐盛，二樓中餐廳的餐點水準頗高，一樓有酒吧，適闔家人朋友晚上聊天,0,0,1,0,0,0,0,0,1,0,0,0,1
早餐相較於高雄豐富的早餐店選擇下是較為一般，但是服務人員親切、房間乾淨舒適、入住手續簡便 地點離高雄車站不遠，交通算是很方便！,1,0,1,1,0,0,1,0,1,1,0,0,1
早餐真的不好吃，怎麼可以把食材做成難吃的料理，真不知道該哭還是該笑，公司應該更甚選廚師的廚藝較妥,0,0,1,0,0,0,0,0,3,0,0,0,3
早餐真的不錯，有水果有沙拉，有清粥，價格又親民，地理位置離西門站第4出口超近的,0,0,1,1,0,0,0,0,1,1,0,0,1
早餐真的好吃選擇又超多、豪華房空間很大、希望安排高樓層也有住到，整體滿喜歡的,0,1,1,0,0,1,0,1,1,0,0,1,1
早餐真的很用心，住宿五天，幾乎沒有重複的品項，雖然選擇不多，但每天的早餐感覺的出來都很用心準備！,0,0,1,0,0,0,0,0,1,0,0,0,1
早餐真的物超所值，還有提供宵夜，整個住宿感覺有稍微拉昇了一下,0,0,1,0,1,0,0,0,1,0,1,0,1
早餐種類不算非常多但蠻好吃的，旅館地點離火車站非常近很方便，服務人員親切，浴室寬敞，沐浴品好用,0,1,1,1,0,0,0,1,1,1,0,0,1
早餐種類可加多兩三樣如烚蛋，煎蛋，或粗麥飽。床墊很舒適，但需要考慮下如何保障私隱（即布簾能蓋好減少外面可看到簾內住客活動）及冷氣可平均進入簾內。,0,1,1,0,0,0,0,3,2,0,0,0,3
早餐種類多， 但質量尚可， 相較於早餐的費用， 不覺優質。取餐動線， 也可再考量安排。 員工間有爭執， 應避免將情緒帶至用餐環境。,0,0,1,0,1,0,0,0,3,0,3,0,3
早餐種類多。房間乾淨整齊，也很舒適。距離站前地下街Z10出口很近，地點良好。,1,0,1,1,0,0,1,0,1,1,0,0,1
早餐種類多很好吃，服務人員態度親切，設備設施新又乾淨，空調安靜遮光良好。,1,1,1,0,0,0,1,1,1,0,0,0,1
早餐種類很多，味道也很不錯，旅館位置很好，捷運出來就是了，向內的房間很安靜這點很不錯。旅館樓下有餐廳，非常適合辦活動接待嘉賓用。未來有機會會在入住。,0,1,1,1,0,0,0,1,1,1,0,0,1
早餐種類有點少，隔音很不好，隔壁打掃房間跟走廊別人說話都聽得到，枕頭很不好睡,0,1,1,0,0,0,0,3,3,0,0,0,3
早餐種類豐富多樣，熱菜有6道，還有包子饅頭麵包肉燥飯等多種選擇。,0,0,1,0,0,0,0,0,1,0,0,0,1
早餐種類還可以，最棒是24小時的飲料提供，還有吐司可以吃，晚上想喝熱茶也可以，附近還有2家便利店很方便的。房間蠻大 ～ 還有窗戶。第二次住還是很喜歡。,0,1,1,1,0,0,0,1,1,1,0,0,1
早餐種類雖然不到琳瑯滿目，但該有的都算有了，我住的房價是一晚1980元，有這樣的房間品質還有如此等級的早餐，加上這家旅店的位置，已經是物超超超超所值了！個人相當滿意！,0,1,1,1,1,0,0,1,1,1,1,0,1
早餐空間稍嫌狹窄，且因量不多，等待取餐的時間有點久， 服務人員只有一位， 影響取餐和用餐時間。,0,1,1,0,0,0,0,3,3,0,0,0,3
早餐好吃，空間舒適。房間也很舒服。有個好玩的地方就是，一開始找不到位置。後來詢問一下路人，居然就剛好是飯店員工。還很好的帶我前往，真的是印象深刻呀！,1,1,1,0,0,0,1,1,1,0,0,0,1
早餐算滿好吃的，地點也很近，也很乾淨，床枕頭也好睡，房卡會給2張方便行動，門口可以停機車汽車，,1,1,1,1,0,0,1,1,1,1,0,0,1
早餐算豐富，但每日菜色宜稍變化，畢竟有客人會住三五天，連吃數日一樣的，不太好。雙人房的茶杯、漱口杯、牙刷、毛巾宜雙色，以免混淆。,0,1,1,0,0,0,0,3,3,0,0,0,3
早餐算豐富，菜色也很不錯，有高麗菜、炒米粉、咖哩雞、梅幹扣肉、炒蛋，稀飯的配菜也很多，性價比蠻高的，不過用餐時間七點至七點半，算需要提早起床才吃的到，飲料也蠻多種類的，也有薯條跟雞塊，吃的很飽,0,0,1,0,1,0,0,0,1,0,1,0,1
早餐米粉甜的難下嚥，炒米粉應該是乾的，加太多水不乾不湯的很難吃。,0,0,1,0,0,0,0,0,3,0,0,0,3
早餐精緻，不像一般自助早餐東西多但較不精緻，如果吃不夠可以再點。不會造成浪費，非常好,0,0,1,0,0,0,0,0,1,0,0,0,1
早餐精緻且美味，房間舒適且乾淨，地點就在台中火車站旁，非常方便。員工態度親切又專業，還可以免費看藍光電影，非常值得推薦的住宿選擇。,1,1,1,1,0,0,1,1,1,1,0,0,1
早餐美味；設備方便(自助洗衣設備、飲品機、開放式廚房、提供客人聊天的空間和上網等)、環境簡約舒適、服務周到，客人基本需要的都能，感覺很貼心。,1,1,1,0,0,0,1,1,1,0,0,0,1
早餐美味！下午茶頗貼心，用餐區對於買外食進來食用很方便，可以維持房間舒適與乾淨。,0,1,1,0,0,0,0,1,1,0,0,0,1
早餐自助餐式我個人覺得不錯吃，離西門町真的很近，很方便，房間整潔，備品很肯給，CP值高會推薦朋友來,1,1,1,1,1,0,1,1,1,1,1,0,1
早餐與之前享用時相比，感覺變了很多，之前菜色較為豐富、多樣，較符合我們的期待，希望下次能有物超所值的感受。,0,0,1,0,0,0,0,0,1,0,0,0,1
早餐茶葉蛋很大很棒，正好需要蛋白質，土司太油膩，太甜，要健康些，交通方便，房間舒適，會介紹國外朋友入住。,1,0,1,1,0,0,1,0,1,1,0,0,1
早餐菜色一般，丹丹漢堡比較優。餐廳佔據了游泳池位置，沒有那個空間就不要安排池伴用餐。,0,1,1,0,0,0,0,3,3,0,0,0,3
早餐菜色可美味點，廚師應隨時注意菜色的變化，不要因保溫而影響菜色的美味，烘久了都變硬了,0,0,1,0,0,0,0,0,3,0,0,0,3
早餐菜色很少，不精緻，真的稱不上五星飯店的水準，健身房開放時間很短，早上要10點才開，想要早起運動完再上班或出門遊玩，根本使用不到,0,1,1,0,0,0,0,3,3,0,0,0,3
早餐菜色普通，食物歸類和動線也有點奇怪，粥和豆漿只放在素食區，鍋蓋幾乎都是壞的；個人不太喜歡瓶蓋式的沐浴組，洗澡時不方便使用。,0,1,1,0,0,0,0,3,3,0,0,0,3
早餐菜色豐富新鮮，在泳池邊氣氛美好，飯店位置超好，在愛河旁，整體感覺超棒！,0,1,1,1,0,1,0,1,1,1,0,1,1
早餐菜色還好，但是不太好吃，配稀飯的菜色不好，建議花瓜、麵筋、花生等比較配，炒蛋看起來像把隔天剩下的炒蛋加料再炒，讓人食慾大減，炒麵顏色太白，因為每次上臺北都是訂貴旅店，上次在西門店早餐就讓我很喜歡，希望我的小小意見能幫助，謝謝你們這次的服務,0,0,1,0,0,0,0,0,3,0,0,0,3
早餐菜色雖然有比之前減少一點，但還是相當好吃，房間設施也很不錯，工作人員服務態度也很好，非常親切,0,1,1,0,0,0,0,1,1,0,0,0,1
早餐菜色非常豐富，附近有吉林夜市可以逛！房間有窗戶可看街景，入住了兩次，是CP值很高的房間！,0,1,1,1,1,0,0,1,1,1,1,0,1
早餐菜色飲食都很棒、捷運5號出口即達飯店、離西門盯很近逛街購物方便。,0,0,1,1,0,0,0,0,1,1,0,0,1
早餐雖然選擇沒有豪華酒店的多，但是也頗為豐盛，而且非常可口。位置就在台中火車站的背面，出來過了地下通道就到。房間乾淨，新。,1,1,1,1,0,0,1,1,1,1,0,0,1
早餐蛋白質類的太少了，都是麵包、粥之類的，可以多一些火腿等等,0,0,1,0,0,0,0,0,3,0,0,0,3
早餐蠻不錯的，床也舒適，房間不大但一應俱全。房間乾淨無異味，鬧市中卻安靜。酒店安排觀光旅遊，提供免費洗衣烘乾設備。很好,1,1,1,1,0,0,1,1,1,1,0,0,1
早餐蠻棒的，自助有中餐還有西餐。可以自由取，交通便利，離臺北車站很近，員工非常熱情，遇到了一點小麻煩但是都在他們的幫助下順利解決了，房間蠻小的，大的旅行箱不太好放置,0,1,1,1,0,0,0,3,1,1,0,0,1
早餐蠻不錯的，雙人床很軟很好睡很舒服，備註安靜一點的房間，確實隔音效果不錯，推哦！,0,1,1,0,0,0,0,1,1,0,0,0,1
早餐表定時間快到前空盤沒補，讓慢來的都沒東西可以夾了。有待改進。,0,0,1,0,0,0,0,0,3,0,0,0,3
早餐要等（坐位不足）。入住 時可先詢問客人用餐時間段，加以分流。,0,1,1,0,0,0,0,3,3,0,0,0,3
早餐變化少，飲品少了選擇，較一般。床褥較軟，視各人感受不同。,0,1,1,0,0,0,0,2,3,0,0,0,3
早餐豐富，好吃，房間大舒服，健身房大間雖然器材很多都快壞了，不過有總比沒有好,1,1,1,0,0,0,1,3,1,0,0,0,1
早餐豐富，3、6、9、12層樓電梯外有飲水機很方便，熱水很快！住宿都很舒服～,1,1,1,0,0,0,1,1,1,0,0,0,1
早餐豐富，商旅旁邊就有吃的喝的，便利，走廊餐廳冷氣很涼，非常舒服,0,1,1,1,0,0,0,1,1,1,0,0,1
早餐豐富，每天有不同的款式。大堂有公共區域給住客看報紙、雜誌、免費咖啡、水。,0,1,1,0,0,0,0,1,1,0,0,0,1
早餐豐富，每日有所變化。位於西門站4、5號出口，交通方便。因疫情外國旅客少，臺北飯店經營辛苦，所以近來CP值更高。,0,0,1,1,1,0,0,0,1,1,1,0,1
早餐豐富，適時補菜，吃得很滿足。飯店位於台中車站旁，附近生活機能很好，方便也很舒適。,1,0,1,1,0,0,1,0,1,1,0,0,1
早餐豐富，食材甚佳，服務亦週到；地點位於愛河旁，不僅遊河極為便利，景觀亦優。,0,0,1,1,0,0,0,0,1,1,0,0,1
早餐豐富、還有提供現炒蔬菜可以選擇。入住時防疫消毒相當到位！看的出來是有用心的好飯店。地理位置極好，就在台中後火車站旁。隔音佳，外頭車水馬龍，但仍一夜好眠！,0,1,1,1,0,0,0,1,1,1,0,0,1
早餐豐富好吃，地點優良，出門走路3分鐘就有小吃街，第二次入住還是很滿意，之後也會選擇這間,0,0,1,1,0,0,0,0,1,1,0,0,1
早餐豐富性不高，精緻度也不夠，房間老舊，但很乾淨，地點也方便,1,1,1,1,0,0,1,3,3,1,0,0,3
早餐好吃，服務人員都非常親切，房價平價，下次再來高雄會再選擇國賓。,0,0,1,0,1,0,0,0,1,0,1,0,1
早餐豐富美味，貼心準備生日蛋糕十分開心！服務人員非常親切有禮！,0,0,1,0,0,0,0,0,1,0,0,0,1
早餐豐富量足，飯店地點很好，離捷運站約30公尺，過馬路就是西門町鬧區。到高鐵也很近。,0,0,1,1,0,0,0,0,1,1,0,0,1
早餐豐富飯店，位於愛河邊3分鐘。有自家的停車場，位置不夠時停路邊停車格飯店也會負責繳納-讚！,0,1,1,1,0,0,0,1,1,1,0,0,1
早餐豐盛，可選擇性很多，補餐速度很快，飯店人員在說明很親切，在用餐時的引導很棒,0,0,1,0,0,0,0,0,1,0,0,0,1
早餐豐盛，地點便利，櫃檯每個人都很優，房間也應有盡有，下次上臺北，仍是首選，無可取代。,0,1,1,1,0,0,0,1,1,1,0,0,1
早餐豐盛，甚至有簡單的白粥作為夜宵。裝潢現代的客房。飯店內停車位不足，但是停在路邊車格飯店願意提供額外補貼，且事先通知住客，值得嘉許。,0,1,1,0,0,0,0,1,1,0,0,0,1
早餐豐盛、貼心準備免費輕食宵夜及點心吧，吹風機、床、電話秘書等，都非常讚,0,1,1,0,0,0,0,1,1,0,0,0,1
早餐豐盛不失精緻美味，房間乾淨無異味，健身房設備完整、維護得不錯。性價比高的五星飯店。,1,1,1,0,1,0,1,1,1,0,1,0,1
早餐豐盛可口，停車方便，房內電視有免費電影可看，一樓隨時有咖啡機提供飲品。三人房型有浴缸，空間也算夠用。,0,1,1,1,0,0,0,1,1,1,0,0,1
早餐豐盛還不錯吃，附近有鹽埕的小吃區和另一邊的六合夜市與旁邊的愛河，都很近適合愛吃的人遊玩。浴缸大小很合適，不會擁擠。,0,1,1,1,0,0,0,1,1,1,0,0,1
早餐超乎想像~非常棒，肉燥飯、麵、粥、饅頭、吐司到水果等等，選擇超多樣的~,0,0,1,0,0,0,0,0,1,0,0,0,1
早餐超好吃，害我吃好飽，離車站很近，交通便利，房間有貼心餅乾，可以解饞,0,0,1,1,0,0,0,0,1,1,0,0,1
早餐超好吃，服務人員態度超好，坐車前來的話地點方便就在台中車站的後站,0,0,1,1,0,0,0,0,1,1,0,0,1
早餐超好吃！離新崛江、城市光廊很近，還可以散步到愛河跟大立百貨逛逛，很棒！拖鞋超舒服很好穿！房間有浴缸還提供海鹽泡澡，當天睡的很好很舒適～,1,1,1,1,0,0,1,1,1,1,0,0,1
早餐超棒，該有的重點都有，連住兩天也有換菜色，有藍光電影很棒,0,1,1,0,0,0,0,1,1,0,0,0,1
早餐超棒，中西式平均水準都蠻高的，吃三天都不膩，只有煎餃跟蘿蔔糕有點失敗。,0,0,1,0,0,0,0,0,1,0,0,0,1
早餐超棒，地理位置非常方便。櫃檯服務員樂於助人對住客十分友善。,0,0,1,1,0,0,0,0,1,1,0,0,1
早餐超澎湃，還有體貼的24小時麵包供應！房間品質也很乾淨很舒服！還有保險箱，離火車站近，周遭生活機能強，CP值超高，下次會再來！！,1,1,1,1,1,0,1,1,1,1,1,0,1
早餐超級豐盛、房間大，有嬰兒床、床邊榨欄及澡盆、預定的房間有玩具，有全額補助路邊停車費用,0,1,1,0,0,0,0,1,1,0,0,0,1
早餐超讚，房間乾淨整潔，空間不侷促，平價房價，很舒適，會納入下回住宿名單。,1,1,1,0,1,0,1,1,1,0,1,0,1
早餐超讚的，醃蘿蔔好吃，室友很讚，房間外面掛的復仇者聯盟畫像也很讚，希望下次可以幫我排在下舖，然後附近有很多好吃的，宅店也有，到車站也近，價格也不貴，櫃檯人員也親切，真的很棒，我下次一定會再來住，推薦給大家,0,1,1,1,1,1,0,1,1,1,1,1,1
早餐跟之前住的時候明顯變差了，還有說幫我升級房型，結果幫我開了一個504不吉利的房間！樓上小孩在那跑來跑去，蹦蹦蹦的聲音極大！隔音不好。,0,1,1,0,0,1,0,3,3,0,0,3,3
早餐跟其他同規格的商務旅館比較起來，選擇少了一些。另外退房時只附上一張發票，如果有住宿明細需要報帳的話，需要額外向服務人員索取。,0,0,1,0,0,0,0,0,3,0,0,0,3
早餐跟酒吧的氛圍還是依然很棒，早餐即使快結束用餐還是會補菜，小細節跟用心依然維持著。,0,0,1,0,0,0,0,0,1,0,0,0,1
早餐還不錯 但是連著四天基本沒有更換食物 最好能換一換 洗手間設計蠻不錯 設施也都較新 服務人員不錯 雙人間的大床好大！,0,1,1,0,0,0,0,1,3,0,0,0,1
早餐還豐盛，床鋪睡得很舒服，服務人員很好，給調了一個大房間，離臺北車站只有十多分鐘，很方便,0,1,1,1,0,0,0,1,1,1,0,0,1
早餐選擇項比較多。地理位置比較好，靠近臺北車站地下街10出口。附近吃飯地點也很多，步行10分鐘可到達西門町。,0,0,1,1,0,0,0,0,1,1,0,0,1
早餐連續兩天有變化，可以吃很多青菜，服務人員友善。 有免費腳踏車可以使用（雖然有點舊了）。 性價比還行,0,1,1,0,1,0,0,1,1,0,1,0,1
早餐選擇不多，但還是很棒，住宿地點離高雄火車站大概步行十分鐘很近,0,0,1,1,0,0,0,0,1,1,0,0,1
早餐選擇不多，設備很新，距離火車站走路大概10-15分鐘 ，下次到高雄會再選擇這家的,0,1,1,1,0,0,0,1,3,1,0,0,1
早餐選擇不算多 ，用餐地區大，不用等待，我們 2大1小入住的雙人套房（雙床型）床夠大很喜歡,0,1,1,0,0,0,0,1,3,0,0,0,1
早餐選擇多，也很好吃，房間隔音好，停車費旅館會吸收，很貼心，由於是半夜才入住，但服務人員有準備好房卡，覺得很貼心,0,1,1,0,0,0,0,1,1,0,0,0,1
早餐選擇多，房間舒適，很乾淨，但冷氣超冷把溫度調高了還是好冷，除了這個其他很優秀,1,1,1,0,0,0,1,3,1,0,0,0,1
早餐選擇多。房間設備新。備品多樣，且有誠意的可全部免費享用！,0,1,1,0,0,0,0,1,1,0,0,0,1
早餐選擇多樣，很豐富，地理位置很方便，飯店及房間的環境都很舒適！！！,1,0,1,1,0,0,1,0,1,1,0,0,1
早餐選擇多樣化，停車頗方便，床睡起來舒服，被子蓋起來舒適溫暖，員工服務態度佳。有設置飲水機值得肯定，可惜不是每樓層都有，出水量也偏小。,0,1,1,1,0,0,0,1,1,1,0,0,1
早餐選擇多樣化。床跟棉被都很大，兩個人睡非常足夠，清潔人員看到房客都會打招呼。非常友善,0,1,1,0,0,0,0,1,1,0,0,0,1
早餐選擇多而且好吃，停車方便，視野好可俯瞰愛河，設施一應俱全,0,1,1,1,0,0,0,1,1,1,0,0,1
早餐選擇少，東西少，沙拉放很久，特斯拉車位竟然不是給特斯拉專用，要求什麼都是回答要提早預定，房間快6000塊卻很小，還沒浴缸，地點很不方便，便利商店要走很遠，不會再去,0,1,1,1,1,0,0,3,3,3,3,0,3
早餐選擇少、候位取餐皆需排長長的隊伍，吧臺上的食物是冷的，很可惜，早知如此當初就不加購自助早餐，自行在房內叫客房服務都比較划算,0,0,1,0,1,0,0,0,3,0,3,0,3
早餐選擇很多樣，我是素食者，飯店也有專門準備，很好的服務品質,0,0,1,0,0,0,0,0,1,0,0,0,1
早餐選擇很多豐富又好吃，宵夜也很好吃，有專屬停車場，房間隔音不錯，窗外可以看到愛河夜景，飯店周邊車流量不多，不會吵雜，櫃台人員親切有禮專業，下次還會想來住,0,1,1,1,0,0,0,1,1,1,0,0,1
早餐選擇很少，而且不是很好吃，水煮蛋都黏殼味道又很奇怪，柳橙汁稀釋到很不好喝。只吃第一天早餐，第二天完全不會想去吃。,0,0,1,0,0,0,0,0,3,0,0,0,3
早餐選擇性多，入住時提供飲料，提早辦理入住也能先進房,0,0,1,0,0,0,0,0,1,0,0,0,1
早餐選擇性太少，饅頭味道不佳，隔音不太有效果，房間電燈開關，遙控器，冷氣機開關有灰塵，被套有棉絮飛，若能改善，是休假不錯選擇地方,1,1,1,0,0,0,3,3,3,0,0,0,3
早餐選擇性很多還滿豐盛的。飯店裡提供的洗衣服務真的不錯，還有貼心可以借用洗衣網。,0,1,1,0,0,0,0,1,1,0,0,0,1
早餐選擇性非常多，若時間充足可以慢慢享受悠閒的早餐時光，可惜早上我還要去愛河附近燈會會場拍些照片，不然會再多吃一個小時。,0,0,1,0,0,0,0,0,1,0,0,0,1
早餐選擇算多！非常喜歡淋浴設備以及沐浴、洗髮精，洗完澡後特別舒適。,0,1,1,0,0,0,0,1,1,0,0,0,1
早餐選項多，菜色也有所變化，很滿意～服務人員態度親切。房間空間蠻大的。,0,1,1,0,0,0,0,1,1,0,0,0,1
"早餐還不錯，服務人員非常親切又漂亮，房間洗澡間沒看過這麼大間的，
很適合住宿",0,1,1,0,0,0,0,1,1,0,0,0,1
早餐還不錯，隔音還可以。停車場位置不夠，停放收費的車位，飯店會付費，房間整潔度很可以,1,1,1,0,0,0,1,1,1,0,0,0,1
早餐還可， 但住宿三天菜色沒變化都一樣，會膩。飯店在車站附近，方便。,0,0,1,1,0,0,0,0,3,1,0,0,1
早餐還可以， 地點很不錯， 因為最重要的， 還有停車埸比較方便~,0,1,1,1,0,0,0,1,2,1,0,0,1
早餐還可以，床很好睡，雖房間不大，但是住宿起來很舒服，員工服務也很好，保持不錯的老牌飯店,1,1,1,0,0,0,1,1,2,0,0,0,1
早餐還可以，房間整潔乾淨，每天都會清潔，地點鬧中取靜，不會太吵。,1,0,1,1,0,0,1,0,2,1,0,0,1
早餐還可以。無線網路不太好。房間內沒有書桌用電腦不太方便。床是很大。,0,1,1,0,0,0,0,3,2,0,0,0,3
早餐還可以;咖啡不太好喝，果醬不好吃！我們這次住的房間浴室窗簾蓋的不夠密，因為從隔壁棟的視窗可看到我這邊，讓我有點沒有安全感！其他都 OK！我覺得依我付的價格來說有點不划算！謝謝！ 我住的房間是 709！,0,1,1,0,1,0,0,3,2,0,3,0,3
早餐還好，床和被子我不是很習慣，整晚沒有睡好，不舒適，空調系統很怪，調到27，8度，還是很冷,1,1,1,0,0,0,3,3,2,0,0,0,3
早餐還好，是自助餐，但種類較少，而且人很多，食物一端出很快就清空了。房間大致整潔，3人住4人房間空間足夠。地理位置優越，很近西門站。,1,1,1,1,0,0,1,1,3,1,0,0,1
早餐還好。原來這家旅館是位在台鐵的高雄車站或者說捷運高雄車站本站。這次從車站步行到旅館的這段10分鐘路程剛好路邊拓寬工程。而高鐵完成後，這裏感覺人煙稀少，少了繁華。,0,0,1,1,0,1,0,0,2,2,0,2,2
早餐還沒到時間就趕著想收了，還有那個早餐服務人員感覺態度不是粉好，有趕人的感覺，應該是等時間到之後客人離開才開始收吧！這樣會讓人用餐比較舒服！,0,0,1,0,0,0,0,0,3,0,0,0,3
早餐還沒吃完（翻牌）再去取餐回來，餐具、牌子就被收走了，而且位置也被別的旅客坐走了，這一點比較無法接受！,0,0,1,0,0,0,0,0,3,0,0,0,3
早餐還沒用畢，取餐回座位時，竟有另一組客人坐在我的位置，該名客人說是帶位的服務人員帶領他們坐的。請服務人員解決，也只能被迫換座位。,0,0,1,0,0,0,0,0,3,0,0,0,3
早餐還算蠻齊全的，該有的都有，飯店附近的巷弄也有一些攤販可以吃飯,0,0,1,1,0,0,0,0,1,1,0,0,1
早餐開放的時間比較晚，一早出差吃的很趕。可惜房內的冰箱沒有冷凍功能。,0,1,1,0,0,0,0,3,3,0,0,0,3
早餐雖因防疫改餐盒外帶至房間享用，但有提供中式西式及素食三種選項，覺得用心。份量不少，也很好吃。房間簡單乾淨，有對外窗，顯得明亮。有免費停車場非常方便，商務需求或旅遊住宿都很好。,1,1,1,0,0,0,1,1,1,0,0,0,1
早餐雖改為套餐，但是份量足，食物也好吃，飲料部份依然無限暢飲，房間床很舒服，大小適中。,0,1,1,0,0,0,0,1,1,0,0,0,1
早餐雖然很普通，但這個價位還可以了。床很好睡，房間很舒適，睡上鋪樓梯不難爬。洗澡的水壓夠大很舒服。,1,1,1,0,1,0,1,1,2,0,2,0,1
早餐雖然種類不多但是好吃，服務人員非常親切，還會介紹房內設施,0,0,1,0,0,0,0,0,1,0,0,0,1
早餐需要另外加費用，結果食物種類不多早餐人數很多，很多菜都沒補，食物也是潦草上檯面，蘿蔔糕過硬，炒麵沒有味道就送出來，麵包也只提供2種，感覺很差,0,0,1,0,0,0,0,0,3,0,0,0,3
早餐非常中式，對外國人和早餐不習慣吃粥、饅頭、或是飯和菜的人來說選擇不多，只有白吐司、可頌和果醬奶油，希望可以有多一點的西式早餐，像是麥片， 多一點的麵包口味選擇，如果有沙拉，歐姆蛋、培根和鬆餅加糖漿等…會非常棒。另外，在吃早餐時看到有員工拿拖把和水桶到巴檯的洗手抬洗，旁邊大家就在吃早餐，感覺上不是很好…。,0,0,1,0,0,0,0,0,3,0,0,0,3
早餐非常好！種類豐富，美味，有很多熱食！飲料，烤土司可全天供應！,0,0,1,0,0,0,0,0,1,0,0,0,1
早餐非常好吃。有許多選擇，也提供素食者用餐。房間乾淨也非常舒適、浴室乾淨。客房安靜。交通便利，住宿地點近火車站。旅社有提供飲水機、免費咖啡及茶。,1,1,1,1,0,0,1,1,1,1,0,0,1
早餐非常有誠意，可用餐到12點，非常的棒！飯店的服務、人員的接待等，無話可說！,0,0,1,0,0,0,0,0,1,0,0,0,1
早餐非常棒，蔬食很推，中式可以跳過，乾淨明亮寬敞，附有停車場，停車方便，服務很棒 提出疑問後積極回答沒有裝死，位置也非常方便,1,1,1,1,0,0,1,1,1,1,0,0,1
早餐非常棒，房間整潔舒服。位置好，窗戶打開就看到愛河。服務人員也很貼心。孩子很喜歡。,1,0,1,1,0,0,1,0,1,1,0,0,1
早餐非常的棒，西式餐廳的主餐有非常多的選擇，也有中式餐廳可以選擇，可惜只有住3天2夜，沒辦法全部都吃一輪！室內的香氛很舒服，讓人很有渡假放鬆的感覺！夜晚樓頂的酒吧氣氛及環境很優，消費價格也合理！每日還可以享用一杯招待的飲料，服務跟CP值都在五星級水準之上了！,0,1,1,0,1,0,0,1,1,0,1,0,1
早餐非常的豐盛，還可以加點！住宿位置真的很棒，而且服務人員都非常的熱心，值得下次再住！,0,0,1,1,0,0,0,0,1,1,0,0,1
早餐非常精緻可口，不同於一般自助早餐。房間建材設計風格很棒。飯店服務人員每一位都訓練精良、素質很好非常親切。地點在中央公園站出口，交通便利。我會推薦朋友。,0,1,1,1,0,0,0,1,1,1,0,0,1
早餐非常豐盛，愛河邊的景色相當美，雖然是老字號飯店，仍然不失其擁有的水準，連假期間唯一不便的是車位元元不夠，需要至其他停車場停車，不過還是有小巴士可以接送,0,1,1,1,0,1,0,3,1,1,0,1,1
早餐非常豐盛，服務人員也親切熱情，房間有充分的衣櫃收納置物櫃，離愛河散步也很方便，非常滿意，會再造訪的店家,0,1,1,1,0,0,0,0,0,0,0,0,0
房間很舒適，但浴室有點小，有點美中不足的是離捷運稍遠，不過整體很滿意,1,1,0,1,0,1,1,3,0,3,0,1,1
早餐非常豐盛！以這個價錢來說，可以看出飯店準備早餐非常的用心,0,0,1,0,1,0,0,0,1,0,2,0,1
早餐風景一極棒，美味又乾淨，服務周到貼心，裝潢很美，交通很便利，價錢很划算，將會推薦朋友入住！,1,1,1,1,1,0,1,1,1,1,1,0,1
早餐食材可以稍微再精緻一點(咖啡機弱了點)。自動報到機操作起來稍微複雜了點，可以再更簡化些。房間燈光可以再亮點。,0,1,1,0,0,0,0,3,3,0,0,0,3
早餐食材品質有一定的水準，還可以自選主餐，用餐時間也相對比較長，很棒,0,0,1,0,0,0,0,0,1,0,0,0,1
早餐飲料雖然是6選1，但能提供都是有限。果汁希望是現打，咖啡希望有拿鐵，熱茶應該可以免費提供。,0,0,1,0,0,0,0,0,3,0,0,0,3
早餐餐廳規劃很差，住宿房客很多，但是早餐餐廳座位數不多，導致要排隊等很久才能用餐，等到可以進去用餐了，準備要拿餐點又看到餐點都被拿光了也沒有即時補。,0,1,1,0,0,0,0,3,3,0,0,0,3
早餐餐點選擇少、有點油，位子不多且沒有視人數適度開放場地，以致有人找不到位子用餐情形。,0,1,1,0,0,0,0,3,3,0,0,0,3
時尚雙床房就是無窗房，建議在房型說明裡提示清楚。還好空調和排風還算給力，沒有覺得胸悶。兩張床整體都挺小的，空間有點小，只能勉強打開個行李箱。早餐一般，幾天都沒什麼變化。,0,1,1,0,0,0,0,3,3,0,0,0,3
明明是房型升等，卻安排約五坪大的空間，屋頂又低壓迫感尤然而生，馬上下樓到櫃台反映，雖有改進，不過彼此都心生疙瘩。第一次預約房型升等房這麼糟，是否以後還有狀況再發生不得而知。,0,1,1,0,0,0,0,3,3,0,0,0,3
明明是訂含早餐的房型，結果要去用早餐時被門口人員懷疑說確定我們是有早餐的嗎？感覺真差！,0,0,1,0,0,0,0,0,3,0,0,0,3
星期日入住無太多房客，隔音問題還好，但隔壁熱水器聲音會聽到，住宿地點方便，只不過電梯要還其他部比較麻煩,0,1,1,1,0,0,0,3,3,3,0,0,3
昨晚11:30辦理入住，12:00才辦好，人多排隊辦理，櫃臺應有應變，不然等好久哦。,0,0,1,0,0,0,0,0,1,0,0,0,1
是一個令人非常非常非常滿意的一家可以讓人好好放鬆休息的旅店，退房可以寄放行李很棒。,0,0,1,0,0,1,0,0,1,0,0,1,1
是以即便宜的價格入住五星級飯店，雖然是最基本的房型，但入住舒適度不打折，而且服務人員態度好，而且專業度非常高，是很棒的入住體驗,1,0,1,0,1,0,1,0,1,0,1,0,1
是快晚上11點入住的，櫃檯服務態度很好，不慎將門鎖住，櫃檯處理效率很高，晚上穿著紙拖鞋出門時，也貼心的提醒小心，不要傷到腳，整體來說真的非常好，與同行者都很滿意這次的住宿,0,0,1,0,0,0,0,0,1,0,0,0,1
是我目前來臺本住過最滿意的飯店，插座夠多，吊衣桿也夠多，房間大非常乾淨，而且還有免治馬桶，以及離車站非常近，對於有行李的人非常方便，而且對面就有肯德基麥當勞超商非常方便 最重要是雖然位於鬧區但是滿安靜的，員工素質服務態度也很好，最重要是CP值真的很高，價格我覺得真的便宜，超棒，以後還會想來的,1,1,1,1,1,0,1,1,1,1,1,0,1
時間還有15分鐘櫃台會電話通知，每隔5分鐘就打一次電話，會讓人很不舒服，請多注意～,0,0,1,0,0,0,0,0,3,0,0,0,3
晚辦理入住，給了我一間房內充滿煙味。後來櫃檯服務人員幫我換房，解決一切。之前有遇過是進來房內噴除臭劑而已，服務很好,1,0,1,0,0,0,3,0,1,0,0,0,1
晚上不知道是什麼聲音很頻繁，冷氣不能調溫度很冷，隔天反應，有幫我換房間 ！,0,1,1,0,0,0,0,3,1,0,0,0,0
晚上10點多停水，說等15分鐘，過了15分鐘還是沒水，問了才說該樓層沒水要去其他樓層盥洗或是在等看看，等到晚上11點再問一次才說要幫忙換房間，要等侯通知，等了半小時沒消息，「再次」打電話才說「整棟」都沒水，要等淩晨一點才可能會有水，結果淩晨一點半還是沒水！不能洗澡！不能上廁所！不能刷牙！搞屁啊！！！到早上8點還是沒水！每次都是住戶打電話詢問，完全沒主動回應，這服務會不會太高級了？,0,1,1,0,0,0,0,3,3,0,0,0,3
晚上10點後宵夜用餐區會熄頂燈，以符合吧檯夜店感覺，不過對住宿人員而言比較無法在該處聊天談事(商務),0,1,0,0,0,0,0,3,0,0,0,0,3
晚上11：30發現電燈按鈕壞掉（只有全暗跟全亮的選擇），請服務人員上來處理，馬上協助換房！，廁所門是毛玻璃的那種，沒有門鎖，也無法完全遮蔽，有點沒有安全感，房間稍有煙味。,1,1,1,0,0,0,3,3,1,0,0,0,3
晚上11點多隔壁入住多位年輕人，一直吵鬧到近2點，撥電話至櫃檯，馬上就說會前往關心，早知道就早點反映了，非常謝謝櫃台。,0,0,1,0,0,1,0,0,1,0,0,3,1
晚上11點有聽到像電熱水器的聲音，還蠻大聲的，差不多10分鐘後就沒了。,0,1,0,0,0,0,0,2,0,0,0,0,2
晚上12點多不知道是什麼聲音很大聲，很像水管流水聲，很吵，早上聞到濃濃的煙味,1,1,0,0,0,0,3,3,0,0,0,0,3
晚上辦理入住，櫃檯接待人員十分親切有耐心又貼心，非常滿意我覺得非常好,0,0,1,0,0,0,0,0,1,0,0,0,1
晚上一直聽到天花板有水的聲音，很吵，很不舒服，辦理入住時，因為客人很多，所以等了大概30分鐘才輪到我，網站上房間照片僅是參考，實際就是一個小房間（有小失落),1,1,1,0,0,0,3,3,3,0,0,0,3
晚上一直被冷氣的聲音嚇醒 ，早上想睡晚一點，樓上打掃聲吵到不行,0,1,1,0,0,0,0,3,3,0,0,0,3
晚上不知道是設備的問題還是什麼，一直有嗡嗡聲（晚上10點到12點）,0,1,0,0,0,0,0,3,0,0,0,0,3
晚上中庭燈光有點亮，而房間窗簾會透光，如果窗簾改成不透光更好,0,1,0,0,0,0,0,3,0,0,0,0,3
晚上仍可聽到客梯運行聲音擾亂住客情緒，房門隔音效果待加強夜深時位在走道有人經過時談話聲大會受驚擾,0,1,0,0,0,0,0,3,0,0,0,0,3
晚上八點半左右突然跳電一小時，因為沒有空調，電話也不通，只能趕快走樓梯到大廳，之後還好恢復正常供電。,0,1,0,0,0,0,0,3,0,0,0,0,3
晚上十二點後入住並不能住滿12個小時，仍須中午十二點前退房，讓人無法好好休息。,0,0,1,0,0,0,0,0,3,0,0,0,3
晚上可以到愛河散步還不錯，客房很舒適，但水管沖水聲很大聲，都會被影響。,1,1,0,1,0,0,1,3,0,1,0,0,1
晚上和朋友至夜店喝酒聊天，按服務鈴好幾次才來，後來下雨換位置到餐廳內也耽誤不少時間，覺得員工訓練可加強。,0,0,1,0,0,0,0,0,3,0,0,0,3
晚上忽然有不明人士來按門鈴，感覺安全性待加強，孩子在淋浴間滑倒，後續關心不太足夠,0,0,1,0,0,1,0,0,3,0,0,3,3
晚上想吃宵夜，附近，只有超商，沒有特別美食，需要走到西門町！,0,0,0,1,0,0,0,0,0,3,0,0,3
晚上愛河夜景棒，飯店旁有UBIKE可使用，離牛老大餐廳近，棒棒,0,0,0,1,0,0,0,0,0,1,0,0,1
晚上提供宵夜，還有現場演唱，但是若沒有吃宵夜就必需消費飲料才能聽歌，很是不能理解,0,0,1,0,0,0,0,0,3,0,0,0,3
晚上有惡意人士找麻煩尷擾睡眠不同樓層，在三更半夜，一直不停的報怨中，天呀！,0,0,0,0,0,1,0,0,0,0,0,3,3
晚上有警報器的逼逼聲，發生了三次左右，不是從我們房間發出的，有遇到的人可以撥電話到櫃檯看看。,0,1,0,0,0,0,0,2,0,0,0,0,2
晚上櫃檯接待人員小姐，感覺做的很厭世，確認住宿名字時，很不耐煩，口氣差，早上要退房前，櫃檯都沒人，等很久,0,0,1,0,0,0,0,0,3,0,0,0,3
晚上比較靜，有個空中露臺可以坐坐，房間還是很小！臺北這種地區這個價錢應該差不多吧,0,1,0,0,1,0,0,3,0,0,2,0,3
晚上發現自己帶的生理食鹽水倒出來，詢問飯店有無生理食鹽水，很熱心的提供態度也很好,0,0,1,0,0,0,0,0,1,0,0,0,1
晚上睡覺有水流動的聲音，廁所門上方有一大段縫隙，洗完澡有點冷,0,1,0,0,0,0,0,3,0,0,0,0,3
晚上睡覺被蟲咬，隔天早上還聽到裝修的聲音，整體感覺不是很好，希望床的整潔度會再改善,1,1,0,0,0,1,3,3,0,0,0,3,3
晚上突然有消防警報，而且好大聲，嚇到我被食物嗆到，咳了好一陣子。建議下次警報前先用溫和語氣廣播預告一下，不然吃東西突然被嚇到很危險。,0,0,1,0,0,0,0,0,3,0,0,0,3
晚上竟然有海鮮粥可以吃！還有酒吧喝酒或點茶類！滿放鬆的好地方。,0,1,1,0,0,0,0,1,1,0,0,0,1
晚上警報器一直響，吵到完全睡不著覺，房間隔音太差，因為隔天有事早睡但一直聽到說話聲。,0,1,0,0,0,1,0,1,0,0,0,1,1
晚上還有提供宵夜兩小時，地點在愛河旁，找吃的附近也有相當的選擇，亦提供附近小吃地圖，早餐也相當豐盛可以自行選擇，人員服務態度相當不錯,0,0,1,1,0,0,0,0,1,1,0,0,1
晚上還有飲料機可以使用且頂樓有露天座位可看臺北街景，另外離臺北捷運走路僅7分鐘距離，週邊許多商店，冷氣強，床適中，水溫夠熱易夠強。此為第n次入住，商務人士平日可考慮。,0,1,1,1,0,0,0,1,1,1,0,0,1
晚上附近有點暗暗的，不過進了大樓都有警衛，很讓人放心！因為真的很喜歡你們的飯店，所以對你們的期待比較高～有些小建議給您們參考，雙人房選一張雙人床，但其實還是兩張單人床拼起來，不過床單是連在一起的，只是睡在中間會有異物感。房間內部動線規劃沒有到很順暢，充電的插座附近沒有可以順手放置電器的位置，建議床頭櫃可以再拉一個插座，或是在電視旁的插座上加裝一個小層板，手機才有地方放。浴室有一點點發黴。,1,1,1,0,0,0,3,3,1,0,0,0,3
晚上隔音很差，樓上房間洗澡水流聲一清二楚，走道只要有人經過的聲音都很明顯傳來，房間放置面紙盒的外表都脫皮了，應該可以換新的了,0,1,0,0,0,0,0,3,0,0,0,0,3
晚班兩位男性櫃檯員非常親切，告知飯店相關資訊，在走廊遇到房務人員也微笑打招呼，房間乾淨舒適,1,0,1,0,0,0,1,0,1,0,0,0,1
晚班大門櫃檯，男性工作人員，我因為不熟悉位置，請教櫃檯，結果得到的是大手一比，我當下嚇了一跳，因為這位大哥，連看我都沒有，是不是看我沒有，住的不夠高檔，所以不願意正式回應我的問題，這是我第一次感到這麼不受尊重的感覺。,0,0,1,0,0,0,0,0,3,0,0,0,3
晚班櫃檯人員動作超慢，人都排一堆了還沒好，房間隔音超差，淩晨天花板還一直有蹦蹦聲，一大早也被吵醒，然後東西確定遺留在那邊，打去反應一直推說沒有沒看到，真的很無奈很確定就在那只是沒證據證明掉在那裡而已，以上種種讓我們感到非常傻眼，絕不會再入住了。,0,1,1,0,0,0,0,3,3,0,0,0,3
晚班的女性櫃檯人員態度極差，詢問問題都不可以的嘴臉。反應之後竟然也會頂客人態度很差？！真是 ‘’五星級‘’ 專業服務。反觀下午的男性櫃檯就值得讚許。,0,0,1,0,0,0,0,0,3,0,0,0,3
晚班的女生我要辦入住不理人就算了，那個經理更誇張，有客人反應冷氣不冷換房(換了兩三間了）她受不了後直接叫員工直接退錢給他們，然後叫她們去別家，那個時候都晚上8點多了要他們去哪裡，實在不是很好的處理事情態度。,0,0,1,0,0,0,0,0,3,0,0,0,3
晚班酒吧員工不太有禮貌 ，而且在入口處嘻鬧，宵夜時段員工要再訓練,0,0,1,0,0,0,0,0,3,0,0,0,3
晚間回飯店車位已滿， 未保留房客車位而需讓服務人員代為泊車，並且將車放置於黃格線線內屬於違規停車。,0,1,1,0,0,0,0,3,3,0,0,0,3
晚間櫃台的服務人員，服務熱情,0,0,1,0,0,0,0,0,1,0,0,0,1
晚餐豬排煎過頭。又硬又乾，沒跟地下室停車場配合特約，假日這樣停一個晚上的錢加上原本的住宿費都可以去找更高級的住宿了。沒停車場對開車出遊的旅客實在很不方便，建議本身沒停車場，至少看能不能跟收費停車場配合推出優惠價！！,0,1,1,0,0,0,0,3,3,0,0,0,3
晚餐選擇1樓的自助餐，但CP值不高，價格跟食材還有很大的進步空間，另外用餐的空間擁擠，已經沒有所謂的社交距離了，連移動拿取食材時也是需要左閃右閃；因入住是國慶連假，為錯開人潮已提前到達，但櫃台人員說三點才能辦入住，以至人全部塞在大廳，等了一個小時才進房，其實這是特殊狀況，貴飯店是可以危機處理的，因為聽到身旁正在排隊的房客也是諸多抱怨,0,1,1,0,1,0,0,3,3,0,3,0,3
?餐及早餐都非常美味，另外可以享受很美的用餐視野；在退房的樓層附有點心吧，在辦理手續時家人都還可以用個小點心蠻好的，是會值得推薦給朋友們的優質住宿。,0,0,1,0,0,0,0,0,1,0,0,0,1
景觀很好，飯店雖老，但設備都有維護更新，很棒！迎賓水果好吃！,0,1,1,1,0,0,0,1,1,1,0,0,1
景觀房真的超讚，風景一覽無遺，不會窗簾一打開就是別人的窗戶，一出旅社就是捷運站，交通非常方便,0,1,0,1,0,0,0,1,0,1,0,0,1
暑假有些孩童、學生團體住宿，服務員似可與帶隊者溝通，不要太喧嘩、活潑…這也是尊重其他人、教育的一部分,0,0,1,0,0,1,0,0,3,0,0,3,3
暑假期間太熱門了，停車位不好尋找(大多飯店都是如此)，不過停車費可以幫忙付錢，很貼心,0,0,1,1,0,0,0,0,1,3,0,0,1
最不滿意的就是房間空間太小，行李箱幾乎找不到能夠放平打開的地方。如果帶小孩應該還可以，帶父母出行的話就會感覺空間很緊張。,0,1,0,0,0,0,0,3,0,0,0,0,3
最可惡的是第一晚的床單沒換過，彈簧床有?蟲，第一?被咬好多包奇癢無比,1,1,0,0,0,0,3,3,0,0,0,0,3
最喜歡休閒咖啡廳， 可以相約友人相聚而不需在外面找地方，更沒時間限制，超棒！,0,1,0,0,0,0,0,1,0,0,0,0,1
最喜歡大堂有免費的奶茶咖啡茶水供應，還是雀巢品牌喔！上網的電腦有4部，螢光幕是28吋啊！有免費的自助洗衣機、乾衣機！還附設洗衣粉也是免費的呢！,0,1,1,0,0,0,0,1,1,0,0,0,1
最喜歡早餐的部分，很用心每天都不一樣菜色，房間清潔也很仔細。,1,0,1,0,0,0,1,0,1,0,0,0,1
最喜歡有自助洗衣， 免回家狂洗衣， 職員有禮， 早餐十分十分豐富,0,1,1,0,0,0,0,1,1,0,0,0,1
最在乎是床的舒適度，說真的還需要加強一點，期許可以換好一點的床，因為大量購買真的不貴。,0,1,0,0,0,0,0,3,0,0,0,0,3
最差的入住體驗，酒店樓層臭的， 有怪味，酒店設施貧乏， 沒有咖啡機， 小食供應， 只有付費到餐廳。,1,1,1,0,0,0,3,3,3,0,0,0,3
最開始選中這家是因為在臺北車站旁，很方便晚間飛機到的我們。超有禮貌的員工服務。雖然沒有窗戶，但是房間足夠大。而且會有免費的水和速食麵。很體貼。,0,1,1,1,0,0,0,1,1,1,0,0,1
最後一晚清掃的並不盡心，一回房間坐在沙發上手竟然摸到灰塵，浴缸內的頭髮早上就看到 ，出門按清掃下午回飯店時浴缸的頭髮竟然還在，顯然浴缸並沒有清掃 ，最後一晚感覺清掃的不盡心,1,0,1,0,0,0,3,0,3,0,0,0,3
最棒的地方，就頂多是一間新裝潢的飯店，設備看起來很新，電梯很快速,0,1,0,0,0,0,0,1,0,0,0,0,1
最沒辦法接受的應該是枕頭的部分，躺起來的感覺有點奇怪，這也許是個人感受不同，但這兩個晚上整體感受非常好非常開心。,0,1,0,0,0,1,0,3,0,0,0,1,1
最滿意是當天入住家庭房時很開心在市區，房型算蠻大的，而且樓下還有24小時貼心的飲料點心可以提供,0,1,1,1,0,0,0,1,1,1,0,0,1
最滿意的地方，因為本人的物品遺留在飯店，過了數天才來領取，當天一進去飯店要詢問我的物品，就有一位大廳人員主動協助，態度非常良好又迅速幫我處理完，我覺得服務人員大部分還不錯。飯店的位置鄰近西門町及捷運站非常方便,0,0,1,1,0,0,0,0,1,1,0,0,1
最滿意的就是晚上櫃檯小姐態度很優，早上的櫃檯小姐就還好，但整體上算不錯,0,0,1,0,0,1,0,0,1,0,0,1,1
最讓人稱許的是所有人員的服務態度都非常親切有禮，讓人感覺非常好。客房整潔、設備齊全、擺設雅致，落地木質西裝掛架更是加分！餐食豐富，房內招待的甜點很棒，是驚喜。高鐵的免費接駁專車是另一驚喜，太方便了。距捷運巨蛋站、漢神百貨都步行5分鐘可到。,1,1,1,1,0,0,1,1,1,1,0,0,1
最近幾次入住總覺得整個飯店都會有過多的香味讓人感覺不是很舒服…應該是為個人認知問題吧？另外，也發現早餐的餐食沒之前的好哦！,1,0,1,0,0,0,3,0,3,0,0,0,3
隔音差，會聽到隔壁房的聲音，不是人的聲音，很像是浴室設備發出的機械噪音聲音，非常的大聲。,0,1,0,0,0,0,0,3,0,0,0,0,3
有兩位年輕的櫃台人員態度不錯，但有一位有年紀的中年男生態度差，沒笑容，好像以老賣老,0,0,1,0,0,0,0,0,3,0,0,0,3
有Free 網路， 可以步行往臺北火車站， 提供自助的洗衣和乾衣服務,0,1,0,1,0,0,0,1,0,1,0,0,1
有一個店員服務態度很差，口氣不好，理性跟他反應問題也收到他的臭臉，後來找到其他服務員就好很多,0,0,1,0,0,0,0,0,3,0,0,0,3
有下午茶以及早餐，房間也舒適又寬敞，以這個價位來說CP值算很高,1,0,1,0,1,0,1,0,1,0,1,0,1
有主題性的房間真可愛！有機會還想再入住其他主題房間！電視也有許多電影可看，環境清潔做的不錯 ，東西該有的也都有,1,1,0,0,0,0,1,1,0,0,0,0,1
有事情前往臺北住宿兩個晚上，捷運出口不到50公尺就到旅館了，附近有超商、西門商圈，以平均一晚1200來說確實CP值超級高，或許是疫情的關係所以比較便宜（入住時間為週六日晚上），但另人最覺得驚訝的還是服務態度，無論何時進出每一位櫃檯人員都笑臉迎接，神情都沒有倦怠感，反而讓我有點受寵若驚，喜歡花小錢感受好服務的可以嘗試入住體驗看看～,0,0,1,1,1,0,0,0,1,1,1,0,1
有些房間手機收訊較為不良，如果遇到重要事件一定需要保持通訊的話，建議一開始選擇有窗戶的房間,0,1,0,0,0,0,0,3,0,0,0,0,1
有些服務人員用心講解注意事項，有些人員則沒說明清楚，最佳的優點是離愛河近,0,0,1,1,0,0,0,0,3,1,0,0,1
有個小建議是早餐的部份，若是水果、沙拉類這類食物可以加蓋，比較衛生。房間隔音可以再更好。,0,1,1,0,0,0,0,2,2,0,0,0,2
有停車位，早餐很多樣化，走出去就是愛河，也有便利商店，房間整齊乾淨，熱水供應也沒有問題。,1,1,1,1,0,0,1,1,1,1,0,0,1
有停車位，離駁二特區近，住海景房可看見愛河與高雄港，夜晚逛愛河超棒的,0,1,0,1,0,0,0,1,0,1,0,0,1
有停車位很棒，櫃檯服務很好，詢問是否可協助微波加熱，很熱心的提供幫忙,0,1,1,0,0,0,0,1,1,0,0,0,1
有停車場，床很好睡。可惜的是地毯汙漬很多，但因為歷史悠久可以理解。早上吃完早餐回房刷房卡發現進不去，房卡裝置沒電了。等維修人員來處理，處理完就走了，整體服務讓人有點小失望,1,1,1,0,0,0,3,1,3,0,0,0,3
有停車場及24h服務櫃檯，服務人員非常親切！房間也很乾淨舒適。,1,1,1,0,0,0,1,1,1,0,0,0,1
有健身器械，免費自助洗衣，環境舒適乾淨位置便利，有24小時免費飲料提供，有房頂露臺,1,1,1,1,0,0,1,1,1,1,0,0,1
有兒童遊樂區，提供免費瓶裝水零食和自助茶飲機很方便，大堂活動區域功能配置很不錯,0,1,1,0,0,0,0,1,1,0,0,0,1
有免費網路，房間很乾淨，服務人員很親切，床舒適很好睡，因當日房間較滿，我們從兩人房升等為四人房，浴室有淋浴設備和石頭浴池可泡湯，早餐6到10道菜，其中有照顧到蔬素食的我，果汁咖啡豆漿稀飯麵包霜淇淋應有盡有，這次是CP值很高，很棒的住宿經驗。,1,1,1,0,1,0,1,1,1,0,1,0,1
有免費停車位，早餐自助餐很不錯，地段離六合夜市很近，選得房型有浴缸很舒適,0,1,1,1,0,0,0,1,1,1,0,0,1
有免費洗/烘衣機、咖啡機、微波爐、公用冰箱等設備相當完善，就連洗衣粉也是免費提供，10點後還提供泡麵，CP值真的超高，是少數中會想再訪的連鎖品牌。,0,1,1,1,0,0,0,1,1,1,0,0,1
前臺人員很好，不過早餐一般，離車站要走一段地下隧道，不過我們住的房比隔壁的小，打開了行李箱就沒路走了。,0,1,1,1,0,0,0,3,1,3,0,0,3
有免費洗衣及烘衣機，大廳設計感佳且提供電腦使用，房間電視提供免費上映中的電影,0,1,0,0,0,0,0,1,0,0,0,0,1
有免費洗衣機可使用，對旅行多天的旅人很方便，還有自助咖啡及飲水機也很棒,0,1,0,0,0,0,0,1,0,0,0,0,1
有免費無限供應點心（餅乾、飲料、泡麵等等），可自行取用，另早上七點後可領限量50份的免費早餐。提供沐浴、洗髮、潤髮，很有質感，插座夠多、有冰箱,0,1,1,0,0,0,0,1,1,0,0,0,1
有免費的洗衣機、烘乾機 ，還有自由取用的茶、咖啡、冰塊。房間整潔,1,1,1,0,0,0,1,1,1,0,0,0,1
有免費電影、6～10樓有不同主題的設計、地下有免費咖啡，洗衣及電腦供使用。,0,1,1,0,0,0,0,1,1,0,0,0,1
有其他房客抽煙，很影響空氣，浴室規劃不佳，泡澡會地板全濕。 插座很鬆，感覺可以換了。,0,1,0,0,0,1,0,3,0,0,0,3,3
有包車旅遊配施，對於外地人很方便。有甜品飲料，休閒空間足夠。地點好去哪都方便。,0,1,1,1,0,0,0,1,1,1,0,0,1
有咖啡機及茶機免費使用，頂樓有庭院，很舒適乾淨適合曬太陽吹風拍照，員工們很有禮貌敬業,0,1,1,0,0,0,0,1,1,0,0,0,1
有大片的公共用餐區，無上限使用，提供茶和咖啡，這部分很方便。,0,1,1,0,0,0,0,1,1,0,0,0,1
有嬰兒床及浴盆提供。我遺留了東西在酒店，他們也很樂意及快速寄回給我,0,1,1,0,0,0,0,1,1,0,0,0,1
有宵夜還不錯，整潔度很乾淨，服務人員也很親切，正逢暑假期間人很多，早餐有點來不及補,1,0,1,0,0,0,1,0,1,0,0,0,1
有對外窗，吹風機不是壁掛式，提供早餐外帶，防疫措施徹底執行，雙人房空間算大，附近有機車停車位，算滿方便。,0,1,1,1,0,0,0,1,1,1,0,0,1
有小蜘蛛， 與洗用品沒更換留下之前所留的，有反應但還是沒更換，隔音效果不好,1,1,1,0,0,0,3,3,3,0,0,0,3
有小黃瓜水敷臉的確很舒服。早餐定食豐盛美味。宵夜也相當豐盛。床鋪被枕都軟硬適中，非常舒服。,0,1,1,0,0,0,0,1,1,0,0,0,1
有市景窗、乾濕分離浴室、浴室水力強水溫也夠、床柔軟舒適有彈性（習慣睡硬床的可能不推薦），床頭有可獨立使用的讀書燈。,0,1,0,0,0,0,0,1,0,0,0,0,1
有幾個小缺點：網路沒有很快，淋浴的水龍頭的頭是小的，泡澡時看不到電視滿可惜的,0,1,0,0,0,0,0,3,0,0,0,0,3
隔音有點差，有房客8點左右退房，房務迅速整理房間，對沒訂早餐想睡晚一點的我，被吸塵器的聲音吵醒而中斷睡眠，是有點失望,0,1,1,0,0,0,0,3,3,0,0,0,3
有房客在房間內抽菸，導致半夜時警報器突然響起，很多房客因此受到驚嚇，但櫃檯人員也有立即處理安撫房客。,0,0,1,0,0,1,0,0,1,0,0,3,3
有投幣式洗衣機/烘衣機，可以直接在手機上看到洗衣剩餘時間 ，有無限供應的點心、泡麵、飲料，不怕餓到,0,1,1,0,0,0,0,1,1,0,0,0,1
有捷運經過會有聲音，看個人接受度。地下一樓、B2、B3停車要自己拖行李到大廳，沒電梯，尷尬了。,0,1,0,1,0,0,0,3,0,3,0,0,3
有提供24hr餅乾和咖啡飲料等。早上還有限量三明治，讚讚讚,0,0,1,0,0,0,0,0,1,0,0,0,1
有提供24小時的零食及泡麵全都免費，讓夜貓子有東西可以吃。房間很乾淨，飯店人員每個態度都很親切,1,0,1,0,0,0,1,0,1,0,0,0,1
有提供一些娛樂，零食跟泡麵，不用擔心會餓到，房間的整潔度很棒，隔音也滿不錯的，沒有太大聲響的情況下，基本上不受影響，是會想再去的旅館～,1,1,1,0,0,0,1,1,1,0,0,0,1
有提供下午點心，貼心，客服人員很有耐心及誠意，解決處理訂單問題！！,0,0,1,0,0,0,0,0,1,0,0,0,1
有提供休息區（提供餅乾跟咖啡機，餅乾很好吃）還有簡易的健身房還不錯，有附停車位很棒，不需在自行找車位，自助吧早餐非常豐富，另外提供的宵夜是芋頭鹹粥，雖然很簡單，但不錯吃,0,1,1,0,0,0,0,1,1,0,0,0,1
有提供停車位， 停車位滿的話也會幫忙支付路邊停車費， 是個很貼心的服務，早餐很豐盛， 房間設施也很舒適,1,1,1,0,0,0,1,1,1,0,0,0,1
有提供大型停車場可免費停車，疫情解封、暑假期間價格合理，不隨便哄抬價格,0,1,0,0,1,0,0,1,0,0,1,0,1
有提供嬰兒床與嬰兒澡盆、近臺中火車站後站、有免費茶飲咖啡可使用,0,1,1,1,0,0,0,1,1,1,0,0,1
有提供宵夜， 雖然簡單，但可以接受，讓想節省旅費的客戶有個選擇,0,0,1,0,0,0,0,0,1,0,0,0,1
有提供宵夜、早餐，飲料的選擇非常多，房間非常乾淨整潔，附的茶包與咖啡也很不錯，整體環境非常好,1,1,1,0,0,1,1,1,1,0,0,1,1
有提供宵夜真的是太棒了！！！房間雖然小，但床超級大，睡起來超舒服！,0,1,1,0,0,0,0,1,1,0,0,0,1
有提供小點心餅乾泡麵飲料在櫃檯旁，方便旅人需要時可以解饞很貼心,0,0,1,0,0,0,0,0,1,0,0,0,1
有提供洗衣房，內有烘衣機+洗衣粉可供使用，地點離火車站非常近，相當方便,0,1,0,1,0,0,0,1,0,1,0,0,1
有提供潤髮乳及影片、零食，很周到 。服務人員親切有禮。早餐豐富。房間內陳設精巧，空間充分運用,0,1,1,0,0,0,0,1,1,0,0,0,1
有提供許多免費多種口味泡麵與點心和飲料，也有提供限量早餐，大約9點前都還有。大廳裝潢的十分有特色。浴室空間還算剛好不會太小，水壓足夠，水溫也不會忽冷忽熱。,0,1,1,0,0,0,0,1,1,0,0,0,1
有提供飲料和小點心很棒哦！藍光影片好好看！員工服務態度也很主動友善！打掃清潔的大姐也很認真有禮貌！,0,1,1,0,0,0,0,1,1,0,0,0,1
有提供點心飲料至晚上，可惜咖啡機不能提供咖啡，餅乾遇缺不補有些美中不足,0,1,1,0,0,0,0,3,3,0,0,0,3
有搭配早餐更方便，此方案訂房網寫:此住宿有供應早餐(可於入住時加購)，容易造成誤解。實際上訂房無早餐(需加購)。,0,0,1,0,0,0,0,0,3,0,0,0,3
有日本頻道～～～木質旅店，蠻乾淨的，性價比高哈哈哈，附近吃吃喝喝的地方也多，地鐵站大概15-20分鐘步行吧～,1,1,0,1,1,0,1,1,0,1,1,0,1
有早餐，價格不貴，酒店位置不錯，出行很方便。酒店比較大，有一些團隊旅客。,0,1,1,1,1,0,0,1,1,1,1,0,1
有早餐也有宵夜，抽了個閒到地下一樓看看還有商務區跟咖啡可以用，飯店周圍也安靜，很適合商務客！,0,1,1,1,0,0,0,1,1,1,0,0,1
有早餐可用，對要出遊的人來說方便很多，不用到處找早餐，房間還不錯，如是廁所跟浴室分可更好一點，因為我們住四人房，一個人用?所，洗澡就沒法用，要等很久,0,1,1,0,0,0,0,2,1,0,0,0,1
有早餐提供，離臺北車站很近，離西門町也很近，附近的店鋪很多，很好,0,0,1,1,0,0,0,0,1,1,0,0,1
有服務人員引導，早餐非常多樣，中西式皆有，是可滿足住客的用餐需求！房間環境感覺舒服，整體很滿意！,1,0,1,0,0,1,1,0,1,0,0,1,1
有朝氣有態度的一家旅店，前臺沒有一般酒店那麼刻意，死板，一進大廳立刻就有種放鬆的感覺，臺灣酒店房間都很小，但他在大廳佈置了一個可供人休息、聊天和娛樂的地方，很溫馨，強烈推薦！,0,1,0,0,0,1,0,1,0,0,0,1,1
有東西忘了在房間，想打電話確認，打了四次電話都沒辦法轉到真人接聽。因為要搭高鐵只好放棄。,0,0,1,0,0,0,0,0,3,0,0,0,3
有歷史的飯店，但設施和環境都維護得很好，在一些小地方上也很用心，在房間裡欣賞愛河風光，真是舒服～,0,1,1,1,0,0,0,1,1,1,0,0,1
有水有餅乾可以免費吃。浴室乾濕分離，熱水很熱，電視也有很多電影可以看~,0,1,1,0,0,0,0,1,1,0,0,0,1
有洗烘衣設備，但烘衣機過濾網需定期更換清潔會更好、沐浴乳洗髮乳改為環保罐裝，放置浴室內提供更好更方便。,0,1,0,0,0,0,0,3,0,0,0,0,3
有洗衣機，烘衣機真的很便利。頂樓可以聊天又不會影響其他旅客。,0,1,0,0,0,0,0,1,0,0,0,0,1
有浴缸，蓮蓬頭在浴缸上方，會很容易把水噴濺到外面的地板，有點淹水，所以只能拿毛巾墊一下，但只是小問題，其他都很好！,0,1,0,0,0,1,0,3,0,0,0,1,1
有浴缸很好 … ，但是浴室門無法完全關上，導致沖澡時會完全噴出去了 ，設計上有點怪 ,0,1,0,0,0,0,0,3,0,0,0,0,3
有浴缸的房間就沒有乾濕分離，必須蹲在浴室裡面洗澡，很不方便，蓮蓬頭感覺有些老舊，出水孔都卡垢了，黑黑的班，吹風機風量太小，要吹很久,0,1,0,0,0,0,0,3,0,0,0,0,3
有浴缸的浴室設計稍嫌不良，我入住的房間在洗完澡後浴室地板也跟著積水，甚至流到外頭玄關地板,0,1,0,0,0,0,0,3,0,0,0,0,3
有浴缸的飯店就是加分，沒有太多餘的陳設，喜歡簡潔擺設的人應該會很喜歡,0,1,0,0,0,0,0,1,0,0,0,0,1
有游泳池，孩子們很喜歡，每一位服務人員的態度都很親切，感覺賓至如歸。,0,1,1,0,0,0,0,1,1,0,0,0,1
有無窗的房間，訂房的時候沒有特別注意到，希望可以明顯的標示。,0,1,1,0,0,0,0,2,3,0,0,0,3
有無限供應小食吧很棒，回來就有飲料冰水可以解渴，服務台人員很親切,0,0,1,0,0,0,0,0,1,0,0,0,1
有無限供應的點心，以及對孩童友善的遊戲空間，已經來住三次了，非常喜歡,0,0,1,0,0,0,0,1,1,0,0,0,1
有煙味，飯店位置處於較熱鬧的地區，雖然住在7樓仍可以聽見車輛的聲音，隔音有點差。,1,1,0,1,0,0,3,3,0,3,0,0,3
有白燈很好，方便化妝。床墊需要處理，感覺有跳蚤之類的，睡了之後，起紅斑發癢。,1,1,0,0,0,0,3,3,0,0,0,0,3
有空中花園，辦理入住時房間已準備好，可以讓我們提早入住,0,1,1,0,0,0,0,1,1,0,0,0,1
有窗戶，提出若飯店安排上可以，都會滿足您需求。CP值真的很高，不管去哪都方便。,0,1,1,1,1,0,0,1,1,1,1,0,1
有窗戶的房間真的很棒，價格也很便宜，電視也很大，浴室熱水也是一開就熱,0,1,0,0,1,0,0,1,0,0,1,0,1
有窗無窗的房間預定時房型相同，能不能分到窗戶需要靠運氣。價格多變，可能提前一天此提前半個月預訂還會便宜一些，當然可能是網站的鍋。,0,0,0,0,0,0,0,0,0,0,0,0,0
有網友評價櫃檯人員態度很差，我個人覺得：並不會。他們很用心服務顧客，讓我們感受很深刻。問答之間並不會不耐煩。環境整潔很nice離車站很近，地點很優。整體很舒適沒話說,1,0,1,1,0,1,1,0,1,1,0,1,1
有老牌飯店的溫馨，雖然有些設備比較舊一些，但整理的非常整潔，床也十分舒適，從進入飯店開始遇到的每個職員都很親切，員工素質極佳！,1,1,1,0,0,1,1,1,1,0,0,1,1
一次用拖鞋是比較厚的材質好穿，房間都很乾淨舒適，地點位置好，附近有很多攤販,1,1,0,1,0,0,1,1,0,1,0,0,1
有自助洗衣間，無線網路也很順、酒店很乾淨漂亮、服務人員態度很好,1,1,1,0,0,0,1,1,1,0,0,0,1
有自動機器很方便，還有櫃台可以教你使用，房間也很大很舒適，飯店位置也是一級棒，逛完西門可以直接來住,1,1,1,1,0,0,1,1,1,1,0,0,1
有菸味從抽風機飄進來，樓上也有聲音，隔音不是很好，房間太過陰暗，床太矮,1,1,0,0,0,0,3,3,0,0,0,0,3
有藍光電影，晚上可看電影配樓下附設飲料吧。住2晚早餐都不一樣，精製美味廚師很用心，服務人員親切,0,1,1,0,0,0,0,1,1,0,0,0,1
有表示孩子容易過敏，希望打掃乾淨，這次入住很安靜，隔音好，可是一打開就有塵絮，孩子就開始過敏。。。,1,1,0,0,0,0,3,1,0,0,0,0,3
願意讓我換房，要求換房後，隔音很好！洗澡設備很OK ！ 寬敞，很舒適,1,1,1,0,0,0,1,1,1,0,0,0,1
有註明想要有窗戶的房間，有幫我做到。很開心！喜歡早上被陽光吵醒的感覺。,0,0,1,0,0,0,0,0,1,0,0,0,1
隔音不太佳，晚上容易聽到隔壁房講話聲；洗澡時水壓稍微不給力，中間有一段時間出水不太順。,0,1,0,0,0,0,0,3,0,0,0,0,3
有說明要嬰兒澡盆，訂房有註記，但到房間還是沒有準備，只好寶寶坐在地上清洗,0,0,1,0,0,0,0,0,3,0,0,0,3
提供免費24hr，點心飲料和泡麵，很有誠意，服務人員很好,0,0,1,0,0,0,0,0,1,0,0,0,1
有遇到備品不足與吹風機故障的問題，但服務人員很快就解決問題，效率很好,0,1,1,0,0,0,0,3,1,0,0,0,1
有附宵夜，雖然只是鹹粥，但是對於突然餓肚子，懶得出去的人，真的還不錯選擇,0,0,1,0,0,0,0,0,1,0,0,0,1
有附早餐和宵夜，從高雄車站走來約8分鐘，房間舒適，接待員工親切！下回再至高雄旅遊，會再光臨！,1,0,1,1,0,0,1,0,1,1,0,0,1
有附宵夜，早餐很好吃，有投幣式的洗衣機和烘乾機，不用跑到外面找店面洗，可以一邊吃早餐一邊等衣服，房間還有浴缸可以泡澡，，住宿地點離火車站很近，周遭卻很安靜，隔音不錯,0,1,1,1,0,0,0,1,1,1,0,0,1
有隔音好的需求，工作人員有幫我安排在最邊間與高樓層，感謝,0,0,1,0,0,0,0,0,1,0,0,0,1
有零食和泡麵裝潢不錯，裡面很乾淨，還有乾溼分離很適合情侶來%%%,1,1,1,0,0,0,1,1,1,0,0,0,1
有非常熱情的到火車站接客和送客的服務，餐廳的價格都比較合理。服務員都非常熱情，服務態度很好！,0,0,1,0,1,0,0,0,1,0,1,0,1
有預約高鐵接駁服務，服務人員還到月臺來接應，非常貼心，兌換迎賓飲料的頂層吧的妹妹非常熱情,0,0,1,0,0,0,0,0,1,0,0,0,1
有高鐵接駁專車，而且車坐起來很舒適。早餐非常棒，而且竟然有牛排可以選擇（有6種以上），還有自助吧可以吃，很好吃。,0,0,1,0,0,0,0,0,1,0,0,0,1
有高鐵接駁服務、迎賓飲料、小餅乾、迷你吧免費、夜床服務、膠囊咖啡機、免治馬桶、早餐有菲力跟鮑魚幹貝粥等八種選擇，真的真的很驚喜！,0,1,1,0,0,0,0,1,1,0,0,0,1
有點小貴，但是地理位置很好，旅館有洗衣房和自助吧，有公用冰箱～房間整潔乾淨，空間不會太壅擠！旅館設計的主題很可愛，每間房間都有不同的名字！退房後可以寄放行李，不用再去北車那邊找置物櫃，寄放旅館就好，反正超近！！前往任何地方都方便，周邊飲食也豐富，不會餓到。,1,1,1,1,1,1,1,1,1,1,3,1,1
有點心和飲料可以自取，多次晚上幫了很大的忙，不用跑便利店。,0,0,1,0,0,0,0,0,1,0,0,0,1
有點心（時段限定）可以吃到飽，早餐也很好吃，員工都很親切，事先告知的話，他們還會幫忙準備壽星小蛋糕,0,0,1,0,0,0,0,0,1,0,0,0,1
有點心下午茶很貼心。員工年輕，可是服務態度很熱誠。房間裡有餐具，而且餐具很乾淨。 品質也很好。晚上的宵夜，雖然我已經吃過酸菜火鍋回來，還有想吃的慾望，不過淺嚐即止。早餐一人一份，現做得非常好，而且在頂樓，景色 不錯。拖鞋用的品質也很好。 還有準備浴衣很好。房間裡頭， 空間利用可以改善一點。 。 整理行李的位置應該要有一個行李架。掛衣服的櫃子可以利用空間做一個。,1,1,1,0,0,0,1,1,1,0,0,0,1
有點心和宵夜場，都很精緻，而且是免費的，早餐在頂樓吃，景很美，餐很好吃～,0,0,1,1,0,0,0,0,1,1,0,0,1
有點沒打掃乾淨 ，床頭開關上方有灰塵，另外發現有類似刮鬍刀的刀片沒清理,1,0,0,0,0,0,3,0,0,0,0,0,3
有點風格不統一，不知道是不是因為新建的元素，還有很多地方還沒建好,0,0,0,0,0,1,0,0,0,0,0,3,3
服務人員態度很好，房間設施齊全。硬體設施很好。總的來說很滿意，就在西門町旁邊。我和閨蜜都很滿意,0,1,1,1,0,1,0,1,1,1,0,1,1
服務人員態度都非常好，酒店很人性化的設計，房間的用品很舒適，消耗品的品質也不錯。,0,1,1,0,0,0,0,1,1,0,0,0,1
服務人員非常友善也非常樂於助人。酒店的衛生也很滿意。酒店的設備也很方便，有洗衣機讓我們用還有飲料和爆米花任我們吃喝。,1,1,1,0,0,0,1,1,1,0,0,0,1
服務員熱情度比較大陸可以打滿分，房間隔音效果不行，地點位置位在市區，有點吵。,0,1,1,0,0,0,0,3,1,3,0,0,3
服務員都很專業與友善，外觀都很華麗和嶄新，步行五分鐘到達地鐵站，附近有很多商店都很方便，最重要是有洗衣的服務，非常贊，值得推薦給其他人。,0,1,1,1,0,0,0,1,1,1,0,0,1
服務周到，訂車訂手伴地圖指引等等。位置絕佳，四通八達。設計獨特，流連忘返。,0,1,1,1,0,0,0,1,1,1,0,0,1
服務好，酒店工作人員都很禮貌友好。酒店地點離地鐵步行5-7分鐘。房間比較大。,0,1,1,1,0,0,0,1,1,1,0,0,1
服務很好，交通非常方便，下樓就是捷運，兩張很大的，感覺像有的地方四人間了,0,1,1,1,0,0,0,1,1,1,0,0,1
服務很好，前臺和早餐的服務員都很好！浴室和房間比較整潔，還有一個小房間可以放行李。地點還算方便，緊鄰台中車站，旁邊有商場和夜市可以逛。,1,1,1,1,0,0,1,1,1,1,0,0,1
服務很好，因為訂的有窗房間是靠馬路的，有點吵，提出後馬上給我們換了無窗的安靜的房間，有恰逢老公生日，酒店貼心的送了小蛋糕和卡片，感謝,0,1,1,0,0,0,0,1,1,0,0,0,1
服務很好，房間雖然小但是很乾淨。有免費的自助洗衣和自助飲料，冰箱等。很人性化。,1,1,1,0,0,0,1,1,1,0,0,0,1
服務很好，本來提供的無窗，在說明身體情況後馬上就進行了更換。樓的位置離臺北機場捷運比較近。樓上有健身房和露臺。早餐品種較豐富。,0,1,1,1,0,0,0,1,1,1,0,0,1
服務態度和主動性較強！環境屬於現代感！房間備有大陸插頭的插座，比較貼心！,0,1,1,0,0,1,0,1,1,0,0,1,1
服務態度很好，酒店房間也不錯，住的是有窗戶的三人間，但是酒店還在裝修，電梯還沒裝修好，但是還是可以運用，住起來很舒服。,1,1,1,0,0,0,1,1,1,0,0,0,1
服務比較好，有免費的洗衣機，桿衣服務，比較適合臺灣夏季半天晴半天雨的天氣。早餐可以。,0,1,1,0,0,0,0,1,1,0,0,0,1
服務熱情周到，很耐心解答問題。交通便捷距離臺北車站、桃園機場捷運、淡水信義線都很近，幾分鐘步行就到。,0,0,1,1,0,0,0,0,1,1,0,0,1
服務超級熱情，完全無敷衍之感，有洗衣房，位置優越,0,0,1,1,0,0,0,0,1,1,0,0,1
服務還是不錯的，只是房間裡都沒什麼桌子，不好放東西。酒店的地理位置相對居中，出行還是挺方便的。,0,1,1,1,0,0,0,3,1,1,0,0,1
服務非常好，溝通非常順暢。，大堂的佈置好漂亮，還免費提供一些吃的喝的，雖然沒有早餐，但也挺好的，大堂旁邊的休息區，還有投影，坐在那裡，特別愜意，鬧市中取靜哦。,0,1,1,0,0,0,0,1,1,0,0,0,1
服務、餐點都很好，出去附近走走，提供雨傘！叫車服務，還抄好車號給我們，以免忘記東西要聯絡，貼心的服務，有水準！面河風景很美！,0,0,1,1,0,0,0,0,1,1,0,0,1
服務態度、水壓都超好，價格也很棒，月底要北上做工作，還會再訂這間,0,1,1,0,1,0,0,1,1,0,1,0,1
服務中心人員很是親切，因為訂婚儀式在國賓辦，當天有音響展覽其實飯店蠻混亂的，但服務中心還是很積極的幫我們處理臨時需求，感謝服務中心人員,0,0,1,0,0,0,0,0,1,0,0,0,1
服務人員 真的服務超級好！泳池超美，可惜是冬天快冷死，晚上還有吧免費的迎賓飲料，早餐也超棒！半自助式還有牛排可以吃，備註為蜜月旅行，飯店還有準備床上擺飾，很貼心,0,1,1,0,0,0,0,1,1,0,0,0,1
服務人員，櫃檯，清潔阿姨，全體都很好，餐廳的服務人員很有禮貌，離開時都會說謝謝，謝謝你們的服務,0,0,1,0,0,0,0,0,1,0,0,0,1
服務人員主動積極，有空房間願意讓客人提早入住，頂樓有洗衣機與烘衣機對於自由行的客人很方便，飯店交通便利,0,1,1,1,0,0,0,1,1,1,0,0,1
服務人員介紹最近的捷運出口好像報錯了，不是Z2/4出口 是Z6/8出口才對，雖然都能到達但是對外出的旅客來說，還是會希望早一點到達旅店～,0,0,1,0,0,0,0,0,3,0,0,0,3
服務人員做事親切、明快。第一天即獲得免費房等升級；無奈第三晚起隔壁，及附近幾間房住了一群很難安靜的孩子，櫃台人員迅速幫我換房，且房裡電視出現問題也立即處理，非常好的服務！,0,0,1,0,0,1,0,0,1,0,0,3,1
服務人員偷懶，也不要隨便回我話。教育訓練要加強，第二次入住比第一次入住差很多,0,0,1,0,0,0,0,0,3,0,0,0,3
服務人員冷冰冰的，飯店的名字取名窩，卻感覺不到回家的溫暖！！床跟電視中間放了一張大桌子跟一把椅子，雖然擺放東西很方便但這樣的設計很突兀，躺在床上看電視視線不是很方便！！淋浴空間有點小，雖然做到了乾濕分離但空間太小要開門進出不是很方便，卡卡的,0,1,1,0,0,0,0,3,3,0,0,0,3
服務人員反應都迅速而貼心，酒店內外相當乾淨，彩紅座的下午茶不錯(但調味偏重)，CP值高。整體而言相當滿意。,1,0,1,0,1,0,1,0,1,0,1,0,1
地點好，服務佳，可惜側門出入口總是聚集一堆抽菸的人，煙味隨風飄入，美中不足。,0,0,1,1,0,1,0,0,1,1,0,3,1
服務人員只對外國旅客親切，對台灣本地住客態度就很隨便?餐廳明明很多位置，卻硬要安排大家擠在一區，想安靜吃個早餐，旁邊坐的日本人大聲說笑，服務員不勸導就算了，還日英文夾雜的獻殷勤，問要不要喝點啤酒，拜託!沒喝就很吵了，還喝...,0,0,1,0,0,1,0,0,3,0,0,3,3
服務人員和善，環境清潔，旅館附近有小市場，晚上宵夜也沒問題，距離高雄車站步行約10分鐘內可達，算是方便。,1,0,1,1,0,0,1,0,1,1,0,0,1
服務人員專業，地點佳，有停車場可停車，早餐有認真。性價比超高，一定會早回來。推薦,0,1,1,1,1,0,0,1,1,1,1,0,1
服務人員很好，預期外房間升等很棒，地理位置很好離捷運站很近,0,0,1,1,0,0,0,0,1,1,0,0,1
服務人員很友善。客房內舒適寬敞。有很棒的平面停車場，停車不用傷腦筋。,1,1,1,0,0,0,1,1,1,0,0,0,1
服務人員很多，但是晚上11點後，就少之又少，好像要打烊關門了一樣！,0,0,1,0,0,0,0,0,3,0,0,0,3
服務人員很棒，態度好，床好躺，也有全身鏡，浴室也很大間，乾濕分離很棒！,0,1,1,0,0,0,0,1,1,0,0,0,1
服務人員很棒，鄰近愛河、駁二，交通方面有輕軌和捷運，非常適合城市旅行,0,0,1,1,0,0,0,0,1,1,0,0,1
服務人員很熱心，會盡力幫我們解決問題。早餐時間還會在餐廳門口量一次體溫，噴酒精，非常棒。,0,0,1,0,0,0,0,0,1,0,0,0,1
服務人員很親切， 說明設施很仔細， 也有主動說明有商務中心， 房間東西很齊全， 小孩有自己的備品， 棉被床鋪都好睡。,0,1,1,0,0,0,0,1,1,0,0,0,1
服務人員很親切，也幫我們準備嬰兒床、澡盆，又能免費使用休息室吃下午茶，還有漂亮的游泳池，能充分使用飯店的設施，全家人都感到非常滿意的家庭旅行,0,1,1,0,0,0,0,1,1,0,0,0,1
服務人員很親切，地點位置也不錯，房間很大，床也很大很好躺,0,1,1,1,0,0,0,1,1,1,0,0,1
服務人員很親切，家中有行動不便者原訂的房間空間較小，還主動幫我們無條件升級房間，另外房間非常乾淨整潔，且明亮，離愛河又近,1,1,1,1,0,0,1,1,1,1,0,0,1
服務人員很親切，房間乾淨整齊；近捷運站交通便利，開車也方便！,1,0,1,1,0,0,1,0,1,1,0,0,1
服務人員很親切，空中花園佈置很美，健身房很舒適，房間很乾淨，床很舒服,1,1,1,0,0,0,1,1,1,0,0,0,1
服務人員很親切，離捷運站近，1樓、地下一樓有免費咖啡跟小餅乾，房間也有免費小餅乾，房間乾淨整潔。,1,0,1,1,0,0,1,0,1,1,0,0,1
服務人員很親切，飯店位置在客運轉運站(京站)百貨附近，若搭乘客運進出臺北住這裡很方便。飯店有提供冰箱及小點心，走路一分鐘內就有超商及速食店，晚上不怕餓。,0,1,1,1,0,0,0,1,1,1,0,0,1
服務人員很親切，飯店早餐也很豐富，地理位置很好，飯店對面咖啡廳的咖啡也非常好喝，整體CP值很高,0,0,1,1,1,0,0,0,1,1,1,0,1
服務人員很親切，飯店附近便利性高，給五顆星，CP值不錯！！,0,0,1,1,1,0,0,0,1,1,1,0,1
服務人員很親切也很有禮貌，房間也很有設計感很乾淨漂亮！最棒的是浴室的磁磚有一處較低水會往下流所以不會整個廁所都溼答答的,1,1,1,0,0,0,1,1,1,0,0,0,1
服務人員很貼心態度很好，房間還有設置螢幕的歡迎，也覺得很貼心。,0,0,1,0,0,0,0,0,1,0,0,0,1
服務人員很貼心有代訂早餐服務且可送至房間門口服務。環境也很乾淨每間房間都有特色，真的很棒！,1,1,1,0,0,0,1,1,1,0,0,0,1
服務人員態度不錯，距離捷運站近，剛好在熱鬧的西門商圈附近，步行很方便,0,0,1,1,0,0,0,0,1,1,0,0,1
服務人員態度佳，房間冷氣夠冷，隔音效果不錯，廁所設備完善，有機會會再入住！,0,1,1,0,0,0,0,1,1,0,0,0,1
服務人員態度佳，地點位置佳，離火車站或中山站距離差不多，往任何方向都很方便,0,0,1,1,0,0,0,0,1,1,0,0,1
服務人員態度及服務都很棒！ 早餐好吃！ 房間乾淨整齊，讓人覺得很舒適。,1,0,1,0,0,0,1,0,1,0,0,0,1
服務人員態度好、房務人員很盡責、裝潢很棒（我喜歡的精簡現代風）、早餐有些許變化、下午茶的提供、還有單車免費租借，下高雄會再選擇這間！！,0,1,1,0,0,0,0,1,1,0,0,0,1
服務人員態度很好，也會主動詢問是否要兒童澡盆！ 房間乾淨整潔！風景不錯！,1,0,1,1,0,0,1,0,1,1,0,0,1
服務人員態度很好，房務人員很用心，房間熱水很強，飯店燈光明亮，有安全感,0,1,1,0,0,0,0,1,1,0,0,0,1
服務人員態度很好，房間整潔，隔音效果也不錯。早餐採自助式，有多種選擇。,1,1,1,0,0,0,1,1,1,0,0,0,1
服務人員態度很好，附近有便利商店和家庭百貨與宵夜區，很方便。,0,0,1,1,0,0,0,0,1,1,0,0,1
服務人員態度很好；位置離高雄火車站算近（走路十多分鐘可以到捷運站或火車站），如果有火車站接送會更好（不知道有沒有）；早餐看起來就是一般，但是下午到晚上有滷肉飯茶葉蛋及飲料隨意吃還不錯；加大床的房型睡起來很舒適,1,0,1,1,0,0,1,0,1,1,0,0,1
服務人員態度很好。第一次看到旅館打掃完有附打掃人員的單子，感覺不錯。,0,0,1,0,0,0,0,0,1,0,0,0,1
服務人員態度很好，清潔阿姨也很熱情打掃的很乾淨，飯店床墊很好睡，冷氣也夠冷、不會忽冷忽熱的，早餐也不錯吃。,1,1,1,0,0,0,1,1,1,0,0,0,1
服務人員態度很好，地點也很方便，只是在房間內可以聽到人家使用蓮蓬頭的聲音很尖銳，很不舒服，但房間舒適不錯,1,0,1,1,0,1,1,0,1,1,0,3,1
服務人員態度很親切，客房很乾淨，離火車站非常近，整體來說經濟實惠的旅店,1,0,1,1,0,1,1,0,1,1,0,1,1
服務人員態度服務親切，3/19約上午11點，櫃檯女性服務員及一名男性協助刷卡結帳，有戴黑色耳環的男性同仁服務態度非常好，也熱心協助解答疑慮或所需設備。,0,0,1,0,0,0,0,0,1,0,0,0,1
服務人員態度極佳。房間雖然不大，但乾淨。隔音也很好，熱水很熱（只是要分開調整有點麻煩），電視也是我比較習慣的第四台（目前還沒有換成MOD），備品很香，很喜歡。很好睡，但被子有一點吵，翻動的聲音有點大。其他都完全沒有可以挑剔的地方。感謝服務人員提供這麼舒適的休息。感謝,1,1,1,0,0,0,1,1,1,0,0,0,1
服務人員態度良好，事前備註想要有窗房，回覆客氣最後也拿到不錯的房型，景觀不錯。床跟枕頭都很好睡，衛浴完全分離。,0,1,1,1,0,0,0,1,1,1,0,0,1
服務人員態度良好，有確實達成要求部分(叫醒服務)，很貼心。房間乾淨舒適,1,0,1,0,0,0,1,0,1,0,0,0,1
服務人員態度良好，連房務員都笑容可掬，入住一晚就收到很多飯店附贈的禮品，退房因等候多時也送了茶包禮盒,0,0,1,0,0,0,0,0,1,0,0,0,1
服務人員態度良好、拿到兩張房卡，其中一張有問題，反應了也馬上解決。,0,0,1,0,0,0,0,0,1,0,0,0,1
服務人員態度良好、位置佳，但淋浴的地板踩起來凹凸不平踩久好痛,0,1,1,1,0,0,0,3,1,1,0,0,3
豪華房雖無窗但寬敞明亮、附贈的早餐麵包雖為紐約貝果製，但住兩天都無變化十分單調且難吃,0,1,1,0,0,0,0,2,3,0,0,0,3
服務人員態度親切，飯店附近生活機能不錯，捷運站也在步行距離，房間空間設備大致都非常舒適及滿意，在房間就能看上夜景還是讓人蠻放鬆的，隔音效果還不錯隔壁進出也聽不太出來，房間提供免費飲料及餅乾讓人感到貼心，下次如果再來高雄又多一個口袋名單了！,1,1,1,1,0,0,1,1,1,1,0,0,1
服務人員態度親切，（這真的很重要！）還有24小時的點心免費供應。淋浴水力強，水溫適中，住三個晚上洗澡洗得很舒服，也住得很舒服,1,1,1,0,0,0,1,1,1,0,0,0,1
服務人員態度親切，住房環境及設備有用心經營，很舒適也很完善，早餐很棒每人一份套餐及好吃的自助餐,1,1,1,0,0,0,1,1,1,0,0,0,1
服務人員態度親切，早餐好吃（吃素的朋友可以在入住時跟服務人員說，隔天早餐會另外準備一份素食的主食）～地理位置很讚，離火車站非常近，離忠孝夜市步行也只有10分鐘左右的路程；另外在選擇入住時，如選擇附有停車位的房型的話，基本上是一定可以停得到（不會像有些旅店停不到，還要自己另外去找），很加分！,0,1,1,1,0,0,0,1,1,1,0,0,1
服務人員態度親切，房間空間大也舒適 ，喜歡飯店用的香氛，提供的備品也很棒,1,1,1,0,0,0,1,1,1,0,0,0,1
服務人員態度親切、快速！地點、交通方便，有浴缸對孩子來說非常開心,0,1,1,1,0,0,0,1,1,1,0,0,1
服務人員態度親切～房間有問題馬上做更換還幫我們升級，覺得很棒,0,0,1,0,0,0,0,0,1,0,0,0,1
服務人員態度親切有禮！整體環境乾淨、舒適！空調沒有異味！下次到高雄會再選擇入住！,1,1,1,0,0,0,1,1,1,0,0,0,1
服務人員態度超好，對小孩也很親切，房間乾淨備品齊全，還有有提供免費的熱飲及泡麵很棒,1,1,1,0,0,0,1,1,1,0,0,0,1
服務人員態度都很親切，因網路下訂選到無浴缸的，現場覺得房型太小間，客服人員也讓我補差價換成較大間的，需要的備品也能如期滿足，最喜歡的是馬桶坐有恆溫功能。,0,1,1,0,0,0,0,1,1,0,0,0,1
服務人員態度非常和善，很晚抵達飯店時停車場已經滿位，但是飯店周邊還是有路邊車位可停，退房時可把停車繳費單交由櫃檯人員處理，飯店會吸收公有停車場費用；早餐的古早味飯湯很值得推薦，用餐環境很舒適。,0,1,1,1,0,0,0,1,1,1,0,0,1
服務人員態度非常好，是一個很棒的住宿體驗！很乾淨，且貼心提供酒精給顧客！,1,0,1,0,0,0,1,0,1,0,0,0,1
服務人員態度非常親切和善，因提早抵達需寄放行李，退房後也仍需寄放行李，但服務人員沒有一絲不耐，入住過程清楚說明飯店有的服務及設施，一樓大廳茶水間及洗衣房的設備很棒，可以帶著乾淨的衣服回家，房間中淋浴、廁所及洗手台皆是分開的空間，兩個人使用起來非常方便，整體來說非常滿意，若再去臺北非常願意再次入住！,0,1,1,0,0,0,0,1,1,0,0,0,1
隔音部分與同等價位元元的飯店無異，沒有特別好，也沒有特別壞，房間乾淨舒適,1,1,0,0,0,0,1,2,0,0,0,0,2
服務人員態度非常親切有禮貌，入住時一切都很順暢。房務人員態度也很好，整體人員訓練有素。房間整潔乾淨，沒有太多瑕疵，這是第五次入住了，整體CP值非常高，交通也方便。下次還是會考慮入住！,1,0,1,1,1,0,1,0,1,1,1,0,1
服務人員態度非常誠懇有禮；地點方便易找，西門町5號出口出來看見黑色建築就是了；房間舒適，設備齊全，下次來一定再入住德立莊。,1,1,1,1,0,0,1,1,1,1,0,0,1
服務人員接待有禮，會主動關懷給予需求，感覺溫暖，有機會南下高雄，一定會再住。,0,0,1,0,0,0,0,0,1,0,0,0,1
服務人員整體親切且主動。有一種內化的感覺。大門服務良好，我們是搭計程車回去，下車會仔細檢查計程車內看看我們是否有遺漏物品。旅遊資訊位置的服務人員解說詳細親切，人員服務使入住感覺大大加分。,0,0,1,0,0,0,0,0,1,0,0,0,1
服務人員敷衍差勁的態度。明明可用旅遊消費住宿專案，確要求要從網路退訂單才能使用，詢問網路如何退訂，櫃臺人員說～我們也不知道，你們要改旅遊補助方案，要自己想辦法退訂單。我知道她不願意協助，那就算了！,0,0,1,0,0,0,0,0,3,0,0,0,3
網路上因為看道早餐是自助式，所以另外+錢訂早餐卷，結果到現場他們說因?防疫措施，所以拿出一張早餐菜單，簡單的早餐店餐點給我們點，真的很傻眼。,0,0,1,0,0,0,0,0,3,0,0,0,3
服務人員早上與晚上的態度完全不一樣，晚上的態度超差，再來就是浴室有很多根頭髮?,1,0,1,0,0,0,3,0,3,0,0,0,3
服務人員有時候會幫我們升等房型，讓你用原本價格享受更大的空間，真的很開心！很好的服務品質,0,0,1,0,0,0,0,0,1,0,0,0,1
服務人員服務周到，早餐自助餐可以單點主食很特別，吃的很滿意！,0,0,1,0,0,0,0,0,1,0,0,0,1
服務人員服務很好！有入住點心，剛入住電視有自己的名字備受尊榮。,0,0,1,0,0,0,0,0,1,0,0,0,1
服務人員的專業態度令我感到非常滿意。這次住宿有升級到景觀房，很開心，內部很多細節都很有尊榮感。,0,0,1,0,0,0,0,0,1,0,0,0,1
服務人員的態度真的超好！每位都很熱心又有耐心解決我的問題，房間雖然不大但五臟俱全，採光跟通風都很讚！飯店的早餐也非常美味，每天都不太一樣，讓我非常期待每天早晨的來臨！,0,1,1,0,0,0,0,1,1,0,0,0,1
服務人員的態度非常好，很客氣，有問題反應也是第一時間就給予滿意的答覆，飯店的地理位置也很好，房間舒適浴室也很寬敞。,1,1,1,1,0,0,1,1,1,1,0,0,1
服務人員的服務不是很滿意，很多時候一問三不知，也不積極熱情，對於顧客要打統編跟國旅卷的部分，一開始先拒絕顧客，使用國旅卷就無法打統編，後來我再次詢問1000塊可以不打統編，其餘金額可以打嗎？才得到我需要的解答。希望能改善櫃檯服務，如果真的不知如何回覆客人，可以先請客人稍等，自行清楚答案再回覆客人。,0,0,1,0,0,0,0,0,3,0,0,0,3
服務人員的服務態度非常讚。樓港粵餐廳的東西非常好吃。房間整潔乾淨沒異味，有地下室停車場，愛車不用露宿室外,1,1,1,0,0,0,1,1,1,0,0,0,1
服務人員真的很親切、房間舒服，景色不錯，晚上可以在愛河畔散步。,0,1,1,1,0,0,0,1,1,1,0,0,1
服務人員真的很貼心服務也好棒！很謝謝這幾天的照顧，來高雄遊玩的真的很推薦入住這間，地理位置也是很棒！,0,0,1,1,0,0,0,0,1,1,0,0,1
服務人員真的非常親切，房間很乾淨，雖然空間不大但是該提供的備品都有，還有小桌子跟椅子～唯一缺點就是隔音沒有很好，但是都還在能接受範圍！有機會一定還會再入住～也謝謝服務人員耐心的解答信用卡付費的問題,1,1,1,0,0,0,1,1,1,0,0,0,1
服務人員知道我隔天生日有送我小蛋糕很開心，可惜時間都錯過了，一次晚上10點送來，一次是早上的自助餐吃完後，雖然很感動，但我都是硬著頭皮吃完的，不過還是謝謝服務人員們囉。,0,0,1,0,0,0,0,0,1,0,0,0,1
服務人員至清潔人員服務良好，地理位置優，不管是飲食，交通都相當便利,0,0,1,1,0,0,0,0,1,1,0,0,1
服務人員與清潔人員皆非常友善，位置特優，覓食，交通皆便利，此價位能有如此的便利性，已算是非常棒,0,0,1,1,1,0,0,0,1,1,1,0,1
服務人員親切 ，房間設備齊全 ，附近交通飲食 方便，有公用微波爐 /開飲機/ 免費洗衣機烘乾機， 有每日清潔服務。,0,1,1,1,0,0,0,1,1,1,0,0,1
服務人員親切，也很貼心，我有私下留言要多一條被子，也貼心的早已放在房間裡 ，早餐豐富自助餐，地下一樓有健身房、咖啡機、小餅乾、電腦、讀書空間，都免費使用。一樓有酒吧台，但要自行付費的樣子，整體相當的讚，讓人很放鬆,0,1,1,0,0,1,0,1,1,0,0,1,1
服務人員親切，免費升級房間較大，半夜餓有吐司、咖啡、茶可食用，附近交通便利購物方便,0,0,1,1,0,0,0,0,1,1,0,0,1
服務人員親切，地理位置非常好！房間環境清潔！還有貼心的自助洗衣區和簡易的自助調理區?有機會會再訂房,1,1,1,1,0,0,1,1,1,1,0,0,1
服務人員親切，房間乾淨，浴室乾濕分離，床枕好睡，空調溫度適中，可調出風口，不會對著人吹，有健身房、戶外休閒區,1,1,1,0,0,0,1,1,1,0,0,0,1
服務人員親切，房間乾淨整潔，以這樣的價格，很超值，交通地點也方便,1,0,1,1,1,0,1,0,1,1,1,0,1
服務人員親切，有免費自助洗衣烘衣服務，房間乾淨整潔，隔音還算可以，空調設備完善，盥洗用品（洗髮精、沐浴乳）品質好。,1,1,1,0,0,0,1,1,1,0,0,0,1
服務人員親切，清潔人員打掃很乾淨，加分。衛浴乾濕分離，很棒。,0,0,1,0,0,0,0,0,0,0,0,0,0
服務人員親切又專業，雖然建物不新，但仍感覺氣派，房間乾淨舒適，浴室水柱強，在愛河旁，視野很漂亮。,1,1,1,1,0,0,1,1,1,1,0,0,1
服務人員親切和宜，房間潔淨舒適。因為生日將至，還收到服務團隊手寫的生日祝福卡片，真謝謝你們！,1,0,1,0,0,0,1,0,1,0,0,0,1
服務人員親切有效率，主動且積極，提供的茶葉蛋與泡麵、飲料非常適合充飢提昇血糖,0,0,1,0,0,0,0,0,1,0,0,0,1
服務人員親切有禮，讓人深感溫暖舒服唷！過年期間特準備福袋及來店禮，讓人覺得相當用心唷！,0,0,1,0,0,0,0,0,1,0,0,0,1
服務人員親切熱心，房間非常乾淨，一樓大廳有免費自助洗衣間，以及咖啡機。自助式早餐中西式選項多又好吃，甚至有切片水果讓人十分滿足，距離台中火車站走路約三分鐘，十分便利,1,1,1,1,0,0,1,1,1,1,0,0,1
服務人員親切熱情，房間舒適乾淨，床很好睡，房間吹風機是神器，可以快速乾髮，整體像回到家一樣，令人感覺安心,1,1,1,0,0,1,1,1,1,0,0,1,1
服務人員親切解說詳細，房間有設計感，餐點也很好吃，點心吧跟宵夜吧很大方,0,1,1,0,0,0,0,1,1,0,0,0,1
服務人員親切還推薦我們私房美食，房間乾淨舒適，入住的時候還送一小瓶乾洗手，很棒,1,0,1,0,0,0,1,0,1,0,0,0,1
服務人員親和態度和專業，都令我感到開心。電視無法打開有馬上來處理，房間裝潢真的很好，真的很漂亮比我想像中的還要棒。,0,1,1,0,0,0,0,1,1,0,0,0,1
服務人員訓練有素，服務態度也很棒。入住享有飯店相關餐廳優惠，一樓大廳麵包店很好吃！！,0,0,1,0,0,1,0,0,1,0,0,1,1
服務人員貼心的服務，及乾淨的房間及隔音，所有的一切都超完美，離車站也近，來台中住宿的絕佳選擇,1,1,1,1,0,0,1,1,1,1,0,0,1
服務人員超好，本來只是訂一間雙人房，沒想到服務人員直接幫我免費升級，一個人住四人房，真的超級舒適的,1,0,1,0,0,0,1,0,1,0,0,0,1
服務人員超級親切，地下一樓還有公共空間可以吃東西，房間非常乾淨舒適，中央空調調幾度就是幾度，空間大小剛好，整體CP值很高，非常優秀，謝謝您們,1,1,1,0,1,0,1,1,1,0,1,0,1
服務人員超級親切，有賓至如歸的的感覺。對於一些設備的特殊需求（空氣清淨機），人員也盡可能滿足，實在讓人很感動。第一次入住的感覺非常良好，期待下一次的旅行能再接受你們的服務，辛苦了,0,0,1,0,0,0,0,0,1,0,0,0,1
服務人員超級親切有耐心，也提供了很棒的旅遊建議，飲品吧不限時段供應真的很佛心，東西也都好好吃，住宿經驗超棒！,0,0,1,0,0,0,0,0,1,0,0,0,1
服務人員超親切有禮，所問的問題皆耐心回答。另外房間清潔程度優，CP值超高,1,0,1,0,1,0,1,0,1,0,1,0,1
服務人員都好熱情，地理位置絕佳，對面就是西門町，出行也很方便,0,0,1,1,0,0,0,0,1,1,0,0,1
服務人員都很親切，位置方便，周邊機能佳，很多吃的，交通也方便，有免費停車場，只是要走一小段,0,1,1,1,0,0,0,2,1,1,0,0,1
服務人員都很親切，態度超好。萬聖節有小活動，生日那天也有很特別的小驚喜，地點離火車站超近！！推翻這家~~房間又很乾淨整齊，還有很多貼心的小服務，下次還會在選這家~,0,0,1,1,0,1,0,0,0,0,0,1,1
服務人員都很親切，環境也很好，離車站也很近，走出去就有很多吃的，價錢便宜！,0,0,1,1,1,0,0,0,1,1,1,0,1
服務人員都很親切而且很有禮貌，地點離北車也不會很遠，附近還有麥當勞跟肯德基！很棒,0,0,1,1,0,0,0,0,1,1,0,0,1
服務人員都非常貼心，且提供高鐵接駁服務，下次去高雄還會選擇再次入住！,0,0,1,0,0,0,0,0,1,0,0,0,1
服務人員都面帶微笑，會熱心詢問是否要寄放行李，靠近生日還收到卡片，覺得很有趣的體驗。,0,0,1,0,0,0,0,0,1,0,0,0,1
服務人員隨時都會文你需不需要服務的地方，房間住起來CP值很高,0,0,1,0,1,0,0,0,1,0,1,0,1
服務人員非常優良，房間整理相當乾淨、應有盡有，早餐也非常豐富，住起來非常舒適,1,1,1,0,0,0,1,1,1,0,0,0,1
服務人員非常友善及禮貌， 浴室配套很齊備， 離西門町捷運站非常近,0,1,1,1,0,0,0,1,1,1,0,0,1
服務人員非常專業且細心，對兒童非常友善，有被照顧的無微不至的感覺。,0,0,1,0,0,0,0,0,1,0,0,0,1
服務人員非常熱心體貼，地點也很便利，整體非常乾淨舒適，值得推薦！！,1,0,1,1,0,0,1,0,1,1,0,0,1
服務人員非常的仔細、離開前因為行李箱壞了，服務人員也很熱心替我們找師傅來修，不用15分鐘就解決了！非常謝謝國賓的服務人員！下次有機會還會入住國賓！,0,0,1,0,0,0,0,0,1,0,0,0,1
服務人員非常的友善，房間的隔音效果也很好，我是入住2晚，飯店2晚都另外贈送了包裝非常漂亮的小餅乾，早餐的主餐也非常的好吃，很期待下次還可以在光臨。,0,1,1,0,0,0,0,1,1,0,0,0,1
服務人員非常站在客人角度想問題，幫忙解決問題，謝謝各位。 房間，餐點，點心，通通都非常好！！！,0,1,1,0,0,0,0,1,1,0,0,0,1
服務人員非常親切，房間非常整潔，地理位置也非常不錯，找不到任何缺點！,1,0,1,1,0,0,1,0,1,1,0,0,1
服務人員非常親切，住宿距離火車站徒步5分鐘，附近生活機能便利，附有停車場可以使用。房間不大但是動線相當舒服，早餐內容相當豐富。,0,1,1,1,0,0,0,1,1,1,0,0,1
服務人員非常親切，有自助洗衣真的很方便，可以不用帶著超多臭衣服回家，且早餐選擇多，我們住兩晚，兩天早餐樣式都不一樣，覺得很棒！房間的部分，床也很舒服!,0,1,1,0,0,0,0,1,1,0,0,0,1
早餐好吃，房間整潔舒適，不過枕頭若可以再多一點會更好，整體很滿意!,1,1,1,0,0,1,1,2,1,0,0,1,1
服務人員非常親切，服務很棒。早餐也好吃，住宿環境舒適 ，離夜市距離不遠，地點也棒,1,0,1,1,0,0,1,0,1,1,0,0,1
服務及房間設備都非常貼心。貼心得難以相信。必定再次入住，重點推介給朋友。,0,1,1,0,0,0,0,1,1,0,0,0,1
服務及飯店設備都很好，迎賓飲料還提供酒精性飲料，早餐更是好吃，飯店主動幫忙預約泳池，服務品質真的沒話說,0,1,1,0,0,0,0,1,1,0,0,0,1
服務台即時處理，更換房間。地點接近臺北車站，方便到各處遊玩,0,0,1,1,0,0,0,0,1,1,0,0,1
服務台所有職員都樂於幫忙，非常熱情用心，地點位於西門町和臺北車站的中間，只要走一段路就到了，其實很方便，早餐雖然選擇少而且每天一樣，但味道不錯而且地方也算乾淨，地方也很大，不怕沒有坐位,0,1,1,1,0,0,0,1,1,1,0,0,1
服務台的人員非常的熱心，而且願意協助旅客解決問題。飯店位置良好，不管去要搭捷運板南線或文湖線，都很方便,0,0,1,1,0,0,0,0,1,1,0,0,1
服務台的員工誠懇有禮，樂意協助客人。提點客人天氣熱預備水及防曬裝備。免費提供洗衣及乾衣設備。小廚房免費提供飲料及翻熱設備。,0,1,1,0,0,0,0,1,1,0,0,0,1
服務周到、住宿品質優良、恰逢國慶日防疫措施繁雜感謝櫃檯人員耐心幫忙，飯店也為旅客提供許多好吃的零食（每一樣選物都很不錯）防疫期間旅宿業辛苦了～之後有機會會再拜訪～,0,0,1,0,0,1,0,0,1,0,0,1,1
服務和地點都不錯，雖然另外一間房間一開門就有煙味，不過馬上就幫我們更換。,1,0,1,1,0,0,3,0,1,1,0,0,1
服務品質好，多要乙份盥洗用具，飯店也很大方；地理位置好，離愛河近,0,0,1,1,0,0,0,0,1,1,0,0,1
服務品質很好，房間蠻寬敞，價格便宜，只是隔音還行，偶爾能聽到樓下的車聲,0,1,1,0,1,0,0,1,1,0,1,0,1
服務品質很好，房間乾淨整潔衛生，樓下的設備齊全，提供的餐點也很多，會想去第二次,1,1,1,0,0,0,1,1,1,0,0,0,1
服務品質很棒，位置很好找，住宿完還可以寄放行李，讓外地人很溫馨,0,0,1,1,0,0,0,0,1,1,0,0,1
服務員個個服務太棒了，整潔很乾淨！只是唯一缺點就是沒有樓梯，都要等電梯，退房建議早一點，不然會等很久，其他都很滿意,1,1,1,0,0,1,1,3,1,0,0,1,1
服務員很到位，服務很親切，房間桌椅擺設質感很好，床也好睡，品質是優的，早餐的環境超質。,0,1,1,0,0,0,0,1,1,0,0,0,1
服務員很親切，浴室水壓熱水很夠力，清潔度都不錯，地點位置也很方便,1,1,1,1,0,0,1,1,1,1,0,0,1
服務員很貼心，聯誼空間很有氣氛，房間有抽濕空氣清新機，令房間很通爽舒適,1,1,1,0,0,0,1,1,1,0,0,0,1
服務員態度很好，很友善，房間很乾淨，免費上網及免費自助冼衣。,1,1,1,0,0,0,1,1,1,0,0,0,1
服務員有禮貼心的服務，加上往捷運站只需三分鐘，價錢便宜，是旅行的首選,0,0,1,1,1,0,0,0,1,1,1,0,1
服務員每個人的態度都很客氣，飯店管理的非常好。沒什麼可以挑剔的地方，絕對還會造訪。,0,0,1,0,0,0,0,0,1,0,0,0,1
服務員的態度親切，房間佈置溫馨，離高鐵站也近，高鐵接駁服務很棒，車子很新又大，還有冰毛巾這點很細心。,0,1,1,1,0,0,0,1,1,1,0,0,1
服務員經常主動詢問是否需幫忙讓旅客感覺很窩心，位處愛河邊，不僅有河岸風光，更有海港景觀,0,0,1,1,0,0,0,0,1,1,0,0,1
服務員都很有禮貌服務很到位，設備及備品完整，周遭生活機能便利,0,1,1,1,0,0,0,1,1,1,0,0,1
服務員都耐心親切，早餐規模小歸小五臟俱全，卻可中西式可任選，自助式取餐，CP值很高,0,0,1,0,1,0,0,0,1,0,1,0,1
服務員非常優良有禮貌，有疑問時解釋得非常清楚，房間舒適漂亮（很大）價錢便宜！樓下還有小餅乾、咖啡自由使用，地點很方便。,1,1,1,0,1,0,1,1,1,0,1,0,1
服務員非常熱心提供很多有用的旅遊資訊和協助。 酒店很新和乾淨。,1,0,1,0,0,0,1,0,1,0,0,0,1
服務員非常親切，因為提早到飯店要需要寄放行李，服務員確認房間已整理好就讓我們提早入住！太方便了，下次一定會在訪。，離車站很近小吃美食多,0,0,1,1,0,0,0,0,1,1,0,0,1
服務員非常親切，還細心地幫我們查詢位址和乘坐方法，有很多貼心的用品。,0,0,1,0,0,0,0,0,1,0,0,0,1
服務大姐哥能耐心和氣對客人釋疑說明清楚;提醒防疫住宿規定;我的房都有對外窗(符合我所僻好),0,1,1,0,0,0,0,1,1,0,0,0,1
服務好，態度好，房間乾淨，有停車場，主動告知我們可以寄放行李，CP值高,1,1,1,0,1,0,1,1,1,0,1,0,1
服務好，早餐好多元化，24小時提供免費飲品，地點近臺北車站、後面是西門町,0,0,1,1,0,0,0,0,1,1,0,0,1
服務好、精品設計、香氛、乾淨整齊，小細節充滿儀式感，房間設施及備品都很棒,0,1,1,0,0,0,0,1,1,0,0,0,1
服務好~員工親切，早餐12歲以下不用費用，大人一人100元，吃很飽~還不錯！飯店位置很好，我們用走的，慢慢散步，走到西門町、寧夏夜市、迪化街、總統府~都不會太遠，省很多交通費！,0,0,1,1,1,0,0,0,1,1,1,0,1
服務好的沒話說，我覺得老闆一定對員工很好，員工才會對客人那麼好、親切、體貼,0,0,1,0,0,0,0,0,1,0,0,0,1
服務專業，人員親切，客房整潔舒適，位置極佳，近愛河、六合夜市,1,0,1,1,0,0,1,0,1,1,0,0,1
服務很好，乾淨整潔，雖然房間偏小，但考慮到飯店年齡和價格，可以接受,1,1,1,0,0,0,1,2,1,0,0,0,1
服務很好，公共設備（咖啡、空間等）良好；地點離車站很近；性價比合理。,0,1,1,1,1,0,0,1,1,1,1,0,1
服務很好，小孩不小心夾傷跟櫃台借冰敷袋，隔天退房時不一樣的服務人員還知道這件事來詢問情況，感到很窩心,0,0,1,0,0,0,0,0,1,0,0,0,1
服務很好，很週到，房間設施都很齊全，還提供很多免費的飲料和零食,0,1,1,0,0,0,0,1,1,0,0,0,1
服務很好，整體裝潢也很時尚，尤其房間內許多貼心的考量設施使人倍感舒適且用品質感都非常的好，點心宵夜物超所值，尤其烘焙小點更讓人驚艷，早餐餐點豐富營養均衡，擺盤美觀，用餐環境也非場好，期待下次入住,1,1,1,0,0,0,1,1,1,0,0,0,1
服務很好，行李託管服務對搭乘大眾運輸的遊客來說，真是很大的便利，早餐雖然樣式不多，但是味道都不錯,0,0,1,0,0,0,0,0,1,0,0,0,1
服務很好喔~，因為較怕冷，要求多一條毯子， 很快就送來了，而且是超舒服的法蘭絨毯。,0,1,1,0,0,0,0,1,1,0,0,0,1
服務態度，餐點好吃，地點很好離愛河很近，一樓櫃台左邊有提款機，簡報服務人員態度超好,0,1,1,1,0,0,0,1,1,1,0,0,1
服務態度，主管對於事件發生不知情！且對於電梯的夾傷事件知情不處理。夜班櫃臺人員危機處理不懂，言辭太利。客房服務人員，搪塞問題。話語裡多指責不懂管路問題。,0,0,1,0,0,0,0,0,3,0,0,0,3
服務態度差，退房鈴聲小，跟櫃臺反應！被洗臉，缺專業緩和的語氣。我親朋好友來都推薦住那裡。因?捷運站旁！,0,0,1,1,0,0,0,0,3,1,0,0,3
服務態度不好，床墊太軟當然我喜歡睡硬的所以也不算是缺點，早餐很一般真的是自助餐自己收碗筷的，沒有停車場,0,1,1,0,0,0,0,3,3,0,0,0,3
服務態度佳，飯店房間升級，有大片落地窗，廁所乾濕分離，很舒服，床超大，房間還有附小零食跟飲料，下次會再選擇入住,0,1,1,0,0,0,0,1,1,0,0,0,1
服務態度佳，港式飲茶餐廳餐點及環境佳，臨近愛河景點！迎賓禮物也很用心！,0,1,1,1,0,0,0,1,1,1,0,0,1
服務態度優良、環境整潔、房務貼心紙條，交通位置近火車站，總體來說一切都很棒,1,0,1,1,0,1,1,0,1,1,0,1,1
服務態度非常的棒，除了健身房設備較少，其他的都非常的棒，下次來高雄首選飯店！希望繼續保持下去～,0,1,1,0,0,0,0,3,1,0,0,0,1
服務態度勁好，每次我去櫃台問的時候，服務員一定全體起立，感覺好正,0,0,1,0,0,0,0,0,1,0,0,0,1
服務態度好，也有舒適空間可以使用，附近有便利商店，房間應有用品也都包含,0,1,1,1,0,0,0,1,1,1,0,0,1
服務態度好，入住的房型廁所浴室是分開挺好的，走路到轉運站很近，很方便。,0,1,1,1,0,0,0,1,1,1,0,0,1
服務態度好，房間乾淨，早餐選擇性算多，有考慮到素食者的用餐標示的清楚，對於素食者個人覺得很好,1,0,1,0,0,0,1,0,1,0,0,0,1
服務態度好，親切笑容、提供地圖給旅客，有清楚指示景點及飲食推薦、房間乾淨整潔，價錢合理,1,1,1,0,1,0,1,1,1,0,1,0,1
服務態度好。盥洗乾淨水壓夠。此次入住有窗的房間光線充足。孩子非常喜歡直說要在來住。,0,1,1,0,0,0,0,1,1,0,0,0,1
服務態度很好，回住三館4、5次了，上一次服務人員主動詢問有沒有房型偏好幫我換房；本次記下了上次的需求還主動詢問，真的很貼心,0,0,1,0,0,0,0,0,1,0,0,0,1
服務態度很好，房間很乾淨整齊，床墊軟硬適中。早餐菜色簡單清爽不油膩。，離車站Z10出口近，附近美食也不少，搭大眾運輸來臺北遊玩，方便性很好。,1,1,1,1,0,0,1,1,1,1,0,0,1
服務態度很好，房間的香氛真的好香，景色也好美，那個床也很好睡，讓我這個很容易失眠的人睡得超好～～～,0,1,1,1,0,0,0,1,1,1,0,0,1
服務態度很好，有額外免費提供飲料覺得很棒，價格不貴，CP值超高，房間都很乾淨，下次還會再來！,1,0,1,0,1,0,1,0,1,0,1,0,1
服務態度很好，而且房間浴室都很乾淨，乾濕分離，房間超大還有沙發，真的很讚好喜歡,1,1,1,0,0,0,1,1,1,0,0,0,1
服務態度很棒，房間不大但東西一應俱全，房間也很乾淨舒服，隔音也不錯，離車站也近,1,1,1,1,0,0,1,1,1,1,0,0,1
服務態度很親切，行前還會確認行程內容。浴缸深度夠，流水很快就滿。冷氣會冷，且冷氣孔不會直接對床鋪。房間沒特別的怪味。床鋪沒讓我過敏。交通位置不錯。早餐有特色也好吃，類似外面早午餐套餐。蠻喜歡比歐電梯邏輯，哪台比較近就按哪一台。雖然是機械停車位，但還是比一般的安心，不用怕別人刮到愛車。,0,1,1,1,0,0,0,1,1,1,0,0,1
服務態度很讚，設備新穎，餐點也很用心，雖然是以套餐的方式，送菜速度也非常快。下次還會再來住。,0,1,1,0,0,0,0,1,1,0,0,0,1
服務態度極佳，還會帶進房介紹設備，而且少數早餐有甜點的，推推,0,0,1,0,0,0,0,0,1,0,0,0,1
服務態度親切，晚餐有宵夜泡麵可以拿！也有咖啡巧克力餅乾可以喝～環境都非常整潔、乾淨！,1,0,1,0,0,0,1,0,1,0,0,0,0
服務態度親切，飯店事項敘述清楚，附近攤位多，近臺北火車站，新光三越百貨，地理位置還不錯,0,0,1,1,0,0,0,0,1,1,0,0,1
服務態度讓我印象最深刻，入住的貼心問候，外出回來的寒喧，早起驚喜的手寫卡片，外加退房後的郵件根本就是無差別的把客人捧在手上服務，沒有不推薦的理由，房間舒適度乾淨度就別說了，沒有嫌棄的空間跟餘地，入住就對了,1,0,1,0,0,0,1,0,1,0,0,0,1
服務態度超好，舒適，熱情但不讓人感到緊迫盯人。早餐（彩虹廳）品項略少，但補食材速度快，新鮮好吃。福華幾乎已成我們家族的首選！,1,0,1,0,0,0,1,0,1,0,0,0,1
服務態度超級好，堪稱高雄各大飯店的指標與學習榜樣！真的太棒了…無可挑剔,0,0,1,0,0,0,0,0,1,0,0,0,1
服務態度非常友好，打掃服務效率佳，但本次住的房間，床已塌陷凹凸，導致品質有落差，不是很好睡，有待加強。,0,1,1,0,0,0,0,3,1,0,0,0,3
服務態度非常好，地點就在火車站正旁邊走路不用2分鐘，公車站四通八達，隔壁也有摩托車租借，飯店舒適，沐浴用品很讚，熱水穩定而且蓮蓬頭大小力道很好，床好睡，早餐很好吃，基本上沒有缺點，停車位優，值得一訪再訪,1,1,1,1,0,0,1,1,1,1,0,0,1
服務態度非常好，提出的問題都可以獲得立即的解決。還熱心介紹附近好吃的早餐，是間令人感覺愉悅開心的飯店。地方位置離捷運中山站路程在十分鐘內，非常便利。飯店很乾淨，整個空間也感覺舒適,1,0,1,1,0,0,1,0,1,1,0,0,1
服務態度非常好，有浴缸，樓下就有餐廳，便利商店，捷運站，交通非常方便,0,1,1,1,0,0,0,1,1,1,0,0,1
服務態度非常棒。 很喜歡笑容滿面的櫃台人員。下次還會再入住。房間非常乾淨清新。電視也有很多頻道還有電影。位置也很方便～,1,1,1,1,0,0,1,1,1,1,0,0,1
服務生態度很好、房間乾淨、沒有菸味、雖然沒有供早餐，但是還是可以自備去mini 吧的座位區用餐、附近地點非常熱鬧適合逛街,1,1,1,1,0,0,1,1,1,1,0,0,1
服務真好，我們是海外客人，但酒店會用長途電話確認訂房，而且我們提供意見和我已經離開後的問題，他們也電話回覆，真是超乎預期！效率很好，服務員服務很好，值得一讚!,0,0,1,0,0,0,0,0,1,0,0,0,1
服務真的很好，環境很乾淨，房間設備也完整，很喜歡，雖然是老飯店，但裝修與感覺並不會讓人感到老舊，確實是五星級的飯店,1,1,1,0,0,0,1,1,1,0,0,0,1
服務親切，地點好，房內有免費上網，網路，還有藍光電影，讚,0,1,1,1,0,0,0,1,1,1,0,0,1
服務親切，多要兩顆枕頭也很快送過來（不收費），3號捷運出口出來過個馬路就到了！,0,0,1,1,0,0,0,0,1,1,0,0,1
服務親切，很貼心地紀錄客人的用餐習慣，員工都很有禮貌友善。設備上有提供免費洗衣烘衣，很貼心！,0,1,1,0,0,0,0,1,1,0,0,0,1
服務親切，房間乾淨，設施齊全，地點便利。台中火車站出口右轉幾步路就到，入住時間剛好是生日，還送了一份小蛋糕 ，第二次入住推薦,1,1,1,1,0,0,1,1,1,1,0,0,1
服務親切，而且乾淨無菸味，離捷運很近，飯店一樓免費提供飲料咖啡之外，還有免費的洗衣機、烘乾機，早上有麥片宵夜有泡麵，CP值很高,1,1,1,1,1,0,1,1,1,1,1,0,1
服務親切。讓人有像回到家一樣的感覺，早餐好吃，以後去高雄只住水京棧了,0,0,1,0,0,0,0,0,1,0,0,0,1
服務親切。設備完善、房間舒適。早餐也好吃。CP 值優。會再回住。謝謝你們的服務。,1,1,1,0,1,0,1,1,1,0,1,0,1
服務親切且許多貼心的設計。浴袍舒適，衣帽間晾微雨的大衣剛好，且房間有雨傘不怕臨時天氣變化。,0,1,1,0,0,0,0,1,1,0,0,0,1
服務親切貼心，設備完善，周遭生活機能高，是專業又用心的住宿地點，每逢到訪高雄，必住的好所在。,0,1,1,1,0,0,0,1,1,1,0,0,1
服務親切貼心（房間內的零食小點心），設備整潔乾淨，尤其地下一樓的貼心茶點，飲品及咖啡，更是補充能量的好地方，還有掛燙機、洗衣設備等，皆滿足了旅客的需求，地點極佳，近西門捷運站及西門町，整體感覺真的棒極了！將是以後入住旅店的優先考量。,1,1,1,1,0,1,1,1,1,1,0,1,1
服務貼心，早餐好吃，點心大方，個人覺得是高雄CP值最高的飯店,0,0,1,0,1,0,0,0,1,0,1,0,1
服務貼心，房內佈置雅致，早餐精緻，孩子忘記的東西還寄回來給我們，期待下次的入住,0,1,1,0,0,0,0,1,1,0,0,0,1
服務貼心，整潔舒適，藍光電影多，贈送小酒精，早餐水果品質佳！,1,1,1,0,0,0,1,1,1,0,0,0,1
服務貼心到極致，每一位服務人員都很優秀，客房設備也很完善！性價比100分。從今以後來高雄的住宿首選，也是唯一選擇！,0,1,1,0,1,0,0,1,1,0,1,0,1
服務超級好、效率超級高、飯店工作人員態度超級親切，感覺非常好。,0,0,1,0,0,0,0,0,1,0,0,0,1
服務非常全方位，提供乳膠枕和記憶枕；電視除了可以看第四台，還可以看YouTube及很多電影。房內桌上還附上小卡，上面備註了隔日的天氣預報。早餐提供多樣化。另外出門前放在床頭櫃亂亂的充電線，回來發現服務人員居然協助整理好+綁好，真是太貼心的服務了！,0,1,1,0,0,0,0,1,1,0,0,0,1
服務非常好，退房還有寄放行李的服務，人員也很親切，早餐吃素食有廚師會專門處理,0,0,1,0,0,0,0,0,1,0,0,0,1
服務非常好！房間寬敞，位在高樓層隔音佳，良好的放鬆，房間還有膠囊機可使用，備品供給也很大方，整趟旅程得到很棒的體驗與放鬆身心！,0,1,1,0,0,0,0,1,1,0,0,0,1
服務非常有五星級大飯店的水準，性價比高，住房空間乾淨，床墊也軟硬適中，中午也在這享受自助餐，海鮮非常新鮮,1,1,1,0,1,0,1,1,1,0,1,0,1
服務非常細緻貼心、房務整理記錄還會寫天氣溫度，處處可見經驗的小巧思～,0,0,1,0,0,0,0,0,1,0,0,0,1
服務非常親切耐心，住宿環境整潔，停車位充足，用餐多樣性，設施許多可以使用。19樓有免費的VIP室可以休息使用，也可以用點心。,1,1,1,0,0,0,1,1,1,0,0,0,1
未事先告知所訂之兩間房都無窗戶。當然，若先告知，我們就不會住了。實在是，太不爽了！另，訂兩間房兩張身份證登記即可，櫃檯的態度與語氣像似若不提供全員入住者的身份證就不要想入住了。真的是兩個字“不爽”，今天是出遊的第三天，前兩天住的飯店都比這間高檔，態度差很多。,0,1,1,0,0,0,0,3,3,0,0,0,1
未告知房型為無障礙房，衛浴設備沒有乾濕分離，導致浴室在隔天依舊過於潮濕,0,1,1,0,0,0,0,3,3,0,0,0,3
未附早餐預訂前未說明，餐飲價錢資料不夠清楚。停車還算方便，房間乾淨。,1,0,1,1,0,0,1,0,3,1,0,0,3
本人先住326號房，但隔壁327號的水龍頭發出像機關機的聲音。連續二晚都是這樣，實在受不了，最後要換房。酒店應該好好處理這問題！,0,0,1,0,0,1,0,0,3,0,0,3,3
本來安排入住的房間靠近隔壁建地，因為自己是夜貓子白天都在睡覺，打電話給櫃檯問能不能換房間，居然在快客滿的演唱會期間擠出一間四天三夜的客房，真的是太感謝了！下次有機會去高雄一定會再入住！,0,0,1,0,0,0,0,0,1,0,0,0,1
本來想把房間燈關掉只留床頭燈，結果全部都是一起的，要開床頭燈要把燈全部打開床頭燈才會亮，那幹嘛要設床頭燈？,0,1,0,0,0,0,0,3,0,0,0,0,3
本來想要好好的休息，但隔音效果真的太差了，睡到一半半夜2～3點好像有房客退房關門聲大，還有房間電話鈴聲響半天，好不容快睡著了，又有打掃房間的聲音門開開關關的，整夜都不用睡了。另外建議一下：浴室內的腳踏墊底下應該要有止滑墊，一度差點滑倒真的有點危險,0,1,0,0,0,0,0,3,0,0,0,0,3
本來認為早餐還算不錯、蠻家庭式的、結果去吃早餐竟然需要加購並要早餐卷才可以吃讓我們夫妻當下傻眼了、網路上說明房價已含好吃的早餐、到飯店說需要加購都沒有做說明很不爽、而且一份早餐加購價是$299 +10 %服務費、真的太扯了，對於我們已經住了十幾次的常客還真是沒法接受、現在網路上住宿費都已經做更正了，價格也都比原先提高30%，這樣我們就清楚了以後該怎麼訂房,0,0,1,0,1,0,0,0,3,0,3,0,3
本次住宿不含早餐，但地點距離北車很方便，在無個人交通工具上鄰近捷運、公車、台鐵、高鐵，往返新北-臺北及各縣市均很方便。,0,0,1,1,0,0,0,0,2,1,0,0,1
本次入住是帶家人到臺北看醫生，因手術較早完成但離入住辦理入住，15:00還有一小段時間，然而家人手術剛完成需要一個可躺下休息的環境，因此詢問了櫃檯人員是否有機會能提前入住，櫃檯人員相當親切的告知：經瞭解，房間已提前準備完成，可以先行辦理入住！如此貼心的服務，令人感動,0,0,1,0,0,0,0,0,1,0,0,0,1
本次入住時，冷氣空調設定好溫度，但一直忽冷忽熱，導致這趟旅程有點小鼻子不舒服！有時半夜睡著會被廁所的排水孔吵醒！廁所排水孔會一直發出聲音，有點難入眠，希望下次入住能有所改善 謝謝,1,1,0,0,0,0,3,3,0,0,0,0,3
本次入住的房間廁所衛生紙擺放在洗手台側邊牆壁上，雖容易取用但是洗手台的水容易沾濕衛生紙，若能調整位置可以讓房客避開使用濕濕的衛生紙。,0,1,0,0,0,0,0,3,0,0,0,0,3
本次入住經濟房型（和式）床很舒服，空間不大但是很剛好，浴室跟廁所是分開的，洗手台及吹風機在浴室外面，鏡子佔得面積很廣、還有窗戶，電視有很多電影可以看；早餐選擇多、味道也不錯。,0,1,1,0,0,0,0,1,1,0,0,0,1
本次入住雙人房跟四人房，但是廁所浴室部分隱私性太少，玻璃過於透明，朋友入住不方便上廁所跟洗澡， 乾溼分離洗澡，水還是會漏到洗手台外面，不太方便，停車場位置不夠多導致我們無法晚上開車出去，擔心回飯店沒有位置,0,1,0,0,0,0,0,3,0,0,0,0,3
本次為三訪，很喜歡住新驛是因為飯店地點很好，後站出來一下子就到，而且飯店附近的公車站可以抵達很多想去的景點，入住前或是入住後都可以寄放行李很方便，交誼廳很舒適，還有提供免費洗衣的服務很讚，服務人員親切有禮且溫和，房間內也很乾淨，謝謝清潔人員，房價含早餐CP值很高，早餐都吃得很飽，會再回訪的。,1,1,1,1,1,0,1,1,1,1,1,0,0
來了才知道是蔡總統家族開的，隔音比較不怎麼好。一開始的時候房間對著內側，很小，提了要求第二天才給換，換了的位置還是可以的,0,1,1,0,0,0,0,3,3,0,0,0,3
枕頭有點高。可能是我們是跨年晚，床單，房間可能真的忙的沒啥時間打掃，睡了一晚，身體癢。前面人用過的牙刷之類的都要自己打掃扔掉。,1,1,1,0,0,0,3,3,3,0,0,0,3
枕被不乾淨，梳化太軟無承托力，房間的椅子失蹤了，床褥彈簧有破掉情況,1,1,0,0,0,0,3,3,0,0,0,0,3
枕頭偏硬不太舒服，被子太薄，且沒有被套，只有上面舖一層薄布套，很容易就分離了，身體會直接碰觸到棉被內芯，靠枕邊角有明顯的大破洞?,0,1,0,0,0,0,0,3,0,0,0,0,3
枕頭內羽毛剛好有臉頰邊插出來，不太舒服，房間號碼1117，可能需要更換枕心，免得刺傷客人，盥洗用品請增加小梳子,0,1,0,0,0,0,0,3,0,0,0,0,3
枕頭太軟，浴缸跟洗手台沒有乾濕分離，蓮蓬頭有點鬆，為了不讓水噴出來所以面向門口洗澡，但蓮蓬頭一直漏水，還是把外面噴的到處都是，浴室跟外面沒有隔水版，誰也沒有引流到排水孔，所以積水非常嚴重,0,1,0,0,0,0,0,3,0,0,0,0,3
枕頭太軟不好睡。浴室沒有架子或掛?放置衣物，洗澡時很不方便。,0,1,0,0,0,0,0,3,0,0,0,0,3
枕頭完全沒有彈性，超難睡，因為房間是沒有窗戶的，如果有其他房客抽菸，菸味就會飄來我的房間，很臭。,0,1,0,0,0,0,0,3,0,0,0,0,3
枕頭對我來說有點太高太硬，希望有一個軟一點扁一點的，其他都很好,0,1,0,0,0,1,0,3,0,0,0,1,1
枕頭是高枕，床偏軟，有點挑人睡；浴室門跟淋浴間的玻璃門打開後位置太小，根本無法鋪吸水地墊，整間浴室都會弄濕；以週六晚價格接近4000元，個人覺得不太划算，有更好的選擇。,0,1,0,0,1,0,0,3,0,0,3,0,3
枕頭有毛髮，隔音不好，櫃檯依舊冷漠沒有熱情，因性價比好，也只能接受了。,1,1,1,0,1,0,3,3,3,0,1,0,3
枕頭有點低呢…睡起來感覺卡卡的，不過床很舒服唷，整體來說瑕不掩瑜。雖然升級為有浴缸的房型很棒，可是，整體洗澡的空間感覺也變得有點小(畢竟人在浴缸內洗澡，旁邊的架子上放有毛巾浴巾，變得有點要卡在近水龍頭這一測，才不會沖一沖水噴到毛巾浴巾),0,1,0,0,0,0,0,3,0,0,0,0,3
枕頭有點太塌，睡醒肩頸痠痛，走廊隔音稍差，入住時房間有點問題，等有點久，解決問題速度有點慢，飯店部分地區施工,0,1,1,0,0,1,0,3,3,0,0,3,3
枕頭無彈性、床偏硬、是兩張單人床拼接的，冷氣太冷，似乎是中央空調無法調整，最後關冷氣睡覺氣溫才剛好,0,1,0,0,0,0,0,3,0,0,0,0,3
枕頭跟床還有被子真的很舒服！枕頭是我住過飯店裡面最舒服的一間，大推！不知是否有販售呢？,0,1,0,0,0,0,0,1,0,0,0,0,1
枕頭軟到怎麼睡都不舒服。 隔音不好， 走廊外的聲音都聽得到。,0,1,0,0,0,0,0,3,0,0,0,0,3
枕頭過硬，隔音超差，飯店沒有為商務客特別排房在一起，出差強烈建議不要住這間，隔壁房小孩哭鬧聽得一清二楚,0,1,1,0,0,1,0,3,3,0,0,3,3
架在牆上的吹風機壞了，水有點太燙，化妝鏡在衣櫃裡而不在化妝台，光線有點暗，浴室的乾濕分離門沒有完全密合,0,1,0,0,0,0,0,3,0,0,0,0,3
某些房客音量較高，房間未能有效隔音。雖略有幹擾，但仍在可以忍受的範圍內。,0,1,0,0,0,0,0,3,0,0,0,0,3
桃園機場捷運A1臺北車站乘升降機上5出口，出口轉右直走數分鐘可到達旅館，非常方便！,0,0,0,1,0,0,0,0,0,1,0,0,1
桌子上和抽屜都有蟑螂，浴室也有蟑螂還在浴缸內，完全不敢用浴缸泡澡，東西想放抽屜也會怕，隔音設備真的不太好，沒有停車場，都要附近找很久,1,1,0,0,0,0,3,3,0,0,0,0,3
桌子太小張，放個筆電就滿了，且缺乏行李架、置物架，東西幾乎沒地方放，都只能擺窗臺。網路品質很糟糕，隔壁飯店的訊號還比較強。浴室水壓有點強過頭。另外一進房就看到棉被兩側在地上拖，不太衛生，看宣傳照其實也有一樣的狀況，這點比較不能接受。,1,1,0,0,0,0,3,3,0,0,0,0,3
棉被，枕頭和床墊應清洗，雖然更換了清潔的被袋，枕頭袋和床單，仍發出異味！,0,1,0,0,0,0,0,3,0,0,0,0,3
棉被上有明顯汙漬，但還算能被接受，若能改善會更完美，但大致上來說很不錯,0,1,0,0,0,0,0,3,0,0,0,0,3
棉被假如厚一點，會更好。如果第四台的台數更多會更好喔。例如：凱擘、振道。,0,1,0,0,0,0,0,2,0,0,0,0,2
棉被及棉被套尺寸不合，四邊都沒有拉齊，自己還把他們綁起來，但是睡時仍然跑來跑去，棉被及棉被套是分開的，睡到棉被套時，可能棉被是掉到中間 ，星級飯店應該對這方面要很重視，專業我不懂，我住過的飯店價格等級同福華，但是棉被睡起來是很好的，我不明白是棉被及棉被套的選擇，還是因為住的等級不夠高，主要是睡覺時間很長，二個晚上都沒有睡好。商店街當然沒話說 ，提供客人休閒的選擇。,0,1,0,0,0,0,0,3,0,0,0,0,3
棉被床鋪很舒服，交通地點佳，入住前詢問，服務人員即詳細說明停車建議在中山堂地下室費率較優惠，平日住宿地點的嘟嘟房停車，可使用信用卡優惠,0,1,1,1,0,0,0,1,1,1,0,0,0
棉被應該有年份了，裡面的棉花皆以結塊，用手隨便都可以摸到一球一球結塊的棉花。枕頭套上也有很多毛球，影響舒適度，雖然知道是乾淨的，但因為有毛球，心裡還是覺得髒髒的,0,1,0,0,0,0,0,3,0,0,0,0,3
棉被掀開時有看到一些莫名顆粒的東西，自行拍掉了，沒影響什麼，但看到還是覺得要加強一下,1,0,1,0,0,0,3,0,3,0,0,0,3
棉被有不明汙漬，且羽絨會到處飛，被配到有蚊子的房間，睡覺臉跟腳都癢癢的,1,1,0,0,0,0,3,3,0,0,0,0,3
棉被粗粗硬硬的，而且超暖、到有點熱的狀況，冷氣調最高溫還是過冷,0,1,0,0,0,0,0,3,0,0,0,0,3
棉被蓋起來身體會癢 也可能是皮膚比較敏感的關係，房間抽風會自己一直開開關關 有點吵,0,1,0,0,0,0,0,3,0,0,0,0,3
椅子挪開之後下方有垃圾，停車場出入口較狹窄，電視螢幕較小,1,1,0,0,0,0,3,3,0,0,0,0,3
極好的地理位置，位於北市大眾交通中樞；房間清潔，整理得令人印象深刻。,1,0,0,1,0,0,1,0,0,1,0,0,1
樓下有免費飲料吧，跨年還有準備泡面以及滷味免費提供，房間還有免費的藍光電影～前臺服務都十分熱情友好！就在台鐵火車站附近，挺方便的！,0,1,1,1,0,0,0,1,1,1,0,0,1
樓下有公用區域，一直都有人在打掃，雖然沒有早餐，但有零食供應，地理位置也不錯，出行很方便,0,1,1,1,0,0,0,1,1,1,0,0,1
樓上健身房由於中午入房後，樓上的噪音真的無法讓人有機會休息哈哈，但5點過後安靜許多了,0,1,0,0,0,0,0,3,0,0,0,0,3
樓上應該是健身房，早上9點之後就別想睡了！房間無窗，沒有景觀可言！隔音略差，還好都是找便宜的背包客，晚晚才回來睡，也早早就去玩！,0,1,0,0,0,0,0,3,0,0,0,0,3
樓上是 worldGym，?到十點上午六點又開始，一直有重物落地聲音，可惜這麼新的商旅。,0,0,0,0,0,1,0,0,0,0,0,3,3
樓上是健身房，一早7點就開始蹦蹦蹦，音樂也很大聲，直到晚上8-9點才結束,0,1,0,0,0,0,0,3,0,0,0,0,3
樓上是健身房，一路蹦蹦蹦的到12點，蠻吵的，另外整棟是商辦大樓，電梯比較難等,0,1,0,0,0,0,0,1,0,0,0,3,3
樓上是健身房，要等到半夜12點結束營業，才能有好眠。實在是太吵，健身房響聲震天，影響睡眠,0,0,0,0,1,0,0,0,0,0,3,0,3
樓上有24小時可使用的咖啡機，交通位置很方便，且費用非常便宜,0,0,1,1,1,0,0,0,1,1,1,0,1
樓上有房客走路很大聲，比較會蹦蹦蹦的，但不是在睡覺時間，所以我個人覺得還好。,0,0,0,0,0,1,0,0,0,0,0,3,3
樓上烘衣機設備不佳，故障的也都沒維修，每次一烘衣都得忙上整晚，建議改善。,0,1,0,0,0,0,0,3,0,0,0,3,0
樓下停車場位置過少，車子要另外停到很遠的停車場，我帶嬰兒也有推車，非常不友善！,0,1,0,0,0,0,0,3,0,0,0,0,3
樓下收費停車場，剛好遇到有車子底盤太低卡住，導致我們延遲了快40分鐘才出去，雖然管理者只收我們停車當下的錢，可是我們被耽誤的時間損失也無法要求認何的賠償,0,0,0,0,0,1,0,0,0,0,0,3,3
樓下有CP值超高的自助餐，以及熱呼呼的火鍋可以吃，整體上來說是非常的棒，完全不用去外面就可以兼顧食與住，再加上餐廳的裝潢非常高級，吃起來心情很好，房間的廁所乾濕分離讚讚讚，熱水馬上就來，水溫也非常穩定，床睡起來很舒服，再來我們也很喜歡沙發的設置跟大電視。,0,1,1,0,0,1,0,0,0,0,0,0,0
樓下有小朋友放電地方真的很棒，有附設早餐或者特約停車場會更棒,0,1,1,0,0,0,0,1,2,0,0,0,1
樓下櫃台人員、淩晨二點入住！碰到一個超差男服務人員！也許是新進人員、所以沒教育訓練，更可笑的是因?你服務差，跟他說訂房網給你差評！一聽差評、他馬上說、我要取消你的訂單、不讓你入住！隔天早上跟櫃台主管反應！終於知道、因應價格廉價、所以人員跟所謂的主管！是沒服務意識的！飯店都已經用流血價格在吸引客人經營！但櫃台還在趕客人！！飯店老闆！你該考慮收一收了！免得被不適任的員工搞垮！！老闆、加油！,0,0,1,0,0,0,0,0,3,0,0,0,3
樓層內走道燈光太暗了，感覺不好（陰森），建議調亮一點，會比較好,0,1,0,0,0,0,0,3,0,0,0,0,3
樓層分配問題，內外部電梯不共通，需先上到大廳再下到房間所在樓層,0,1,0,0,0,0,0,3,0,0,0,0,3
樓層在五樓，但整個建築物有25樓，退房後要下樓時等電梯等了20分鐘，詢問員工是否有樓梯下樓，卻是不能使用，就讓客人無止的等，在住宿體驗上大打折扣！,0,1,0,0,0,0,0,3,0,0,0,0,3
樓層多主題有童趣，公共休息區燈光美氣氛佳還有多樣飲品，早餐占位的立牌很可愛,0,1,0,0,0,0,0,1,0,0,0,0,1
樓層沒有緊急電話，房門被鎖2次，都要下樓到櫃檯反應，來來回回很不方便，1樓廁所馬桶清潔應該再注意一下,1,1,0,0,0,0,3,3,0,0,0,0,3
樓層清潔人員很熱心友善，一樓服務台的人員很冷酷，歡迎光臨、謝謝請慢走，這是服務業最基本的吧？住了兩晚都沒聽說過。,0,0,1,0,0,0,0,0,3,0,0,0,3
樓層的走廊曲折且長，並且中途有許多鏡子混淆視線，如遇災害對逃生路線感到擔憂,0,1,0,0,0,0,0,3,0,0,0,0,3
樓層設計感十足，一樓公共空間可使用地方多。房間精緻小巧，但該有的設備也不缺，適合簡單旅遊的朋友來住。旁邊就是台中火車站，交通相當方便，走到後站不用幾步路，便可以帶領你到台灣的下一個角落。是下次到訪台中的時候，可以多加考慮的住處。,0,1,0,1,0,0,0,1,0,1,0,0,1
樓層間隔音尚有改善空間，可以考慮準備牙線棒，房間缺乏USB充電插座。,0,1,0,0,0,0,0,3,0,0,0,0,3
標準四人房的床型是加大雙人床尺寸，浴室空間小，不適合身高體型大的人,0,1,0,0,0,0,0,3,0,0,0,0,3
機場接送的車很舒服！工作人員很細心地協助我們的需要！房間不算大，但2人住是剛剛好的，房間也十分舒適！公共區域也讓人感到很舒服！而且很近台中火車站，只要步行數分鐘便到，很方便！,0,1,1,1,0,0,0,1,1,1,0,0,1
櫃台辦理入住跟退房的過程動作太慢了。有一天早上9點的時候客房服務直接敲門就開門進來了，也沒先說是客房服務或等幾秒鐘，還好我有把門上U型的鎖扣起來。大廳外面的電子蟋蟀聲好刺耳，覺得對在那裡工作一整天的人耳朵會造成影響。,0,1,1,0,0,0,0,3,3,0,0,0,3
櫃台人員交接的很完善，非常用心，對於住客的狀況很清楚，小朋友撞到頭，隔天也陸續關心，覺得很驚訝，還可出借冰敷袋，對於小朋友是非常友善的，房務部分，清潔人員非常用心整理，浴室房內整理的非常乾淨，備品也很整齊，早餐部分選項雖然不多，但也美味好吃，服務人員態度依然非常客氣，發現有狀況會馬上協助,1,1,1,0,0,0,1,1,1,0,0,0,1
櫃台人員人很親切，因為比較早到的關係還能讓我提早入房，這點方便了很多,0,0,0,0,0,0,0,0,0,0,0,0,0
櫃台人員很親切，很注重客人的需求，下班後回到房，讓人很舒服，房間乾凈，床很舒服，熱水很快就來，不會乎冷乎熱的。,1,1,1,0,0,0,1,1,1,0,0,0,1
櫃台人員很親切，旅店的環境很舒服，而且交通很方便，如果下次來臺北玩的時候，一定會再來入住,0,0,1,1,0,0,0,0,0,0,0,0,0
櫃台人員態度不佳，明明住四人房，確告知只能有兩份早餐兩份物品，小孩需額外付費，經爭取才更正，感覺在羞辱booking訂房的客人。,0,0,1,0,0,0,0,0,3,0,0,0,3
櫃台人員打手遊、聽手機的音樂，客人辦入住時看起來像是櫃台主管的人全程坐著。床墊雖軟，中間感覺已塌陷，且有明顯的彈簧聲響。,0,1,1,0,0,0,0,3,3,0,0,0,3
櫃台人員是否有考慮增加人手，總感覺櫃台人員忙碌得不可開交。房間是插卡導電。出門前，因為有使用浴室，所以出門前有點潮濕。回來後因為出門就斷電的關係（空調不運轉），房間沒有通風，進門後房間整體感覺很潮濕，不過插卡導電有空調後很快就好多了。,0,1,1,0,0,0,0,3,3,0,0,0,3
櫃台人員服務很親切，每次差旅累歪歪的回到飯店，櫃台人員都會記住我的名字，歡迎我回來，有種回家的溫暖~超感動 (謝謝夜間櫃台服務員，收到你的小紙條囉，謝謝你，期待再見面~ ),0,0,1,0,0,0,0,0,1,0,0,0,1
櫃台人員服務態度優良（尤其是夜班男性人員）房間，浴室整體上算乾淨，有80分,1,0,1,0,0,0,1,0,1,0,0,0,1
櫃台人員服務態度很好，房間有煙味有幫我換房間，只是換了還是有一點煙味,1,0,1,0,0,0,3,0,1,0,0,0,3
櫃台人員的態度，標準作業程序說的很快是念給自己聽，還是客人聽事後還要在回問有什麼意義？，態度極差沒什麼禮貌，打電話想問清楚1點回我他們網頁有寫清楚,0,0,1,0,0,0,0,0,3,0,0,0,3
櫃台人員的服務很迅速，1樓的大廳很寬敞，門口的吸菸區很舒服，房間也很乾淨，價格很棒CP值很高，是會再想入住的名單之一，離臺北車站和西門町都不遠，白天時附近有很多可以用餐吃飯的地方，樓下附近也有便利商店，整體來說是個很方便的地方,1,1,1,1,1,1,1,1,1,1,1,1,1
櫃台人員的調度能好一點，只有一個人時，又要接電話又要處理事情……感覺被晾在一旁。,0,0,1,0,0,0,0,0,3,0,0,0,3
櫃台人員給了房卡，進房後發現裡面已經有人住宿，房間裡衣服電腦個人用品都還在，櫃檯人員幫忙換房間過程慢吞吞，也沒有把這件事情解釋清楚，拿了歐舒丹隨行組當小禮物贈送，但我們要的不是小禮物，是最基本的解釋清楚，從頭到尾都說要跟主管聯絡，結果也不知道有沒有聯繫，處理方式非常差。,0,0,1,0,0,0,0,0,3,0,0,0,3
櫃台人員親切，房間很乾淨，蓮蓬頭水壓超夠，吹風機風也很大對長髮非常友好，整體裝潢包括房卡都很漂亮，很有整體性,1,1,1,0,0,1,1,1,1,0,0,1,1
櫃台人員親切。設施周全且簡單明瞭。床位具隱私性，環境衛生、房間整潔皆有中等左右的水準。離車站近，位置方便。,1,1,1,1,0,0,1,1,1,1,0,0,1
櫃台人員都很專業有禮，無論是提前到的行李寄放，或是請求客房打掃，都很親切地提供服務，下次到台中還是會想選新驛。,0,0,1,0,0,0,0,0,1,0,0,0,1
櫃台人員非常的親切，自助區可以享用飲品、咖啡與小點心，晚上10:00以後有宵夜可以吃，還有冰箱可以使用，旁邊有便條紙寫房號，不怕東西不見或者被拿錯，即使退房了也可以寄放行李，真的非常的服務周到，以後去臺北附近的話，會是名單之一的選擇。,0,1,1,0,0,0,0,1,1,0,0,0,1
櫃台及餐廳及樓層的服務人員都很專業及親切，早餐還不錯，停車場也方便停車。,0,1,1,0,0,0,0,1,1,0,0,0,1
櫃台和餐廳服務人員都很親切，房間熱水水壓很強很舒服，下次去高雄會再次選擇這裡住宿,0,1,1,0,0,0,0,1,1,0,0,0,1
櫃台姐姐服務親切，地段優，3樓有免費的洗衣烘乾機可以多加利用！,0,1,1,1,0,0,0,1,1,1,0,0,1
櫃台小姐很親切，看我們帶小孩主動幫忙把行李送到房間，還送了一個氣球，小孩很喜歡！雖然沒提供早餐，但有代訂早餐服務，早餐送到房門口，不用下樓！,0,0,1,0,0,0,0,0,1,0,0,0,1
櫃台服務很棒，且有免費停車場，又在熱鬧市區，入房有貼心的小卡片記錄天氣還有打掃人員的填字，很有溫度的歡迎方式,0,1,1,1,0,0,0,1,1,1,0,0,1
櫃台很貼心，很細心，服務很好！也有很熱心~這店是覺得很開心~超感謝！下次會來！,0,0,1,0,0,0,0,0,1,0,0,0,0
櫃台態度可以提升，當天接待給人感覺不怎麼和善，且態度怪異，除了這洗衣間位置很奇怪，且有很重的臭味,0,1,1,0,0,0,0,3,3,0,0,0,3
櫃台態度很好，都有笑容，價格和CP值高，連住兩天都很棒，隔音還不錯，睡覺很好睡沒有被吵到，只是有人經過門口交談聲會稍微聽到，但不會吵。整體空間還不錯，衣架足夠五六個，離臺北車站很近，附近很多公車站，交通方便,0,1,1,1,1,0,0,1,1,1,1,0,1
櫃台房務人員解說不夠詳細，除了填表和給房卡外，建議可以說明旅館設施位置、退房時間及其他注意事項等。,0,0,1,0,0,0,0,0,3,0,0,0,3
櫃台接待人員親切有禮， 入住後電視有些許連線問題， 服務人員也有效率地立馬解決。,0,0,1,0,0,0,0,0,1,0,0,0,1
櫃台接待態度非常好，床很軟很舒服，枕頭也很棒，總共入住三晚，每天清潔都很用心及乾淨，除了第一天一進房廁所有幾根頭髮以外，其他都很乾淨整潔～下大雨 臨時沒帶傘，櫃台也有雨傘可以借用，早餐的部分，個人比較喜歡中式早餐，份量很夠，配菜也不錯，整體來說，這幾天的經驗下來都很棒，非常滿意,1,1,1,0,0,1,1,1,1,0,0,1,1
櫃台接待的戴眼鏡男子，希望可以再親切一點，態度實在不是很讓人覺得舒服,0,0,1,0,0,0,0,0,3,0,0,0,3
櫃台服務-人員很親切/說話有條理也很清楚，周遭環境-離車站近/有全家便利商店、飲料店、百貨公司，停車-辦理入住時告知，會給遙控器，附近巷子停車很方便，房間-乾淨，燈光明亮，設備新，使用觸控，燈光有多選擇，藍光影片還算新，走廊-七樓走廊很可愛，而且有香香的味道讓人覺得舒服，衛浴-備品齊全，吹風機風速大不用一直按著,1,1,1,1,0,0,1,1,1,1,0,0,1
櫃台服務人員及清潔人員都非常的親切，洗衣機還提供洗衣籃非常貼心，地理位置很好，離捷運和臺北轉運站都很近，喜歡燈光設置，明亮但不刺眼，房間很舒適，此次為第二次入住，下次一樣會優先選擇新驛,1,1,1,1,0,0,1,1,1,1,0,0,1
櫃台服務人員很親切，也會詳細解釋館內服務，地點位於捷運站約五分鐘路程(北車或臺大醫院均可抵達)，鄰近不論購物或吃飯都相當方便，房間相當乾淨整齊，床墊不會過軟，睡起來還蠻舒服,1,1,1,1,0,0,1,1,1,1,0,0,1
櫃台服務人員態度親切並主動給予協助。房內許多設計充滿小巧心思。,0,1,1,0,0,0,0,1,1,0,0,0,1
櫃台服務人員態度超級好！用餐餐廳非常漂亮！房間乾淨住起來超級舒適！,1,1,1,0,0,0,1,1,1,0,0,0,1
櫃台服務人員狀態不好，沒什麼笑容，感覺很不耐煩。房間隔音差，上午會聽到蹦蹦的房務整理聲，熱水溫度不穩定，容易過燙,0,1,1,0,0,0,0,3,3,0,0,0,3
櫃台服務人員非常親切，客房部也非常熱情有禮貌，房間舒適，地理位置佳,1,0,1,1,0,0,1,0,1,1,0,0,1
櫃台服務員態度有夠差，看我是大學生就感覺很不耐煩，早餐肉燥是酸的，有股酸味，隔音很差一直被關門聲吵醒,0,1,1,0,0,0,0,3,3,0,0,0,3
櫃台服務員相當有熱忱，早上出發路跑還替我們打氣。感覺一天有了很棒的開始！謝謝！,0,0,1,0,0,0,0,0,1,0,0,0,1
櫃台沒什麼笑容也不親切，但是還好啦，也沒甚麼討厭的,0,0,1,0,0,0,0,0,3,0,0,0,3
櫃台的小姐態度極差，完全沒笑臉，講話態度呈現不耐煩，服務業怎是如此，辦理入住及退房 都如此（都同一位）,0,0,1,0,0,0,0,0,3,0,0,0,3
櫃台的接待人員相當親切專業，房間也很舒服乾淨，河景房可以看到完整的煙火，非常的棒！ 麵包坊的麵包很好吃，下次還會再來！,1,0,1,1,0,0,1,0,1,1,0,0,1
櫃台的服務人員很熱心又專業、房間舒適床好睡，還有很多電視節目及藍光影片可以選看喔！，雖然是因為防疫期間早餐以套餐的型式送到房內吃，但份量其實還滿夠的。電梯內的公告貼心的提醒當天的天氣狀況...小小細節，可以感受到他們的用心，謝謝新驛讓我們有個愉快的假期,1,1,1,0,0,0,1,1,1,0,0,0,1
櫃台親切，有問必答，有洗衣設備，交通便利，有提供停車場，早餐好吃,0,1,1,1,0,0,0,1,1,1,0,0,1
櫃台都很親切，前一天晚上的紅茶冷掉了，房務還幫我拿去加熱，好貼心，床不是特別大，但很好睡，軟硬適中，感謝國賓讓我們在外地旅行也能睡個安穩的好覺,0,1,1,0,0,0,0,1,1,0,0,0,1
櫃檯很有禮貌;客房清潔很乾淨;行李服務員都很親切唷！謝謝你們！,1,0,1,0,0,0,1,0,1,0,0,0,1
櫃檯辦理入住速度較慢，這次等了一個多小時才完成入住，假日入住建議避開3-5點的巔峰時段,0,0,1,0,0,0,0,0,3,0,0,0,3
櫃檯一直敷衍，態度很差。房間都是蚊子，一個晚上打了十隻以上。隔音差，在房間無對外窗，卻聽的到外面車子打方向燈的聲音,1,1,1,0,0,0,3,3,3,0,0,0,3
櫃檯人員不太會主動詢問客人是否需要協助，想要詢問有關住房資訊時，前檯人員一直很專注的看著電腦螢幕、接起電話後有看到客人也未詢問是否需協助，不太確定是否因為值班後較疲憊造成，但若是因為值班因素，也許公司應該要思考一下排班及休息制度，讓工作人員適當的休息。,0,0,1,0,0,0,0,0,3,0,0,0,3
櫃檯人員不錯，平價且地點棒，雖然一開始繞了大廈一圈，後來問保全才發現原來是在裡面的五樓，整體算很滿意，三人住了四人房，非常舒適乾淨,1,0,1,1,1,1,1,0,1,1,1,1,1
櫃檯人員十分親切，整間旅店都很乾淨明亮，床與枕頭很舒服，隔音也很好，下次還會再入住,1,1,1,0,0,0,1,1,1,0,0,0,1
櫃檯人員十分親切，面對我的問題皆十分熱情回覆，幫忙主動查詢日協助路線規劃，服務態度讓人印象深刻,0,0,1,0,0,0,0,0,1,0,0,0,1
櫃檯人員十分親切友善！透過閒聊得知造訪目的後還會在隔天貼心寫小紙條，十分窩心，希望能夠安排在有窗的房間，也如我所願！整間的採光很明亮，浴室擁有整面鏡子跟浴缸非常優秀！房間舒適，一夜好眠！房內還附有免費又好吃的小點心們能夠食用很加分,1,1,1,0,0,0,1,1,1,0,0,0,1
櫃檯人員及早餐帶位人員態度親切，標準雙床房空間大小OK，不會顯得壅擠或壓迫！！,0,1,1,0,0,0,0,1,1,0,0,0,1
櫃檯人員和整體環境與交通方便，以及洗澡水非常舒服，水量很大比家裡好,0,1,1,1,0,1,0,1,1,1,0,1,1
櫃檯人員和早餐服務的伯伯都很友善，有腳踏車可以壓證件免費借遊高雄很方便。,0,0,1,0,0,0,0,0,1,0,0,0,1
櫃檯人員很友善，市中心交通方便 ，CP值高，會考慮再來。,0,0,1,1,1,0,0,0,1,1,1,0,1
櫃檯人員很用心的協助辦理停車與入住事宜，因為本人騎乘大型重機，又剛好他們自己停車場無法使用，櫃檯人員幫忙協調特約停車場提供停放大型重機，停車場管理員也很盡心盡力的幫忙處理車位，雖然停車的空間沒有到很好，但服務的品質讓我覺得心情很棒！,0,1,1,0,0,0,0,3,1,0,0,0,1
櫃檯人員很親切，忙碌的時候還能保持微笑接待，語氣也很平靜。備品都有每日補充，被子不會有濕氣，睡起來很舒服。,0,1,1,0,0,0,0,1,1,0,0,0,1
櫃檯人員很親切，負責打掃的人也很親切，也會主動詢問是否需要打掃房間，覺得很棒,0,0,1,0,0,0,0,0,1,0,0,0,1
櫃檯人員很親切，速度也很快，當天週末入住人數非常多，但是從進門排隊開始到進電梯那一刻隨時有服務人員在引導。19樓的河景視野很棒。搭船的碼頭及貢朵拉船的乘船處就在飯店正對面，非常的方便。,0,0,1,1,0,0,0,0,1,1,0,0,1
櫃檯人員很親切！服務態度好！很有耐心的回應你，並時常面帶笑容,0,0,1,0,0,0,0,0,1,0,0,0,1
櫃檯人員很親切，位置近臺北車站很方便，附近也很多小吃，這價位覺得CP值高,0,0,1,1,1,0,0,0,1,1,1,0,1
櫃檯人員很親切也很貼心、房務人員很專業細心，房間乾淨、環境很棒！有提供洗衣機、烘衣機，超方便。雖然沒有早餐，但是在早上時段有提供可以泡的單包裝麥片、中下午時段有小餅乾、半夜時段有泡麵。『再來還有研磨咖啡喔。放心他們都有消毒和清潔，因為我有親眼看到喔。』，連住了幾晚，房間每日都整理得很乾淨喔。給予高度肯定。在各時段的櫃檯人員都很親切，甚至會記住旅客，很棒,1,1,1,0,0,0,1,1,1,0,0,0,1
櫃檯人員很親切幫忙升等房間，房間寬敞乾淨舒適，浴室也較大不會很擠，晚上蠻很安靜的可以一覺到天亮~,1,1,1,0,0,0,1,1,1,0,0,0,1
櫃檯人員很貼心，沒有特別和他們說，就為我們安排在上一次住宿的同一房號房間！,0,0,1,0,0,0,0,0,1,0,0,0,1
櫃檯人員感覺好像不比以前來的親切了，從登記入住開始就感覺到了，早餐餐點比以前差很多,0,0,1,0,0,0,0,0,3,0,0,0,3
櫃檯人員態度冷淡，服務態度沒溫度。隔音效果真的很差。房外開門、說話動作聲音一清二楚。,0,1,1,0,0,0,0,3,3,0,0,0,3
櫃檯人員態度和善，詢問問題耐心講解，還有提供宵夜，浴室採光很棒,0,1,1,0,0,0,0,1,1,0,0,0,1
櫃檯人員態度親切，地理位置相當方便，清掃人員打掃得很乾淨，住起來很安心舒服，感謝。,1,0,1,1,0,0,1,0,1,1,0,0,1
櫃檯人員態度親切、房間乾淨整潔、設備齊全，飲食跟交通也很便利！,1,1,1,1,0,0,1,1,1,1,0,0,1
櫃檯人員態度非親切，房內設備也良好，入住的兩天感受非常舒適，位置也非常便利不管是去北車或中山捷運站都很近,1,1,1,1,0,0,1,1,1,1,0,0,1
櫃檯人員應該一位人員對一組客人，當天櫃檯收了我的身分證，還在處理前一組客人的事，把我的身分證亂丟。電視有問題。,0,1,1,0,0,0,0,3,3,0,0,0,3
櫃檯人員會貼心的詢問房間是否需要清潔/補充備品，謝謝你們的用心及小驚喜，在入住期間給予的服務，謝謝你們,0,0,1,0,0,0,0,0,1,0,0,0,1
櫃檯人員服務好也非常貼心，詢問問題也是耐心回答，床鋪很舒服很好睡，房間整體乾淨且舒適，是會讓人想再次入住的旅店！,1,1,1,0,0,0,1,1,1,0,0,0,1
櫃檯人員服務很好，很有耐心講解旅客所提問題，有機會會在住宿該酒店,0,0,1,0,0,0,0,0,1,0,0,0,1
櫃檯人員服務很好，謝謝！在開封街跟重慶南路精華地段，逛書店、吃美食都很方便！旅店外觀很好辨認，內部是典雅風格裝潢偏黑色系。淋浴間空間很大而且不透明，水量很大、熱水也夠，但洗手台水龍頭有些緊，會不小心開太大力導致水濺出。,0,1,1,1,0,0,0,1,1,1,0,0,1
櫃檯人員服務態度很好，房間整體環境乾淨明亮，而且房間很大，非常舒服，會讓人下次還想再住,1,1,1,0,0,0,1,1,1,0,0,0,1
櫃檯人員服務親切、住宿有提供豐盛早餐！浴室非常乾淨，讚,0,1,1,0,0,0,0,1,1,0,0,0,1
櫃檯人員服務非常好，有問題都能做解決。另外飯店提供免費的自助洗衣，對於旅遊的人來說非常方便。,0,1,1,0,0,0,0,1,1,0,0,0,1
櫃檯人員滿冷淡的，看我提一堆東西也沒主動幫忙按電梯，到房間還發現其中一瓶瓶裝水是開過的，瞎，廁所洗手台很小，房間無窗不到很明亮,1,1,1,0,0,0,3,3,3,0,0,0,3
櫃檯人員熱情的服務，讓人感到很溫馨，有任何疑問都能很親切的幫我處理，下次一定要在來住！,0,0,1,0,0,0,0,0,1,0,0,0,1
櫃檯人員的服務態度真的很棒，餐廳的服務人員也很細心，知道我們有不吃的東西，也會特別告知今日早餐的菜色是否有我們不吃的，房間跟廁所浴室都很棒很乾淨,1,1,1,0,0,0,1,1,1,0,0,0,1
櫃檯人員的熱情及貼心！辦理入住時詢問我要到哪玩？隔天一早就出現信封～暖心建議適合的去處跟好吃的甜點！,0,0,1,0,0,0,0,0,1,0,0,0,1
櫃檯人員的素質真的很棒，房間也算乾淨，棉被不會有很多塵?，睡完鼻子跟皮膚都沒有過敏，地點也很棒,1,1,1,1,0,0,1,1,1,1,0,0,1
櫃檯人員親切，地理位置很好，就在車站對面，樓下有全家商店，而且旁邊就是新光三越，飯店前面就有往捷運的地下入口跟電梯，對於提大包小包跟推娃娃車的人可以搭電梯就很方便，房間算大且整潔度不錯，或許是住在中間樓層，樓上還有客房，並沒有遇到其他人說的早上會聽到樓上健身房的聲音,1,1,1,1,0,0,1,1,1,1,0,0,1
櫃檯人員親切，地理位置不錯，頂樓酒吧很好喝～房間乾淨,1,1,1,1,0,0,1,1,1,1,0,0,1
櫃檯人員親切，地理位置很棒，過了228公園即是台大醫院捷運站，交誼廳很寬敞。,0,1,1,1,0,0,0,1,1,1,0,0,1
櫃檯人員親切，此次住宿不慎打破房內盤子，飯店人員堅持不用理賠只詢問房客有無受傷，覺得很甘心，下次一定還會來入住,0,0,1,0,0,0,0,0,1,0,0,0,1
櫃檯人員親切，遇到床墊軟硬度問題，立即幫忙更換樓層房間，感覺賓至如歸,0,0,1,0,0,0,0,0,1,0,0,0,1
櫃檯人員親切；週邊景點商店介紹詳盡；附近既有一小型夜市小吃；?房間採光良好，房型整潔簡約，是時下年輕人喜愛設計；雙人大床極舒適；早餐豐盛美味；用餐時看服務人員隨時補餐；用餐時間即可感受住房率極高的商旅旅店！CP值高的商旅。,1,1,1,1,1,0,1,1,1,1,1,0,1
櫃檯人員親切並且貼心關心我們的需求，住房提供了嬰兒床、澡盆、消毒鍋一應俱全，甚至連外出也能預約推車出借，飯店位置也非常便利，下次一定會再來住。,0,1,1,1,0,0,0,1,1,1,0,0,1
櫃檯人員親切友善，近臺北車站交通便利，此價格CP值超值，沒有不滿意的。,0,0,1,1,1,0,0,0,1,1,1,0,1
櫃檯人員親切有禮，房間算乾淨，早餐以這個價位來說算豐盛。離高雄火車站很近，走路約10分鐘。整體來說CP值很高，因為只是住一晚隔天要衝小琉球。價格相當便宜。,1,0,1,1,1,0,1,0,1,1,1,0,1
櫃檯人員親切的笑容和問候，就像是回到家的感覺，房間乾淨舒適，茶水間有提供泡麵、餅乾和麥片及一些基本沖泡飲品，很周到，是會讓人想再次回住的旅館,1,0,1,0,0,0,1,0,1,0,0,0,1
櫃檯人員親切美麗，需要多一件棉被還是直接送來房間，服務態度SS+，房間佈局不輸給4星酒店，價格之低極度推薦！,0,1,1,0,1,0,0,1,1,0,1,0,1
櫃檯人員親自帶領並介紹房間設備，親切且和善，房間設備不錯 ，地點位置離夜市很近，交通停車方便,0,1,1,1,0,0,0,1,1,1,0,0,1
櫃檯人員跟房務人員都很親切！因找不到房間訊問房務人員，雖然她在打掃還是親切回覆，還給一個貼心微笑。讚,0,0,1,0,0,0,0,0,1,0,0,0,1
櫃檯人員都很親切，房間很乾淨、很新、很明亮，冷氣可以自己調整溫度，棉被雖然薄薄的，但是蓋起來超級保暖的，整個環境給人的感覺很舒服，以後有需要一定會再去住的！！,1,1,1,0,0,1,1,1,1,0,0,1,1
櫃檯人員非常的親切，退房很溫馨的問我們需要水好路上飲用，房間也非常感覺整潔。三天兩夜感覺非常棒,1,0,1,0,0,0,1,0,1,0,0,0,1
櫃檯人員非常親切，也非常有禮貌非常棒，然後床好睡，冷氣又夠涼，最重要的是隔音蠻好的都聽不到什麼吵雜聲，而且衛浴設備也很棒，最讓我覺得最好的地方，就是能提供放行李服務真的解決了我很大的困擾，下次有去，會再入住的,0,1,1,0,0,0,0,1,1,0,0,0,1
有一個缺點是，我住的那間的廁所跟洗澡是開的中間卡一個洗手台，又是在外面走道上，使用起來其實卡卡的。,0,1,0,0,0,0,0,3,0,0,0,0,3
櫃檯人員非常親切，房內非常乾淨舒適，房間牆上的主題彩繪也帶給我們驚喜,1,1,1,0,0,0,1,1,1,0,0,0,1
櫃檯人員非常親切，由於入住當日是週末，櫃檯人員相當忙碌，但是她們依舊熱情的接待每一位入住旅客，甚至在我們晚上回來時還記得我們，令我們印象深刻。,0,0,1,0,0,0,0,0,1,0,0,0,1
櫃檯人員非常親切，這次帶小朋友住宿還準備了氣球。地點也很方便，從北車步行約10分鐘內可抵達，建議從北車直接走過來就可以，不要相信古歌導航從中山站下車，感覺遠很多。總之，這次的住宿體驗非常棒，特別感謝親切可愛的櫃檯小姐姐,0,0,1,1,0,0,0,0,1,1,0,0,1
櫃檯人員非常親切漂亮，而且服務態度超棒的，還會跟小朋友寒暄，送小禮物，下次回臺北一定再入住,0,0,1,0,0,0,0,0,1,0,0,0,1
櫃檯人員非常非常親切，食物很好吃！點心吧完全不馬虎，中部的朋友來玩也驚呼連連，一進房就在尋寶，每一項都讓他非常滿意，沐浴、浴袍、拖鞋種種都超棒，真的很自豪自己是高雄人哈哈！看他一直拍照分享，也稱讚我很會找住宿，感謝比歐沒有讓我們失望～下次住宿絕對首選,0,1,1,0,0,0,0,1,1,0,0,0,1
櫃檯值班經理值得讚賞，房間乾淨舒適，房務人員態度優等，值得加賞，早餐營養，餐廳服務人員態度優良，高雄的國賓飯店值得推薦～,1,0,1,0,0,0,1,0,1,0,0,0,1
櫃檯入房時加大房型，所以很開心，算是美好的旅程，而且房間很乾淨，房務人員非常優,1,0,1,0,0,0,1,0,1,0,0,0,1
櫃檯及服務中心的員工很優秀，但泳池就稍微冷漠一些，浴室比較遜色,0,1,1,0,0,0,0,3,1,0,0,0,3
泳池很寬敞乾淨，泳池的吹風機非常好用，很好玩!房間也空間感也很大,0,1,0,0,0,0,0,1,0,0,0,0,1
櫃檯員工以及房務員服務態度很好，離北車近 ，周圍有便利商店，房間乾淨整潔,1,0,1,1,0,0,1,0,1,1,0,0,1
櫃檯員工很親切，房間規格一個人住很舒適，雙人床很大很舒服，樓下洗衣烘衣機很方便，下午至晚間有宵夜用餐的部分讓CP值更高！,0,1,1,0,1,0,0,1,1,0,1,0,1
櫃檯員工親切又熱心 服務非常好，知道我們是來拍婚紗的，還特地送上小禮物祝福 很感動！讚,0,0,1,0,0,0,0,0,1,0,0,0,1
櫃檯安排房間相當快速。床稍硬、彈性足夠，可支撐背部。房間內提供免費一包餅乾、兩塊小餅乾及兩罐水。房間內部整體相當乾淨，浴室為乾濕分離。床頭可直接控制房間內的燈，很方便。早餐中西式皆有，告示牌上有提示素食者可詢問服務員，另外也有特別標註檯面上哪些食物屬素食，整體相當不錯。,1,1,1,0,0,1,1,1,1,0,0,1,1
櫃檯客服相當好，而且自動升等河景房，景觀超美，享受超讚景觀，物超所值！,0,0,1,1,1,0,0,0,1,1,1,0,1
櫃檯小哥服務很讚，平日入住CP值太高，青旅價位飯店服務，還供早餐，有投幣洗烘衣機，對環島旅客來說很方便！附近食肆也不難找~整體是高於預期的~來高雄必須來住家和~,0,1,1,0,1,1,0,1,1,0,1,1,1
櫃檯小姐人很好，就算退房也還是讓我們寄放行李，這點真的很優！,0,0,1,0,0,0,0,0,1,0,0,0,1
櫃檯小姐姐漂亮又親切服務完美。原本訂雙人房 兩張單人床，被升級四人房，兩張雙人床，完全驚喜，不用1000,0,0,1,0,1,0,0,0,1,0,1,0,1
櫃檯小姐完全不知道如何處理問題與應變，就連我第一晚住的發票時間也開錯，然而我就要離開台灣本島了，卻未立即回應。,0,0,1,0,0,0,0,0,3,0,0,0,3
櫃檯小姐態度真的非常親切有禮，知道我們隔天要往北海岸，還準備了旅遊資訊建議給我們，位置離西門町很近，設備也很新，非常不錯，應該會是北部旅遊的好選擇。,0,1,1,1,0,0,0,1,1,1,0,0,1
櫃檯小姐還是一樣服務很差，遞房卡信用卡用丟的，麻煩請貴公司教育訓練，謝謝。,0,0,1,0,0,0,0,0,3,0,0,0,3
櫃檯很貼心，還有提供免費宵夜、洗衣、微波，很棒。男朋友生日還給手寫卡片，非常好，男朋友很開心,0,1,1,0,0,0,0,1,1,0,0,0,1
"櫃檯應對宜慮及客戶感受，而非將確認疏失歸於""因為是加購""。此次訂房是為長輩訂房，之所以會提前一天付費，乃因不希望長輩心裡有所負擔。還好隔天親自陪同長輩前往辦理入住，才避免了無早餐可用的尷尬情形。五星級飯店櫃檯人員如是因應實在令人失望。如果能夠在確認後更正說: 抱歉，此次住房確實有含早餐，應該會讓訂房及入住者感覺舒服些。",0,0,1,0,0,0,0,0,3,0,0,0,3
櫃檯接待/工作人員都超友善，服務很親切，大廳提供多種零食、泡麵、飲料可以免費享用CP值高！,0,0,1,0,1,0,0,0,1,0,1,0,1
櫃檯接待人員很棒，服務態度好，房內各項設施好的沒話說，是值得一住在住的好飯店，我住了N遍了,0,1,1,0,0,0,0,1,1,0,0,0,1
櫃檯接待人員很熱心、親切，小孩不小心撞傷額頭，主動詢問是否需要冰敷，很貼心,0,0,1,0,0,0,0,0,1,0,0,0,1
櫃檯接待人員處理問題能力及表情控管能力有待加強，給人一種不想幫客人處理房間問題的感覺，非常的感受不佳,0,0,1,0,0,0,0,0,3,0,0,0,3
櫃檯接待人員非常親切，整體環境也很舒適，房間整潔乾淨，CP值很高。,1,0,1,0,1,1,1,0,1,0,1,1,1
櫃檯接待讓人感受不好，櫃檯人員有三位，明明沒客人的情況下，也不主動接待，只是一句請稍等讓人沒頭緒的站在前面等，電梯動線設計讓人等到火大，也沒有任何服務人員出來引導動線，就讓所有退房的人擠在門口等待電梯。,0,1,1,0,0,0,0,3,3,0,0,0,3
櫃檯擠了10幾個人等待辦理入房，櫃檯至少有4名服務人員，卻只有一個人在辦理入住，等了半小時以上。,0,0,1,0,0,0,0,0,3,0,0,0,3
櫃檯有北七男子，一早起來就惹怒客人，搞的我披頭散髮的到大廳，為了一件鳥事，北七極致,0,0,1,0,0,0,0,0,3,0,0,0,3
櫃檯服務人員不知是否因為過年工作量太大，完全沒有笑容。 而飯店大廳提供的免費咖啡及吐司看，確實可以讓房客墊墊肚子，但吐司幾乎被壓扁， 不知是否是因為免費提供的讓人有種敷衍的感覺。,0,0,1,0,0,0,0,0,3,0,0,0,3
櫃檯服務人員在入住時，沒有提到進電梯需感應房卡才能使用，還是其他客人告知我們的。浴室整潔度不好，剛入住就有毛髮留在牆上，潤髮乳、護膚乳瓶身看起來被使用過，瓶身都黏黏的。晚上洗澡也發現毛巾上有毛髮。早餐大約9:20下去，邊吃邊被服務人員說只有供應至10:00至少說了三次，餐廳椅子桌子都濕濕的，自己還需用紙巾擦拭過才能坐，感覺很不好,1,1,1,0,0,0,3,3,3,0,0,0,3
櫃檯服務人員大多都較冷漠，一板一眼了點。剛好房間洗澡水溫不太穩定會忽冷忽熱，有些房間空調時不時會發出一點聲音。,0,1,1,0,0,0,0,3,3,0,0,0,3
櫃檯服務人員很親切，態度很好，走進大廳一看是很棒的旅館，走到房間才發現沒有讓我失望，以這個價格來說超級棒的，下次有機會還會再來入住,0,1,1,0,1,0,0,3,3,0,3,0,3
櫃檯服務人員很貼心，見我們很累的樣子，有提早讓我們進房，懂得變通,0,0,1,0,0,0,0,0,1,0,0,0,1
櫃檯服務人員很貼心，當天入住剛好是生日，還特地買了蛋糕跟寫卡片幫忙慶祝，讓人感覺很暖！,0,0,1,0,0,0,0,0,1,0,0,0,1
櫃檯服務人員態度優良、笑容甜美；房間設計貼心富巧思；非常乾淨，細節也都有注意到清潔,1,1,1,0,0,0,1,1,1,0,0,0,1
櫃檯服務人員態度很親切，退房後寄放背包也都很客氣，不會不耐煩。經過櫃檯準備回家的時候雖然他們都在忙，仍會抬頭說再見，可以感受到他們對旅客的心意，非常謝謝，下次還會選新驛！,0,0,1,0,0,0,0,0,1,0,0,0,1
櫃檯服務人員態度親切，交通方便，距離臺北車站很近，唯一缺點隔音差。,0,1,1,1,0,0,0,3,1,1,0,0,1
櫃檯服務人員態度親切，熱心回覆問題。謝謝提供升等房型及優質的住宿環境，房間無異味，真好！,1,0,1,0,0,0,1,0,1,0,0,0,1
櫃檯服務人員態度親切、房間乾淨整潔，相當值得推薦給大家喔,1,0,1,0,0,0,1,0,1,0,0,0,1
櫃檯服務人員態度親切友善，於入房尖峰時刻時，客人多需處理手續時，反而更佳有耐心辦理每個客人的程，值得嘉許！自住區域的沖泡咖啡的服務，也令我們覺得很特別，而咖啡、奶茶皆好喝且印象深刻，很值得再次入住的旅館！！,0,0,1,0,0,0,0,0,1,0,0,0,1
櫃檯服務人員態度超好，隨時隨地都有笑容，讓人倍感溫馨，房內設備及備品應有盡有，甚至還能有文具可以帶回家，因為這次入住有備註生日壽星，飯店還貼心準備小驚喜，覺得很貼心！早餐的部分太厲害了，半自助式的早餐有主餐可以選擇，居然還能瘋狂續加點主餐，可以讓大食怪的旅客有飽足感的美好早餐。下次有機會一定還會再來～,0,1,1,0,0,0,0,1,1,0,0,0,1
櫃檯服務人員溫馨體貼，二樓京悅樓烤鴨好吃，多元的服務令人驚艷,0,0,1,0,0,0,0,0,1,0,0,0,1
櫃檯服務人員相當親切且專業，客房床鋪雖偏低，但睡起來不影響且適當，讓我們一覺到天亮，熱水也相當強且舒服。,0,1,1,0,0,0,0,1,1,0,0,0,1
櫃檯服務人員表現優秀，房間坪數大不擁擠，浴室乾淨整潔，值得推薦。,1,1,1,0,0,0,1,1,1,0,0,0,1
櫃檯服務人員親切！距離臺北轉運站或是臺北火車站都非常方便！早餐可以至櫃檯訂餐，隔天早上送到房間，非常貼心的服務！非常值得推薦給大家參考,0,0,1,1,0,0,0,0,1,1,0,0,1
櫃檯服務人員親切有禮，飯店設備新穎、房間乾淨又舒適，鄰近區域購物、餐飲都很便利。,1,1,1,1,0,0,1,1,1,1,0,0,1
櫃檯服務人員都很好而且客氣，也幫我解決電視問題，很優,0,0,1,0,0,0,0,0,1,0,0,0,1
櫃檯服務人員非常親切，解說部分也很詳細，整體住宿都很滿意，以後有機會會再次優先選擇。,0,0,1,0,0,1,0,0,1,0,0,1,1
櫃檯服務員親切，感謝免費幫我們升等家庭房，乾淨，舒適……強推喔！,1,0,1,0,0,0,1,0,1,0,0,0,1
櫃檯服務態度很好，所有基本程式也很快的完成，入住前也打了兩三次電話確定我們的需求，感覺非常好。房間很新又乾淨，床很舒服，晚上看出去的夜景也蠻漂亮的。飯店的位置離火車站非常近，旁邊也有很多吃的很方便！這次的入住非常愉快！,1,1,1,1,0,0,1,1,1,1,0,0,1
櫃檯服務的小姐非常親切，入住升等豪華雙人房，加大雙人床房間乾淨舒適，早餐簡單但好吃。,1,0,1,0,0,0,1,0,1,0,0,0,1
櫃檯服務親切，位置非常棒，一出捷運站就到了，乾淨，CP值挺高的，唯一比較差一點點點點點點而已的就是開關門的聲音大一點，但真的很推薦喔,1,1,1,1,1,0,1,3,1,1,1,0,1
櫃檯服務親切，洗衣機24小時很方便，有免費藍光電影對喜歡看電影的人來說超級加分，廁所跟衛浴分開，洗手台在外面的設計十分方便,0,1,1,0,0,0,0,1,1,0,0,0,1
櫃檯服務親切。大廳經理和餐廳經理挺拔帥氣，主動關心旅客。門房周到認真。河景房景觀非常棒。早餐有現在已經少見的現作蛋捲。麵包餐包很好吃。,0,0,1,1,0,0,0,0,1,1,0,0,1
櫃檯服務非常友善，入住多次有習慣的房間，也幫忙留意保留，真的很感人,0,0,1,0,0,0,0,0,1,0,0,0,1
櫃檯服務非常親切，地點很棒再加上旅館乾淨整潔，床很好睡！尤其有免費的洗脫烘衣機可以使用。找不到缺點啊！,1,1,1,1,0,0,1,1,1,1,0,0,1
櫃檯某男性員工態度也太不屑！就算只是一般商旅行旅，但那種服務態度也只是把貴飯店的格調拉低,0,0,1,0,0,0,0,0,3,0,0,0,3
櫃檯沒有跟房客告知會幫忙整理房間，第二天晚上回旅館時發現有被整理過，好險當時沒有把值錢的物品放在房間。,0,0,1,0,0,0,0,0,3,0,0,0,3
櫃檯由一樓換到二樓，動線變得不明，報到櫃檯換成自動化，反而變得不親民，浴室地板設計不良，感覺危險,0,1,1,0,0,0,0,3,3,0,0,0,3
櫃檯男性接待員非常親切有禮貌！好像到了日本，這個男生表現是專業的等級，很棒,0,0,1,0,0,0,0,0,1,0,0,0,1
櫃檯的人員很不熱情，感覺職業倦怠很重，房間內的管路聲音滿大的,0,1,1,0,0,0,0,3,3,0,0,0,3
櫃檯的小姊姊非常親切，地點離捷運站非常近，離百貨公司也很近～交通非常方便,0,0,1,1,0,0,0,0,1,1,0,0,1
櫃檯的接待人員很有禮貌，處理問題速度也很快，房間內住的很舒適,1,0,1,0,0,0,1,0,1,0,0,0,1
櫃檯的服務人員，態度都超好的，這是一次非常棒的住宿經驗，寄放行李很專業，不用擔心行李會不見，交通位置非常便利，還有24小時的櫃檯與咖啡，隔音也相當不錯，沖澡的水量充沛，房間明亮，眼睛不用擔心在暗處看電視，很推薦的住宿，讚,0,1,1,1,0,0,0,1,1,1,0,0,1
櫃檯的服務人員非常親切友善，半夜有問題請求幫忙也都十分熱心幫忙，房間乾淨整潔，離臺北車站很近，非常便利！,1,0,1,1,0,0,1,0,1,1,0,0,1
櫃檯的服務人員服務態度極佳，讓我很想再續住，超讚的，這個服務人員需要讚賞一下,0,0,1,0,0,0,0,0,1,0,0,0,1
櫃檯的服務人員非常親切，房間也很乾淨，還有電影可以看，覺得是臺北CP值最高的飯店,1,1,1,0,1,0,1,1,1,0,1,0,1
櫃檯的服務態度真的非常好，住了3天房間的整理也很到位，絕對是會再去住的好選擇,1,0,1,0,0,0,1,0,1,0,0,0,1
櫃檯的男接待看起來不太開心，當櫃檯辛苦囉。房間的插座超少，有點不便。,0,1,1,0,0,0,0,3,3,0,0,0,3
櫃檯職員在我疑惑健身室感應器不靈光後，親自帶我到該處瞭解開關的情況及處理後，讓我得以入室內進行運動,0,0,1,0,0,0,0,0,1,0,0,0,1
櫃檯與客房服務人員非常親切和善！很貼心！早餐好吃！選擇蠻多樣子的！房間很舒適！下次來台中還會想再住的地方！,1,0,1,0,0,0,1,0,1,0,0,0,1
櫃檯與清潔人員的服務態度很好很親切，床好睡、房間也很乾淨、地點方便，1樓有免費的咖啡跟茶,1,1,1,1,0,0,1,1,1,1,0,0,1
櫃檯親切，處理問題迅速明快。原本的兩人房間有著煙味殘留，她立刻幫我們換了另外一間，變成四人房。早餐也是豐盛好吃，這樣的服務品質，下次來高雄，還是要來住的啦！,0,0,1,0,0,0,0,0,1,0,0,0,1
櫃檯說，早上12點才有退房，才睡到10點，就有房務清潔人員，直接開門進來，貴店連確定退房了沒都沒確認過，打電話去總機反應，櫃檯還只回答：這部份我們會去跟房務部確認，然後再也沒下文，連道歉的感覺都沒有,0,0,1,0,0,0,0,0,3,0,0,0,3
櫃檯都超親切，有任何問題都非常詳盡的解說！且房間非常舒適！對小朋友也親切友善，非常感謝,1,0,1,0,0,0,1,0,1,0,0,0,1
櫃臺人員有點少，要等一陣子；停車場及位置標示沒有很清楚；房間沒有窗戶；衣櫃挺簡陋的,0,1,1,0,0,0,0,3,3,0,0,0,3
櫃臺人員服務態度好，一樓有洗衣哄衣服務也很不錯，還有咖啡及飲品可飲用，非常好,0,1,1,0,0,0,0,1,1,0,0,0,1
櫃臺人員服務態度非常好，早餐選擇種類多。雖然停車費不足，但會幫你付清路邊停車費用。,0,0,1,0,0,0,0,0,1,0,0,0,1
櫃臺人員每一位都超親切，接近晚上12點時，乾衣機滿載，櫃臺小姐主動詢問幫忙，等有空機時再將衣物送烘，讓我可以先休息，雖然忘記您的大名，但您人美心也美的體貼服務，讓我深深感動，感謝,0,0,1,0,0,0,0,0,1,0,0,0,1
櫃臺人員面對客訴處理不當，原本建議我賴群的朋友可以去，但我這個群長後面遇到這樣子，想一想還是將建議撤除了。,0,0,1,0,0,0,0,0,3,0,0,0,3
櫃臺接待人員非常親切有禮，廚房有咖啡點心餅乾，還有宵夜泡麵等。位置非常好靠近北車，CP值很高，我會推薦親友及再次入住。,0,0,1,1,1,0,0,0,1,1,1,0,1
櫃臺服務人員態度很好，我冰箱裡東西忘記拿也幫我留著，離車站很近，樓下就是全家、7-11，很方便,0,0,1,1,0,0,0,0,1,1,0,0,1
櫃臺服務人員非常好，地點好，早餐的熱食供應（炒青菜類）很好吃，廚師很會煮,0,0,1,1,0,0,0,0,1,1,0,0,1
櫃臺服務親切，住宿有好的歸屬感、安全感，免費提供零食、咖啡、泡麵，房間舒適、整潔乾淨、適合沈澱自己混雜的心靈,1,0,1,0,0,1,1,0,1,0,0,1,1
櫃臺與服務人員態度非常親切，預定後傳訊息詢問，以非常快的速度回覆，也明白解決詢問的問題。,0,0,1,0,0,0,0,0,1,0,0,0,1
櫃臺與服務人員親切，環境整潔，入住過不同地點的店，品質都非常不錯！,0,0,1,0,0,1,0,0,1,0,0,1,1
櫃臺親切有禮，入住與退房作業迅速，注重隱私。房間整潔，燈光舒適。洗浴熱水充足，沐浴用備品芳香舒服。,1,1,1,0,0,0,1,1,1,0,0,0,1
沒早餐，房小又動線差，隔壁房間小孩講話都聽到了，還有十點多在鑽工程，讓我嚇壞了吧！,0,1,1,0,0,1,0,3,3,0,0,3,3
疫情期間入口處雖有酒精供客人自動噴手消毒，但不見得每位進入用餐的客人都會噴用，建議有專人幫每位噴手消毒，畢竟取餐時都共同使用同一支用具取用！,0,0,1,0,0,0,0,0,2,0,0,0,2
正好在兩個捷運站的中間距離，雖不算遠，行李如果較多會有點不便，到達後要到辦理入住櫃檯的動線希望能再清楚,0,0,1,1,0,0,0,0,2,1,0,0,2
正對於愛河畔地理位置佳，服務人員親切，房間整潔，性價比高，設備尚可,1,1,1,1,1,0,1,2,1,1,1,0,1
此入住有攜帶小孩，飯店人員十分熱心欲提供澡盆與協助搬運嬰兒床，雖然卡住進不去，服務非常棒，房間環境也很乾淨，孩子也沒過敏,1,1,1,0,0,0,1,1,1,0,0,0,1
此商旅之服務櫃檯位於五樓，與該大廈其他用戶共用升降機，進出時要等候多輪,0,1,0,1,0,0,0,3,0,3,0,0,3
此次住宿有遇到客人誤觸火災警報系統，造成我們要退房時很慌亂，希望之後可以加強注意這些部分,0,0,1,0,0,1,0,0,3,0,0,3,3
此次住宿為了慶生，接待人員態度很好，還幫忙協助，覺得非常用心,0,0,1,0,0,0,0,0,1,0,0,0,1
此次住房房型偏舊、內景房異味很重，與之前入住同樣內景房相比之下這次的感受較不理想。,1,1,0,0,0,0,3,3,0,0,0,0,3
此次入住為參加考試，服務人員還特別準備祝福小卡與禮物，讓人很驚喜，讓此次考試心情很愉悅，感覺有被祝福，感謝所有服務人員，房間乾淨明亮，地點很優，食衣住行都很方便,1,1,1,1,0,0,1,1,1,1,0,0,1
此次入住的房型，牆壁壁紙可能因為是老飯店了，所以壁紙上原有的纖維已經都跑出來，目視可限毛茸茸的東西怪可怕的，但因為是壁紙而不是發黴，所以想說就算了，除了毛毛的壁紙基本上房間是都整理得還不錯，很乾淨,1,1,0,0,0,0,1,3,0,0,0,0,1
此次入住碰上學生營隊活動，沒想到幫我們房間安排與包層的營隊一起。營隊活動持續到晚上10點多，早上6。7點就又開始吵鬧，嚴重影響入住品質，覺得飯店不應將散客與團體客這樣安排，很缺乏好的判?力，，讓初次入住印象極差。另建議房內提供行李架，方便住客整理行李，謝謝。,0,1,1,0,0,1,0,2,3,0,0,3,3
此次是第一次入住時尚雙人套房3天，服務人員態度親切，房間設備齊全有喜歡的書桌椅和冰箱，在11樓有免費的洗衣機和烘衣機及健身器材，每層樓都有開飲機，在商務中心有公用的微波爐，周遭環境交通便利餐飲方便，有每日的清潔服務，房間都整理得很乾淨，會讓人想再度入住。,1,1,1,1,0,0,1,1,1,1,0,0,1
由單人房升等為兩人房之後，又因雙人房冷氣維修被升等成四人房，喜歡的是房間書桌有抽屜和靠背椅子/日常看的有線電視，服務人員親切，有每日清潔服務，房間都打掃得很乾淨，在三樓有免費的洗衣機跟烘衣機，在五樓大廳有飲水機和微波爐，旅店附近飲食多元交通便利，是旅遊住宿的好選擇。,1,1,1,1,0,0,1,1,1,1,0,0,1
服務人員態度親切，房間設備齊全有喜歡的書桌椅、冰箱、衣櫥，有免費的洗衣機和烘衣機，有公用的開飲機和微波爐，周遭環境交通便利飲食選擇多元性，是臺北旅遊住宿的好選擇。,0,1,1,1,0,0,0,1,1,1,0,0,1
此次為慶祝老爸生日，安排帶爸媽一起出遊，因為我們坐高鐵下去沒開車，怕老人家不方便走太多路，於是預約了飯店的免費接駁。從接駁人員到月臺迎接我們的那一刻起，整個三天二夜的行程都能深刻感受到飯店親切熱情的服務，不論是一樓迎賓，餐廳酒吧服務人員，房間清掃人員以及櫃台接待，每一位都能感受到服務人員的熱忱，房內的設施，備品，空間也都無可挑剔，早餐雖然種類不多，卻都很精緻美味，整體就是滿意舒服。,0,1,1,0,0,1,0,1,1,0,0,1,1
交通方面走個三五分鐘就有捷運，去瑞豐夜市也算方便，連一向挑剔的爸媽，都讚不絕口，直說下次要再來住，這是一家值得推薦的好飯店。,0,0,0,1,0,0,0,0,0,1,0,0,1
此次遇到的櫃台服務人員是一位大姐，態度上稍微比較沒那麼和藹，還有在晚上11點半還接到櫃台電話詢問事情，當時正在睡覺，覺得有點被打擾了。,0,0,1,0,0,0,0,0,3,0,0,0,3
此行跟朋友出遊，房間廁所是透明玻璃且沒有鎖，難免有點尷尬且不便，這是房間介紹頁面沒有拍攝出來的，也不知道是不是所有房間都是如此，建議朋友出遊有特殊需求的可以備註詢問一下,0,1,1,0,0,0,0,3,3,0,0,0,3
此趟旅程服務人員非常親切，介紹飯店內設施以及可以使用的東西，也都面帶微笑讓人覺得很舒服，附近有西門捷運站走路大10分鐘，交通上也非常便利，下次去臺北會考慮在選擇路境！,0,0,1,1,0,0,0,0,1,1,0,0,1
步行10分鐘內即可到達捷運站，餐飲商圈及購物商圈，非常便利！,0,0,0,1,0,0,0,0,0,1,0,0,1
步行到市議會站有10分鐘的距離，但門口有租的單車可踏過去，還算方便,0,0,0,1,0,0,0,0,0,1,0,0,1
步行到捷運比較遠一點點，但如果不趕時間當作散步也還好，十多分鐘散步一點也不算遠,0,0,0,1,0,0,0,0,0,1,0,0,1
步行到車站10分鐘，到六合夜市大概15分鐘，很方便。中式早餐，一般吧。前臺很熱情。客房比較安靜,0,0,1,1,0,0,0,0,2,1,0,0,2
母親節當天還送小卡片，非常貼心！外面有肯德基及麥當勞，甚至不搭捷運公車就在旁邊，非常方便。價格不貴，是未來住宿的口袋名單！,0,0,1,1,1,0,0,0,1,1,1,0,1
每一位服務人員都非常有禮貌，讓人感覺賓至如歸，館內軟硬體都非常棒,0,1,1,0,0,0,0,1,1,0,0,0,1
每一個燈都要自己按，床頭沒有燈按鍵，有點麻煩。早餐很多種，但熟食很少,0,1,1,0,0,0,0,3,3,0,0,0,3
每一層樓的房間非常多，似迷宮。辦理入住後，房客一定要先搞清楚出入口與逃生方向。辦理入住時，沒有環境介紹。飲水機看起來只有在5樓的櫃臺。,0,1,1,0,0,0,0,3,3,0,0,0,3
每位櫃檯服務人員態度優良！連清潔人員也和藹可親，打掃很用心！飯店環境舒適，乾淨，舒服,1,0,1,0,0,0,1,0,1,0,0,0,1
每個員工態度親切，房間乾淨整潔，一定要給五顆星加一個大大的讚啦！,1,0,1,0,0,0,1,0,1,0,0,0,1
每個時段都有點心吧，員工親切的態度，設計旅店文青的裝置藝術～感謝比歐緻居帶給旅客完美體驗，是近五年住宿的前三名飯店不為過，從入住的親切介紹到房間貼心的備品、精緻的點心等，為高雄之旅畫下一個完美句點。（有機會來高雄一定會再選擇這間飯店）,0,1,1,0,0,0,0,1,1,0,0,0,1
每個服務人員都好熱情，早餐超級好吃，這樣的價位CP值超高的！進房床上打掃人員留下的小禮物暖暖的！超棒,0,0,1,0,1,0,0,0,1,0,1,0,1
每個服務員的應對都非常的客氣服務都非常都周到！真的被當成貴賓的感覺！而且男的帥女的美！真的是很美好的住宿體驗,0,0,1,0,0,0,0,0,1,0,0,0,1
空調也許是因為中央空調，不管怎麼調高溫度，或是關掉，整個來說還是很冷;浴室可能因為管路的關係，別房的沖水聲很明顯;房間門口隔音不好，在走廊的聲響都很明顯。,0,1,0,0,0,0,0,3,0,0,0,0,3
每天早餐差不多都一樣，吃到3天就不想再吃了，希望能多換點新的東西，謝謝,0,0,1,0,0,0,0,0,3,0,0,0,3
每天早餐都有中式的擔仔麵，滷肉飯，稀飯，四種不同的醬菜，小饅頭，甜包子，涼麵，幾種不同的熱炒青菜。西式的有薯條，熱狗和洋蔥圈。外加吐司麵包。擔仔麵是我的最愛，住了七天，每天早餐都一定要有它！,0,0,1,0,0,0,0,0,1,0,0,0,1
每天會來打掃整潔，浴室乾濕分離，可惜不能上鎖，若非家人情侶住宿會有點尷尬不便,0,1,1,0,0,0,0,3,1,0,0,0,3
每天的早餐都很用心準備，住了8天，每天菜色都有變化，大推，房間簡單乾淨，這次訂房，謝謝安排景觀很棒的房型，視野很棒,1,0,1,1,0,0,1,0,1,1,0,0,1
每天都打掃很乾淨，地點超級棒出入很方便，員工很友好，大堂有免費的咖啡,1,0,1,1,0,0,1,0,1,1,0,0,1
每天都有清潔。以房型來看，價位上很經濟實惠。之後如果有北上應該會回住。,1,0,0,0,1,0,1,0,0,0,1,0,1
每層樓都不一樣的主體設計，有各種旅遊資訊取閱，有個發票收集箱。,0,1,0,0,0,0,0,1,0,0,0,0,1
每層房間都有不同主題佈置， 酒店相當新淨， 鄰近台中火車站， 員工態度良好,1,1,1,1,0,0,1,1,1,1,0,0,1
每層樓都有不同的設計，很有巧思，房間乾淨，房內不是地毯。早餐是套餐式，有多種選擇，餐廳視野很好。有停車位，但不多，機械式的大概11位，會有專屬的遙控器。這次停車剛好遇到機械設備問題，飯店也貼心請我們繼續行程並全額補助交通費用。,1,1,1,1,0,0,1,1,1,1,0,0,1
每層每房間都別有用心的設計彩繪設計房，員工服務委優秀，房間不大但很整潔及舒適。,1,1,1,0,0,0,1,1,1,0,0,0,1
每層的房間太多，住客較多，每天花在等候電梯上落的時間不少。4人家庭房及雙人房的空間很小。浴室淋浴位置沒有擋水，沐浴後地板都濕了，浴室設計可以好一點。,0,1,0,0,0,0,0,3,0,0,0,0,3
每房只有二個茶包，一樓有提供的咖啡和茶，但不太好喝；洗澡的地方有看到頭髮，但好險床是很乾淨的,1,0,1,0,0,0,3,0,3,0,0,0,3
每次住房都期待著不同的主題，雖有可能只是普通房型，但每次一樣的熱誠服務與整潔，讓我現在沒錯到台中都首選新驛。而且不會因為你是app訂房就不會跟你再次核對資料喔~~,1,0,1,0,0,0,1,0,1,0,0,0,1
每次來臺北必住，CP值超級高，房間也非常乾淨，但似乎每個房間都長一模一樣，還是想要有點新鮮感,1,0,0,0,1,0,1,0,0,0,1,0,1
每次來西門町必住，會貼心提醒房型問題，讓客人依需求抉擇，房間總是很乾淨舒適，一直保有連鎖品牌旅店的品質,1,0,1,0,0,0,1,0,1,0,0,0,1
每次來都感受到非常貼心的服務，很謝謝這兩次服務人員的噓寒問暖,0,0,1,0,0,0,0,0,1,0,0,0,1
每次入住都有特別的地方小變化，入住過4-5次了。這次服務人員比照日本一樣，都會90度鞠躬！可以推薦給大家同等價位不妨來走走看！,0,0,1,0,0,0,0,0,1,0,0,0,1
每次到台中到首選下榻處，很像回到家一樣 ，舒適度、整潔度、服務親切都很好,1,0,1,0,0,0,1,0,1,0,0,0,1
每次去到台中都會選擇新驛，地理位置方便，房間很乾淨又舒適，員工也都待人親切。特別喜歡新驛的早餐，中西式都有，口味上也都還不錯，總而言之就是CP值非常高！！,1,0,1,1,1,0,1,0,1,1,1,0,1
每次去台中都只住新驛，老公也是在那裡跟我求婚的，結婚懷孕也是住那裡，連小孩出生了，也是住那裡，沒辦法，新譯給我的感覺太美好，（這絕對不是葉配）,0,0,0,0,0,1,0,0,0,0,0,1,1
每次去臺北都住這一家，但這一次住卻有不一樣的感覺；房間的牆都佈滿灰塵，連燈制邊、床頭、床邊（床是靠牆的）都是灰塵，而且都是一條一條的，滿牆都是，令人看到都感到噁心，感覺很不乾淨～,1,0,0,0,0,0,3,0,0,0,0,0,3
每次去都非常滿意，這次零食櫃可以開放使用了，非常棒！性價比相當好應有盡有，服務人員都很客氣！,0,0,1,0,1,0,0,0,1,0,1,0,1
每次收拾房間之後總有東西沒有補給，如拖鞋，梳，毛巾，還有床單及被單都沒有更換，洗澡用的蓮蓬破舊，已經被界傷了,0,1,1,0,0,0,0,3,3,0,0,0,3
每次離開房間，回來後服務人員都會把房間整理得很乾淨！，還有交誼廳有免費的泡麵跟喝到飽的飲料，還有很甜又香濃的熱奶茶！,1,0,1,0,0,0,1,0,1,0,0,0,1
每間房間獨立網路，房間網路壞了，隔日立上派人修理好。酒店在來往機場巴士站附近，很方便,0,0,1,1,0,0,0,0,1,1,0,0,1
每項用品都精心設計小標語，真的很可愛！內部設計新穎，浴室浴缸很深頗大！有完整的第四台，離臺北車站走路約10分鐘，是個價位不高但設計感十足的溫馨旅店。,0,1,1,1,1,0,0,1,1,1,1,0,1
比想像中小了一點，行李箱打開就沒什麼空間了，反而浴室好大哈哈哈，隔音稍微差了一點點,0,1,0,0,0,0,0,3,0,0,0,0,3
比想像中殘舊，隔音很差，常覺得有人在開我的房門，早餐種類少，味道一般，盤子經常沒有！房間同走廊燈光不是很久！,0,1,1,0,0,0,0,3,3,0,0,0,3
比較不方便的就是住3樓，要先搭電梯到5樓，然後再走一小段搭內部的電梯到3樓，因為疫情的關係出入口有控管,0,0,0,0,0,1,0,0,0,0,0,3,3
比較困擾的是床不是獨立筒，動一下整張床都會晃，而且支撐力不好腰痠背痛,0,1,0,0,0,0,0,3,0,0,0,0,3
畢竟在交通中心的附近，臨街的房間有點吵，對睡眠環境有要求的人慎選。,0,0,0,1,0,1,0,0,0,3,0,3,3
毛巾、床單個人覺得太粗 ，另外餐廳素食只能提供炒飯炒麵，而附近又沒有其他餐飲 對於素食的賓客可能得考慮其他飯店了。,0,1,1,1,0,0,0,3,3,3,0,0,3
毛巾和棉被棉絮很多，洗手臺上的排水孔要手動將它抬起才可以把水排出。,0,1,0,0,0,0,0,3,0,0,0,0,3
毛巾非常乾淨，房間也很乾淨，空調也很安靜，空氣也非常清淨，整間就是靜淨，很棒的房務人員，服務人員也都非常優，電梯不需要等待很久，停車平面，很適合帶小孩，超推薦，改天還要再住,1,1,1,0,0,0,1,1,1,0,0,0,1
毫無隔音可言??之前看評論已有心理準備。沒想到房間與房間之間根本毫無隔音！！隔壁的門鈴響，第一次聽起來像在按我的門鈴，左右2間何時洗澡何時洗完都知道，更不用?左右2邊的交談聲更似毫無中間那道牆！最後一晚更是陪著聽隔壁的年輕情侶的嬉鬧聲到淩晨三點或更晚??,0,1,0,0,0,0,0,3,0,0,0,0,3
水壓強到有些離譜，洗澡很舒壓；樓上有大片用餐空間，可以悠閒吃東西餵鴿子；樓下早餐店跟便利店近在咫尺，離車站也不遠。,0,1,0,1,0,0,0,1,0,1,0,0,1
水壓很夠大，空間剛好很舒適，有冰箱和防潮箱，地點絕佳，乾濕分離，咖啡和麵包24hr免費，有健身房和公用電腦，CP值高，以平日這個價錢而言下次會想再來,1,1,1,1,1,0,1,1,1,1,1,0,1
水壓很強 、停車方便、 服務人員親切友善、環境與房間乾淨、設備健全且處處感受到旅館的貼心、周邊機能很好、早餐品項雖少但該有的都有！,1,1,1,1,0,0,1,1,1,1,0,0,1
水壓很強，熱水也很穩定，洗起來很舒服，這次是第二次入住，兩次都很滿意，會推薦給朋友,0,1,0,0,0,0,0,1,0,0,0,0,1
水壓很強很舒服，床硬度夠很好躺，冷氣也很強，該有都有，頂樓有戶外花園區，人多去玩可以晚上上去吃宵夜喝小酒聊天，這個價格性價比高，櫃檯人員親切，電梯很多個不塞車，地方小難找,1,1,1,1,1,0,1,1,1,3,1,0,1
水忽冷忽熱、忽大忽小，當天有打電話反應，櫃檯表示要請房務人員上來查看，但等了許久並沒有房務人員上來查看。,0,1,1,0,0,0,0,3,3,0,0,0,3
水柱很大卻不刺，熱水來的也快，出去玩一整天回到飯店洗個舒服的熱水澡是我最幸福的事了！,0,1,0,0,0,0,0,1,0,0,0,0,1
水溫忽冷忽熱蠻嚴重的，洗澡洗得有點辛苦。隔音應該不太好，運氣不好遇到隔壁有小孩，一直哭鬧，聽得蠻清楚。服務人員有協助換房，只是換房後無窗，連續住三晚無窗房有點遺憾。,0,1,1,0,0,0,0,3,2,0,0,0,3
水溫冷熱不好調，蓮蓬頭的水很小，還會因為沖馬桶或洗手台開水使用，蓮蓬頭的水忽大忽小，水溫也會受影響,0,1,0,0,0,0,0,3,0,0,0,0,3
水管使用的管線聲音，夜深人靜其他房客洗澡使用更明顯??有工程改善的空間！,0,1,0,0,0,0,0,3,0,0,0,0,3
水量夠大，晚上很安靜，不過只要周邊大聲說話，還是聽得到，當然，這是顧客的問題,0,1,0,0,0,1,0,1,0,0,0,3,1
水電設施不甚理想，雙人房空間極度狹狹窄，員工熱情度不足，住三次，一次比一次差。,0,1,1,0,0,0,0,3,3,0,0,0,3
水龍頭操作比較不方便，電視有點小，雖然是10樓但晚上還是有蚊子。,1,1,0,0,0,0,3,3,0,0,0,0,3
水龍頭無法關水冷熱失控，不過迅速為我們升等，本來沮喪的心情平復了，雖然混亂又麻煩，但來現場處理的女性服務員非常客氣，大加分。覺得她很為公司著想，該加薪,0,1,1,0,0,0,0,3,1,0,0,0,1
水龍頭開關真的需要一個防滑裝置，搓完肥皂/沐浴乳/洗髮精後死都打不開水龍頭，最後還是用兩手轉了至少三分鐘才開的，是在哈嘍？！,0,1,0,0,0,0,0,3,0,0,0,0,3
汽車車格夠多，機車車位相對少，對於騎車旅遊的旅客，可能要有停到路邊停車格的準備。電視台不是每台都有，且沒有支援看網路媒體（如：youtube）功能。,0,1,0,0,0,0,0,3,0,0,0,0,3
沐浴乳、洗髮精蓋子是用旋轉的比較不方便，可改成開蓋式的較方便。（都是沐浴膠難起泡），或者吸附牆上擠壓式的更好。,0,1,0,0,0,0,0,3,0,0,0,0,3
沐浴品很高級，是法國品牌！餐廳很美！早餐套餐式好吃，份量足夠！，雖說一樓有點小，但二樓大廳、頂樓餐廳和房間的裝潢設計都非常好，也很乾淨舒適！包括連房內馬桶沖水按鈕都別出心裁，冰箱附黃瓜敷臉用覺得新奇,1,1,1,0,0,0,1,1,1,0,0,0,1
沐浴是水很強。提供免費咖啡茶飲，可自己取用。電梯數夠，上下樓不用等太久,0,1,1,0,0,0,0,1,1,0,0,0,1
沐浴時衣架太高(我不高)，(我住的是六人房)之前可以借小椅子，不過上次就不行，對我來說洗澡來說，是一件很辛苦，但又不能不做的事！~,0,1,0,0,0,0,0,3,0,0,0,0,3
沐浴用品可以再好一些，洗髮乳用了髮質會變很乾澀 ，如果介意的人建議要自備,0,1,0,0,0,0,0,3,0,0,0,0,3
沐浴跟洗髮精很讚除了很香對髮質也很好，老闆說因為平日人不多還幫我們升級成四人房，讓我跟我弟一人一張大床超舒服,1,1,1,0,0,0,1,1,1,0,0,0,1
沒什麼好說的！去體驗就知道，這裡所有人員的服務都是無可挑剔的好！,0,0,1,0,0,0,0,0,1,0,0,0,1
沒停車場，極差櫃台服務態度。沒有歡迎客戶的熱情。爛透。不會再二次入住的地方。,0,1,1,0,0,0,0,3,3,0,0,0,3
沒停車位附近也不好停就算了，服務態度覺得差，很冷淡又不貼心，沒車位只會回答前面沒車位就是沒車位了。。。。,0,1,1,1,0,0,0,3,3,3,0,0,3
硬要說的話，就是房間的枕頭太硬了一點點，但填寫了意見回饋卡，當晚也立馬收到回信，真的是很棒～,0,1,1,0,0,0,0,3,1,0,0,0,1
沒有不喜歡，只是房務人員在整理房間時要多用點心，尤其是冰箱內也要看看。,0,0,1,0,0,0,0,0,3,0,0,0,3
沒有不滿意，如果是搭乘大眾運輸的房客可能會覺得稍不方便，飯店位置距離最近的捷運站（市議會）走路要10分鐘以上，便利商店走路大概也需要7-8分鐘。,0,0,0,1,0,0,0,0,0,3,0,0,3
沒有不滿意。給從後站走過來的旅客建議：從高雄新五分埔商圈(一整路都是賣衣服的店，順著掛雨傘裝飾的路走)走比較好走，也比較快，外面人行道騎樓超爛的，騎樓也忽上忽下。還會一直曬太陽。,0,0,0,0,0,1,0,0,0,0,0,2,2
沒有不滿意的。硬要說的話是早上洗澡時熱水等比較久，但因為其他地方都很滿意，覺得這點其實不礙事,0,1,0,0,0,1,0,3,0,0,0,1,1
沒有人家說的黴味之類的怪味！房間乾淨，一切都蠻不錯的，下次會再入住！,1,0,0,0,0,1,1,0,0,0,0,1,1
沒有什麼不好，但是除夕的年夜飯有點差，第二輪熱食部東西冷水果的葡萄最後也沒補，龍蝦不夠新鮮也不燙，當然這麼大型的自助晚餐是很難周到的。,0,0,1,0,0,0,0,0,3,0,0,0,3
沒有值得喜歡的地方，沐浴乳跟洗髮乳很臭還都是一樣的。備品也不怎樣。地毯也很髒，有白屑。氣到只想趕快離開。說要幫我升等都不屑理會。,1,1,1,0,0,0,3,3,3,0,0,0,3
沒有停車位，出去回來沒位子，還要另找停車場，還要付停車費…,0,1,0,0,0,0,0,3,0,0,0,0,3
沒有停車位，繞了好遠好遠；客服態度不錯，房間也舒服，可惜隔壁說話隔音太差每句話都很響亮，希望能改善房間隔音，謝謝！,1,1,1,0,0,0,1,3,1,0,0,0,1
早餐因為防疫期間是一份一份提供，但有點冷掉，吐司很乾燥;有點可惜,0,0,1,0,0,0,0,0,3,0,0,0,3
沒有停車場，也沒有提供特約停車場，讓開車住宿客人自己找車位，很困擾。,0,1,0,0,0,0,0,3,0,0,0,0,3
沒有停車場，客人需要自行周邊的付費停車場。訂房時，我支付的是4位成人的住宿(含早餐)的費用，結果早上至餐廳用餐時竟說我們訂的只是2人房，所以只能提供2份早餐，另外2個房客還需額外自費早餐，旅遊的興致一早就被破壞，不知道是訂房平臺的問題還是飯店本身的問題?,0,1,1,0,0,0,0,3,3,0,0,0,3
沒有停車場，號稱親子旅店，怎麼可以沒有停車場呢？官網推薦的停車場，停一夜居然被收費700多塊，太誇張了。然後兒童遊戲的地方看起來很髒，櫃檯服務人員看起來都不是很開心，不會再去了！,0,1,1,0,0,0,0,3,3,0,0,0,3
沒有停車場。不過這個價錢停外面自費停車也覺得可以接受，只是路邊停車格目前因為人行道整建不好找，停車場不遠走路一下下就到。,0,1,0,0,0,0,0,3,0,0,0,0,3
沒有停車場非常麻煩，而且事先都訂房了，晚上十點到達飯店竟然房間還沒整理好，還換了冷氣壞掉的房間給客人，連續的出包讓消費者心寒,0,1,1,0,0,0,0,3,3,0,0,0,3
沒有停車配套，不過整體給我們的感覺都是舒服的，下回我們依然還是選擇來此入住。,1,1,0,0,0,0,1,3,0,0,0,0,1
沒有免治馬桶，掛蓮蓬頭的物件固定不住，沒有小桌子，房間門沒有另外的鎖,0,1,0,0,0,0,0,3,0,0,0,0,3
沒有勿擾掛卡，按鈕式的很不起眼，第一次連住兩天，房務人員打擾兩次，第一次沒有回應還直接開門進來看,0,1,1,0,0,0,0,3,3,0,0,0,3
沒有化妝鏡，在廁所鏡化妝不方便且燈光差，吹風機背部很容易把頭髮吸進去造成卡髮斷髮,0,1,0,0,0,0,0,3,0,0,0,0,3
沒有吧~頂多希望泡麵跟餅乾補充快點 有時去拿好吃的口味都沒了,0,0,1,0,0,0,0,0,3,0,0,0,3
沒有床頭櫃或小桌子，只用一張椅子放電話、面紙，浴室洗澡水很小，水越熱越小，床寫加大但跟一般大小差不多,0,1,0,0,0,0,0,3,0,0,0,0,3
沒有很多人的時候烘衣機因為是店家提供的，會當機衣服就烘不乾呀？現在是台灣三月份呢！天氣很冷溫度低18度時沒有暖氣呢！開到送風還是很冷呀！,0,1,0,0,0,0,0,3,0,0,0,0,3
沒有提供停車位，附近居民幾乎都把停車位占走了，真的只能慢慢找，早餐麵包種類有些少,0,1,1,0,0,1,0,3,3,0,0,3,3
沒有提供早、晚餐，浴室蓮蓬頭會漏水，窗簾拉開沒有景色,0,1,1,1,0,0,0,0,3,3,3,0,3
沒有提供潔顏慕絲、潤髮乳相關產品，洗髮精、沐浴乳供應量有點少。,0,1,0,0,0,0,0,3,0,0,0,0,3
住宿很棒～服務親切，還被升等從2人升到4人～北車正對面，地點很棒,0,0,1,1,0,0,0,0,1,1,0,0,1
沒有早餐，不過卻有個可以泡咖啡的餐廳空間。雖然這個空間看起來有點可怕,0,1,1,0,0,0,0,3,3,0,0,0,3
沒有早餐，但晚上十點後有泡麵，早上會有麥片放在公共流理台。行李寄放服務好安心，讚！，櫃台人員服務親切友善。雙人房空間大小我覺得很ok，床鋪舒適。,0,1,1,0,0,0,0,1,1,0,0,0,1
沒有早餐，但有提供免費的飲食，覺得很不錯，只是也有可能是因為免費，所以還是會有客人用完餐後垃圾扔原地就離開了，觀察了一下設置的警示語大多靠牆並不是這麼容易被看見(尤其大小朋友)，是否考慮妥善利用桌牌，其中一面可以設置用餐後請維持桌面整潔之用語，並提醒回收區域放置於各牆角之移動推車。,0,1,1,0,0,1,0,2,1,0,0,3,1
沒有早餐，或我沒被告知有早餐。也沒有任何早餐有哪些地方可以購買的資訊。,0,0,1,0,0,0,0,0,3,0,0,0,3
沒有早餐，房間網路訊號很弱、自己的手機網路也常常會連不太上，電視頻道只有機上盒的選項，項目偏少,0,1,1,0,0,0,0,3,3,0,0,0,3
沒有早餐也沒比較便宜，雖然離臺北車站不遠，但附近還有其他比較好的選擇,0,0,0,1,1,0,0,0,0,1,3,0,3
沒有早餐服務，但點心卻是24小時供應，肚子餓隨時都有東西可以吃，很棒~，熱水很快就有了，不會讓人等很久~，環境看起來很溫馨，進到房間有種回到家的感覺,0,1,1,0,0,1,0,1,1,0,0,1,1
沒有潤髮乳，除此之外其他應有儘有。房間沒有對外窗，不介意的話倒是無所謂。電梯要等滿久的。,0,1,0,0,0,0,0,3,0,0,0,0,3
沒有看到洗卸之類的清潔用品，但其他的備品都很好，沐浴乳、洗髮精都非常好聞的香味,0,1,0,0,0,0,0,1,0,0,0,0,1
沒有窗戶，房間設計是黑色的，一關燈白天黑夜完全分不清了~早餐不怎麼樣，味道不好,0,1,1,0,0,0,0,3,3,0,0,0,3
沒有窗戶，空調不穩定，不明白操作，接待處職員跟進不合格，919房間電燈壞了都沒有跟進，過了一天詢問他們什麼都不知道，之後要求換房間。,0,1,1,0,0,0,0,3,3,0,0,0,3
沒有窗戶稍嫌遺憾，地毯沒清很乾淨，早上起來時有很重的不明臭味 像是化糞池或是動物死亡多日的味道,1,1,0,0,0,0,3,3,0,0,0,0,3
沒有第四台，但網站上說有提供有線電視，房間床上有毛髮,1,1,1,0,0,0,3,3,3,0,0,0,3
沒有義大利麵有點可惜，滷肉飯很好吃！！！早餐不差、每道菜都可以嘗試看看！,0,0,1,0,0,0,0,0,1,0,0,0,1
沒有衣櫃，只有簡易掛鉤和衣架，夏天可能還好，但冬天天冷時，厚外套帽子圍巾沒辦法全部掛上，尤其是兩個人都要用到的情況。,0,1,0,0,0,0,0,3,0,0,0,0,3
沒有足夠的停車位，預定的是雙人房，但是不是雙人床，而是兩張單人床加在一起，睡起來不是很舒適,0,1,0,0,0,0,0,3,0,0,0,0,3
沒有配合或特約停車場，停車場費破千元簡直都可以再住一晚了。床頭櫃裏面竟然還有用過的保險套...,1,1,0,0,0,0,3,3,0,0,0,0,3
沒有附設的停車場，對開車族比較不方便，但附近有很多停車場可以停,0,1,0,1,0,0,0,3,0,1,0,0,3
沒有預想到是無窗的房型，但想想也許這個價位就只有這個類型的。。。，幸好不是帶行李箱來住，因為房間的走道不夠放攤開的行李箱,0,1,0,0,0,0,0,3,0,0,0,0,3
沒有飯店專屬的停車場，只有門口三個停車位，員工停了，客人要自己找車位,0,1,1,0,0,0,0,3,3,0,0,0,3
沒有飲水機，只有兩瓶水，商旅雖然在5樓，但整棟是高樓層，電梯只有兩台能到，等電梯等到天荒地老,0,1,0,0,0,0,0,3,0,0,0,0,3
沒特約停車場，早餐沒什麼食材，9點吃很多食材都變冷的，牛奶也沒有熱的 餐廳也沒有微波爐可以微波牛奶給小孩喝,0,1,1,0,0,0,0,3,3,0,0,0,3
沒特約停車場，且當天住的隔壁情侶吵架整個晚上很大聲，跟櫃檯反應有上來關心一下，後來有小聲一點但還是聽得到在爭吵，所以隔音沒很好，開門聲都聽得到,0,1,1,0,0,0,0,3,1,0,0,0,3
沒看到瑜珈墊跟體重計、吹風機不是有名的品牌，跟網路上的標配不一樣。浴室的門有縫隙使得洗澡水容易溢出，排水孔可能有堵塞導致排水效率不佳導致淹水。,0,1,1,0,0,0,0,3,3,0,0,0,3
沒窗的房間，牆壁全是黑的，住起來雖充滿神秘感，但已經沒陽光照進來了，希望牆壁色彩可以多明亮一些。剛好遇到水壓不穩，我有主動詢問櫃檯，服務人員有積極的安排想辦法，但問了幾位鄰居，鄰居都不知旅館有變通方法。,0,1,1,0,0,0,0,3,3,0,0,0,3
沒能依希望有安靜的環境，原本回覆盡可能離電梯遠一點，卻安排在電梯旁，還有孩子吵鬧的聲音很大。,0,0,1,0,0,1,0,0,3,0,0,3,3
沒附停車位沒特約停車場，雖然周圍很多停車場，但臺北的停車費住一天下來600元跑不掉。,0,1,0,1,0,0,0,3,0,3,0,0,3
沖澡區太狹窄，完全沒有放置清潔用品的地方，且沖澡區沒有任何扶手處，易跌倒，我不需要大浴缸，淋浴處若有個坐坐區更貼心還有蓮蓬頭水柱小、沐浴精太難清洗,0,1,0,0,0,0,0,3,0,0,0,0,3
沖澡間的門口跟地板沒有區分，水很容易流出去外面，要小心！同個樓層的房間很多、圖示不太清楚、不太容易找到房間位置。,0,1,0,0,0,0,0,3,0,0,0,0,3
沙發上有長頭髮，淋浴間牆縫有黑黴，梳妝台右側壁燈平面有灰塵，隔音不佳，房間內仍會聽到走廊的談話聲，衛浴空間的門無法完全闔上,1,1,0,0,0,0,3,3,0,0,0,0,3
沙發底下有一個保險套包裝，還拆過的那種，沙發下的縫大概8公分高，房務清潔 真的必須檢討！，並不是要雞蛋裡挑骨頭，這種大型垃圾 真的沒看到嗎？,1,0,1,0,0,0,3,0,3,0,0,0,3
沙發後面被丟了一些垃圾，但都沒有被清理，另外樓上的房客（應該是小孩）跑步，會有除了腳步聲的吵雜聲,1,0,0,0,0,1,3,0,0,0,0,3,3
沒有提供早餐，床的長度有點短，附近吃的地方多，離新光三越近，離車站近，整體算滿意,0,1,1,1,0,1,0,3,3,1,0,1,1
沒有提供早餐， 但在負一樓有提供泡面、咖啡、茶水。 還算不錯啦。,0,0,1,0,0,0,0,0,1,0,0,0,1
沒有滿意的，早餐更是超差的，房價漲了，服務卻差太多了。接團太多不夠供應，就只能把房間弄小，多建房間。,0,1,1,0,1,0,0,3,3,0,3,0,3
沒有窗戶...巨悶，在房間就要開空調，不透風不舒服。衛生間經常有異響，夜裡嚇人,0,1,0,0,0,0,0,3,0,0,0,0,3
沒有窗戶就算了，沒有網路也算了，但是為啥我自己手機的信號也沒有，整個房間就像信號遮罩器，完全接收不到信號，注意是我自己手機的信號，連自己的4G都連不上！,0,1,0,0,0,0,0,3,0,0,0,0,3
沒有隔音，一晚上前後左右什麼聲音聽得一清二楚。我對面門晚上打呼嚕都能聽到。房間很小很小，很昏暗。,0,1,0,0,0,0,0,3,0,0,0,0,3
河景房的景色獨一無二，應該是高雄最美的畫面，可以體驗50年代飯店奢華的設計風格。,0,1,0,1,0,0,0,1,0,1,0,0,1
泡不到澡因為浴缸的水流出來有一點點沙子希望能改善，但下次還是會想再住,0,1,0,0,0,0,0,3,0,0,0,0,3
泳池嬰兒也能下去，當天的救生員真的很親切，我們很多忙,0,1,1,0,0,0,0,1,1,0,0,0,1
泳池位置不佳(大馬路邊和餐廳緊鄰)且未標示冬季不開放，只有裝飾功能。,0,1,0,0,0,0,0,3,0,0,0,0,3
泳池更衣室不完善，差，應該不能算更衣室，只是三間洗手間+一間沖澡、無任何置放架。,0,1,0,0,0,0,0,3,0,0,0,0,3
泳池說什麼冬天不開放，我住台中台南都沒這問題，電視有些頻道視訊模糊，不知道是我不會開燈，有一個燈好像不會亮，房間好小又暗暗的,0,1,0,0,0,0,0,3,0,0,0,0,3
泳池非常漂亮，不過細節可以再加強，邊緣的材質(轉向時候會去觸摸)，相較專業泳池粗糙，有點刺手。此外，空中酒吧座位舒適度要加強，會更具吸引力。,0,1,0,0,0,0,0,3,0,0,0,0,3
洗髮水太差，今生用過最差的洗髮水，用了後頭髮沒法梳順，連成一團，實在太差！！！,0,1,0,0,0,0,0,3,0,0,0,0,3
洗手台不是在廁所內，而是在外面。有些不習慣，但洗手台無洗手清潔東西比較無法接受。,0,1,0,0,0,0,0,3,0,0,0,0,3
洗手台冰水一開始會流速很小，燈光太黃光了，會很不清楚，有附小鏡子，但廁所應該增加大鏡面,0,1,0,0,0,0,0,3,0,0,0,0,3
洗手台及浴缸排水不太行，必須在浴缸裡洗完澡後才能另外放水在泡澡，很麻煩～，辦理入房找不到我們預訂的訂單，當天兩小時前就預訂，讓辦理入住時間過長，大飯店不應該有這樣的疏失有點失望，入住四人房不含早餐，結果備品也只給兩份。,0,1,1,0,0,0,0,3,3,0,0,0,3
洗手台可以在浴室裡面嗎?這樣洗臉刷牙很不方便地板會濕掉而且沒有隱私,0,1,0,0,0,0,0,3,0,0,0,0,3
洗手台水槽在廁所外，使用上不太習慣，而且水壓太強，洗個手會噴的一身濕,0,1,0,0,0,0,0,3,0,0,0,0,3
洗手台水量很難控制，室內的燈光只有開關，沒辦法調整亮度，室內宜配備酒精供客人消毒，搭配的洗髮精清潔力過強，電視無法轉台,0,1,0,0,0,0,0,3,0,0,0,0,3
洗手檯水龍頭水壓太強又不好開，外加洗手台太淺，一打開就不小心就把衣服肚子的部分噴的直接濕掉,0,1,0,0,0,0,0,3,0,0,0,0,3
洗手的臉盆沒有熱水。吹風是在太小了，女孩子吹半個小時頭髮吹不乾,0,1,0,0,0,0,0,3,0,0,0,0,3
洗手臺出水量難控制容易水花四濺，無清潔手部小肥皂可用，花灑固定位置難以使用，冷氣機聲音頗大，室內隔音待改善。,0,1,0,0,0,0,0,3,0,0,0,0,3
洗手間不能把衛生紙放進坐廁內，但沒有提供有蓋垃圾桶，覺得唔衛生，容易產生氣味。,0,1,0,0,0,0,0,3,0,0,0,0,3
洗手間太小了。 馬桶位很差。 坐下去腳都不能向前。 要打開腳才可以方便。 方便時頭會碰到牆。,0,1,0,0,0,0,0,3,0,0,0,0,3
洗手間好像有些問題，我晚上去夜市回來後，廁所的水變黃了，沖廁後過了幾小時又變黃，感覺不太好。,0,1,0,0,0,0,0,3,0,0,0,0,3
洗手間水龍頭的水很容易噴出洗手盆， 如果用花灑，水很容易弄濕整個洗手間， 而且洗髮精跟沐浴乳都沒有很滿,0,1,0,0,0,0,0,3,0,0,0,0,3
洗手間沖水有問題，服務員好快就到來解決，態度好好，地點好，捷運站，西門町，非常方便,0,0,1,1,0,0,0,0,1,1,0,0,1
洗手間浴室邊的玻璃總是覺得若隱若現，因為、洗澡時我在廳是看到他的影子和舉動， 他已成年的，所以幾尷尬的， 另一邊也是沒浴簾的， 洗澡完地上總是一大灘水 ，真的很頭痛，因為要清走這灘水,0,1,0,0,0,0,0,3,0,0,0,0,3
"洗手間設計有問題，水花四濺地上全地水，洗手盆邊有螞蟻 ，訂了2間房間，1間房間門鎖壞了，要客人上落三次才有職員上房檢查，最後需換房，全程45分鐘。另1間房間冷氣機有問題，需開房門才通風透氣，多次與職員溝通，換房後冷氣仍然不行，要客人親身去各樓層查看職員所提供的房間冷氣是否正常，結果全部都不行。最後需經理到房間維修才行，歷時4、5小時，至淩晨4點才完結。
",1,1,1,0,0,0,3,3,3,0,0,0,3
洗手間有個浴缸，但淋浴區很容易弄濕房間。且放置衣物不方便。枕頭和床鋪舒適度一般，跟預期差不多，沒有驚喜。,0,1,0,0,0,0,0,3,0,0,0,0,3
洗浴間空間有點小，不是很方便。沒有單獨的淋浴空間，下水不方便。,0,1,0,0,0,0,0,3,0,0,0,0,3
洗浴間和衛生間單獨分開，房間乾淨，地理位置方便，工作人員態度特別棒。因為是在生日期間入住，還收到了酒店和員工的生日祝福，特別感動,1,1,1,1,0,0,1,1,1,1,0,0,1
洗漱用品如沐浴露洗髮水，很澀，不好用，且無肥皂。缺少晾衣架和晾衣服的地方。,0,1,0,0,0,0,0,3,0,0,0,0,3
洗澡時，水容易沿著浴缸側邊流到地上，結果洗個澡洗臉台地板全濕又積水，長輩若沒踩穩會容易滑倒，建議加裝浴簾或者乾濕分離的裝置。,0,1,0,0,0,0,0,3,0,0,0,0,3
洗澡時候水流排水孔聲音…有夠大聲！大聲到能夠吵醒在睡覺的家人。停車樓層好亂有夾層還要走樓梯才能到停車位子。,0,1,0,0,0,0,0,3,0,0,0,0,3
洗澡水壓充足溫度調整快速，地點也好，服務也好，沒有能挑剔的地方,0,1,1,1,0,0,0,1,1,1,0,0,1
洗澡水壓太小，洗起來沒有沖洗的感覺，好像洗不乾淨，吹風機不知道是前面哪個無聊客人用到變形，看起來很噁,0,1,0,0,0,0,0,3,0,0,0,0,3
洗澡水壓很強，洗了舒服的熱水澡，地理位置不錯走路出去有711，離西門町也近,0,1,0,1,0,0,0,1,0,1,0,0,1
洗澡水很大溫度穩定，床舒服，位置很好，可步行去臺北車站，新光三越，樓下便利店好幾家，櫃檯人員親切專業，性價比高,0,1,1,1,1,0,0,1,1,1,1,0,1
洗澡水很容易液出門縫，房間地毯都濕了（澡間沒做好乾濕分離）。,0,1,0,0,0,0,0,3,0,0,0,0,3
洗澡水會忽冷忽熱，冬天的時候怕冷又怕燙到，原本預期可以很安心的住一晚，結果一切都好，就都敗在這點,0,1,0,0,0,0,0,3,0,0,0,0,3
洗澡水柱很強，洗起來很舒適，大廳有備一些零食與泡麵，還有飲料供客人帶回房使用，很貼心,0,1,1,0,0,0,0,1,1,0,0,0,1
洗澡水量大，沐浴等備品用起來舒服，地下提供24小時零食，客服親切，優點很多,0,1,1,0,0,0,0,1,1,0,0,0,1
洗澡浴室漏水嚴重，漏到房間，濕濕的感覺非常不舒服，而且有股黴味,1,1,0,0,0,0,3,3,0,0,0,0,3
洗澡淋浴的水壓太小了，洗澡不過癮。提供的餐點可以在多樣化點。,0,1,1,0,0,0,0,3,3,0,0,0,3
洗澡的水太弱，停車位要自己找，聽得到別間房門關開的聲音，隔音沒有很好。,0,1,0,0,0,0,0,3,0,0,0,0,3
洗澡的水都噴出來了，門只有半框非常不適用，都怕長輩滑倒在浴室。,0,1,0,0,0,0,0,3,0,0,0,0,3
洗澡的熱水水壓真的太小，而且冷熱水不是很好調整，電梯常常會需要等一下子，可能因為房務常常在用，房客又多，常常會卡住，有些角落灰塵沒有清乾淨，但是還可以接受，因為沒用到那區塊,1,1,0,0,0,0,3,3,0,0,0,0,3
洗澡空間大，水很強也很熱，房間很乾淨，CP值很高，附近有早餐和晚餐,1,1,0,1,1,0,1,1,0,1,1,0,1
洗澡開關是搖桿式挺特別的。整體也很乾淨，床是兩小合併，所以感覺特大的。隨時都有超級好吃的肉燥飯，此加分超多！,1,1,1,0,0,0,1,1,1,0,0,0,1
洗臉池和淋浴的噴頭依然是大問題，前者水太大，容易濺到身上，後者無法調節，直接對著臉狂噴；吃過一次早餐，新臺幣100一人，選擇很少，不是很好吃,0,1,1,0,0,0,0,3,3,0,0,0,3
洗臉池的噴頭水太大，很容易濺到身上，另外淋浴噴頭沒法調節，導致水直接對著頭狂噴,0,1,0,0,0,0,0,3,0,0,0,0,3
洗臉臺沒在浴室內，而是在房間內，讓休息睡覺的房客感覺很突兀，再則就是房間內只放置二小瓶的礦泉水，如要在多一瓶要房客付費不合理。,0,1,0,0,0,0,0,3,0,0,0,0,3
洗衣區的烘乾機幾乎都故障，洗完衣服卻無法烘乾，只好全部都帶回濕衣服?，房間的電視訊號非常差根本無法收看 ，告知櫃檯他們說無法處理，重點是我們一家四口住家庭房，小朋友（一男一女）年紀差異大不想蓋同一條棉被，跟櫃檯多要一條，他們堅決不給，態度非常令人不舒服，最後多打了幾通電話才願意給一條薄毯子,0,1,1,0,0,0,0,3,3,0,0,0,3
洗衣房十分整潔，有洗衣粉提供，房間內一次性用具每天補及，樓下杯麵和小食24小時供應,0,1,1,0,0,0,0,1,1,0,0,0,1
洗衣房開放時間過短，僅開放1000-2200時段，對於早出晚歸的房客較不便利。偶有違規抽菸的房客影響房間空氣品質，呼吸道敏感族群比較不適合，不過客房服務可協助提供清潔空氣或是換房的服務。,0,1,1,0,0,1,0,3,1,0,0,3,3
洗衣機和烘乾機雖然各有5台，可是不足以應付需求，且其中2台烘乾機壞了。保險箱可以搬出來，我還真的是沒見過這樣子的保險箱,0,1,0,0,0,0,0,3,0,0,0,0,3
洗衣機不曉得為什麼被設定洗2次，烘衣服更是過熱就停，導致衣服從晚上10點開始洗，半夜烘2次還烘不乾，一直到隔天退房總共烘4次還是不乾,0,1,0,0,0,0,0,3,0,0,0,0,3
洗衣機可以增加英文操作步驟說明，很多外籍旅客不會按臺灣洗衣機，完全中文他們看不懂,0,1,0,0,0,0,0,2,0,0,0,0,2
洗衣機和烘衣機應該要維修了，洗衣機脫水不乾，烘衣機溫度太低，衣服弄了一上午也是濕的,0,1,0,0,0,0,0,3,0,0,0,0,3
洗衣機在入住最後一晚有發生故障，商家有做處理，但洗衣服還要到街口外的自助洗衣店等待有些浪費時間。洗衣機零錢可能需要隨時注意，滿錢不能洗有點尷尬。,0,1,0,0,0,0,0,3,0,0,0,0,3
洗衣設備老舊，衣服兩小時烘不乾，影響行程。再加上洗衣處是抽菸區，被強迫吸二手菸，反應無效，感覺很差！且會經過一處廚房洗東西的地方，路面都是濕的，很不好走，很容易滑跤，且旁邊是垃圾桶，臭味很重，洗衣服成了一個很痛苦的時刻，硬體設備太差！房間內一直聽到一個尖銳的聲音，詢問後說是水管的聲音，無法改善，只能換房間，造成不適與不便！,1,1,1,0,0,0,3,3,3,0,0,0,3
洗髮精很好聞，退房前十分鐘櫃檯有打電話提醒，裝潢很漂亮，有洗衣間，有提供咖啡點心舒適的用餐空間,0,1,1,0,0,0,0,1,1,0,0,0,1
洗髮精與沐浴乳是單包裝，要是用瓶裝使用上會比較夠。枕頭雖然有給到每人兩顆，但過於扁平，不好睡。,0,1,0,0,0,0,0,3,0,0,0,0,3
浴室，我訂的房型是有一個乾濕分離然後外面有浴缸，乾溼分離基本上沒啥問題，但是浴缸如果有水不小心濺出來，整天都不會乾，地板非常濕冷，如果能有浴室塑膠拖鞋會好一些，提供的吹風機對於頭髮多的女生來說不友善，畢竟是出來玩一整天，我想一定會洗頭的，建議可以自己帶常用的。,0,1,0,0,0,0,0,3,0,0,0,0,3
我租的是家庭房，我覺得桌子可以改成圓桌較為安全，我記得我那間是一個多角形的桌子，我是直接把那個桌子放在角落，等小孩睡了吃宵夜才拿來用。另外我本身行李是 一個28吋行李箱+嬰兒車，電梯並不大，如果要退房要等兩三次比較沒人才進得去，我自己是分開下去,0,1,0,0,0,0,0,3,0,0,0,0,3
浴室，廁所馬桶太窄，很不好坐。乾濕分離的淋浴間設計不好，水還是會滲出地板，做點檔板會比較好。,0,1,0,0,0,0,0,3,0,0,0,0,3
浴室很乾淨、舒適！另外，隔音設施很好，在馬路邊，很安靜！,1,1,0,0,0,0,1,1,0,0,0,0,1
浴室，排水系統不好，不小心灑出來的水都無法自行滑入排水孔，搞的地上的水都快淹到房間了。,0,1,0,0,0,0,0,3,0,0,0,0,3
浴室，水會流出浴室門，建議浴缸入口處加裝浴簾，應該能有效抵擋淋浴的水花外濺，浴缸水滿出來的話，可能就沒辦法了，除非排水孔設在門口，但這樣工程太大，不過還是希望能夠改善，謝謝,0,1,0,0,0,0,0,3,0,0,0,0,3
浴室，衣服都脫光了，結果發現乾濕分離的門打不開，唯一不太開心的地方，但打電話後，立刻有人處理，所以還可以,0,1,1,0,0,0,0,3,1,0,0,0,1
浴室、淋浴間偏小，淋浴的水容易留到外面，休旅車停車很不方便，隔壁偷抽煙會隨著空調飄進自己的房間,0,1,0,1,0,1,0,3,0,3,0,3,3
浴室：洗澡時容易將水濺濕地板，如果有玻璃拉門就不會有此問題。早餐樣式可以再多些會更好。,0,1,1,0,0,0,0,3,3,0,0,0,3
浴室乾淨，水壓超大，房間整體算整潔，價格便宜，櫃檯24小時服務，晚到也能辦理入住，飯店出來走一下就有麥當勞跟新光三越,1,1,1,1,1,0,1,1,1,1,1,0,1
房間乾淨，浴室裝潢明亮簡潔，浴缸泡澡超舒服，15樓海景房看出去的景很漂亮，真的有出國渡假的感覺！,1,1,0,1,0,0,1,1,0,1,0,0,1
浴室乾淨熱水充足， 早餐有中西式很棒， 地點近臺北車站與機場捷運真的很方便， 附近飲食店很多。,0,1,1,1,0,0,0,1,1,1,0,0,1
浴室乾溼分離，但水還是會滲到外面，不致影響住宿品質，用早餐的地方稍感擁擠些，但不致影響用餐品質,0,1,0,0,0,0,0,2,0,0,0,0,2
浴室乾溼分離很棒~馬桶是免治馬桶~馬桶坐墊讓屁屁暖暖的~房間插座還有二個USB的插座~讓沒帶上豆腐頭的我很開心能讓手機充電！！,0,1,0,0,0,0,0,1,0,0,0,0,1
浴室乾濕分明，電視滿大的，地理位置不錯，價錢便宜CP值算不錯了,0,1,0,1,1,0,0,1,0,1,1,0,1
浴室乾濕分離佈局不完善，會讓水流出來，燈的開關設定不方便單獨照明房間中的局部區塊。,0,1,0,0,0,0,0,3,0,0,0,0,3
浴室乾濕分離做得好，水壓足夠，洗澡舒服。24小時飲料餐點區，good！房間大小適中，舒服。有對外窗，讓人安心加分,1,1,1,0,0,0,1,1,1,0,0,0,1
浴室乾濕分離大推~房間也非常的乾淨~從櫃台服務人員到房務員大家都好親切會打招呼~地理位置絕佳！,1,1,1,1,0,0,1,1,1,1,0,0,1
浴室乾濕分離效果不是很理想，玄關洗手檯的水壓大，容易造成噴濺地板造成濕滑。,0,1,0,0,0,0,0,3,0,0,0,0,3
浴室乾濕分離沒有用，洗個澡地板都是水！浴室臉盆很有設計感，但建議洗手就好，漱口吐水會反噴全身。,0,1,0,0,0,0,0,3,0,0,0,0,3
浴室乾濕分離沒有門，洗完水全部噴到外面?隔音不大好，床微硬，其他都不錯！,0,1,0,0,0,1,0,3,0,0,0,1,3
浴室乾濕分離的下門框一開門就掉落，天花板木板未闔上可以看到電線，浴室洗手臺上還有毛髮未清潔乾淨,1,1,0,0,0,0,3,3,0,0,0,0,3
浴室乾濕分離阻水效果不好，地板排水效果不好，隔天起床廁所地板還有昨夜的積水,0,1,0,0,0,0,0,3,0,0,0,0,3
浴室全磁磚太危險（兩年前已反應過），彈簧床墊過軟，房內黴味蠻重的，住了兩晚整個行李都是味道,1,1,0,0,0,0,3,3,0,0,0,0,3
浴室只要一洗澡絕對弄得到處都是，建議還是弄個淋浴間吧。床偏軟，睡得腰有點痛。,0,1,0,0,0,0,0,3,0,0,0,0,3
浴室可以再改進，浴缸的玻璃只隔一半，水容易潑灑出去，造成危險,0,1,0,0,0,0,0,3,0,0,0,0,3
浴室可添置?口杯（現在用紙杯實在很不環保）、掛?及架子放小物,0,1,0,0,0,0,0,3,0,0,0,0,3
浴室可能比較小，當時住宿的房型因為有浴缸，排水比較慢，會小小積水,0,1,0,0,0,0,0,3,0,0,0,0,3
浴室和廁所中間隔一個大柱子，但是防潮地墊卻只有一個，不知道該舖那一邊,0,1,0,0,0,0,0,3,0,0,0,0,3
浴室噴頭雖然水力很大但是方向很奇怪，朝著玻璃門噴，而且不能調整方向。,0,1,0,0,0,0,0,3,0,0,0,0,3
浴室在門口的地方沒有擋水條，或許是要配合無障礙空間？！，因為帶著小孩洗澡沒辦法全都在浴缸內，很擔心水會流到房間內。,0,1,0,0,0,0,0,3,0,0,0,0,3
浴室地坪大理石易滑。洗手台區域光源應該強一點，避免化妝時光線不充足。吹風機若用好點的型號風強一點更好。地點離捷運站有一點距離。,0,1,0,1,0,0,0,3,0,3,0,0,3
浴室地板加房間的拖鞋太滑，老人家夜晚上廁所滑倒，希望能改善。,0,1,0,0,0,0,0,3,0,0,0,0,3
浴室地板只要有水就非常滑，很危險，地板積水很難排掉，睡一晚浴室地板還是積水，建議可多放幾快防滑墊及地板刮水器。親子房內的月球裝置上方及電線灰塵很厚。,1,1,0,0,0,0,3,3,0,0,0,0,3
浴室地板可能是老舊型，沒有止滑功能，洗手檯水會積水無法順利往下流，有水時地板點滑，走在浴室要非常小心以防跌倒,0,1,0,0,0,0,0,3,0,0,0,0,3
浴室地板太容易積水了，早餐吐司不能自己現烤，吃的時候都涼了，粥的配菜太少,0,1,1,0,0,0,0,3,3,0,0,0,3
浴室地板沒有止滑貼，地板遇水非常滑！差點滑倒兩次！！，疫情期間提供的早餐餐盒真的很不好吃！,0,1,1,0,0,0,0,3,3,0,0,0,3
浴室地板跟角落有一些黑黴，影響洗澡用浴的感官，冷氣有點難調，蓮蓬頭都點故障，但不影響使用,1,1,0,0,0,0,3,3,0,0,0,0,3
浴室大且乾濕分離，有拉門設計，非常棒。吹風機風超大，平常要吹10分鐘的頭髮，大概3分鐘就全乾了哈哈哈，旅館提供免費早餐、下午茶、宵夜，完全不用再跑外面買吃的，提供的品項非常豐富，有茶葉蛋、杜老爺、餅乾、等等。這次是第3次入住，整體感覺相當不錯！,0,1,1,0,0,1,0,1,1,0,0,1,1
浴室大小OK，不過淋浴間就小了些。房間地毯有一些汙漬。早餐整體以中式為主，西式偏少，常見的水煮蛋或炒蛋都沒有，比較可惜。沒有提供宵夜，即便是小點心也沒有，但對於不吃宵夜的人，這一點就無妨了。,0,1,1,0,0,0,0,1,3,0,0,0,3
浴室大理石地面時尚，但是很怕滑倒。面對床的辦公桌我也覺得疑惑，水壓有點不夠強，浴缸放水放好久兒,0,1,0,0,0,0,0,3,0,0,0,0,3
浴室太不方便了 洗澡的地方是個巨小的浴缸，還很滑、很容易摔倒，明明房間很大，偏偏浴室和廁所的空間特別小，而且在預定的時候沒有圖片可以看到是這樣… 感覺非常不方便,0,1,1,0,0,0,0,3,3,0,0,0,3
浴室太小且無乾濕分離， 睡時感覺有東西叮我(不是蚊子)， 可能是床組問題。隔音不好常有噪音！,0,1,0,0,0,0,0,3,0,0,0,0,3
浴室太小了。且蓮蓬頭的水量也小、吹風機風量也是，對於長髮來講很不方便。,0,1,0,0,0,0,0,3,0,0,0,0,3
浴室小了點，沒有浴缸，建議可改善；另外，為是機械停車塔，取車要等2分鐘以上，東西忘了拿，會有點不方便。,0,1,0,0,0,0,0,3,0,0,0,0,3
浴室廁所，隔音差(可聽到沖馬桶聲)，早餐霜淇淋機故障(不知故障多久) 5星級飯店這樣就差了，冷氣很冷(無法調降),0,1,0,0,0,0,0,3,0,0,0,0,3
浴室很乾淨，床鋪空間也很大，要求提供第二床棉被、隔音位置比較裡面的房間也有提供！（因為我真的非常淺眠）沐浴乳那些很好用，潤髮乳也很棒！很喜歡早上自然光一點點透進房間，我們的房間是真正的對外窗，不是對面被別的大樓擋住陽光透不進來那種。要求房間乾淨、燈光明亮的住宿朋友，可以來住看～蠻值得的！,1,1,1,0,0,0,1,1,1,0,0,0,1
浴室很乾淨，有免治馬桶，建議可以在浴室放矮凳，小朋友刷牙洗臉比較方便,1,1,0,0,0,0,1,1,0,0,0,0,1
浴室很漂亮、房間很涼很舒適很好睡、早餐是中西式很美味，但一整個很好，下次之旅還是會考慮～～～～,1,1,1,0,0,0,1,1,1,0,0,0,1
"浴室抽風共同，別層樓躲房內抽煙，會讓房內都是煙味，不過櫃臺有去勸阻。
地板清潔可以在加強，赤腳踩有灰塵。",1,1,1,0,0,0,3,3,1,0,0,0,3
浴室拉門壞了，關不起來，水會一直噴到外面，廁所燈不太亮，沒辦法對著鏡子化妝,0,1,0,0,0,0,0,3,0,0,0,0,3
浴室排水不順，因為是在浴缸裡，沖完澡腳就泡在水裡，飯店算是老舊了，所以設備上就不用說了，馬桶沖水水很大非常好，但同樣樓上沖水我們也聽的很清楚，房間走道有人在說話也可以聽的見，隔音效果不好，停車場入口實在很不方便，各個停車場轉角處視野相當不好，應設立轉角鏡子或是警告燈，不然相當危險,0,1,0,0,0,0,0,3,0,0,0,0,3
浴室排水口有未清潔乾淨的毛髮；地板為黑短毛地毯很容易顯髒；小孩原本很期待的決明子沙坑已變成球池，可惜。,1,1,0,0,0,0,3,3,0,0,0,0,3
浴室排水孔有未清理乾淨的毛髮；電視電源燈太亮，關燈睡覺太刺眼（幸好自有準備紙膠帶，加上衛生紙把燈源的地方貼起來才解決）。,1,1,0,0,0,0,3,3,0,0,0,0,3
浴室排水孔頭髮忘了清，還好我不怕那個，也沒有不滿意，忙碌總有疏忽，小事小事，辛苦你們,1,0,1,0,0,0,3,0,3,0,0,0,3
沒有不滿意，忙碌總有疏忽，小事小事，辛苦你們,0,0,0,0,0,1,0,0,0,0,0,1,1
浴室排水設施不良~一進廁所就踩到水，泡澡竟然淹水~水完全無法排乾淨，這麼漂亮的浴室竟然進出要涉水，淹了3公分以上~整晚到早上依然如此~大人都怕滑倒了~若帶小孩來更危險了。,0,1,0,0,0,0,0,3,0,0,0,0,3
浴室排水設計不太好哦，其實入住晚上第一位洗完澡以後就淹水了，第一次看見排水孔做的比地面水平還高，水怎麼可能流下去啦。因為有幼兒，反應可能只是換房間，太麻煩啦我們就想說自己來就好，所以只好用浴巾在地上一直吸水，難怪大家都說飯店的浴巾不要用，不過整體來說是很好的，除了淹水～～,0,1,0,0,0,1,0,3,0,0,0,1,3
浴室掛毛巾處後方牆面應該要清潔，早餐普通，看在價格親民的份上可以接受，漱口杯缺角，床頭板表面破損，乾濕分離沒有門，做的很差，隔音不好會聽到隔壁咳嗽聲,1,1,1,0,1,0,3,3,2,0,1,0,3
浴室採用石材感覺很明亮精緻；房間大，裝潢有質感；工作人員親切，有提供宵夜很特別；一樓有吧可以小酌；離愛河很近,0,1,1,1,0,0,0,1,1,1,0,0,1
浴室提供的沐浴乳味道較不喜歡，隔音方面有待加強，晚上冷氣聲音也略大,0,1,0,0,0,0,0,3,0,0,0,0,3
浴室放置盥洗用品的地方有點髒（水蒸氣出現後看得超明顯），如果可以更細心一點，就真的100分了！！！！,1,0,0,0,0,0,3,0,0,0,0,0,3
浴室明亮舒服， 水壓也足夠， 服務人員親切又不會感到壓迫或是制式化。房間地毯與床很舒服，而且床夠大（很重要），窗外面向愛河視野不錯;早餐餐廳部份食物不錯吃，可惜選擇有點少（不過因價格蠻合理的所以沒啥好抱怨的）,0,1,1,1,0,0,0,1,1,1,0,0,1
浴室是一片窗，需要注意使用浴室廁所，需要拉下窗簾，浴室沒有大鏡子，只有一個圓形的立式化妝鏡,0,1,0,0,0,0,0,3,0,0,0,0,3
浴室是淋浴式的沒有浴缸，隔音有點差，常聽到隔壁關房門的聲音很大聲,0,1,0,0,0,0,0,3,0,0,0,0,3
浴室是透明的，坐在外面床上也可透過對面玻璃反射看到馬桶和洗澡，有遮簾會比較好，洗澡水量稍小,0,1,0,0,0,0,0,3,0,0,0,0,3
浴室有一點小，晚上安靜時偶爾可聽得到隔壁的一點聲音，但影響不大,0,1,0,0,0,0,0,3,0,0,0,0,3
浴室有浴缸乾濕分離，還有不錯的免治馬桶。唯一的缺失是浴缸設置的位置的浴室地板，因為沒有排水孔以及高低落差並未設置浴室門口也沒有門檻，增加浴缸噴出來的水會容易流到臥室的機率。入住時，一進門的瞬間房內有很重的潮氣，疑似之前的住客使水溢出到臥室的地毯，導致濕氣未散。,1,1,0,0,0,0,3,3,0,0,0,0,3
浴室有漏水問題，而且浴室玻璃太透，好似合適情侶多一些，還是安裝錯誤? 因另一房間沒問題。床褥太軟及變得沒彈性,0,1,0,0,0,0,0,3,0,0,0,0,3
浴室有點出乎預料的小，且乾溼分離的止水做太淺，洗個澡門關緊還是門口全都是水，這時候如果穿紙鞋走過會很可怕,0,1,0,0,0,0,0,3,0,0,0,0,3
因為開業很久的關係，有點懷舊風格的感覺；建議很多空的櫃子或抽屜可以重新規劃。,0,1,0,0,0,0,0,2,0,0,0,0,2
浴室有點小~水不夠強~還有不曉得是否剛好在用浴室的時段有很多人同時用水有時候水會忽冷忽熱的~如果水都部分能加強一下就完美了,0,1,0,0,0,0,0,3,0,0,0,0,3
浴室未乾溼分離，地板排水不佳，溼淋淋不舒服，提醒自備浴室拖鞋。西式早餐較少樣單調，10:00清場建議延長至11:00,0,1,1,0,0,0,0,3,3,0,0,0,3
浴室每條毛巾都有淡淡的香味，住過很多飯店沒有一間毛巾會這樣，覺得服務很棒,0,1,1,0,0,0,0,1,1,0,0,0,1
浴室比較小，洗澡會弄濕地板，導致很滑；空調溫度無法調整，整天都22度頗冷,0,1,0,0,0,0,0,3,0,0,0,0,3
浴室比較舊，要求員工提供多兩個枕頭等了半小時，房間溫度較熱，冷氣不太能調節,0,1,1,0,0,0,0,3,3,0,0,0,3
浴室水壓強、房間整潔乾淨、防疫措施做得很徹底（實名制入住者都要做）、枕頭附上4個枕頭可調整高度，床軟硬度很ok，睡得很舒適、有足夠的備品、附近環境不會很吵，晚上很安靜,1,1,1,1,0,0,1,1,1,1,0,0,1
浴室水會流出來，向櫃檯詢問停車相關資訊，只隨便敷衍回覆，無法解決外地不熟臺北的房客,0,1,1,0,0,0,0,3,3,0,0,0,3
浴室水會露出到廁所，房間的燈不能部分開，不能提供免洗餐具有點遺憾可以再加強,0,1,0,0,0,0,0,3,0,0,0,0,3
浴室水柱非常強大，非常喜歡，一家五口無論是何時開水龍頭都有很大的水流，鄰近火車站，附近很熱鬧，CP值很高，飯店沒有提供免費停車位，但是在飯店地下室有付費停車場，也是蠻方便，給開車人參考,0,1,0,1,1,0,0,1,0,1,1,0,1
浴室水都會流到洗手台都積水了，完全沒做到乾濕分離，洗手台設計怪怪的,0,1,0,0,0,0,0,3,0,0,0,0,3
浴室水龍頭是舊式冷熱水分開，圓型轉頭，小孩洗手及洗澡時，手有泡沫時，太滑無法打開水龍頭，很不方便；浴室管線隔音差，馬桶進水聲很大聲。,0,1,0,0,0,0,0,3,0,0,0,0,3
浴室水龍頭東掉西掉的生鏽，自己有裝回去，廁所的馬桶蓋是歪的。酒吧沒有開放有點可惜,0,1,0,0,0,0,0,3,0,0,0,0,3
浴室沒有乾濕分離，水都快流到房間了，水溫也很難控制。清潔度也不夠，因為都是機器操作住房，初次使用協助的人員不夠，整體住宿與第一次住宿，落差大，蠻失望的。,1,1,1,0,0,1,3,3,3,0,0,3,3
浴室沒有乾濕分離的措施，導致洗完澡浴室地板都會積水（有排水孔但地板沒有做傾斜的設計水流不進去），就算已用附的地墊鋪地一樣沒有用（住四人房每個人洗完澡都會積水），在最後一個晚上不慎踩到積水滑了一下腳趾撞到浴室金屬門框，事後到櫃台詢問是否有冰敷袋之類的物品也得到否定的回應，看來飯店也沒有準備相關的醫療用品，整體來說讓我對這間飯店印象差。,0,1,1,0,0,1,0,3,3,0,0,3,3
浴室沒有地方可以放置換洗衣物，淋浴間沒有位子放置自己的沐浴用品,0,1,0,0,0,0,0,3,0,0,0,0,3
浴室沒有完全的乾溼分離、浴缸外的地板還是會濕濕的、穿著飯店的拖鞋進去很滑。早餐很好，但粥品配料能提供土豆麵筋就更棒了,0,1,1,0,0,0,0,3,1,0,0,0,3
浴室沒有打掃的很乾淨，地上還有水漬，浴缸外居然有血漬沒擦乾淨,1,0,0,0,0,0,3,0,0,0,0,0,3
浴室沒有浴巾架可以吊起來，真的是不方便。這次是住509號房間，隔音不太好，早上5點多就聽到樓上的水流聲音。,0,1,0,0,0,0,0,3,0,0,0,0,3
浴室沒有鏡子，旅館方放置一個移動小鏡子在衣櫥，可以拿來用，會有一些不方便,0,1,0,0,0,0,0,3,0,0,0,0,3
浴室洗完澡地板容易積水。隔音可再加強，房外走廊別人的交談聲聽得見，半夜還能聽到飯店外中山堂廣場年輕人溜滑板的聲音。,0,1,0,0,0,0,0,3,0,0,0,0,3
浴室洗手台下層板積水，客房服務人員雖緊急墊上浴巾，但觀察層板上的水痕，滲水情形恐有一段時間了。淋浴門無法關緊，洗澡水滲到淋浴間外面的地板，易造成危險。建議浴室內安裝掛勾及毛巾架，比洗手台下的層板更實用。,0,1,0,0,0,0,0,3,0,0,0,0,3
浴室洗手台接縫處多處發黴、空調只能調整溫度無法調整強度與開關、泳池只開放10:00～19:00時間太短、距離捷運站太遠沒有接駁車大件行李不好拉。,1,1,0,1,0,0,3,3,0,3,0,0,3
浴室洗手台水龍頭建議可改成感應式，適逢疫情期間，手動旋轉式水龍頭無法解決未清潔雙手沾染旋鈕後重複髒汙問題，手洗完後再觸碰已污染旋鈕等於沒洗,0,1,0,0,0,0,0,3,0,0,0,0,3
浴室洗手台沒有可以放置東西的地方，牙膏牙刷等等都要堆在洗手台旁邊，有點不方便，通風機很大聲，晚上睡覺有很大的雜音,0,1,0,0,0,0,0,3,0,0,0,0,3
房間隔音效果不好，有人經過、談話會很清晰，睡眠不好的人可能會被打擾，網路接收不好，會經常斷，然後要重新連接,0,1,0,0,0,0,0,3,0,0,0,0,3
浴室洗手台那邊沒有燈，加上吹風機是固定的在浴室，使用上不太方便。電視台數少，會沒有什麼節目觀賞。拖鞋是提供紙拖鞋，比較不好穿。,0,1,0,0,0,0,0,3,0,0,0,0,3
浴室洗手臺的冷、熱2個水龍頭都是圓型，手抹肥皂後很難調整水溫，且水容易噴到洗手臺。,0,1,0,0,0,0,0,3,0,0,0,0,3
浴室洗澡水會流到隔壁間或門外地板。同行家人睡上鋪，雙小腿不知道被什麼叮咬，有紅癢情形。,1,1,0,0,0,0,3,3,0,0,0,0,3
浴室浴缸一放水、浴室滿地就流滿水，不知道是否排水孔的問題！ 到隔天早上也還排不乾，使用浴廁很麻煩，連住兩晚都是如此，不過我們沒有聯絡櫃檯，是覺得怕麻煩。,0,1,0,0,0,0,0,3,0,0,0,0,3
浴室淋浴如果將蓮蓬頭架太高，水會潑到浴缸外，但水不會流到浴室內的排水孔，反而是往玄關的地方流，匪夷所思。浴室蓮蓬頭都是髒汙和青苔，可怕。早餐太過於簡單了，中式料理偏多且油膩，麵包和吐司無法烘烤，選擇性低，而且冷氣太冷了吧，建議吃早餐的人可以披個外套下去吃。,1,1,1,0,0,0,3,3,3,0,0,0,3
浴室淋浴居然沒有熱水，只能靠浴缸的蓮蓬頭，但又造成浴室積水，浴室磁磚很滑蠻危險的！,0,1,0,0,0,0,0,3,0,0,0,0,3
浴室淋浴時水會濺出並流到門口，地板排水孔塞住，雖然人員很快清理，但還是希望能改善,0,1,1,0,0,0,0,3,1,0,0,0,3
浴室淋浴水龍頭掛架有點鬆脫，花灑角度不好控制，房門、走廊隔音稍弱，其他房客進出或在走廊聊天，都會聽得到聲音,0,1,0,0,0,0,0,3,0,0,0,0,3
浴室淋浴間出入設計不佳，地板有很多水垢發黴。入住時櫃檯表示有宵夜時段，實際去了之後被酒吧服務生告知當天並未提供宵夜，這種資訊落差的感覺非常不好,1,1,1,0,0,0,3,3,3,0,0,0,3
浴室淋浴間的門完全無法閉合，若沒有用手或腳頂著，沐浴完後整間浴室地板完全是濕的。這個問題我認為清掃人員在打掃淋浴間時應該就會發現。其次，房型為家庭房。但浴室除了淋浴間的門有把手可以掛一條使用後的浴巾外，完全沒有吊掛浴巾與毛巾的設備。只能選擇掛在衣櫃內。建議可以改善。,0,1,0,0,0,0,0,3,0,0,0,0,3
浴室淋浴間門的擋水沒做好，會外流出到廁所地板，會積水而且沒設排水孔,0,1,0,0,0,0,0,3,0,0,0,0,3
浴室無鏡子；淋浴蓮蓬頭位置欠妥水都快噴出拉門；房間隔音欠佳。,0,1,0,0,0,0,0,3,0,0,0,0,3
浴室熱水、泠水不穩定、水龍頭不容調整！，房間隔音很差、而且安全性欠佳、火災時會沒有?法逃、因為都沒有窗,0,1,0,0,0,1,0,3,0,0,0,3,3
"浴室熱水很大洗澡很舒服
以假日1仟7佰多不含早應該是還不錯
走路離西門町5-10分鐘，逛街方便。",0,1,0,1,1,0,0,1,0,1,1,0,1
浴室燈光不夠亮，尤其是洗臉?及化妝鏡正上方無燈具，刷牙，整理儀容時略有不便,0,1,0,0,0,0,0,3,0,0,0,0,3
浴室玻璃有點微透，會看到人影，不過我是不太介意。不知道是不是因為除濕機的關係(我跟除濕機不太熟)，半夜被渴醒好幾次，一直覺得口乾舌燥的。,0,1,0,0,0,0,0,3,0,0,0,0,3
浴室的乾濕分離做的不是很好，防水門關上，如廁那邊還是會淹水?,0,1,0,0,0,0,0,3,0,0,0,0,3
浴室的乾濕分離我有點不懂，如果我想要站著用蓮蓬頭沖身體，通常都會有很多水噴到廁所空間甚至有點小積水,0,1,0,0,0,0,0,3,0,0,0,0,3
浴室的備品，希望可以採用大瓶裝，固定式的設計，避免使用小瓶的塑膠製品，為環保盡一份心力。,0,1,0,0,0,0,0,2,0,0,0,0,2
浴室的小細節可以再注意一點。因為洗澡，洗頭的時候需要有個架子放東西。,0,1,0,0,0,0,0,3,0,0,0,0,3
浴室的排水不太好，會積水要等一下才會消下去，隔音普通，有人在走廊上講話的話會聽得蠻清楚,0,1,0,0,0,0,0,3,0,0,0,0,3
浴室的排水有點糟，昨晚的積水到隔天都還在。床鋪沒有想像那麼舒適，偏硬。,0,1,0,0,0,0,0,3,0,0,0,0,3
浴室的排水系統做的很不好，洗完澡到早上地板都還是很大一攤水，容易滑倒，浴缸也太小，希望可以改成乾濕分離是最好,0,1,0,0,0,0,0,3,0,0,0,0,3
浴室的排水系統有問題。 訂的兩間房間洗澡水都會淹到外面來， 甚至濕到外面的地毯上。,0,1,0,0,0,0,0,3,0,0,0,0,3
浴室的水很容易流出到門外，泡澡要很小心水會溢出來，然後流到房間。,0,1,0,0,0,0,0,3,0,0,0,0,3
浴室的洗手台排水系統差，水要累積到大約20-30秒才會排掉，很容易積水，若有髒東西會浮在水面上，感覺差。,0,1,0,0,0,0,0,3,0,0,0,0,3
浴室的洗手台鏡子很暗，洗臉根本看不見到底有沒有洗乾淨，房間太暗女生化妝有點不方便，網路略弱，跑得很慢,0,1,0,0,0,0,0,3,0,0,0,0,3
浴室的洗面台太低（我本人165公分），使用時很容易腰痠背痛，洗面台水龍頭的出水量很夠，但水槽不夠深水很容易濺出來，加上沖澡間的玻璃門做的不夠防水，只要洗完臉跟澡，地上就會很濕滑。另外浴室內的電燈會透出來，在裡面洗澡會有隱私上問題，外面要就寢的也會被浴室透出來的燈光影響到，浴室真的是這家酒店最需要改善的地方,0,1,0,0,0,0,0,3,0,0,0,0,3
浴室的洗髮精只剩下一點點擠不出來?希望房務人員可以注意補充！，雖然知道是舊旅館翻新，但多處壁紙都已經掀開看起來不太整潔，房間多處平面也都有灰塵未能擦拭，希望清潔可以再加強，謝謝。,1,1,1,0,0,0,3,3,3,0,0,0,3
浴室的浴缸，有一處洗髮精殘留物，沒有清乾淨。不知道是不是上一個房客留的，不過希望下次可以改善,1,1,0,0,0,0,3,3,0,0,0,0,3
浴室的浴缸和排水孔的設計。 水一定會噴出來然後排水口還在高處每次洗澡必淹水。 房務打掃品質不一致，第一天的很糟最後一天的很好。,0,1,1,0,0,0,0,3,3,0,0,0,3
浴室的淋浴水勁強大，水溫恆定，但排水較慢，如淋浴太久則會有微積水的狀況。,0,1,0,0,0,0,0,3,0,0,0,0,3
浴室的淋浴門無法完全關閉。只要洗澡時水就會淹出來到馬桶前面。浴室總是濕濕的。,0,1,0,0,0,0,0,3,0,0,0,0,3
浴室的熱水不夠熱，這次入住10樓，同樓的房客很嗨，開關門都蹦一聲,0,1,0,0,0,1,0,3,0,0,0,3,3
浴室的蓮蓬頭水管裂開，水噴的到處都是，但服務人員能立即處理修繕完畢，給予高度的評價,0,1,1,0,0,0,0,3,1,0,0,0,1
浴室的設施需不定期維護，我們住宿的222房浴室地板有滲水，也不知道是哪裡滲入的,0,1,0,0,0,0,0,3,0,0,0,0,3
浴室的設計稍微比較差，若要泡澡要淋浴完才能放水泡澡，這樣等的時間蠻好的，所以都放棄泡澡，另外淋浴時的水也都會濺到外面，整間都濕濕的,0,1,0,0,0,0,0,3,0,0,0,0,3
浴室的部分沒有門鎖，門也沒有完全阻隔起來，能理解是要通風，但對我來說稍微沒有安全感,0,1,0,0,0,0,0,3,0,0,0,0,3
浴室的鏡子若有燈光會更好，化妝看不到臉，電視無法切換頻道，疑似MOD壞掉，隔音略差，又遇到有愛尖叫哭鬧的小孩及愛大聲吵架的鄰居，走廊動靜全聽得到，會受幹擾,0,1,0,0,0,1,0,3,0,0,0,3,3
浴室的鐵架有點高，外面都看的到上面放的東西，最上層不太容易拿取,0,1,0,0,0,0,0,3,0,0,0,0,3
浴室的門不能上鎖，而且門跟天花板有至少20公分的距離，在房間內可以清楚聽到廁所的聲音，洗澡和上廁所時會吵到別人。,0,1,0,0,0,0,0,3,0,0,0,3,3
浴室的門有點難拉合上，要出點力把門拉上，分配到有浴缸的房間，需站在浴缸中洗澡，浴缸有點高 入浴或是出浴都要小心翼翼跨出浴缸，生怕一個腳滑跌倒(比較不適合行動不便的人或是老人家)，希望是能用到沒浴缸型的浴室，空間讓人有點迷路 第一次找房間繞了一圈，冷氣有點冷，冷氣風一直吹床頭,0,1,0,0,0,0,0,3,0,0,0,0,3
浴室的門沒有到頂， 所以浴室的燈會照到旁邊床位睡覺人的眼睛， 會吵醒,0,1,0,0,0,0,0,3,0,0,0,0,3
浴室的門無法完全關的密合，洗澡時水會濺出浴室外，不過幸好沒有影響太多,0,1,0,0,0,0,0,3,0,0,0,0,3
浴室的門無法緊閉，導致洗澡後水外流很多，早上5點後可能因為廚房開始工作，啟動相關設備後，產生轟轟的聲音傳至房間，無法入眠,0,1,0,0,0,1,0,3,0,0,0,3,3
浴室的門總是沒辦法完全閉合，洗完外面都會有水流出去，有點可惜，但其他都很棒！,0,1,0,0,0,1,0,3,0,0,0,1,1
其他都很棒！,0,0,0,0,0,1,0,0,0,0,0,1,1
浴室的防水設備處理的不好，蓮蓬頭沖澡的時候，水會噴到外面，地板很滑好幾次都差點跌倒,0,1,0,0,0,0,0,3,0,0,0,0,3
浴室真的太小，第一次住過那麼小間的，進去的時候很容易碰到門的手把，上廁所還要學會飛簷走壁，適合身材比較瘦小的房客，整個房間的空間對於身材比較高大的房客很不友善。,0,1,0,0,0,0,0,3,0,0,0,0,3
浴室空間太小，出浴室要留出開門半徑，可容身的地方太小，以致手腳都被門敲到數次,0,1,0,0,0,0,0,3,0,0,0,0,3
浴室空間舒服 ，水溫水壓舒適 ，房間整潔度不錯 ，地理位置非常方便 。,1,1,0,1,0,0,1,1,0,1,0,0,1
浴室簾子不要這麼透明會更好，跟剛認識的同事一間，真的很尷尬。,0,1,0,0,0,0,0,3,0,0,0,0,3
浴室美中不足的地方，沒有乾濕分離，沐浴完之後整個地板溼答答的，不是非常舒服,0,1,0,0,0,0,0,3,0,0,0,0,3
浴室與廁所是用透明玻璃隔開的，雖然視覺上比較寬敞，但很沒隱私感,0,1,0,0,0,0,0,3,0,0,0,0,3
浴室與廁所隔間全是玻璃，又無明顯標示，玻璃又太乾淨了。很容易一頭撞上,1,1,0,0,0,0,1,3,0,0,0,0,3
浴室與房間沒完全隔離，洗澡時房間冷氣一直進來，洗澡的沐浴乳是奇怪的藥味,0,1,0,0,0,0,0,3,0,0,0,0,3
浴室蓮蓬頭位置不適，浴室門關不合，很大的門縫，地板髒，空間太窄，行李無處放，早餐不怎麼樣，咖啡機的咖啡根本不合口味，濃縮， 一般咖啡,1,1,1,0,0,0,3,3,3,0,0,0,3
浴室蓮蓬頭冷水水量較小，最近疫情關係，早餐都是單點。送上來時是冷的，沙拉盤內的水果塊不太新鮮,0,1,1,0,0,0,0,3,3,0,0,0,3
浴室蓮蓬頭旁沒有可以放東西的小架子，沐浴乳和洗髮精都是一包一包的小包裝，打開沒地方放有點困擾，放地上一不小心打翻了就沒了，不小心踩到還差點滑倒。，電視盒掛在電視螢幕上，沒固定好，有時候看到一半還要跑去前面喬電視盒讓它不要擋住電視,0,1,0,0,0,0,0,3,0,0,0,0,3
浴室蓮蓬頭水壓很強，這給過；吹風機風力尚可、給過，很舒服,0,1,0,0,0,0,0,1,0,0,0,0,1
唯有房間的電視略小覺得可以改進,0,1,0,0,0,0,0,3,0,0,0,0,3
浴室蓮蓬頭水溫有時會忽冷忽熱（但基本上還是可以順利洗澡沒問題）,0,1,0,0,0,0,0,2,0,0,0,0,2
浴室裡無置物空間（例如掛鉤掛盥洗用品、化妝包），淋浴間裡無置物小架子小平臺（旅客自備的洗面乳、洗髮精潤髮乳等無處放只能放地上）,0,1,0,0,0,0,0,3,0,0,0,0,3
浴室裡面乾濕分離的門壞掉，水會一直流到外面乾的那一區，地上就會很濕，需要在維修,0,1,0,0,0,0,0,3,0,0,0,0,3
浴室裡面的乾濕分離可以改進 ，洗完澡地板也會有一攤水，對洗完澡沒發現地上有水的人來說有點危險，非常容易跌倒,0,1,0,0,0,0,0,3,0,0,0,0,3
浴室設計不佳，隔音不佳，整晚都聽到水流聲，隔壁敲門聲，餐廳喧譁聲?(540房),0,1,0,0,0,0,0,3,0,0,0,0,3
浴室設計不良，淋浴時水會把地板都弄濕；早餐實在不怎樣菜色不多，電梯太小數量太少，都要等；飯店房間數相當多，但是服務及硬體設施沒跟上；以價格來看我會選擇臺北車站附近的平價連鎖旅店,0,1,1,0,1,0,0,3,3,0,3,0,3
浴室設計必須站在浴缸裡洗澡。浴室及房間高度一樣，也沒有門檻；一開始不知道要站在浴缸洗，差點釀水災。浴室門設計無法密合及上鎖。四人房訂單中沒註明早餐只有2位大人有，還需補孩子早餐費。,0,1,1,0,0,0,0,3,3,0,0,0,3
浴室設計有點特別，導致再怎麼小心，水都會漫到浴缸外。隔音算差，隔壁孩子叫聲或樓上有奔跑的腳步聲都蠻清楚的。,0,1,0,0,0,0,0,3,0,0,0,0,3
浴室設計極差、浴室與房間居然沒有門檻，導致淋浴完才驚覺水已經淹滿房間走道，非常危險,0,1,0,0,0,0,0,3,0,0,0,0,3
浴室設計有問題，淋浴沒有遮擋，洗個澡再注意也會弄濕一大片浴室的地面；房間內居然沒有書桌？,0,1,0,0,0,0,0,3,0,0,0,0,3
浴室超級大！很滿意！還有地理環境，在臺北車站附近，去哪裡都挺方便的。,0,1,0,1,0,0,0,1,0,1,0,0,1
浴室跟外面走道沒有做擋板，會導致洗澡時水會流到外面。這是希望能夠改善的地方！,0,1,0,0,0,0,0,3,0,0,0,0,3
浴室跟玄關共用一片地板，地面沒有門檻就算了，浴缸旁也沒掛浴簾，我已經很小心的沖水，但水還是噴濺出去，不知不覺地上的水就蔓延到玄關去了，趕緊聯繫房務幫忙清理，服務很快，也補了新的浴巾。入住當天跟其他學校畢旅的學生同樓層，晚上學生一職喧鬧到三經半夜才休息。,0,1,1,0,0,1,0,3,1,0,0,3,3
浴室還是很容易積水，馬桶沒有省水裝置，只有一種模式，隔音很差，可以聽到走道人的交談聲和隔壁間的交談聲。,0,1,0,0,0,0,0,3,0,0,0,0,3
浴室裡的布簾有一點點黴味，可能是天氣比較潮濕所至。隔音不太好，可能是門縫較大的原因。,0,1,0,0,0,0,0,3,0,0,0,0,3
浴室門是壞的，淋浴間門也關不緊有故障，一樓靠近吧檯有一種味道怪怪的，大廳也有,1,1,0,0,0,0,3,3,0,0,0,0,3
浴室門防撞設計可以再加強，關門比較不會「碰」一聲這麼大的聲音,0,1,0,0,0,0,0,3,0,0,0,0,3
浴室雖有乾濕分離，但隔開淋浴的玻璃門似乎無法防止水潑出去，導致放置在玻璃門前的地墊也會濕掉，走廊香水味道很～重，在嗅覺疲勞之前會感覺太濃了，很不舒服,1,1,0,0,0,0,3,3,0,0,0,0,3
浴室雖為無障礙空間，但門無法緊閉，且門側邊縫隙較大，淋浴時導致水會噴到門外,0,1,0,0,0,0,0,3,0,0,0,0,3
浴室雖然不小，但能放衣物或私人用品的空間不多，雖然早餐味道不錯，但疫情期間改用套餐沒有自助餐，感覺選擇還是少了點,0,1,1,0,0,0,0,3,3,0,0,0,3
浴室雖然乾濕分離，但是分隔的門關不緊還是會很容易把水噴到外面,0,1,0,0,0,0,0,3,0,0,0,0,3
浴室雖然乾濕分離了，不過浴室門難以密合，一開始沒注意結果外面濕一片，用力關好後差點讓自己出不來！,0,1,0,0,0,0,0,3,0,0,0,0,3
浴室雖然是乾濕分離，但是密合度差，外面的地板仍弄濕一片。房間稍小，但乾淨整潔。,1,1,0,0,0,0,1,3,0,0,0,0,3
浴室需站在浴缸洗，整個水都溢到房間了，防水要再加強，萬一滑倒就不好了。,0,1,0,0,0,0,0,3,0,0,0,0,3
浴室需要更多止滑的地墊，原本房間只會附一條地墊和止滑墊。浴室的地板又是磁磚，一沒注意就會滑倒。這個有待改進。,0,1,0,0,0,0,0,3,0,0,0,0,3
浴室非常乾淨舒適，門後也有雙面磁鐵，可以告知房務人員是否要清潔，整體來說不錯。,1,1,0,0,0,1,1,1,0,0,0,1,1
整體來說不錯,0,0,0,0,0,1,0,0,0,0,0,1,1
浴室非常好， 設計和設備都很好。走廊和房間設計時尚。雙人床非常大(是由兩張很闊的單人床合成)， 睡起來好寬敞和舒適。每人有兩個枕頭， 不同軟硬度。包的早餐都算豐富和足夠吃飽。位置近高雄車站， 但由於車站外有工程要繞路， 車站又無西面或西北面的出口， 所以走過來的路程都不短。不過以這非常優惠的價格， 加上房間的舒適度， 走遠一點點也無所謂了。,1,1,1,1,1,0,1,1,1,3,1,0,1
浴室馬桶剛入住便有頭髮，淋浴間門板方向會使水柱將其沖開，喪失乾濕分離意義，雙人床是兩張單人併，中間縫隙不太舒適,1,1,0,0,0,0,3,3,0,0,0,0,3
浴室馬桶旁有菸灰，但因為入住時間較晚，所以房務人員已下班，得到回應要如需幫忙清潔要半小時後。房間再次踏入好像有個黴味，可是一開始入房間沒有聞到，所以就沒有詢問櫃臺。,1,0,1,0,0,0,3,0,3,0,0,0,3
浴巾尚未取用就發現有體毛明顯殘留，想用手取下卻完全卡死在浴巾纖維裡，直接被拔斷...完全不想使用那條浴巾。,0,1,0,0,0,0,0,3,0,0,0,0,3
浴廁空間有點擁擠，地板磁磚和牆壁是一樣的材質，容易滑倒；浴廁的門牆是透明玻璃的，如果不是親密的人出遊入住，會覺得不便或沒有隱私。,0,1,0,0,0,0,0,3,0,0,0,0,3
浴缸冷水龍頭老舊鬆脫，轉一下掉下來砸到我老婆的腳趾，瘀青一塊!房號707,0,1,0,0,0,0,0,3,0,0,0,0,3
浴缸和淋浴水壓明顯不足，感覺是熱水部分很弱，加上蓮蓬頭是小支的，連住兩晚 水都沒強過，比家裡還難洗,0,1,0,0,0,0,0,3,0,0,0,0,3
浴缸在使用前發現捲曲的陰毛，我確定不是我的。本來想要開心泡澡，頓時念頭全消。建議房務打掃時，可能須再仔細點,1,0,1,0,0,0,3,0,3,0,0,0,3
浴缸很大，床也是很大舒適，停車位不多，但是願意吸收停車費很貼心,0,1,1,0,0,0,0,3,3,0,0,0,3
浴缸沒有浴簾，沐浴時水會大量濺到浴室地板，雖有止滑墊，但大面積部份仍然是濕答答的，實在美中不足,0,1,0,0,0,0,0,3,0,0,0,0,3
浴缸沒有門擋，淋浴水會噴到外面！！ 結果整個廁所地板都是濕的！！,0,1,0,0,0,0,0,3,0,0,0,0,3
浴缸無法有效儲水，按壓式的塞子會漏水，分離式衛浴的門無法密合，會有些水跑出去，床頭插座位置太隱藏，孔位太少,0,1,0,0,0,0,0,3,0,0,0,0,3
浴缸的水放久不夠熱，小孩要泡澡浴缸的水變一邊很冰一邊是溫的，只好泡沒多久趕緊起身，浴室地板很滑真的要很小心的走,0,1,0,0,0,0,0,3,0,0,0,0,3
浴缸的水龍頭標示可以清楚一點，開了水才發現原來上面那個水龍頭是控制出水的地方，導致浴缸外面都濕了,0,1,0,0,0,0,0,3,0,0,0,0,3
浴缸的水龍頭疑似生鏽，出水微黃，安排的房間似乎在機房附近，所以會有馬達聲,0,1,0,0,0,0,0,3,0,0,0,0,3
浴缸跟床真的太舒服了，所有一切都很美妙跟夢一樣美；但沒吃到2樓點心吧有點可惜！下次還會回訪的！,0,1,0,0,0,1,0,1,0,0,0,1,1
下次還會回訪的！以後會再來,0,0,0,0,0,1,0,0,0,0,0,1,1
海景房景觀很好，可以欣賞愛河美景，早餐樣式豐富又好吃，附贈迎賓飲料和鳳梨酥很貼心，浴室很寬敞,0,1,1,1,0,0,0,1,1,1,0,0,1
消毒鍋沒有烘乾功能、我們4大1嬰兒被安排在走廊最後一間，房間有點太小間，走道很擠,0,1,0,0,0,0,0,3,0,0,0,0,3
淋浴室門無法緊閉，洗個澡洗手間地上都是水。電視前的小桌子有點多餘，走動時常會撞到,0,1,0,0,0,0,0,3,0,0,0,0,3
淋浴水壓非常大，洗澡很舒服，如果蓮蓬頭架是可以調高低角度的就更好了,0,1,0,0,0,0,0,1,0,0,0,0,1
淋浴熱水稍微不穩定。如果有浴缸的房型能給兩片吸水地墊會更好，不用一片地墊兩頭用。,0,1,0,0,0,0,0,3,0,0,0,0,3
淋浴的導水系統沒規劃好，會整間浴室地板都溼答答，水太多還會有可能流到房間的地板,0,1,0,0,0,0,0,3,0,0,0,0,3
淋浴的熱水超快熱，而且很穩定超棒的，離西門捷運站3、4號出口超級近，以後會再來。,0,1,0,1,0,0,0,1,0,1,0,0,1
淋浴的門不太密合，水會濺出去，掛衣服的位置設計有點奇怪會擋到桌子，吹風機是普通那種掛壁式但可以不用一直壓開關,0,1,0,0,0,0,0,3,0,0,0,0,3
淋浴空間太小了，對於要幫小孩洗澡的客人會不方便；另外床不是獨立筒的，有人翻身就大家一起搖晃，睡不太習慣。,0,1,0,0,0,0,0,3,0,0,0,0,3
淋浴空間的地板太滑。浴缸裏的水太小泡澡等很久。中式早餐餐盒內容少了一點。,0,1,1,0,0,0,0,3,3,0,0,0,3
淋浴蓮蓬頭的水流量有點小，即使住3樓還是感覺水壓不足。離捷運市議會站有段距離。附近餐飲店不多。,0,1,0,1,0,0,0,3,0,3,0,0,3
淋浴設備在浴缸上，但是旁邊沒有浴簾，所以沖澡時地上都噴濕了，而且因為浴室門是拉門式的，水都會流出浴室導致玄關的地方會濕答答,0,1,0,0,0,0,0,3,0,0,0,0,3
淋浴設施非常方便，地理位置方便易找，淩晨到達臺北車站只須數分鐘就到達旅館,0,1,0,1,0,0,0,1,0,1,0,0,1
淋浴跟浴缸一起的設計，一般都是用浴簾，比較方便進出使用，不過這間旅店用的是玻璃門，只有半邊可以開，不是很方便。明明有關好門，淋浴完踩到腳踏墊卻都是濕的，水不知道從哪裡滲出來的。,0,1,0,0,0,0,0,3,0,0,0,0,3
淋浴間靠近地面的縫縫會流水出來，地上會很濕，早餐的部分入住前已經確認時間跟餐點，隔天早上下去拿，結果被告知沒有登記到。,0,1,1,0,0,0,0,3,3,0,0,0,3
淋浴間不密合會漏出來到外面，沒有排水孔容易積水，浴缸水龍頭水量很小熱水不太熱，蓮蓬頭會漏水到地面?易滑，浴室真的需要大大改善,0,1,0,0,0,0,0,3,0,0,0,0,3
淋浴間內蓮蓬頭與水龍頭的轉換按鈕太緊了，不好拉拔。希望能有兩張單人床的兩人房房型選擇。,0,1,0,0,0,0,0,3,0,0,0,0,3
淋浴間只有半塊玻璃阻隔，洗澡時很容易弄濕。?所的門柄鬆脫，像快要掉出來。,0,1,0,0,0,0,0,3,0,0,0,0,3
淋浴間容易灑水出去，設計頗怪，然後家庭房都對內窗，還有一層樓戶數非常多，自然就比較吵雜,0,1,0,0,0,1,0,3,0,0,0,3,3
淋浴間有點小，但沒什麼問題，電視頻道以長輩喜歡的電視台、新聞和一些很台的卡通為主，比較少歐美兒童節目，青少年可能會稍嫌無聊,0,1,0,0,0,0,0,3,0,0,0,0,3
淋浴間有點小；水壓不足，以致洗澡時水忽冷忽熱、忽大忽小；隔音非常不好，對於比較注重隔音的住宿者而言，這點要慎重考慮。,0,1,0,0,0,0,0,3,0,0,0,0,3
淋浴間水很容易跑出來，全透明的浴室比較沒有隱私，上廁所也會有些不自在,0,1,0,0,0,0,0,3,0,0,0,0,3
淋浴間水會跑出來，隔水處理不佳，當初選無窗，以為是真的沒窗，結果是有透明的玻璃設在那裡，對於一個會對光敏感的人，竟然沒有窗簾可拉，真的沒法睡到自然醒,0,1,0,0,0,0,0,3,0,0,0,0,3
淋浴間水溫不穩定，半夜空調突然停掉被熱醒，電視節目頻道選擇太少,0,1,0,0,0,0,0,3,0,0,0,0,3
淋浴間的乾濕分離沒有很好，淋浴完之後水會順著浴缸扶手往外滴，洗手台前地板會比較濕，網路訊號不穩定，時常斷線，冰箱的溫度不夠低(但堪用，冰飲料尚可)，寶特瓶沒辦法站著，要躺著冰，所以手搖如果插吸管會沒辦法冰進去,0,1,0,0,0,0,0,3,0,0,0,0,3
淋浴間的拉門是垂直的兩扇，比較沒那麼好的乾濕分離效果，毛巾可以再加強烘乾，依稀還有點濕氣味,0,1,0,0,0,0,0,3,0,0,0,0,3
淋浴間的排水不是很好，不過只住一天還算可以忍受就沒有當下反應了。退房前在意見表反應之後，隔天馬上收到email回覆告知排水問題的原因和他們所做的處置，非常有誠意！,0,1,1,0,0,0,0,3,1,0,0,0,1
淋浴間的水容易滲出外面，阻擋效果不佳，住過不同房間都有這個問題,0,1,0,0,0,0,0,3,0,0,0,0,3
淋浴間的空間太小。沐浴乳OK，但是可為不習慣用沐浴乳的旅客，準備肥皂。,0,1,0,0,0,0,0,3,0,0,0,0,3
淋浴間的門網內開，若淋浴暈倒壓住門外人難以救援。淋浴水龍頭留下前住客的頭髮，直到第三天才清除，清潔不夠仔細。,1,1,1,0,0,0,3,3,3,0,0,0,3
淋浴間稍顯窄小，停車場指引的順序不理想，被告知入住當天到櫃檯確認車位，但是沒有旅店門口臨停車位，所以會造成旅店門口交通混亂。建議提早告知停車位置，省去先到櫃檯確認車位此步驟。,0,1,1,0,0,0,0,3,3,0,0,0,3
淋浴間空間過小，房間放東西桌面少，導致包包只能放地上，房間附設桌子空間小，無法用餐,0,1,0,0,0,0,0,3,0,0,0,0,3
淋浴間蓮蓬頭出水口需保養、房間踢腳板棉絮有點厚。房內緊急用手電筒沒電！,0,1,0,0,0,0,0,3,0,0,0,0,3
淋浴間裡容易聞到像是久未清理的積水的異味。旅館也沒有提供腳踏墊，為避免打溼廁所和洗臉台的地板，只得拿用過的浴巾緩一緩了。,1,1,0,0,0,0,3,3,0,0,0,0,3
淋浴間隙縫等等多處有污垢，桌面設計窄，放置東西不便，消毒鍋雖乾淨但有悶臭味,1,1,0,0,0,0,3,3,0,0,0,0,3
淋浴間雖然是乾濕分離，洗澡時玻璃門也是關緊的，但一打開門整個水淹到馬桶地板都是，而且廁所跟外面地板也完全沒有隔，差點整個房間都要淹水了，還要自己把水弄乾，不然會滑倒,0,1,0,0,0,0,0,3,0,0,0,0,3
淋浴間雖然有玻璃門，但是底部的擋水條縫隙仍會透水漏至廁所。若是門底的擋水條是L型的應該會好一些。,0,1,0,0,0,0,0,3,0,0,0,0,3
深夜有提供泡麵，很喜歡自助式冷飲，奶茶好喝，很平價，離車站近，旁邊有肯德基和麥當勞，很棒！,0,0,1,1,0,0,0,0,1,1,0,0,1
混合住宿的廁所，空間稍小，提供的馬桶?生紙不是很好，垃圾桶應使用有蓋子的。,0,1,0,0,0,0,0,3,0,0,0,0,3
淺見而已：覺得中式早餐是中式和日式夾雜，鹽烤鯖魚和豆腐是日式配菜，炒蛋加的是奶油又變得西式，更期待純中式的早餐,0,0,1,0,0,0,0,0,2,0,0,0,2
清潔不淨，第一天飯店已經協助換房，但第二天還是在衣櫃裡拿衣服時，看到又有小蟑螂。切床頭背板老舊掉漆。早餐碗盤都黏黏，餐點不好吃,1,1,1,0,0,0,3,3,3,0,0,0,3
清潔乾淨，去游泳池玩水有提供基本的浴巾淋浴設備和免費置物櫃、脫水機、吹風機。,1,1,0,0,0,0,1,1,0,0,0,0,1
清潔人員很用心，下午櫃檯人員很親切，早餐服務人員棒棒,0,0,1,0,0,0,0,0,1,0,0,0,1
清潔人員打掃後廁仍有煙灰，整個廁所都是煙味，但是但是整體來說還是掃的很乾淨。,1,0,0,0,0,0,3,0,0,0,0,0,3
清潔人員服務好。早餐選項不多，但味道好，補菜快。交通超級方便。,0,0,1,1,0,0,0,0,1,1,0,0,1
清潔待加強入住當天，整理好的床單上女生頭髮頗多，馬桶有一點尿漬，床偏硬（個人還可以接受），枕頭也偏硬,1,1,0,0,0,0,3,3,0,0,0,0,3
清潔度可能需要加強，第一晚安排的房間很臭不是煙味不知道是什麼臭味。後來換樓層後好很多。只是廁所的浴巾都又舊又破，但是便宜的商旅也就認了。,1,1,0,0,0,0,3,3,0,0,0,0,3
清潔度需再加強 ，中午訂了飯店西餐，服務人員帶領我們入座，沙發椅髒髒的，有些殘渣，桌面也都霧霧的，隔天早餐的座椅也是，二樓中餐廳乾淨多了 ，入住時，發現房間內的浴缸很髒，雖然是浴缸外圍，但觀感不佳，髒汙真的很明顯，隔天有請房務人員清理過了，很乾淨！謝謝你們 ，不好意思，我個人對於環境的清潔度很在意，囉嗦了幾句,1,1,1,0,0,0,3,3,1,0,0,0,3
清潔度需改善，住宿竟然地板有酒瓶蓋的鐵圈，如果沒注意到，會導致在房間如果赤腳會被割傷，窗簾拉開竟然窗戶下有一個放了許久有灰塵的礦泉水寶特瓶，連續住兩天早餐沒啥改變，滑蛋裡還有蛋殼，如果改善會更好,1,0,1,0,0,0,3,0,3,0,0,0,3
清潔房間時，應更換新的毛巾，但清潔人員只是把使用過的毛巾在摺好放回原處,0,0,1,0,0,0,0,0,3,0,0,0,3
清潔打掃待改進，有點噁心 ，廁所的洗臉檯上有他人頭髮，沒打掃乾淨,1,0,1,0,0,0,3,0,3,0,0,0,3
清潔未作確實，馬桶打開都是頭髮，冰箱還遺留上個客人的食物，快煮壺也是,1,0,1,0,0,0,3,0,3,0,0,0,3
清潔用品沒有附洗手乳或肥皂，沒有衣架，隔音有點差，置物架有點少希望至少多幾張椅子,0,1,0,0,0,0,0,3,0,0,0,0,3
港景房型窗外的風景很棒，免治馬桶很不錯~還有付送四杯免費的飲料讚讚~,0,0,1,1,0,0,0,0,1,1,0,0,1
港景真的很優美，房間的寢具很好睡，舒服到讓人不想起床，附近就有Ubike，騎腳踏車到駁二特區很近。服務也很親切有禮，雖然是有年紀的飯店但整體維持得很好，隔音也很好，很推薦！,0,1,1,1,0,1,0,1,1,1,0,1,1
整體維持得很好,0,0,0,0,0,1,0,0,0,0,0,1,1
游泳池不太適合小朋友、早餐是屬於點主餐的方式，雖然可以重複點餐但副菜都是一樣的，對於不想浪費的人真的負荷太大！，因為住兩晚發現早餐菜色很豐盛但幾乎沒有變化?,0,1,1,0,0,0,0,3,3,0,0,0,3
游泳池開放時間僅到晚上7點，而且位在一樓人行道旁，沒有隱私。浴室門可透光，會影響睡眠，又浴室電燈跟抽風設備是共同步，關燈後抽風也停止。附近沒有店面，捷運站也有段距離，需要交通工具。,0,1,0,1,0,0,0,3,0,3,0,0,3
游泳池開放時間希望可以延長，不然只住一天的旅客不太容易使用到,0,1,0,0,0,0,0,3,0,0,0,0,3
游泳池雖小，但位置在頂樓，天氣晴朗能見好風景，整體設備充足，人員親切,0,1,1,0,0,0,0,1,1,0,0,0,1
濕氣比較大，環境中有點味道，燈光太暗，早晨太甜，什麼東西吃完後味都偏甜,1,1,1,0,0,0,3,3,3,0,0,0,3
溫度舒適，環境整潔，地點方便(樓下五分鐘有7-11)，服務親切,1,1,1,1,0,0,1,1,1,1,0,0,1
溫馨且周到的服務，高CP值，有藍光電影可以看，房間雖小但該有的都有,0,1,1,0,1,0,0,1,1,0,1,0,1
溫馨體貼的服務，舒服的房間，很棒棒的桑拿，好吃的早餐~值得再次拜訪喔！,1,0,1,0,0,0,1,0,1,0,0,0,1
滷肉飯好吃，外國人一直看但不敢撈，覺得可以加個食物介紹看板，宣揚一下本國美食~,0,0,1,0,0,0,0,0,1,0,0,0,1
滿意的地方很多，服務人員態度好，防疫措施也認真做到位，設備時髦又新穎。乾淨度夠，接駁服務也很讚！早餐好吃！????,1,1,1,0,0,0,1,1,1,0,0,0,1
滿意被安排到有窗戶的房間，由於是比較高級的房間，整體感覺也不錯，舒適的。地點也算蠻方便，一幢式的飯店安全感更高。飯堂是開放的，長時間有茶或咖啡的飲料機可使用。,1,1,1,1,0,1,1,1,1,1,0,0,1
滿懷期待入住，結果櫃檯人員告知免費升級房型，實在是太讓人開心了～～～，服務態度很好，房間很乾淨枕頭跟床都很棒,1,1,1,0,0,0,1,1,1,0,0,0,1
滿足旅客想要安靜的需求，有特別安排邊間跟準備耳塞使用，讓我這次能一夜好眠,0,0,1,0,0,0,0,0,1,0,0,0,1
濕氣重，因?浴室對房間的門沒有全封，讓房間濕度增加，造成過敏，環境塵埃多，從手機的鏡面看得出來，造成一家三口過敏症狀出現，我們提早一天退房，但不能退款,1,1,1,0,0,0,3,3,3,0,0,0,3
火車站對面、新光三越裡面居然可以有這麼大間的房間，即便沒有窗戶，但是有獨立衛浴，一晚只要1000塊，非常划算。,0,1,0,1,1,0,0,1,0,1,1,0,1
火車站後面，搭火車去集集線方便，附近有一個大型商場。有洗衣機和乾衣機免費使用，網路速度快。價格合理。,0,1,0,1,1,0,0,1,0,1,1,0,1
燈光很暗，浴池不乾淨，早餐一般，感覺更像高檔商務酒店，而非標準主流的星級酒店,0,1,1,0,0,1,0,3,2,0,0,2,3
為什麼清潔人員會開我們房門，哪間沒退房櫃檯不會告知嗎？我住過7、8次從來沒有這個問題，這次讓我很驚訝居然這樣,0,0,1,0,0,0,0,0,3,0,0,0,3
為什麼隔壁講電話吹衣服要把房門打開，全世界都知道她是廣東人，在跟她男友聊天了,0,0,0,0,0,1,0,0,0,0,0,3,3
"為我辦理入住的櫃台先生， 從辦理入住到退房感覺都很""不親切""一直板著臉， 負責收錢， 對住宿介紹一樣都沒有！ 讓我對旅宿扣了不少分。因為5:30才能入住，於是我必須帶著孩童到附近溜搭。但，待我們辦理入住完下一 組住房辦理入住，另一位櫃檯員卻告知有打卡可提早入住活動。 讓在一旁等候電梯的我們感覺非常錯愕！ 或許服務人員有喜怒哀樂的權利， 但飯店活動應該宣導給""每一位房客""，這應該是基本服務觀念！",0,0,1,0,0,0,0,0,3,0,0,0,3
為朋友辦個小生日會，沒想到酒店細心的自帶驚喜，在這裡感謝水京棧國際酒店的用心。住房舒適，設備一應俱全，服務人員不管是接待或客服態度皆讓人有印象深刻的親切感。早餐的部分於本次體驗相當滿意，雖然行程安排上不能停留太久所以只吃了幾道自助式餐點以及主餐，但直到離開後仍會想一再回味。,1,1,1,0,0,0,1,1,1,0,0,0,1
烘衣機2台故障，洗衣機有一台脫水功能似乎沒有效果，烘衣機有一台都沒有熱風，房間內地上有頭髮,0,1,0,0,0,0,0,3,0,0,0,0,3
烘衣機的數量不足，只有三台可以運作，等候排隊時間太久，很多人烘完丟著不拿出來，等到人來又繼續烘第二輪，一個晚上一台可能只有兩～三個人能夠用到。幸好後來Google到附近走5分鐘的自助洗衣店烘衣服，花二十元，不到 20分鐘就烘乾了。,0,1,0,1,0,0,0,3,0,1,0,0,3
無停車空間，停車位子找很久，房間整潔度馬桶刷不乾淨，一進房馬桶不乾淨，木板牆邊隔間，隔壁關門聽的很清楚，枕頭太軟了，軟到躺下去跟沒躺一樣,1,1,0,1,0,0,3,3,0,3,0,0,3
無傷大雅的小缺點：可能上位房客口罩不小心掉在床旁邊的置物小櫃的縫隙內，真的極難發現的位子，也是無意間洗手時透過鏡子看到的～ 下次注意房內各個縫隙就ok了,0,0,1,0,0,0,0,0,2,0,0,0,2
無專門寄放行李的位置，叫顧客放在走廊上，感覺行李遺失的風險很高，不適合寄放行李,0,1,1,0,0,0,0,3,3,0,0,0,3
無提供早餐；房間的壁紙有明顯磨損的痕跡，鄰近浴室的地毯亦有滲水痕跡，可見旅館較為老舊,0,1,1,0,0,0,0,3,3,0,0,0,3
提供自助式洗衣烘乾機設備，給旅人貼心的服務， 大廳的咖啡很好喝，乾淨舒適的衛浴設備。,1,1,1,0,0,0,1,1,1,0,0,0,1
無早餐，可能鎖定客群是來去匆匆的背包客，隔間多且龍蛇混雜。牆有點薄，隔壁聲音微微聽得到，尤其是關門聲，某些房間格局是無窗的及架高地板，應在訂房選項上標示清楚！唯獨熱水器很難控制不是太冷就是太燙令人無法接受！,0,1,1,0,0,0,0,3,3,0,0,0,3
無早餐，地點很好，附近有多家超商及餐廳也有新光三越 ，房間設備不錯，價格親民。,0,1,1,1,1,0,0,1,2,1,1,0,1
無法事先預約停車~ 車子必須先臨停在飯店前， 並停在車流眾多的紅線上，去取停車場鑰匙，安全考量上比較不佳,0,0,1,1,0,1,0,0,3,3,0,3,3
無法使用國旅與熊好卷，但收五倍卷。想吃宵夜，需走到西門町，不然叫外送！,0,0,0,1,0,0,0,0,0,1,0,0,0
無法理解漱洗的洗手台，為何設置在浴室外？想像躺在床上，直視眼前的鏡面+洗手台+備品，這感覺…聯繫櫃檯後，很幸運！有顧慮遊客觀感，未已客滿為藉口，立馬為我們換房。,0,1,1,0,0,0,0,3,1,0,0,0,1
無論是到臺北車站或西門町都很方便，當天入住有幫我們升級房間，房間有很多插座超方便，行李可免費寄放,0,1,1,1,0,0,0,1,1,1,0,0,1
無限量供應好吃的餅乾(好吃很重要)及飲料、水。大投影幕看HBO ，房卡包設計很用心,0,1,1,0,0,0,0,1,1,0,0,0,1
無障礙房間的洗手間座廁沒有蓋版，雖然瞭解到是受制於無障礙房間的設備，若果有自動打開的蓋版就解決了這個問題，現在衛生意識真的很重要呢！,0,1,0,0,0,0,0,3,0,0,0,0,3
煙味較重(個人鼻子對菸味較敏感)，內部裝潢走深色系，給人較沉重感覺,1,1,0,0,0,0,3,3,0,0,0,0,3
熱水快水量強，可寄存行李，床很舒服好睡，床頭兩邊都有櫃子可置物,0,1,1,0,0,0,0,1,1,0,0,0,1
熱水忽冷忽熱，退房才反應櫃台 ，但是櫃台處理得宜，下次會再入住,0,1,1,0,0,0,0,3,1,0,0,0,1
熱水忽冷忽熱，會突然超級熱到被燙到，沒辦法好好洗個澡，房間沒有提供暖氣，寒流來房間內滿冷的,0,1,0,0,0,0,0,3,0,0,0,0,3
熱水水壓很弱，冷水是正常，吹風機雖然不用到太好，但這真的是用過以來最小隻風力最弱的，對長髮女生來說，吹的很辛苦,0,1,0,0,0,0,0,3,0,0,0,0,3
熱水聲音太吵，四人房空間偏小放行李不太夠，不過房價便宜，CP值還是很高，還是蠻推薦不介意房間大小的人,0,1,0,0,1,0,0,3,0,0,1,0,1
熱水較小，如果是冬天會擔心不夠熱，因為是大樓，外人可自由進出飯店或使用同一台電梯，感覺安全性較低！,0,1,0,0,0,1,0,3,0,0,0,3,3
燈光太暗了！無自動系統，需要手動一盞一盞打開有一些些不方便,0,1,0,0,0,0,0,3,0,0,0,0,3
燈光比較昏暗些，若要化妝較不方便，可能要表明在亞洲廣場大樓裡面 ，第一次需要找一下,0,1,1,0,0,0,0,3,3,0,0,0,3
燈光設備待加強，開關是旋鈕式的，最重要的是為何天花板沒燈？當晚自助餐被某企業包場，那你們給房客用自助餐85折的宣傳形同虛設，也沒有配套措施…我還以為你們第一天開飯店？,0,1,1,0,0,0,0,3,3,0,0,0,3
燈光較暗，如果要化妝，會覺得亮度不夠；浴室及淋浴沒有架子方便放瓶瓶罐罐。,0,1,0,0,0,0,0,3,0,0,0,0,3
燈光開關有反應，但部分燈光沒有對應動作，空調溫度調整似乎沒有正常反應,0,1,0,0,0,0,0,3,0,0,0,0,3
燈具要自轉、卻很多灰塵、不如開關設備、浴室的熱冷水龍頭是老舊式、麻煩,1,1,0,0,0,0,3,3,0,0,0,0,3
爛透了的晚餐，爛透了的派車服務，床是我睡過最糟的五星級旅館，服務人員態度好，但救不起一家建設公司蓋的爛旅館,0,1,1,0,0,0,0,3,3,0,0,0,3
床太軟，對我來說不太舒服。見到住客進來也不會自動幫忙及打招呼也沒有！除了個別一個禮賓女接待員態度有待改善，今次入住也遇到她，態度一樣。,0,1,1,0,0,0,0,3,3,0,0,0,3
人員態度很友善。 上次入住時遺留衣服，酒店很快就通知我且安排送回。今次，因為較晚入住，預先請代安排床間的情況，酒店有回應及提供協助，感受到酒店待客以誠。,0,0,1,0,0,0,0,0,1,0,0,0,1
牆上可否多設掛衣鉤，花灑水喉噴水到處飛(去年也是207房)並無改善，無鏡,0,1,0,0,0,0,0,3,0,0,0,0,3
牆上有點汙漬可以稍微擦一下，但其他地方很乾淨 ，沒有暗一點的小夜燈,1,1,0,0,0,0,1,2,0,0,0,0,1
牆壁有白毛，床鋪好像有點小蟲，身體會養，隔音有待加強，電視最好先確認過能否播放再給客人,1,1,0,0,0,0,3,3,0,0,0,0,3
物超所值！但希望若有人誤觸火災警報可以第一時間廣播給其他住客，我實在嚇爆,0,0,1,0,1,0,0,0,3,0,1,0,1
物超所值令人驚喜。有提供宵夜皮蛋瘦肉粥，雖然我們沒有吃宵夜。早餐品項豐富好吃，即使到了即將結束的時間，還是滿滿的。令人感覺誠意十足。裝潢設計很現代感，房間舒服乾淨。飯店本身設有停車位，相當方便！很值得推薦的一家優質飯店,1,1,1,0,1,0,1,1,1,0,1,0,1
物超所值的價格，房間乾淨，又安靜，浴室水壓強，又熱，交通便利，覓食方便，櫃檯人員。熱心親切,1,1,1,1,1,0,1,1,1,1,1,0,1
特別喜歡浴室空間大，浴缸大整理得相當乾淨。一樓的酒吧還不錯！,1,1,0,0,0,0,1,1,0,0,0,0,1
特別不舒服，位置其實離車站也不近，關鍵是巨吵，房間內竟然有很低頻的嗡嗡聲，太難受，換房間之後空間就很小了，另外環境也很壓抑。總之來臺灣8天、這是最差的一次住宿體驗，以後堅決不會來住了。,1,1,0,1,0,0,3,3,0,3,0,0,3
特意提早辦理入住希望能避開人潮，沒想到櫃臺要求拿房鑰還需再排一次隊，未見任何簡化措施，等於是排了兩次隊浪費更多時間,0,0,1,0,0,0,0,0,3,0,0,0,3
獨立浴廁天花板有裂縫會滴水，浴廁電燈似乎無法關，隔音不是很好,0,1,0,0,0,0,0,3,0,0,0,0,3
獨行入住兩人房，但空間要放置兩人行李廂綽綽有餘。清潔、客房問題詢問都很OK。地點離車站非常近，幾乎是後站走出來就到。早餐豐盛樣式多。,1,1,1,1,0,0,1,1,1,1,0,0,1
地理位置，還有衛生整潔程度都非常不錯！店員也非常熱情禮貌！,1,0,1,1,0,0,1,0,1,1,0,0,1
環境很不錯，樓下還有免費的咖啡、泡面這些。我們到的時間比較早，房間沒有整理好，所以先把行李寄存然後出去玩了一圈，回來的時候已經幫忙把行李箱都放在房間了，很貼心。位置也很好，去西門町很近。,0,0,1,1,0,1,0,0,1,1,0,1,1
環境很讚，居然還有遊樂設施。24小時供應小食不間斷，早上有三明治茶葉蛋咖啡奶茶。,0,1,1,0,0,1,0,1,1,0,0,1,1
現代化風格酒店，各方面都很好，還有早餐，訂到的價格也很划算。但就是拖著行李箱從車站走過來很累，有點遠了,0,0,1,1,1,1,0,0,1,3,1,1,1
各方面都很好,0,0,0,0,0,1,0,0,0,0,0,1,1
現場客服人員及房間清潔人員態度都很客氣，真的有賓至如歸的感覺,0,0,1,0,0,0,0,0,1,0,0,0,1
現金付款後，信用卡預付金超過兩週還沒退還，電郵查詢相關資訊還沒人回覆，服務太差,0,0,1,0,0,0,0,0,3,0,0,0,3
瑕不掩瑜的問題，就是入住房間牆上的油漆，看似因為水氣以及時間的因素有些汙漬。,0,1,0,0,0,0,0,3,0,0,0,0,3
瑜珈墊、耳塞、面膜紙等小細節讓我很驚喜，大門入門的香味很有特色，浴室放的好像是同款？滿喜歡,0,1,0,0,0,0,0,1,0,0,0,0,1
環境，房間，服務都沒話說~早餐更是令人驚豔，地理位置很棒，坐捷運方便,0,1,1,1,0,1,0,1,1,1,0,1,1
環境、冷氣、床舖，整體非常有水準，吹風機風量也大。早餐有中西式可選，飽足感適量。,0,1,1,0,0,1,0,1,1,0,0,1,1
環境不錯，地點離北車很近。一進房有很重的消毒水味道，但開窗通風就可以散去。,0,0,0,1,0,1,0,0,0,1,0,1,1
環境不錯,0,0,0,0,0,1,0,0,0,0,0,1,1
環境乾淨,1,0,0,0,0,0,1,0,0,0,0,0,1
環境乾淨、整體色彩讓人舒適，不同樓層也有不同的背景設計，很特別,1,1,0,0,0,0,1,1,0,0,0,0,1
環境乾淨，位置鄰近臺北車站及台大醫院捷運站。大廳及房間佈置精緻，處處有巧思，像來到魔法世界！,1,0,0,1,1,0,1,0,0,1,1,0,1
環境乾淨，價位實惠，離臺北車站不算遠(但還是要走一小段，整體來說還不賴,1,0,0,1,1,0,1,0,0,1,1,0,1
環境乾淨，沒有煙味及黴味，枕頭很好躺，早餐對得起這價位，CP值高的飯店，下次一樣會選擇這間。,1,1,1,0,1,0,1,1,1,0,1,0,1
環境乾淨，設備新穎，櫃檯人員親切，招待大廳提供許多泡麵免費。,1,1,1,0,0,0,1,1,1,0,0,0,1
環境乾淨，距離車站非常近的！附近也很多美食，房間電視很大，冷氣會冷也有提供冰箱！,1,1,0,1,0,0,1,1,0,1,0,0,1
環境乾淨，門面很新且明亮，是讓人安心的旅店，價錢很便宜，床很軟(淺眠的要選雙床房)，簡單宿一晚的好選擇，對面有衣服批發街，可以一路買過去 ,1,1,0,1,1,0,1,1,0,1,1,0,1
環境乾淨，隔音不錯，離火車站近，床不錯好睡，洗手間乾淨，床旁邊有插座方便,1,1,0,1,0,0,1,1,0,1,0,0,1
環境乾淨、整齊、舒適！地點就在中央公園捷運站附近！大廳一天有三個時段提供不同種類點心，免費供住客享用，服務人員都很nice ！早餐的地點座落在最高樓層，一邊欣賞窗外的景色、一邊享用精緻、美味的早餐！非常棒！,1,0,1,1,0,0,1,0,1,1,0,0,1
環境乾淨、服務人員非常親切，而且知道我們隔天清晨就出門，還特別問我們需不需要簡單的早餐帶在車上吃，真的很貼心！,1,0,1,0,0,0,1,0,1,0,0,0,1
環境乾淨、離車站非常近、櫃檯貼心，因為這次帶了不到一歲的小朋友，感謝旅館額外準備小朋友浴盆，一樓大廳也提供很舒適的交誼空間，早餐相當好吃，而且對素食者非常友善,1,1,1,1,0,0,1,1,1,1,0,0,1
環境乾淨整齊，浴室乾濕分離且空間滿大的，沒有煙味或不好的味道，3個萬用插頭、1個USB孔、電腦用網路很方便，有機會還會想來住。,1,1,0,0,0,0,1,1,0,0,0,0,1
環境乾淨無異味，房間隔音很好，幾乎聽不見外面的聲音，廁所乾濕分離水溫水壓皆穩定！早餐簡單美味！,1,1,1,0,0,0,1,1,1,0,0,0,1
環境乾淨舒適，且近臺北車站及寧夏夜市！，一樓有自助吧台跟免費洗衣,1,1,0,1,0,0,1,1,0,1,0,0,1
環境乾淨舒適，毛巾沒什麼異味，隔音還可以，櫃檯人員態度友善。原預訂菁英雙人房，幫我們升等到四人房！,1,1,1,0,0,0,1,1,1,0,0,0,1
環境佈置見心思，房間偌大，物資齊備；地點就在中央公園出口3轉右，相當方便；早餐豐富美味，景觀開揚。,0,1,1,1,0,0,0,1,1,1,0,0,1
環境優美，大廳的擺設很美，房間雖空間不大，但物品齊全，吹風機是好使用的，床很舒服，晚上的自助吧與電影很有氣氛，會想再去住宿。,0,1,0,0,0,1,0,1,0,0,0,1,1
環境十分不錯，房間內整潔，早餐選擇多，晚上十點前還有簡易的宵夜（肉包、肉燥飯）,1,0,1,0,0,1,1,0,1,0,0,1,1
環境好，很時尚的感覺，這次我們一群學生去住，服務人員態度也很好呢！位置又在西門町旁邊，超棒，暑假再來一次！,0,0,1,1,0,1,0,0,1,1,0,1,1
環境好，服務人員很親切，房間大且乾淨，遮光性好，入住時房間有點問題，服務人員幫忙升級換房間，有提到因為工作關係日夜顛倒，怕吵，櫃台人員立即幫忙換到高樓層的房間,1,1,1,0,0,1,1,1,1,0,0,1,1
環境很不錯、員工服務也很好、給顧客使用的東西很不錯也有很多貼心的提醒！整體品質很好!,0,1,1,0,0,1,0,1,1,0,0,1,1
整體品質很好!,0,0,0,0,0,1,0,0,0,0,0,1,1
環境很好又鄰近愛河！服務人員也很好很親切！房間空間跟舒適度也很棒，還有機會我還會再去住的??,1,1,1,1,0,1,1,1,1,1,0,1,1
環境很整潔，內部裝潢也讓人訝異，低價居然可以找到這麼好的房間,1,1,0,0,1,0,1,1,0,0,1,0,1
環境很整潔，工作人員很熱心，服務很好，完全沒菸味很舒服，設備也不錯,1,1,1,0,0,0,1,1,1,0,0,0,1
環境很棒，而且大廳也有很多貼心的佈置，小孩的遊樂間、點心零食餅乾、打發時間的電影都很棒,0,1,1,0,0,1,0,1,1,0,0,1,1
環境很棒，格局也好，空調和衛浴水壓都很棒，重點床和枕頭對會認床的我來說適中舒服睡得好。,0,1,0,0,0,1,0,1,0,0,0,1,1
環境很舒適，床很舒服，又是乾濕分離式的浴室，還有免治馬桶很讚。,1,1,0,0,0,0,1,1,0,0,0,0,1
環境整潔，空間寬敞，附近生活機能完善，交通方便，離臺北車站蠻近的,1,1,0,1,0,0,1,1,0,1,0,0,1
環境整潔、餐廳的服務人員積極主動、有獨立的吹風機！！！(很重要),1,1,1,0,0,0,1,1,1,0,0,0,1
環境整潔、乾淨、舒服。地點方便捷運站。可惜沒有停車場,1,1,0,1,0,0,1,3,0,1,0,0,1
環境整體來講都很明亮舒適，一進去櫃檯人員也是盡心盡力的服務客人。房間內設施也挺不錯，當初就是因為看中有藍光電影可以看，所以才入住這間飯店，晚上跟朋友愜意的看電影感覺很好～順道一提！朋友剛好是黨月的壽星，我們在臨走前櫃檯人員還給了朋友一張生日卡片，真的很貼心，下次有機會會再來入住的！,1,1,1,0,0,0,1,1,1,0,0,0,1
環境清潔舒服，氣味清香，服務人員態度好很親切。地點與停車都很棒。房間物品也很有質感。整體而言都很棒。,1,1,1,1,0,0,1,1,1,1,0,0,1
環境溫馨，不像一般飯店追求簡潔時尚反而讓住宿多了冷清感，這間是我目前住過最喜歡的旅館,0,0,0,0,0,1,0,0,0,0,0,1,1
環境的整潔真的還需要加強，電話那邊的桌子都有灰塵，備品也都有異味,1,1,0,0,0,0,3,3,0,0,0,0,3
環境真的很乾淨，而且裡面的空氣很好，不會有臭煙味也沒有濕氣味，大廳裡附有兒童遊戲去真的很棒，大人可以在一旁休息，小朋友可以在遊戲區放電真的很棒，值得再去住,1,1,0,0,0,0,1,1,0,0,0,0,1
環境真的非常舒適，從走廊開始（大廳沒有時間特別去逛）牆壁的設計、環境的觀感都非常好，特別喜歡門號的呈現風格，房內的裝飾、燈光的照明方式都讓人舒服且洽到好處；整潔做的非常優秀，有留有打掃人員的紙條說明讓人感覺非常體貼，另外因為牙膏蓋子有不小心掉到流理台底下，意外發現連底下都是一塵不染；最後覺得特別值得讚賞的點是，進入房間可以直接看到緊急照明用手電筒的擺放位置，讓人十分安心。,1,1,1,0,0,0,1,1,1,0,0,0,1
環境簡單舒適，客服人員也親切，浴室乾濕分離很棒，水柱很強很舒服，重點距離北車很近很加分,1,1,1,1,0,0,1,1,1,1,0,0,1
環境舊，照片感覺是很明亮有窗，但現場整個空間很暗，壁紙全黑，壓迫感很大，再配上戶數多感覺不舒服。空調很老舊又不穩定，忽冷忽熱，冬天一個晚上熱醒兩次，再加上沒窗戶所以空氣感覺很不好。毛巾還破了一大洞。,1,1,1,0,0,1,3,3,3,0,0,3,3
環境舒適，交通便捷，鬧中取靜，服務人員親切，價格親民，早餐豐盛，是不錯的選擇。,1,0,1,1,1,0,1,0,1,1,1,0,1
環境舒適，交通方便，近臺北火車站，工作人員服務態度很好,1,0,1,1,0,0,1,0,1,1,0,0,1
環境舒適，有一個空間讓住客休息，有免費小食及飲料提供，讓人有再想入住的考慮！,1,1,1,0,0,0,1,1,1,0,0,0,1
環境舒適，服務人員態度佳，還有貼心的點心和泡麵免費食用，價錢CP值高,1,0,1,0,1,0,1,0,1,0,1,0,1
環境舒適乾淨，但淋浴間空間有點小，整理來說很喜歡，有機會會再入住,1,1,0,0,0,1,1,3,0,0,0,1,1
環境舒適度佳，內部設備擁有免治馬桶和大電視及小冰箱，價格便宜，地點佳,1,1,0,1,1,0,1,1,0,1,1,0,1
環境衛生、人員親切、早餐可口、房門給兩個門卡，不會有忘記帶出的問題。,1,0,1,0,0,0,1,0,1,0,0,0,1
環境都很舒適，還意外的被升級成有窗型的房間！交誼廳很舒服會讓人想一直待在那邊！整體而言是個非常不錯的住房經驗！！,1,1,1,0,0,1,1,1,1,0,0,1,1
整體而言是個非常不錯的住房經驗！！,0,0,0,0,0,1,0,0,0,0,0,1,1
生意太好，比較嘈雜。高雄人帶媽媽入住慶祝母親節，提前提示了，但連卡片都沒有！吃好早餐， 請服務人員給餐盒幫睡覺的小孩裝點麵包（小孩用成人含早價格入住的），10:02， 服務人員：超過10點，不能給餐盒了！（即使食物都在臺面上）...是當兵嗎？,0,0,1,0,0,0,0,0,3,0,0,0,3
生日前的週末入住，入住當晚收到小蛋糕祝賀之外，隔天早上吃早餐時也收到特別的點心，備感尊榮,0,0,1,0,0,0,0,0,1,0,0,0,1
生日當天入住，意外驚喜收到業者為你準備的小蛋糕，感到很窩心，真的超讚超棒，還有大廳櫃台，真的非常親切喔。,0,0,1,0,0,0,0,0,1,0,0,0,1
生活機能很方便！離車站西門町新光三越都蠻近的，附近還有許多小吃跟咖啡廳~，推薦一下新光三越旁邊麥當勞的附近有一家燒烤的蠻好吃的！,0,0,0,1,0,0,0,0,0,1,0,0,1
生理期用到床被單，當下我也有清理過，退房後，業者打電話要求酌收200元洗滌費，還不錯！,0,0,0,0,0,0,0,0,0,0,0,0,0
用郵件答應好的提早辦理入住，不收取任何費用，竟然可以反悔！就算要收，國際慣例也只收取房價10%，竟然要我多付新台幣$3300元？？要求高樓層房間，說安排了，結果是安排10樓？客房由5樓至19樓，所以10樓是高樓層？飯店自己員工的疏失，就一句看錯了，並無任何誠意之道歉或補償！這樣也號稱國際水準？令人不敢恭維！,0,0,1,0,0,0,0,0,3,0,0,0,3
用心設計留意細節的旅店，員工服務態度效率相當優，房間舒適度和配備都用心，空間與設施都在水準之上,1,1,1,0,0,0,1,1,1,0,0,0,1
用現金卡訂房的話，訂金會被扣著到住宿完的月底，造成一部分的麻煩,0,0,1,0,0,0,0,0,3,0,0,0,3
用訂房網站預訂房間，軟體操作細節有問題及各項詢問，櫃檯人員都說不知道。真的很無助。相較於其他飯店的協助與應對，德立莊真的差很多。然後房價方面，不便宜。早餐也貴 。,0,0,1,0,1,0,0,0,3,0,3,0,3
用餐區域有大電視可以欣賞影片，但座位安排都看不到，僅有一個座位設計是正對電視的，但中間由於保有較寬闊的空間，路人總是從中間經過，完全沒辦法好好看電視呀，覺得難得設置了大型螢幕，卻無法好好享受這項設施十分可惜。,0,1,0,0,0,0,0,3,0,0,0,0,3
用餐地點比較壅擠，飲茶的服務生不太專業；早餐用餐的環境稍嫌壅擠，但尚可。,0,1,1,0,0,0,0,3,3,0,0,0,3
用餐環境很舒服、清潔工作人員都微笑對每個人打招呼、入住快速、退房快速、隔音好、無異味,1,1,1,0,0,0,1,1,1,0,0,0,1
由地下停車場剛踏入電梯間的人工香氛味，讓家人不敢恭維，幸好飯店與房間內無此問題。,0,1,0,0,0,0,0,3,0,0,0,0,3
由於位於火車話後站，雖然距離不遠走路10分鐘左右，但沿途都在修路不太好走，如果要拖行李的話不太方便，還有離飯店最近的便利商店要走兩個路口，建議去辦理入住前就先買好，大至上是這樣而已，謝謝,0,0,0,1,0,0,0,0,0,2,0,0,2
由於住宿地點方便，當晚入住的旅客也非常多，所以會比較吵雜一些。,0,0,0,1,0,1,0,0,0,1,0,3,3
由於我這次訂的是二個單人床，所以一直撞到床角，擺放床的位子可能還要在好點（或是裝防撞角,0,1,0,0,0,0,0,3,0,0,0,0,3
由於房間就在電梯的正對面，難免會聽見其他旅客的聲音，對於隔音比較介意的旅客可以先詢問客房的位置在哪裡，避免隔音的問題造成住宿上的不開心,0,1,0,0,0,0,0,3,0,0,0,0,3
由於是地點較旺，人流亦相對的多，要求較寧靜的朋友就可能不太適合了,0,0,0,1,0,1,0,0,0,1,0,3,3
由於是深夜入住已經十分疲累，櫃檯人員貼心的將房間升級，讓人能夠在累了一天後可以在房間內好好地泡個放鬆的澡。櫃檯人員熱情周到的服務，讓人下次會想再來。,0,0,1,0,0,0,0,0,1,0,0,0,1
由於是第二次入住，這次的房間空調不知是否管線之故，有股黴味，以為空調開久了就好了，但隔天還是如此甚至更重，回到家行李箱跟衣服都還是那個味道，但因為之前入住沒有這個問題，其他設備都很好，不知是何原因？,1,1,0,0,0,0,3,3,0,0,0,0,3
由於沒有雙人房，免費升級四人房！櫃檯人員的服務及應對也非常好！,0,0,1,0,0,0,0,0,1,0,0,0,1
由於這次是臨時訂房去看車禍受傷的女兒，並帶著行動不便的她去外宿一晚，行前一天飯店人員跟我確認住宿，並得知希望能安排離電梯近一點的房間需求，抵達時更是貼心地幫忙準備輪椅和洗澡椅給我們，非常感謝國賓的溫暖,0,0,1,0,0,0,0,0,1,0,0,0,1
由於預訂5間房間， 對於剛開始時被通知5間房處於不同樓層後， 由於有老人家及小朋友關係， 故要求安排同一樓層。 最後亦安排3間房間於同一層， 另一方面2間則處於不同樓層，總算有作協調。 可以接受。 價錢方面比較貴， 如果可以便宜15%就屬於超值。,0,0,1,1,0,0,0,0,1,0,3,0,1
由於飯店位於市中心，走路即可到達附近忠孝東路sogo商圈逛街、購物、享用美食！,0,0,0,1,0,0,0,0,0,1,0,0,1
電梯服務比較差吧，其實後樓梯是有另外幾部電梯的，但是因為只能到2樓，對於年紀大的沒有相對應的標識。四人房間沒有特別大哦，跟普通2人房間差不多大小的，放兩個行李箱就走不了路了，是我這一次臺灣行程中最小的四人房，不過臺北寸土寸金可以理解。,0,1,0,0,0,0,0,3,0,0,0,0,3
電梯比較少，有時候要等很久。住了四晚，前兩晚沒什麼問題。從第三晚開始，睡覺的時候就被不知道什麼蟲子咬的整個手都是包。第三晚被咬的是左手，第四晚是右手。不是蚊子，感覺是被子裡或者床上的什麼東西咬的。懷疑是房間太潮濕，被子也沒及時更換導致的很糟心,1,1,1,0,0,0,3,3,3,0,0,0,3
電梯要等好久，洗手間：浴池太小，要站在浴缸中洗澡，還往外濺水，地板上包括門口全是水，很容易摔倒，有安全隱患。工作人員啥都不懂，連附近都不清楚，一問三不知。,0,1,1,0,0,0,0,3,3,0,0,0,3
畢竟該旅店主打親子旅館，提供了相當多的小孩子的設施，可惜房間內只有部分黏貼了桌角防護措施。小孩子喜歡在床上翻滾，比較需要家長自己注意別讓小孩滾到太邊邊，避免撞及床邊櫃的桌腳。,0,1,0,0,0,0,0,3,0,0,0,0,3
當初是下訂單床房，之後被告知升級成雙床房太令人驚喜了！櫃檯服務人員服務超好，還有提供免費的飲品及泡麵，真的太貼心！附近鄰近全家，位置也好找，真的很方便！,0,0,1,1,0,0,0,0,1,1,0,0,1
當初訂購時房間圖片裡空間很大，但實際分配到的房型卻非常小，雖然乾淨整潔，但與期待有點落差有點失望,1,0,1,0,0,0,1,0,3,0,0,0,3
當天2點左右到達，櫃員聯絡後確認房間已經整理好，可以提早入住,0,0,1,0,0,0,0,0,2,0,0,0,2
當天上午先辦理辦理入住 ，因入住時間還沒到，寄放完行李後，訂房網馬上跳出幾乎是差了兩倍的房價，馬上打去飯店詢問，但是飯店方以此業務是訂房網為由拒絕了退房重訂的要求！第二天晚上回到飯店又發現房務沒有清潔整理房間！此趟旅程是跟朋友一起同行，但是朋友提前退房，退房時有寄放東西請飯店櫃檯轉交給我們，我們隔天退房時詢問寄放的東西，櫃檯要求出示寄放行李編號卡。,0,0,1,0,0,0,0,0,3,0,0,0,3
當天下午臨時大雷雨，我們考量要重複進出，所以沒有將車輛停在車庫而是門口的車格，有一個大行李箱跟數個提袋，所以根本沒手再撐傘，只見門口一位工作人員明明看見我們要入住，淋著大雨，卻完全沒有絲毫肯前來關切或是拿個傘做個樣子都沒有，於是我們進到大廳時全身濕透，而接待人員視若無睹，辦理入住時，詢問我是否有來過，我說之前有透過訂房網站訂房，櫃台人員卻說查不到資料。,0,0,1,0,0,0,0,0,3,0,0,0,3
當天住宿還被升級比較大間的房型，整體飯店和服務都超好～很值得在入住一次,0,0,1,0,0,1,0,0,1,0,0,1,1
當天傍晚打了2次電話都沒人接， 很納悶為何櫃台沒人?停車位只有門口3個， 繞了好久找不到停車位， 櫃台人員也不會主動詢問協助，只說 : 那個位子是機車通道不能停車， 我說 : 能暫停門口先下行李再找停車位可以嗎? 好像要自己想辦法找到停車位才能訂房住宿,0,0,1,1,0,0,0,0,3,3,0,0,3
當天入住21:20左右，服務處只有一位人員，客人有三組，原本入住為店家服務，現在需客人自行輸入因第一次不熟悉，因此感覺不親民,0,0,1,0,0,0,0,0,3,0,0,0,3
當天入住2大2兒童家庭房，配給的浴室有浴缸，洗澡必須跨進浴缸，對小孩來說不便利且沖澡易地上都是水，會很滑滿危險的。,0,1,0,0,0,0,0,3,0,0,0,0,3
當天入住的房間冷氣故障完全不冷，但服務人員很快處理。早上的時候只要有人在門口講話都會聽到，隔音有點差，但房間跟房間的隔音不錯,0,1,1,0,0,0,0,3,1,0,0,0,1
電視沒有聲音，隔天早上八點消防設備誤報引起騷動，食用早餐需要排隊近半小時,0,1,0,0,0,1,0,3,0,0,0,3,3
"當天十點後辦理入住，排隊等了半小時才入住，櫃檯人手嚴重不足，效率欠佳，延宕後面行程規劃，房間被升級很高興，但是房號是 ""444"" 心裡不免覺得是不是有點毛毛的?",0,0,1,0,0,0,0,0,3,0,0,0,3
當天因為工作到淩晨才到飯店辦理入住，櫃檯同仁很貼心的給了一個熱敷眼罩，覺得非常感動！,0,0,1,0,0,0,0,0,1,0,0,0,1
當天很謝謝路境替我從單人房升級到雙床房！房間廁所跟床單都很乾淨，樓下晚上甚至能一邊吃爆米花喝汽水＋看電影真的超享受。床的軟度也很適中～附近環境也非常好逛，走路一下下能去逛旁邊的國立台灣博物館喔,1,1,1,1,0,0,1,1,1,1,0,0,1
當天從台南北上出差，離臺北車站近，房間設備基本都有，價錢便宜，可惜疫情沒有早餐，下次會在在入住,0,1,1,1,1,0,0,1,3,1,1,0,1
當天早餐時段門口的服務人員臉好臭，有點沒禮貌，影響用餐心情，餐桌上有活蟑螂,1,0,1,0,0,0,3,0,3,0,0,0,3
當天晚上要辦理入住時，才說因為疫情的關係統一換到另外一間名宿，我說你們有告知我們嗎？盡然回我們有傳Booking訊息告知，只是Booking有時候訊息不一定會收到，請問你在講哪一國的話？你要換房間都要告知我們是否同意了，換旅店就用這種方式？這說櫃檯補了一句，如果你們不要住也可以退費，這麼晚了叫我們再去找住的地方？！貴公司知道這樣說是詐騙的行為嗎？沒盡到電話告知。,0,0,1,0,0,0,0,0,3,0,0,0,3
當天車位客滿雖然有代客停車，但隔天到自己的車子變非常髒，不知道停在哪，除了這點都很滿意,0,0,1,0,0,1,0,0,3,0,0,0,3
其他都很滿意,0,0,0,0,0,1,0,0,0,0,0,1,1
當天較晚入住，飯店停車場已經被停滿，詢問櫃檯服務人員時，態度不友善(不耐煩)。房間內的浴室設計較為現代，玻璃牆與房間相隔，僅有半透明布簾可以遮！ (若非情侶，可能較為尷尬。),0,1,1,0,0,0,0,2,3,0,0,0,3
當日住宿雙人房兩單床房型，房間乾淨，房型剛好適合兩人打開20吋行李箱，再大就要放走道，水太熱無法調整到適合溫度，會燙人。,1,1,0,0,0,0,1,3,0,0,0,0,3
當日入住客非常多，只有一側提供餐點取用，因動線不佳，消化不完一直進來用早餐的人，取餐都要排隊很久建議改善。,0,0,1,0,0,0,0,0,3,0,0,0,3
當日說是被升級到較大床的房型，但卻是兩張床合併的，睡起來中間有縫不舒服，因入住沒有對外窗的房型，大概知道會悶濕，但當日不知道房間什麼潮濕味道，整個不好聞，不知是不是中央空調的關係，牆面有壁癌，房間偏暗，隔音極差，隔壁情侶洗澡都聽得到！,1,1,1,0,0,0,3,3,3,0,0,0,3
當時住509，跟照片完全不一樣，而且地毯很髒，回房間很無法好好裸腳走。房間枕頭很扁跟櫃檯反應想要多一個枕頭，結果說只能給一顆，但我們有兩個人，這樣需要兩個，櫃檯說只能給一個因為不夠，但這樣連住兩天都這樣很不好睡覺，不能好好休息，廁所很小、廁所沒鏡子，只有一個小的鏡子放在廁所，以上是我們住一次不會想再訪的店,1,1,1,0,0,0,3,3,3,0,0,0,3
當晚入住大約10點多，櫃檯人員似乎每位都很疲憊，雖然可以體諒工作辛勞，但櫃檯人員就是門面，這方面素質有待加強。早餐的咖啡用紙杯裝感覺不太好，不僅浪費也降低飯店格調。,0,0,1,0,0,0,0,0,3,0,0,0,3
當晚入住客房，房間天花板就開始漏水，飯店人員提供另一間客房換房，但睡到一半，客房又是一樣的問題，又開始漏水很嚴重，還淋濕了行李跟鞋子，因為已經很累了，沒有再換第二次房，隔天退房，櫃檯人員也沒有做任何後續補償處理以及回應，好像沒發生這回事，給人觀感真的不是很好，客房有問題在所難免，重點是飯店人員當下的處理以及後續的回饋，下次不會再回來住，也不會推薦給其他人！,0,1,1,0,0,0,0,3,3,0,0,0,3
當晚入住接洽的櫃檯小姐（熟齡、眼珠子微凸）因為訂房名字跟證件名字不一樣，有告知櫃檯是因為一個是新名字（同個人），櫃檯還是執意問是否為本人？本人有到現場嗎？，是鬼打牆嗎！已經告知是新名字了呀～此時櫃檯的熟齡小姐（戴著黑框眼鏡）竟然回我一句：可以不要這麼不耐煩嗎，我沒有不耐煩喔，如果怕遇到不耐煩客戶，建議就不要待服務業好嗎～,0,0,1,0,0,0,0,0,3,0,0,0,3
疫情下品質大打折，還好我只有加購一天，不然把錢丟進愛河許願還比較值得。,0,0,0,0,0,1,0,0,0,0,0,3,3
疫情指揮中心已經宣佈各餐廳可內用不用隔板，早餐卻還沒有開放內用，只能外帶，無法坐下自行取用喜愛餐點。,0,0,1,0,0,0,0,0,3,0,0,0,3
疫情期間，外帶至房間用餐，還是有豐富的感覺，且有中西素食的選擇，很棒,0,0,1,0,0,0,0,0,1,0,0,0,1
疫情期間二樓大廳沒有使用有點可惜，樓上酒吧只營業到10點，跟認知中酒吧營業時間不同，想去的時候就打烊了。,0,1,0,0,0,0,0,3,0,0,0,0,3
疫情期間但門沒有敞開不關，或是有專人服務，進出時還是不免碰觸門把，早餐因為疫情有所更改可以諒解，但服務人員偏少，他們很辛苦。,0,0,1,0,0,0,0,0,3,0,0,0,3
疫情期間入住，一進房就能聞到消毒水味，消毒做得很棒，也很乾淨。房間和照片上一模一樣，乾淨明亮，價錢也非常划算！我們當天三點就入住，櫃檯人員態度非常好，我們多要了一床被子也馬上送來！房間有小餅乾，礦泉水也準備了很多瓶，都能自由取用！價錢很低所以當然沒有早餐，但是可以幫忙代訂麥當勞早餐，早上會送到房間，真的超讚！下次到臺北出遊的首選住宿！,1,1,1,0,1,0,1,1,1,0,1,0,1
疫情期間房價好便宜，一千出頭含早餐還被升等四人房，房間熱水洗得很滿意，洗髮沐浴乳都是補充式的很環保。,0,1,1,0,1,0,0,1,1,0,1,0,1
疫情期間早餐只能在房間內用，可體諒，自行車沒辦法放房間內只能放櫃台，浴室內沖澡的地方沒有小盤子可以放眼鏡,0,1,1,0,0,0,0,3,2,0,0,0,3
疫情期間早餐有中西素三種選擇，周邊各項機能完善、賣場、超商、銀行都有,0,0,1,1,0,0,0,0,1,1,0,0,1
"疫情期間早餐由飯店準備帶回房間內食用
不過，等餐的時間似乎有點過長。",0,0,1,0,0,0,0,0,3,0,0,0,3
疫情期間泳池暫停開放的消息，到現場才得知，而不是在訂房頁面時就註記上去，有點遺憾。,0,0,1,0,0,0,0,0,3,0,0,0,3
疫情期間的早餐是自己到一樓櫃檯拿取，但是早餐可能買來放在那邊一段時間，吹冷氣追到三明治是冰的，可能要想辦法改進！,0,0,1,0,0,0,0,0,3,0,0,0,3
疫情關係，早餐只能外帶到房間， 西餐很豐盛，會吃得很飽。,0,0,1,0,0,0,0,0,1,0,0,0,1
疫情關係餐桌與餐桌之間距離太近，隔音設備不是很好，半夜沖馬桶聲音過大。,0,1,0,0,0,0,0,3,0,0,0,0,3
登記入住時間太長，很沒效率，餐具提供不及時，請飯店人員拿二次都沒拿給顧客，很槽糕,0,0,1,0,0,0,0,0,3,0,0,0,3
盛裝早餐的餐盤，希望清洗後務必擦乾再讓客人使用，每一個盤子都溼答答的衛生有待加強。詢問工作人員，得到的答案是: 我們都不擦的，真的很傻眼。下次還會入住，希望能改進。,1,1,1,0,0,0,3,3,3,0,0,0,3
目前價格低優惠！CP值高，房間設計時尚優雅，一周內入住已入住2次，櫃檯服務親和，打掃房務，非常客氣，下次還會繼續入住首選喔,0,1,1,0,1,0,0,1,1,0,1,0,1
目前沒有，以兩天一夜的行程來說，整體CP超高！！絕對會再來入住,0,0,0,0,1,0,0,0,0,0,1,0,1
盲人按摩服務很差，一個白頭髮伯伯按摩前都不洗手，手上都是尼古丁的味道，按摩的時候幾乎都沒按到舒服的點上，跟他講話裝作沒聽到，我還沒躺好的時候就開始按下按摩時數的計時器，講話口氣也很差。600元就這樣飛走了。希望國賓能慎選按摩師。,1,0,1,0,0,0,3,0,3,0,0,0,3
直接升級好房間，房價親民但品質很高喔，早餐也很好吃，開心！！,0,0,1,0,1,1,0,0,1,0,1,1,1
品質很高，很棒,0,0,0,0,0,1,0,0,0,0,0,1,1
相較西門町的飯店房間真的不大，一層樓很多戶，得一直繞圈圈，不推薦入住,0,1,0,0,0,0,0,3,0,0,0,0,3
看到飯店內評分有疑慮的部分，會打電話在跟旅客做詢問。本身品質就很好，但會做自我檢討的商家，相信他的品質跟水準必定蒸蒸日上，好上加好。,0,0,1,0,0,0,0,0,1,0,0,0,1
看得出來房間稍嫌老舊，房外走廊更是老舊未翻修，但整體還是很不錯。雖然有含早餐，但早餐實在不好吃，東西很油膩，難以下嚥。,0,1,1,0,0,1,0,3,3,0,0,1,3
看網上留言，以為房間真的很小，結果比想像中大，還能同時開兩個行李箱。可能因為天氣問題，窗臺位置潮濕，但不影響。床鋪真的很舒服，還是羽絨被，這個價錢真的值了！下樓走約5分鐘就到Z10地下街，約15分鐘就能到西門町，附近還有市場和很多地道食店，非常方便～,0,1,0,1,1,0,0,1,0,1,1,0,1
看過評論說雙人房房間比較小確實如此，我都有點驚訝了，但是地理位置確實很好,0,1,0,1,0,0,0,3,0,1,0,0,3
真是不少。一進房間就有怪味，潮濕悶悶的味道。房間真的小，帶行李箱的話大概就無法行走了。浴室乾濕分離門合不攏，水會漏到外面。最可怕的是801房間空調聲音非常吵，是不定時的吵，但過一下又沒有，半夜三點被吵起來。備品嚴重不足，沒有洗面乳跟化妝棉。門口的小燈會自動熄滅真是超爛的設計,1,1,0,0,0,0,3,3,0,0,0,0,3
真的離車站非常的近，交通方便，而且朋友來訪，又可在一樓大廳聊天，以後會再來住的,0,1,0,1,0,0,0,1,0,1,0,0,1
真的大推這間旅館，設備完善，地點方便，晚上的時候廁所阻塞馬上幫我換房，真的超棒,0,1,1,1,0,0,0,1,1,1,0,0,1
真的太扯了...你敢相信嗎，淩晨兩點半熟睡當中，居然有人試圖闖進你的房間，在門前敲門不停的開門把撞擊，且試圖闖入你的房間、而且竟有人在我的房間邊上和走廊裡抽煙煙味很大，這些導致我們受到驚嚇一個晚上都沒有睡了，當下立刻有打電話給前臺未即時處理，撞擊持續。第二天我和服務人員投訴，他們調完監視器竟說也無能為力，因我們的房間有煙味給我們換了其他房間，但旅遊第一晚已失眠導致隔日行程都無法接續。,0,0,1,0,0,1,0,0,3,0,0,3,3
真的很乾淨住起來很舒服，西門捷運3號出口出來就看到了非常方便！櫃檯人員十分親切～,1,0,1,1,0,0,1,0,1,1,0,0,1
真的很方便，一出捷運就到酒店，去哪邊都方便，員工都還好。酒店環境都很好，價錢又確實且超值,0,0,1,1,1,1,0,0,2,1,1,1,1
真的很貼心！發現我住宿的時間離我的生日很近，所以入住那晚特別準備了蛋糕！真的好驚喜也很喜歡！早餐用早餐時也有收到生日蛋糕！好喜歡他們的細心好溫暖！設備方面也很齊全很完善！下次到台中一定還會再到這邊住！,0,1,1,0,0,0,0,1,1,0,0,0,1
真的很近，但是早餐只是送上房並不是自助早餐，整體酒店很新很棒,0,0,1,1,0,1,0,0,3,1,0,1,1
真的是一家好棒的飯店，除了服務/設施好之外，好多東西都吃喝免錢不怕沒出門買就餓到，另外有些服務員都是很有熱情的感覺，已達到我心中的頂標 ,0,1,1,0,0,0,0,1,1,0,0,0,1
真的是跟圖片完全一模一樣，CP值超高，雖然一開始帶錯房間是還沒打掃過的，但是很快就處理好了，之後還是會想去住,0,0,1,0,1,0,0,0,1,0,1,0,1
真的要說的話可能就是停車場有一點小距離，但有免費車位就真的很感人了,0,1,0,0,0,0,0,1,0,0,0,0,1
真的覺得房間環境舒適，櫃檯人員十分親切 ，入住前都有關心提醒入住時間，早餐也很豐富，整體很棒，會想再次入住！,1,0,1,0,0,1,1,0,1,0,0,1,1
真的跟網路照片一樣，重點是非常乾淨舒適，位置也好。隔音好，晚上很安靜，物超所值,1,1,1,1,1,0,1,1,1,1,1,0,1
真的頗滿意！環境很舒適、採光配色很舒服、地點也很不錯！住起來真的能放鬆心情！,1,1,0,1,0,0,1,1,0,1,0,0,1
真要說缺點應該就是有點小黴味吧，也許能裝個除黴味的，影響不大就是,1,0,0,0,0,0,3,0,0,0,0,0,3
睡到半夜有工程人員修東西對講機一直講話，有管道間轟轟聲，大概持續了一個小時，嚴重影響睡眠,0,0,0,0,0,1,0,0,0,0,0,3,3
睡覺睡到一半時，失火警報突然響了，我在睡夢中被驚醒，不知道是別的房客誤觸還是真的有失火，但我之後的1-2兩個小時都是非常不安的情緒，是誤觸的話可以跟來這邊住宿的客人說明清楚，讓客人心安一下。,0,0,1,0,0,0,0,0,3,0,0,0,3
睡覺的房間裡好小哦，一直開空調睡覺好乾燥，又不能掛濕毛巾，孩子睡一覺說嗓子疼。,0,1,0,0,0,0,0,3,0,0,0,0,3
知名老牌飯店，雖然設備沒有非常新穎，但該有的會有，住起來非常舒適！地點位於愛河旁，適合晚上到愛河散步，享受輕鬆愜意的度假氛圍。設有地下對於有開車的人很方便！員工素質佳，服務親切，整體感受度很好。唯一可惜是因為疫情關係導致許多餐廳與設施沒有開放，不影響評分。,1,1,1,1,0,0,1,1,1,1,0,0,1
硬要挑出來說，應該是浴室的蓮蓬頭如果架在壁上沖澡角度有點高(懶人喜歡掛在架上) 另外網路真的有比較卡頓，用電腦跑比較慢，除此之外無可挑剔,0,1,0,0,0,0,0,3,0,0,0,0,3
硬要挑小毛病應該是在房內會聽到隔壁感應房卡聲音，有幾次誤以為有人在門房外試圖要進來,0,1,0,0,0,0,0,3,0,0,0,0,3
硬要說個小小的缺失就是枕頭太軟！但後來知道可以跟櫃檯再要顆枕頭！服務真的100分,0,1,1,0,0,0,0,3,1,0,0,0,1
硬要說個缺點的話，就位置吧，位置並不在捷運出口附近，但可由臺北地下街Y10出口走出來後，再走不到10分鐘就可以抵達，若想要避開悶熱天氣的可考慮由臺北的地下網絡走到臺北地下街銜接到飯店，避開酷暑，用以上路線行走的時間，捷運出來走到飯店大概抓20分鐘（輕鬆逛街的步速來算）,0,0,0,1,0,0,0,0,0,3,0,0,3
硬要說的話電視的頻道蠻少(節目單上有的頻道是黑頻)遙控器其實不太好轉台。,0,1,0,0,0,0,0,3,0,0,0,0,3
硬要說缺點的話，早餐的基層服務員有一位男生態度其差無比（也就一位）大部分的服務員都很棒，早餐的海鮮粥，所加的干貝，是發泡過的腰子貝，腥味很重，如果可以改成魚片或者是白蝦，效果一定會很棒,0,0,1,0,0,0,0,0,3,0,0,0,3
硬說有的話就是枕頭太軟了，睡久了就扁下去了，還有浴室放衣服的架子太高了，只住兩晚，整體還是可以的,0,1,0,0,0,1,0,3,0,0,0,1,1
硬體、整潔、服務都很棒，房間有免費電影，一樓有免費飲料、晚上十點後有免費泡麵,1,1,1,0,0,0,1,1,1,0,0,0,1
硬體很新，服務人員熱情開朗，雖然住宿有附宵夜，但老公想吃滷味所以叫外送，櫃檯也對外送大哥態度很好說辛苦了，是一家滿分的好店,0,1,1,0,0,0,0,1,1,0,0,0,1
浴缸週圍不是使用浴簾，而是用壓克力圍起來，開個窗戶進出。簡單的說，就是要開窗戶爬進浴缸洗澡，不僅不方便且危險，而且讓洗澡的空間變得好小。洗個澡手都會撞到壓克力板,0,1,0,0,0,0,0,3,0,0,0,0,3
硬體環境雖還再建置中， 但整體質感呈現已經比附近週遭住宿水準高很多。 接待人員， 房務人員都親切有禮。 試營運中的價錢相對親民。,0,1,1,0,1,0,0,1,1,0,1,0,1
硬體設備相當新穎、乾淨！早餐豐盛好吃，而且第一次遇到附杜老爺霜淇淋的早餐，可惜可能太少人吃，已經冰到變石頭很難挖！哈哈,1,1,1,0,0,0,1,1,1,0,0,0,1
硬體部分建議可以更加地加強處理，例如隔音設備，當天可以聽到晚歸的人在走廊˙上說話的聲音！加上開門及關門都可聽到聲響，另外就是入住房間的蓮蓬頭是無法固定住的，發現有損壞的狀況，這些或許在維修上可以更加精進！,0,1,0,0,0,0,0,3,0,0,0,0,3
福華的羽絨被及枕頭應該要汰舊換新，枕頭太薄軟，圓圓硬硬的靠枕又不適合睡覺用，羽絨被內的羽絨已稀稀不平均，蓋起來不像被子蓬鬆保暖，倒像床單稀薄，住過很多飯店還是第一次被子與枕頭讓我睡不好 ！,0,1,0,0,0,0,0,3,0,0,0,0,3
福華集團保持著五星級服務、員工服裝穿著得體、飯店同仁們親切、飯店雖有歷史但衛生保持不錯。整體上來說真的很有水準，美中不足的是可能飯店老舊所以插頭很少?,1,1,1,0,0,1,1,3,1,0,0,1,1
福華體系的飯店住了數次， 房間大小令人覺得舒適， 尤其此次帶著小孩， 不用擔心東碰西撞， 服務態度亦保持一定水準， 此外房間的備品等級也提升了,1,1,1,0,0,0,1,1,1,0,0,0,1
離兩個捷運站都是10分鐘步行，地理位置不錯。房間雖小但是乾淨簡約。樓下有免費咖啡飲料贊一個！,1,1,1,1,0,0,1,3,1,1,0,0,1
離臺北車站和西門町很近，乘桃園機場捷運也方便，走走都是幾分鐘。1樓就是銀行，取錢方便。重慶南路有很多書店，也有賣文具的。,0,0,0,1,0,0,0,0,0,1,0,0,1
離臺北車站和西門町等都不遠，旁邊各類商店、餐飲，很方便。員工友好，行李可以存好幾天。,0,0,1,1,0,0,0,0,1,1,0,0,1
離臺北車站和西門町都比較近，但也不是特別近啦，出行可以說是非常方便的，房間偏小，設施屬於比較簡單的，但也算是一應俱全，有很多旅行團隊入住，房間隔音不是太好，但是出來玩都挺累的，入睡很快所以不是很影響,0,1,0,1,0,0,0,3,0,1,0,0,3
離臺北車站好近，周圍有很多餐廳，吃飯好方便，員工態度很好。,0,0,1,1,0,0,0,0,1,1,0,0,1
離臺北車站很近，走路不到十分鐘。去寧夏夜市也就十五到二十分鐘步行。住的一晚雙床房，房間乾淨整潔，雖然面積比較小，但是性價比高，在春節期間這樣的價格簡直太划算了，也適合要趕車的旅客！ 同樣的價格比住青旅好啊！,1,1,0,1,1,0,1,3,0,1,1,0,1
離臺北車站步行700米左右，剛開始不知道，拎著箱子走地下通道，好沉啊，其實有馬路人行橫道直接過去就行。酒店一層有水，可供飲用。房屋設施也不錯，訂的有窗戶的房間，還挺安靜的。酒店附近有速食，離捷運都不遠，很方便。,0,1,0,1,0,0,0,1,0,1,0,0,1
離台鐵站很近，步行3-5分鐘就到了，旁邊就是新光三越，離西門町也可直接步行到達！住的是朝內的房間，比較安靜！費用沒有包含早餐，需要另付台幣100元，吃的東西還比較豐富，味道也不錯,0,1,1,1,0,0,0,1,1,1,0,0,1
離地鐵站非常近，西門站出口5號站口出錢櫃KTV後面，對面就是西門町，非常不錯位置，但是房間就是便捷酒店裝修，非常簡單，下次還會住,0,1,0,1,0,0,0,1,0,1,0,0,1
離夜市很近，離捷運很近，只是房間沒有窗戶，比較壓抑。其它的還可以，比較乾淨,1,1,0,1,0,1,1,3,0,1,0,2,2
離捷運很近，交通便利，土豪可以忽略！房間不大，但乾淨整潔，服務很好！,1,1,1,1,0,0,1,3,1,1,0,0,1
離捷運站比宣傳中的遠一些，步行大概要五到八分鐘，不過沒有行李倒不算太遠。周圍商業氣氛不濃，沒東西可買，離最近的七11店大概300米左右，只能是為了入住而入住了。,0,0,0,1,0,0,0,0,0,3,0,0,3
離火車站較近，進出很方便！房間很乾淨整潔。我只住一個晚上給我升級到VIP 房間，非常感謝！,1,0,1,1,0,0,1,0,1,1,0,0,1
離火車站需要10分鐘，走得快需要5分鐘。周邊公車很多，也有一些吃的東西。,0,0,0,1,0,0,0,0,0,1,0,0,1
離西門町很近，周邊很方便，出門就有捷運站，酒店比較新，房間夠大,0,1,0,1,0,0,0,1,0,1,0,0,1
稍微一些小的建議， 房間因為是密閉式的窗戶不能打開有地毯，開空調久了會有黴味， 回去的時候都會導致衣服，跟行李箱的衣服黴味非常嚴重，全部都要清洗過， 因為入住太多次了，都是同樣的現象，所以想說建議一下是否黴味能夠改善， 其他的房間設備都還不錯， 喜歡他的環境跟設施，所以常入住， 黴味如果能改善就更完美了,0,1,0,0,0,0,0,3,0,0,0,0,3
稍微早點到，卻願意讓我們提早入住。地理位置好，且安靜無噪音。床跟棉被都很舒適乾淨,0,1,1,1,0,0,0,1,1,1,0,0,1
空氣不佳 (公共空間與房間) 人工香精太多，混雜，離開後沾染氣味,1,0,0,0,0,0,3,0,0,0,0,0,3
空氣質素差，尤其在走廊（已經有空氣清新機），枕頭偏低（可能個人問題）,1,1,0,0,0,0,3,3,0,0,0,0,3
空調不冷很熱，還要反應過後才有維修人員當場清洗濾網，感覺很差，天花板上的灰塵都飛下來了，既然出現問題應該有所補償。升等或起碼立即換房才是,1,1,1,0,0,0,3,3,3,0,0,0,3
空調不涼蠻熱的，早餐的霜淇淋非常硬，根本沒辦法挖 ，上次入住的空間非常大，這次很窄，有落差,0,1,1,0,0,0,0,3,3,0,0,0,3
空調不能自己調溫度，是固定的。還好櫃檯很貼心，主動詢問提供毛毯！,0,1,1,0,0,0,0,2,1,0,0,0,1
空調似乎是中央空調，以現在的疫情來說有點可怕。且溫度調整後根本沒有變化，設定27度卻一直維持在24度有點冷。,0,1,0,0,0,0,0,3,0,0,0,0,3
空調冷很快！夏天來真的很適合！房間乾淨舒適！這是第二次入住，感覺還是很棒！,1,1,0,0,0,0,1,1,0,0,0,0,1
空調太冷，無法調溫度，只能調出風口，房間味道空氣不優~,1,1,0,0,0,0,3,3,0,0,0,0,3
空調安靜，氣密窗隔音佳，熱水出水很快就變熱，水量夠大，洗澡用品味道很好聞，洗澡舒服，床好睡。,0,1,0,0,0,0,0,1,0,0,0,0,1
空調很冷，定溫26度但半夜掉到20，被冷醒。下次會選大一點的房型，也許房間內空氣循環會更好。,0,1,0,0,0,0,0,3,0,0,0,0,3
空調有點冷，雖然房務人員有試著來幫忙調，但溫度還是又會自動回到20度，後來只能關掉空調（在台灣冬天沒有冷氣是沒有關係）但還是希望能改善空調設備,0,1,0,0,0,0,0,3,0,0,0,0,3
空調沒辦法調，然後剛好住的那間房冷氣出風口有些問題，一直有風扇旋轉的聲音，還好沒有睡很久就起床了，睡整晚可能會睡不好,0,1,0,0,0,0,0,3,0,0,0,0,3
空調的出風口不會對準床，睡覺時很舒服。 電視尺寸比我之前住過的商旅還大。 馬桶上有安裝紫外線消毒的免治馬桶，坐墊加熱預設是打開的，冬天坐起來很溫暖舒服。 櫃台人員服務態度很好。,0,1,1,0,0,0,0,1,1,0,0,0,1
空調聲音偏大，隔音不好晚上能聽到隔壁的水聲，總體來說瑕不掩瑜。,0,1,0,0,0,0,0,3,0,0,0,0,0
空間上算非常寬敞，且位置位於北車對面，交通上非常方便，有特約停車場自行開車也是不用擔心！櫃檯服務人員也相當和諧，下次會再訪,0,1,1,1,0,0,0,1,1,1,0,0,1
空間不會很大但很剛好也很舒適，服務人員態度友善、房間也很乾淨！,1,1,1,0,0,0,1,1,1,0,0,0,1
空間及個人設施都備齊，至少我沒有遇到缺過什麼。我需要書桌（商務）辦公用，冰箱（喜歡買一些手搖杯放著慢慢喝），以及衣櫥可以掛襯衫襯褲，足以。,0,1,0,0,0,0,0,1,0,0,0,0,1
空間夠大，寬敞明亮，打開行李箱的空間也足夠，浴廁乾淨、設備很好，地段佳，CP值佳！,1,1,0,1,1,0,1,1,0,1,1,0,1
空間大、乾淨、便宜、房間明亮，服務人員態度很好動作很快，CP值很高,1,1,1,0,1,0,1,1,1,0,1,0,1
空間大，CP值還不錯，隔音尚可（但不確定當天入住狀況是否有影響），蓮蓬頭水大也夠熱,0,1,0,0,1,0,0,1,0,0,1,0,1
空間大小剛好，浴室乾淨，且提供拖鞋～早餐很豐富，櫃檯人員很親切！,1,1,1,0,0,0,1,1,1,0,0,0,1
空間寬敞、房間整潔舒適，飯店位置在地下街z2出口旁的大樓，非常方便。,1,1,0,1,0,0,1,1,0,1,0,0,1
空間小！冷氣出風口直吹床整晚頭被吹得很痛整晚睡不好！期待的早餐也不如預期！（還是高雄館優）,0,1,1,0,0,0,0,3,3,0,0,0,3
空間很大，早餐項目很多也很好吃。服務人員態度非常專業及優良。,0,1,1,0,0,0,0,1,1,0,0,0,1
空間比一般商務旅館寬敞，各樓層有不同主題設計，早餐每天不同，好吃。,0,1,1,0,0,0,0,1,1,0,0,0,1
空間照明、浴室及房間收納、掛鉤與置物空間不足。沒有無障礙洗漱空間需求，因此即使空間寬敞，但偏低的洗手台與淋浴裝置對一般人仍較不方便。 個人感受部分：室內天花板及牆面以深色設計會感到比較壓抑、無法放鬆。,0,1,0,0,0,0,0,3,0,0,0,0,3
空間蠻大的，有提前通知如果車位滿了可以停路邊停車格，飯店會補貼，附近就可以看到愛河！,0,1,1,1,0,0,0,1,1,1,0,0,1
空間設計的突破主要在呈現極美的視覺享受，我們結合多元的創意，將潮流、時尚、藝術及生活美學整合在全新的旅店,0,1,0,0,0,0,0,1,0,0,0,0,1
空間較小，開了空調還是有點悶，在網站上寫有停車位，但一小時要60元,0,1,0,0,0,0,0,3,0,0,0,0,3
空間雖不大，但充分利用且設計新穎，清爽。房內電影免費，大廳備有免費冷，熱飲,0,1,1,0,0,0,0,1,1,0,0,0,1
"空間非常小，沒有空間可以打開行李箱
，進門後有股非常重的黴味，可能是潮濕的關係枕頭棉被都有一種潮濕的味道。",1,1,0,0,0,0,3,3,0,0,0,0,3
空間非常舒適 即使是沒有窗戶的房間也沒有壓迫感！非常自在舒適！ 隔音也很好 不太會被打掃的聲音影響到！,1,1,0,0,0,0,1,1,0,0,0,0,1
空間特別大，而且價格優惠，早餐也十分美味，是我們在臺灣旅行住過最棒的酒店，沒有之一！！！,0,1,1,0,1,0,0,1,1,0,1,0,1
穿白衣服的員工很沒有禮貌，我和我老公帶著2個嬰兒按了電梯，之後那個白色衣服的男員工帶了幾位剛辦理入住的旅客，讓他們上電梯，可是是我們先按的電梯，而且等了好久，結果他讓給別人，真的很沒禮貌，而且房間有小蟲子，咬到腳都是,1,0,1,0,0,0,3,0,3,0,0,0,3
突然被升等到有浴缸的雙人床房型很驚喜，浴室很大很喜歡，櫃檯先生態度很好，還有24小時迷你吧可以坐在大廳，享受,0,1,1,0,0,0,0,1,1,0,0,0,1
窗外景觀直接面對住家，豪華雙人房有浴缸，卻沒提供沐浴鹽泡澡，遺憾。,0,1,0,1,0,0,0,3,0,3,0,0,3
窗戶、床腳非常不整潔，玻璃上有前房客留下手印，預約登記嬰兒床入住時還問需要嗎？！送來卻是另外一種遊戲床，可能有洗過，無法洗淨上面全部都是贓汙，另外隔音稍嫌不足,1,1,1,0,0,0,3,3,3,0,0,0,3
窗戶只有單層，隔音不佳(本次住三樓)，由於位置緊臨大馬路，不論是公車、機車、汽車，聲音都很清楚，房門重，關門的共鳴很大聲(被隔壁關門嚇到很多次，尤其是半夜睡著後，更是嚇人，以為有人踹門)。,0,1,0,1,0,0,0,3,0,3,0,0,3
窗戶在很詭異的地方，浴室都做隔間了為啥不做到乾濕分離，電視因為插卡問題突然故障，工作人員雖然處理了，但是還是不能看，也沒有換房間，其餘都還行,0,1,1,0,0,1,0,3,3,0,0,2,3
窗戶外的廣告燈，在拉下窗簾後仍會透進室內，稍微影響睡眠品質。,0,0,0,0,0,1,0,0,0,0,0,3,3
窗戶外面是住家，無法一覽無遺，有窗又如何？床距離牆壁太近，會有壓迫感，這是架構上的一大敗筆，零食點心可以再多些變化！其他就沒什麼可說的了,0,1,1,1,0,0,0,3,3,3,0,0,3
窗戶是在廁所也不方便開。我有註明希望是高樓層有窗戶的，結果是2F有窗戶，但是不方便開，因為在廁所裡~~ 鏡子在側面，使用不方便~,0,1,1,0,0,0,0,3,3,0,0,0,3
窗戶不乾淨，沒擦較不能接受，若要幫我升等，我個人寧願面前面馬路的景也不喜歡後面有壁刀的後巷,1,0,1,0,0,0,3,0,3,0,0,0,3
窗戶附近明顯很久沒清潔、浴室門下麵會滲水、電視會停頓、步行至車站有點距離、飯店附近沒東西,1,1,1,1,0,0,3,3,3,3,0,0,3
窗簾可以弄黑一點， 私隱度會高一點， 因為住房是園內景，搭電梯或在房間內可以看到對面房間裡面的情況。,0,1,0,0,0,0,0,3,0,0,0,0,3
窗簾太過單薄透明，感覺對面住戶會看到，可能只有我那間這樣而已,0,1,0,0,0,0,0,3,0,0,0,0,3
符合一般人對飯店的期待，隔音不錯，港景房看出去有愛河和海港，晚上風景很美，貴一點很值得,0,1,0,1,1,0,0,1,0,1,1,0,1
第2次入住，上次的有窗戶，這次的沒有窗戶，一切都很好，以這個房價來說CP值很高，滿意,0,1,0,0,1,1,0,3,0,0,1,1,1
一切都很好,0,0,0,0,0,1,0,0,0,0,0,1,1
房務清潔不確實（馬桶蓋後方有好幾根長髮，梳妝臺上也有好幾根，而且是壓在乾淨的紙杯下方）。馬桶蓋是歪的，鏡子右邊燈管壞了,1,1,1,0,0,0,3,3,3,0,0,0,3
地理環境，交通方便，臨近商業區。酒店比較新，設備完善，第三房間乾淨又美觀。,1,1,0,1,0,0,1,1,0,1,0,0,1
第一天入住房間備有嬰兒床、澡盆跟奶瓶消毒鍋，非常貼心，早餐也很精緻用心,0,1,1,0,0,0,0,1,1,0,0,0,1
第一天，入住房櫃台服務生很好，先安排好客戶入住才處理賬單問題,0,0,1,0,0,0,0,0,1,0,0,0,1
餐飲食物選擇不多，第一天排隊等候時前臺安排桌子態度好差好沒禮貌！,0,0,1,0,0,0,0,0,3,0,0,0,3
第一天住的這家酒店，最後兩天回臺北還是選的這家，但是我覺得這家酒店在搞我？第一天給了評價說隔音不太好，最後這兩天直接給我安排在電梯口？？然後連窗戶都沒有？？兩天晚上都沒有睡好，來來回回的旅客都非常吵,0,1,1,0,0,1,0,3,3,0,0,3,3
第一天入住9樓的雙人房型，冷氣無法調整溫度，浴室乾濕分離的門無法正常關閉，第一晚反應後，櫃台有立即幫我們換房間，換到7樓的商務房型更升級了，有浴缸即可正常調整溫度的冷氣。,0,1,1,0,0,0,0,3,1,0,0,0,1
第一天入住房間有很重菸味，客服人員先為我們清味道，無奈菸味去不掉，服務人員也幫忙換房，非常感謝，但希望前一位住宿者能瞭解：旅館業者已聲明不能在旅館裡抽菸就必需遵守，請體諒沒有抽菸習慣的人是無法忍受住在充滿菸味的密閉空間中,1,0,1,0,0,1,3,0,1,0,0,3,3
第一天入住晚上大便廁所塞了，沖不到水，因為我們入住時候沒有人告知不能丟?生紙(這個我也非常抱歉，因為住在香港沒有這個必要)。到第三天早上之前我們一直守規矩沒有丟衛生紙，可惜又再次塞了，很無奈又矛盾矛盾。（**洗手間內的洗手盆邊及地磚邊佈滿很多黑色漬，放抹身毛巾位置亦有銹跡**）,1,1,1,0,0,0,3,3,3,0,0,0,3
第一天入住遇到樓下包場，無限取用的飲料餅乾被限制住，但會選擇貴旅店的最大誘因就是此賣點，結果在未被提前告知的情況下只能侷限使用，似乎有種被詐欺的感覺，多少會有點令人不快。,0,0,1,0,0,0,0,0,3,0,0,0,3
第一天去時走廊有煙味，但隔天就沒了；建議浴室鏡子前可裝電燈，有點昏暗；建議飯店:提早辦理入住的旅客所寄放的行李，可以將在打掃完房間時，服務人員可以直接放入房內，會更好！,1,1,1,0,0,0,3,2,2,0,0,0,2
第一天在酒店餐廳食早餐時發現有小老鼠走來走去，通知職員後，他們也很快跟進。,1,0,1,0,0,0,3,0,1,0,0,0,1
第一天抵達的飯店櫃檯接待員辦理入住太多不是很好,0,0,1,0,0,0,0,0,3,0,0,0,3
當辦理退房時候因為是半夜離開，櫃檯有位先生及櫃檯小姐他們就很親切,0,0,1,0,0,0,0,0,1,0,0,0,1
第一天於在門口接待的人員似乎搞不太清楚狀況，有點答非所問的感覺，讓人覺得不是那麼態度良好,0,0,1,0,0,0,0,0,3,0,0,0,3
第一天的門口早餐帶位員工臭臉不會笑態度不好，我明明訂的是含早餐的房間，那個員工拿到我的房卡，直接說，你的沒有含早餐，連個不好意思都不會說，整個早餐好吃，但是第一天也因為那個員工，讓我吃到胃痛，明明可以舒舒服服吃個早餐，被那個員工氣到，但是第二天的員工就很好還有笑容，可以讓我開心的吃早餐，開心的結束這個旅程,0,0,1,0,0,0,0,0,3,0,0,0,3
第一晚住的房間面愛河一進房間潮濕味非常重，空調就算開到最大一整晚都不會冷,1,1,0,0,0,0,3,3,0,0,0,0,3
第一晚入住，枕頭套有水漬髒汙，枕頭下有3根長頭髮（再細心檢查一下會更好），冷氣太冷沒辦法調溫度。,1,1,1,0,0,0,3,3,3,0,0,0,3
第一次住，我就嚇到了還說飯店幫我升等，根本是在整我好嗎。飯店的隔音嚇死人，感覺牆壁是用紙做的，整個無法入眠，為什麼這間房間隔音這麼差，我在高雄住這麼多飯店，第一次遇到這樣的，想請問飯店，這樣怎麼睡，一下前面房間在洗澡，一下我床後面的的01房間在洗澡，還有非常清楚的講話聲，去一次我就嚇到了，黑名單了,0,1,1,0,0,0,0,3,3,0,0,0,3
第一次住，真的很喜歡~~簡單但是設備齊全，素雅風格是個人喜好。,0,1,0,0,0,0,0,1,0,0,0,0,1
第一次住加大的雙人床，沒想到是兩張床併起來的，有點不習慣。另外，防疫期間沒有早上的點心。,0,1,1,0,0,0,0,3,3,0,0,0,3
第一次住告知升等，心感很高興，但晚上洗澡時發現浴室門無法關上及浴缸熱水量太太太小，讓我想泡澡只好放棄,0,1,1,0,0,0,0,3,1,0,0,0,3
第一次住完飯店私密處毛囊細菌感染，紅腫發癢！不知道是毛巾問題還是床單問題，總之就是不乾淨！,1,1,0,0,0,0,3,3,0,0,0,0,3
第一次住宿淩晨遇到火災警報，我相信應該連上班的工作人員也是難得的經歷，問題處理上基本應對都還算不錯，值得鼓勵。只是訓練上應該要加強。警報響起，應該立即廣播或現場先行疏散，而不是人員到現場時還在找尋原因，讓現場住客不知所措。報響起狀況不明確時，不要回答不確定的答案，以免產生更多無謂的猜忌根紛擾。通報消防局，或許警報有連結消防局，待消防局做好安全檢查。,0,0,1,0,0,0,0,0,3,0,0,0,3
第一次住宿有早餐，後來住了好幾次，都再沒有早餐了，不是算二級會員了嗎,0,0,1,0,0,0,0,0,3,0,0,0,3
第一次住水京棧，非常滿意。從訂好房間後，每次的問題都能得到很快很有禮貌地的回覆。高鐵接駁人員很有效率地帶我們到達旅館。入住處理很快，我們就輕鬆出去玩。房間設備很好，瓶裝水準備很足夠，在氣候比較熱的高雄是很重要的。早餐內容、品質和服務很優。整體上我們都非常滿意，也推薦給朋友來住。,0,1,1,0,0,1,0,1,1,0,0,1,1
第一次住的時候太驚豔，之後只要來高雄都會住這家，房間乾淨舒適又有設計感，頂樓的餐酒館食物與調酒都很棒！,1,1,1,0,0,0,1,1,1,0,0,0,1
第一次入住，也可以算是性價比優的旅店，但是唯一，就是找房門，需要有點耐心，因為會迷路。,0,0,0,0,1,1,0,0,0,0,1,3,1
第一次入住9月那時早餐沒鮮奶，這次第二次入住時早餐已有鮮奶，覺得很貼心,0,0,1,0,0,0,0,0,1,0,0,0,1
第一次入住兩天，服務人員親切，房間設備齊全有寫字桌椅/有線電視/冰箱， 附近交通飲食方便， 在三樓有免費洗衣機/烘衣機， 在五樓有公用微波爐/開飲機， 有每日清潔服務， 可以是住宿選擇之一。,0,1,1,1,0,0,0,1,1,1,0,0,1
第一次入住無窗單人房3天，服務人員親切，有每日清潔服務，房間設備齊全：有喜歡的書桌椅/冰箱/有線電視節目，在地下一樓大廳有免費泡麵、公用開飲機、微波爐，有投幣式洗衣機烘衣機可用，是旅遊住宿好選擇。,0,1,1,0,0,0,0,1,1,0,0,0,1
第一次去住就被安排在角落最後一間房間緊鄰儲物間，於飯店工作人員進出開關門時的碰撞聲很大聲/隔音也不好。但經過反應後關門聲明顯小聲很多不過隔牆的物品擺放聲還是一樣大！,0,1,1,0,0,0,0,3,3,0,0,0,3
第一次睡飯店遇到這樣的體驗！睡到一半，突然被房務闖進來，下意識就去確認是否是自己按了請打掃的按鈕，結果並沒有！向櫃檯反應後對方絲毫沒有道歉之意，也欲瞭解的意思～勸大家還是別為了省錢住這家飯店！,0,0,1,0,0,0,0,0,3,0,0,0,3
第一次覺得隔音稍微不太好，不過有請飯店處理，只是客人依然繼續吵，就沒繼續打擾櫃檯,0,1,0,0,0,1,0,3,0,0,0,3,3
第一次遇到辦理入住跟退房都要排隊半小時以上?，住在7樓，飯店自動升等有窗房間，但是整晚都是抽風聲?外面有人經過說話聲音也很清楚??,0,1,1,0,0,0,0,3,3,0,0,0,3
第一次開浴室的熱水來的比較慢，要等一段時間，後面就好了，浴室乾濕分離的門無法關密，且浴室的水會流到房內走道上，另外整個晚上都有電流切換聲(不曉得是不是房間牆壁內的電箱有故障?)可以修繕會更好，不然會比較不好入睡。另外就是清潔部分都還可以，只有細節需要注意，比方說洗手槽後面有用過的牙膏，但都是小問題，可以改善就更棒了！,1,1,0,0,0,0,3,3,0,0,0,0,3
第一次願意讓我花時間寫評價！從門口的接待人員到櫃檯人員的服務態度都極好。出差住過高雄那麼多大飯店，不管是在人員的效率上還是專業上以及處理態度都非常的主動積極，國賓的服務人員真的值得讚許。,0,0,1,0,0,0,0,0,1,0,0,0,1
第一當然是交通位置的便利性，距離駁二、愛河、壽山都相當近。再來就是住房的舒適度佳，空間和佈置都很不錯。最後就是服務人員的親切態度，讓人非常窩心。,1,1,1,1,0,0,1,1,1,1,0,0,1
第一間冷氣不冷，過蠻久才有人來檢視，並告知要我們在等一下說重設定要一些時間，但1-2小時過後還不冷，再次反應又過一陣子才安排換房，且我訂房型為含車位，但可能因為換過房，所以要離開時還顯示要付費，在致電請協助處理雖有處理完成，但可能是有換過房所以查詢較久，較不流暢,0,1,1,0,0,0,0,3,3,0,0,0,3
第三次入住，很喜歡這樣簡單卻又不平凡的住宿空間。有種回到家的感覺。下次還會再選擇。,0,1,0,0,0,0,0,1,0,0,0,0,1
第三次入住，櫃檯服務好 房間空間夠大，床枕乾淨好睡，浴室乾濕分離，有健身房，有免費洗衣、烘衣設備，戶外休閒區，咖啡機全天供應,1,1,1,0,0,0,1,1,1,0,0,0,1
第三次入住，每次到臺北的首選，朋友非常喜歡，地理位置非常好離捷運站近，房間內非常舒適，喜歡沐浴乳的味道，謝謝房務人員整理的很乾淨，回到房間又煥然一新的感覺,1,1,1,1,0,0,1,1,1,1,0,0,1
第三次入住，這次有幫我提升浴室的大小，總算洗澡不會卡住身體，其他的一切都很不錯,0,1,1,0,0,1,0,1,1,0,0,1,1
第三次入住，還是很喜歡，地理位置好，有停車位，住房服務貼心。,0,1,1,1,0,0,0,1,1,1,0,0,1
第三次造訪飯店，因為疫情關係少了早餐，因?屬比較久一點的飯店，（廁所門入住前已壞），但服務態度算還不錯,0,1,1,0,0,0,0,3,1,0,0,0,3
第二天端午連假人潮湧現，用早餐時，先上沙拉、湯品，但主餐卻等了1個多小時，都還沒上，後面進來的主餐竟比我們先上，詢問服務生，得到的答案是他們後場很忙，再幫我們作確認，很可惜，原本住宿的愉快心情，因第二天早餐事件而破壞，後面行程也因此延誤。,0,0,1,0,0,0,0,0,3,0,0,0,3
第二天床被浴室有整理，清潔備品茶包咖啡包等有撥補，但是地毯明顯沒有清潔吸塵。,0,0,1,0,0,0,0,0,3,0,0,0,3
第二天的毛巾，其中一條邊邊嚴重脫線，有汙漬在上面，並有煙味，而且我已經圍了，才發現臭??拿去櫃台，他們說要回房間等房務來，在默默的拿回房間等?,0,1,1,0,0,0,0,3,3,0,0,0,3
第二天臨時換房我覺得沒關係，打了第一次電話告知說整理好了可以換了，過了30分鐘都沒有人來帶我們，打了第二通竟然回我：「咦 你們可以換了嗎？」，雖然有點小不高興但是整體都還好～,0,0,1,0,0,1,0,0,3,0,0,2,2
第二次住了，員工服務態度佳，房間依然舒適乾淨，可惜現在疫情沒有自費自助早餐,1,0,1,0,0,0,1,0,1,0,0,0,1
第二次住了，所有遇到的員工態度還是一樣很好，也還是一樣喜歡大廳有免費提供飲料，跟坐著休息吃吃東西的地方。價錢也很划算。,0,1,1,0,1,0,0,1,1,0,1,0,1
第二次住宿，兩次來都是入住兩晚，這次剛好遇到舉辦萬聖節活動，卻無法給房客享用露天酒吧，叫我們去20樓換飲品回房間享用。希望在訂房時可以先告知。,0,0,1,0,0,0,0,0,3,0,0,0,3
第二次住宿，服務人員態度很好，先前有過枕頭太低的問題，這次特別跟櫃台多要了2個枕頭，睡的很好,0,0,1,0,0,0,0,0,1,0,0,0,1
第二次住宿了，整體來說都是滿意的，無論是早餐的豐富、精緻度外，工作人員的用心也值得讚賞！多數的飯店在我們需求幼兒澡盆時，大部分就單純的給個澡盆，甚至連水瓢都沒有，但此飯店除了該有的有外，還會詢問是否有要嬰兒床及奶瓶消毒器，非常貼心，我們不是澳洲來的，就算沒有澡盆也無仿，但相較之下，同為服務業的我認為他們非常優秀。,0,0,1,0,0,1,0,0,1,0,0,1,1
第二次住宿了，櫃檯人員真的服務真的很好，退房不想拖著行李走也能寄放。,0,0,1,0,0,0,0,0,1,0,0,0,1
第二次住就覺得還好，價錢變貴了，然後給的房間也比較潮濕和小，牆壁也髒髒的。,1,1,0,0,1,0,3,3,0,0,3,0,3
第二次住這間旅店，感覺不錯，沒什麼不好的地方，地方整潔，員工有禮,1,0,1,0,0,0,1,0,1,0,0,0,1
第二次來了，早餐很棒，工作人員也很親切 ，會再次光臨的,0,0,1,0,0,0,0,0,1,0,0,0,1
第二次入住， 還是一樣非常滿意。 房內設備宵夜點心水準不變， 早餐依舊美味。 這次辦理入住/退房櫃台人員對我們不同的要求都非常有耐心處理， 謝謝她們！,0,0,1,0,0,0,0,0,1,0,0,0,1
第二次入住，上一次入住7樓收訊很不好，這次入住一樣7樓收訊很好，房間有些掛鉤可以吊東西更好，下次有機會還是會選擇這裡,0,1,0,0,0,0,0,1,0,0,0,0,1
第二次入住，交通位置優越，房間乾凈，隔音好晚上也相當安靜，CP值非常高，仍然令人滿意,1,1,0,1,1,0,1,1,0,1,1,0,1
第二次入住，因為CP值高。但此次的房間可能遇到水管有問題，廁所外的地毯都會濕一塊（洗澡水噴不到，有距離），踩到又回床， 感覺有點髒。,0,1,0,0,1,0,0,3,0,0,1,0,3
第二次入住，地點方便是最大誘因； 設備、清潔和舒適度也毫不馬虎，值得推薦。,1,1,0,1,0,0,1,1,0,1,0,0,1
第二次入住，好在疫情宣佈解封可以內用，自助式早餐還是讓人非常滿意。專屬停車場，走路5分鐘就可抵達非常方便，開車旅客會給磁扣，不管多晚外出都不怕管制。地理位置優越就不在話下了。,0,1,1,1,0,0,0,1,1,1,0,0,1
第二次入住，安排了高樓層有床房間，還有洗衣房、烘衣機，CP值高,0,1,1,0,1,0,0,1,1,0,1,0,1
第二次入住，這次住宿非常吵，隔音不好，淩晨一兩點隔壁講話聲大，開關門也很大聲。,0,1,0,0,0,0,0,3,0,0,0,0,3
第二次入住，還是一樣的性價比優等，下次有商務行程，還是會來入住,0,0,0,0,1,0,0,0,0,0,1,0,1
第二次入住，酒店在台中站附近，位置非常便利，酒店附近不遠處有個夜市，步程大約7-8分鐘左右。而酒店旁邊亦有便利店及不同的食市。是台中旅程住宿的首選。,0,0,0,1,0,0,0,0,0,1,0,0,1
第二次入住，飯店員工還是很親切，房間也是非常舒適，地點離北車近，附近也是有吃的，下次再入住臺北還是會想住這裡,1,0,1,1,0,0,1,0,1,1,0,0,1
第二次入住了， 這次入住的房間廁所很大， 且也有對外窗， 地點很好離北車非常近,0,1,0,1,0,0,0,1,0,1,0,0,1
第二次入住了。位於臺北車站附近，交通方便、周圍也有很多美食可以選擇！櫃檯服務人員態度也很好！,0,0,1,1,0,0,0,0,1,1,0,0,1
第二次入住新驛台中店了，依舊感到相當滿意。舒適度高，環境設備非常乾淨，每一位工作人員服務很專業且非常有禮貌。電視電影選項豐富，新電影不少。早餐好吃且用餐環境很乾淨，服務人員會隨時注意到客人的用餐狀況。,1,1,1,0,0,0,1,1,1,0,0,0,1
第二次入住該酒店(原謙商旅)，酒店人員熱情，幫助訂車並樂於提供各種資訊；房間雖不大，但設施齊全，淋浴很舒服；酒店離臺灣博物館、總統府及西門町都在步行五分鐘範圍內，距離臺北車站步行要10分鐘；性價比高。,0,1,1,1,1,0,0,1,1,1,1,0,1
第二次回住了！不管是第一次還是第二次，都覺得CP值很高，而且價格真的不貴 很值得一推,0,0,0,0,1,0,0,0,0,0,1,0,1
第四台有點問題，打到櫃檯反應後，10分鐘內馬上到房間查看，確認無法維修後，馬上幫忙更換房間，並招待付費飲料表示歉意，服務非常好。,0,0,1,0,0,0,0,0,1,0,0,0,1
第四台節目很少，櫃檯工作人員笑容有點少（尤其男服務人員），早餐選擇性很少，下次在住不會再買附早餐。,0,1,1,0,0,0,0,3,3,0,0,0,3
第四次入住，感覺依舊很棒，冷氣很涼，房間乾淨舒適，服務人員親切友善！下次還會再選擇入住！,1,1,1,0,0,0,1,1,1,0,0,0,1
第四次入住，相當滿意，早餐是半自助餐型態，牛排煎的好吃，還有莫凡彼霜淇淋及養樂多可供食用,0,0,1,0,0,0,0,0,1,0,0,0,1
等待入住的時間有點長，後來有加開櫃檯才紓緩人潮,0,0,1,0,0,0,0,0,3,0,0,0,3
算是中間等級，這個月因公出差已經第二次回訪了，性價比很高，停車位還算多，早餐非常好吃，但房間整潔真的待加強,1,1,1,0,1,0,3,1,1,0,1,0,1
算是平日卻沒有給海景房，就是為了景訂的有點失望，多半服務都要加價,0,0,1,0,0,0,0,0,3,0,0,0,3
管線可能老舊，半夜靠洗手間處的管線發出轟隆巨想，害我們差點衝出門逃生,0,1,0,0,0,0,0,3,0,0,0,0,3
簡單乾淨無異味，隔音一般，早餐在同業平均水準之上，平日房價不貴，CP值高，值得推薦,1,1,1,0,1,0,1,2,1,0,1,0,1
簡單又乾淨，服務人員態度好，隔音佳，我是個嚴重失眠的人，但到這裡都秒睡，非常滿意,1,1,1,0,0,0,1,1,1,0,0,0,1
簡潔寬敞的雙人房、服務品質好，無限的零食點心，整體設計很夢幻，像愛麗絲夢遊仙境,0,1,1,0,0,0,0,1,1,0,0,0,1
簡約舒適的客房，提供的早餐蠻不錯的，有停車位可停，停滿了，只要停停車格也有提供停車補助，隔音可以,1,1,1,0,0,0,1,1,1,0,0,0,1
簡?的室內設計令人住得舒適。 位置清靜舒服。 前檯服務員有禮及很用心幫助我們。,1,1,1,1,0,0,1,1,1,1,0,0,1
粉色制服的房務人員以及經理服務態度很好，在我們房間門鎖有問題時，也很願意的為我們解決。,0,0,1,0,0,0,0,0,1,0,0,0,1
粵菜餐廳有些問題：螃蟹粥似乎粥和螃蟹先分別預煮好，客人點到時再放到一齊熱一熱。理由是，粥的味道不是螃蟹的海鮮味，是雞湯味，而且螃蟹的鉗、腳都未將硬殼砸裂，裡面的味道沒法跑到粥裡，而且食用困難，餐廳又沒提供螃蟹鉗子。,0,0,1,0,0,0,0,0,3,0,0,0,3
精緻客房，房間乾淨舒適，浴室大還有浴缸。房間內有餅乾，地下1樓有咖啡、茶、小點心，櫃台24小時服務，晚間還提供泡麵。,1,1,1,0,0,0,1,1,1,0,0,0,1
精緻早餐！店員會派給一個人型記號幫忙吧檯！簡潔乾淨房間！免費24小時自助洗衣,1,1,1,0,0,0,1,1,1,0,0,0,1
精緻的房型設計，以及處處的貼心巧思，還有可以一覺超好眠的床,0,1,1,0,0,0,0,1,1,0,0,0,1
素色的房間視覺上很放鬆，窗簾也很遮光。隔音不錯，不會被其他客人影響睡不著。,0,1,0,0,0,0,0,1,0,0,0,0,1
素食早餐，櫃台應該跟餐廳人員溝通準備的，而不是早上等客人自己發現沒有素食早餐 ，炒飯跟炒麵太鹹了~,0,0,1,0,0,0,0,0,3,0,0,0,3
素食早餐真的很讚！很好吃！很感謝貴公司服務人員提供專業的服務。,0,0,1,0,0,0,0,0,1,0,0,0,1
素食的早餐很棒，很好吃！非常感謝貴公司人員所提供專業的服務。,0,0,1,0,0,0,0,0,1,0,0,0,1
素食選項太少！ 應該可以再多提供一些。沙拉吧有些菜色沒寫奶素或蛋素。,0,0,1,0,0,0,0,0,3,0,0,0,3
細節上清潔再加強會更棒，住到的那間沐浴乳好像變質了，味道有點酸味怪異，但不確定所以建議定期檢查更換,1,1,1,0,0,0,3,3,3,0,0,0,3
細節上的清潔度有待加強！房間很乾淨，但是在廁所看到玻璃門上的水漬痕跡，有點不舒服！,1,0,1,0,0,0,3,0,3,0,0,0,3
細節方面有得加強，浴缸底有牙膏的蓋子，選台器需到床尾、桌子才能換台，早餐肉包區內有混到菜包。,1,1,1,0,0,0,3,3,3,0,0,0,3
經常送食物，端午節有稯送，還有蛋糕試食。有免費洗衣及乾衣，超方便，買了新衣服可即洗即穿。,0,1,1,0,0,0,0,1,1,0,0,0,1
經濟又實惠，孩子住很開心，只是電視與床距離太近了！整體上是整潔乾淨,1,1,0,0,1,0,1,3,0,0,1,0,1
經濟又實惠,0,0,0,0,1,0,0,0,0,0,0,0,0
經濟實惠，以往一個人都是住背包客棧，難得有便宜的雙人房，立馬下訂，一個人睡大床好舒服，還有私人的衛浴設備，不被打擾，周邊很熱鬧，逛街還是肚子餓都很方便，離車站也很近，外地人即使看了googleMap，還是常常會有在車站旁邊繞路的冏境，請教櫃檯人員會直接告訴妳怎麼走最近，感謝，下次到臺北還有優惠價會再選擇入住。,0,1,1,1,1,0,0,1,1,1,1,0,1
經濟實惠！整體也都乾淨舒服～櫃檯人員非常親切！地點也很棒，CP值很高！！空間不大，但這個價錢跟地點還有免費停車已經很優秀了,1,1,1,1,1,0,1,1,1,1,1,0,1
經濟房型沒有冰箱，對於休閒的旅客來說不太方便，畢竟很容易就帶一杯手搖杯回旅店,0,1,0,0,0,0,0,3,0,0,0,0,3
經過詢問泳池健身房開放時間，才知道都因疫情全部停止營運了，但貴官網都無提出特別注意訊息，令人傻眼！！,0,0,1,0,0,0,0,0,3,0,0,0,3
綜合評估以房間及地點的價位確實太高，床墊與床的大小不符，造成床後端有一截是空的。,0,1,0,1,1,0,0,3,0,3,3,0,3
維修技工及搬運行李人員都很好，客房內的220瓦特轉接頭插不進去，更換了好幾個也插不進去，唯獨特那位有點年長的男維修技工，很認真及有經驗地用其他方法去幫忙，真的很感謝他的幫忙,0,1,1,0,0,0,0,3,1,0,0,0,1
網上說有提供早餐，但到現場確跟本沒提供，還說因為特價不提供，簡直騙很大,0,0,1,0,0,0,0,0,3,0,0,0,3
網站上標註有停車場，卻是只有騎樓3個位置而已，得停到大約5百公尺遠的付費停車場，一個晚上停下來，300塊，感覺差透了,0,1,1,0,0,0,0,3,3,0,0,0,3
網站上說升級為有浴缸房間，結果到現場說不提供有浴缸的房間，除非再升級成住宿一晚的，根本就是詐欺,0,0,1,0,0,0,0,0,3,0,0,0,3
網路環境不好，網路網速慢還時常掉線、並且沒加密，還是802。11n四代網路，這個可以說是唯一最大缺點，只能用自己的中華電信手機4G分享辦公，訊號3-4格間，勉強堪用但也不快，大約20-40 Mbps，用第二支手機是台灣之星的5G門號，別說5G了，降到4G訊號也是只有1-2格，網速比中華更慘，只有8-10Mbps。平心而論，這裏靠近臺北車站也算門面吧，但周遭網路建設完全不及格。,0,1,0,1,0,0,0,3,0,1,0,0,3
網路的效果很糟，電腦完全不能用，手機還好。如果是來體驗住宿是還不錯。但因為我訂的房間是典雅雙人房所以應該比標準房大一些。來玩的話地點是很方便，靠近很多景點。地點算是優勢，但對於商務來說感覺沒這麼明顯。,0,1,0,1,0,1,0,3,0,1,0,1,3
體驗住宿是還不錯,0,0,0,0,0,1,0,0,0,0,0,1,1
網路真的很慢，去年也曾入住過一段時間有跟櫃台反應過這個問題，如今還是沒有改善,0,1,1,0,0,0,0,3,3,0,0,0,3
網路訂購（1840元）時並無說明需爬樓梯二層樓，看起來我住的是頂樓加蓋夾層，飯店電梯只到16樓。感受不佳。,0,1,1,0,0,0,0,3,3,0,0,0,3
緊臨愛河旁，高雄港、流行音樂中心就在眼前，房間整潔乾淨，櫃檯人員接待人員親切，有免治馬桶還有提供消毒鍋、幼兒澡盆，很貼心,1,1,1,1,0,0,1,1,1,1,0,0,1
緊鄰台中車站的獨棟住宿， 非常的方便， 出入的人口也比較單純， 讓很安心,0,0,0,1,0,1,0,0,0,1,0,1,1
總是遇上有其他客人在房內抽煙，煙味一陣一陣的傳到我們的房間，令氣管過敏的我一直咳嗽，無法入睡，後來要戴口罩來睡，酒店沒有實際辦法禁止客人在房內抽煙，只是說說提醒一下，很多人不太聽話。,0,0,1,0,0,1,0,0,3,0,0,3,3
總機先生的態度很沒精神，明明只是簡單的問題也要回的很敷衍，跟現場櫃檯差很多,0,0,1,0,0,0,0,0,3,0,0,0,3
總機在通話沒結束即掛斷，明明住宿樓層有製冰機，住宿當晚詢問櫃檯說沒有，隔天離開時搭電梯時有看到，就在電梯旁通道進去一些的位置,0,0,1,0,0,0,0,0,3,0,0,0,3
總體來看在北市行旅館來比較算是品質實惠，座落地點及交通都很好。,0,0,0,1,1,0,0,0,0,1,1,0,1
品質實惠,0,0,0,0,1,0,0,0,0,0,1,0,1
繪者的特色作品作為房內床頭佈置似乎有些太華麗，細看有些小角色眼神也不太友善（蠻戲謔、邪魅）要睡覺的房間個人還是偏好溫和一些。希望能設計夜燈，燈具全開太亮又沒有足夠調整的小燈。,0,1,0,0,0,0,0,3,0,0,0,0,3
續住兩晚，清潔專員還是用心整理補備品，細心發現我們有帶小孩，備水還多補充，非常貼心,0,0,1,0,0,0,0,0,1,0,0,0,1
續住卡片會未告知客戶就消磁，導致上了樓才發現門怎麼試都打不開，得下樓給櫃檯用才能開門,0,0,1,0,0,0,0,0,3,0,0,0,3
給我分配了一間殘障人士房，刷卡位置較低，衛生間位置過大而房間小,0,1,1,0,0,0,0,3,3,0,0,0,3
綜合來說，是個不錯的賓館，地點不錯，有免費的飲料和麵包可以吃。,0,0,1,1,0,0,0,0,1,1,0,0,1
缺乏停車資訊，門口騎樓僅有3車位，雖然事前有諮詢車位（先到先停），但是依舊在周邊尋找快一小時才找到停車場（已累到），而且商旅並無提供停車折抵費用，其他商旅車位不足時，縱然入住旅客停其他收費停車場，仍提供部分停車費折抵，期待貴公司能研議此部分的方式。,0,1,1,1,0,0,0,3,3,3,0,0,3
缺點：唯獨浴廁的洗手台是在玄關旁邊而不是廁所裡，沒有跟浴廁一起動線比較不方便！廁所的拉門設計上有點奇怪，無法完全密合，會留點縫隙比較沒隱私。隔音效果不好，容易被聲音驚醒，樓下對面廣場都有年輕人在玩滑板，玩上過12點的時間是有點吵！住8樓還聽的到…,0,1,0,0,0,0,0,3,0,0,0,0,3
缺點：位置較不顯眼，在一個商業大樓地下一樓，容易錯過。床偏硬,0,1,0,1,0,0,0,3,0,3,0,0,3
網速快；飯店休息廳佈置的很溫馨，其中茶飲的品種多、衛生設施及小的細節都考慮的很周到；一線的接待很專業。,0,1,1,0,0,0,0,1,1,0,0,0,1
美中不足，旅店提供沐浴乳洗髮精品質差，跟小朋友洗完頭養身體養，隔天一早去附近光南買新的回來使用就好多了,0,1,0,0,0,0,0,3,0,0,0,0,3
美中不足之處是飯店旁邊空地在蓋大樓，週六日都有施工，週六白天噪音滿大，週日施工的聲音稍小但關了窗戶還是聽得到，約八點多左右開始，淺眠的會稍受影響,0,0,0,0,0,1,0,0,0,0,0,3,3
美中不足就是我住的那間浴室沒有大鏡子 只擺了一個可以拿的化妝鏡,0,1,0,0,0,0,0,3,0,0,0,0,3
美中不足是電梯，實在小了點，不過我想，應該是舊大樓改建而成，要更動電梯，實屬難事,0,1,0,0,0,0,0,3,0,0,0,0,3
美中不足的是從高雄火車站走過去要15分鐘，路程稍遠，而且附近公車也不太方便。,0,0,0,1,0,0,0,0,0,3,0,0,3
美食佳，頂樓餐廳很棒！晚餐、早餐都好！飯店竟然提供宵夜很驚喜,0,1,1,0,0,0,0,1,1,0,0,0,1
習慣睡到中午的比較不適合住，因為隔音不太好，樓上有健身房早上可能會有點吵,0,1,0,0,0,0,0,3,0,0,0,0,3
翻身床會有聲音，電視遙控器按了沒反應，雖然有地毯，但走路蹦蹦跳跳的聲音還是很大聲,0,1,0,0,0,0,0,3,0,0,0,0,3
老公是當日壽星， 有提前於訊息告知， 飯店送了一個不小的圓形蛋糕， 非常貼心！ 另外訂海港景套房， 外面愛河景致很棒， 床跟枕頭也都很舒適， 停車場算是蠻好停， 離電梯也很近,0,1,1,1,0,0,0,1,1,1,0,0,1
老婆生日前二天入住，飯店還有準備貼心小蛋糕給予驚喜，真是太細心了,0,0,1,0,0,0,0,0,1,0,0,0,1
老闆們都很滿意這次的住宿，飯店的設計很特別。出差辦公，交通很方便。下次會再回來！,0,1,0,1,0,0,0,1,0,1,0,0,1
老派優雅的好飯店，處處貼心，入住17樓尊榮客房，愛河景觀美，浴室超棒 ,0,1,1,1,0,0,0,1,1,1,0,0,1
老牌大飯店，假日很多人入住，我第一次碰到吃早餐還要抽號碼牌等。,0,0,0,0,0,1,0,0,0,0,0,3,3
老牌子的五星級飯店、有很好的景觀剛好在愛河旁邊。但是由於一開始安排的房間剛好被遮到風景所以加錢升級高一階的套房,0,0,1,1,0,0,0,0,3,1,0,0,1
老牌子酒店，我們是四人間，就是原本的套房在客廳位置加兩張沙發床，還是比較舒適的，小孩子最喜歡泡浴缸，衛生條件不錯，就是空間有點小，跨年房間比較貴，地點還是很方便的，機場有大巴直接到酒店了。,1,1,0,1,1,0,1,3,0,1,3,0,1
老牌的星級飯店的確有一定的水準，整體服務不錯，房內設備也很齊全。坐落於愛河畔，愛河太陽船碼頭就在飯店旁(購買好玩卡可以體驗搭乘)，走路到真愛碼頭輕軌站也很便利。,0,1,1,1,0,0,0,1,1,1,0,0,1
老牌飯店，內裝中規中矩， 床鋪舒服，衛浴用品是馬鞭草套組，一樓服務臺服務態度好。可免費停車。提供高雄旅遊地圖。地點就在愛河旁。,0,1,1,1,0,0,0,1,1,1,0,0,1
老牌飯店，服務品質令人安心。房間裝潢走懷舊風，實景與照片無差異。樓層天花板較臺北國賓的高，令人感覺舒適。,1,1,1,0,0,0,1,2,1,0,0,0,1
老牌飯店，服務好，員工親切，看到房務阿姨精神專業，就知道住在這裡舒服，所以來高雄一定來國賓。,1,0,1,0,0,0,1,0,1,0,0,0,1
老飯店的感覺， 冷氣回風口半夜震動聲音愈來愈大，早餐的價格與菜色CP值比低,0,1,1,0,1,0,0,3,3,0,3,0,3
老飯店設施雖然有時顯得陳舊，但從另外一方面來說，卻有一種舊時的優雅，和老一輩特有的堅持。例如說他們的床墊被子和枕頭，躺過之後就知道使用的等級都很高，這些都價昂而看不到的成本支出，此外那些看來一般般的茶包，喝起來並不那麼一般般。我想只有老飯店會注意這種細節，這種細節堅持久了就會變成特色，如果有很多的特色就會形成傳統。這些傳統是值得領略的。,0,1,1,0,0,0,0,1,1,0,0,0,1
老飯店風華，真的很棒，書桌椅子有緩衝，浴室龍頭壁式出水，洗手台吹風機，連插頭都插好，還是日本吹風機，非常安靜，桌面、平面到處都是倒角，電視隱藏也可推出調角度，果然是台灣首屈一指的飯店,0,1,0,0,0,0,0,1,0,0,0,0,1
職員們盡力協助， 反應快， 態度好， 非常的讚,0,0,1,0,0,0,0,0,1,0,0,0,1
職員態度不友善，寄存行李時，要自己把2件行李搭扶手電梯推上2樓，沒有職員主動協助。房間有黴味，早餐質素一般。,1,0,1,0,0,0,3,0,3,0,0,0,3
職員態度親切， 交通方便， 很喜歡提供的自助咖啡及朱古力熱飲。 最驚喜是員工們送了一個蛋糕給我們慶祝周年紀念！,0,0,1,1,0,0,0,0,1,1,0,0,1
職員服務態度一般，早上催交房，和離開暫托行李，感覺不怎麼友善。早餐種類也算多但味道不好。房間不怎麼清潔過，還能看到上時手住客痕跡(如地上有肥皂，頭髮)，其他一般。,1,0,1,0,0,1,3,0,3,0,0,2,3
職員迅速回應電郵查詢，房間空間比其他近臺北車站的旅店大， 方便,0,1,1,1,0,0,0,1,1,1,0,0,1
職員都很有禮貌、即棄用品都有提供、很乾淨、我住在二樓，網路訊號不錯,1,1,1,0,0,0,1,1,1,0,0,0,1
隔音不好，聽得到樓上管線的水聲和室外的人聲，不是整晚都有，淺眠的人會有些甘擾。,0,1,0,0,0,0,0,3,0,0,0,0,3
肺炎非常時期…早餐感覺不是很安全和衛生，餐點蓋全開，共用湯匙、夾子就直接放在裝食物的盤子裡，靠在邊緣，一不小心整支湯匙就掉進食物內，總覺得吃起來不是很安心和衛生,0,0,1,0,0,0,0,0,3,0,0,0,3
早餐以性價比來說，供應的餐點很不錯！！！值得推薦！！,0,0,1,0,1,0,0,0,1,0,1,0,1
能為客人提供休閒的休息區和免費飲品，還提供免費自助洗衣服務。距離台中火車站僅幾步而已。,0,1,1,1,0,0,0,1,1,1,0,0,1
床上有一小根泡麵，淋浴上方天花板會滴水，瑕不掩瑜，除了上述2個小地方之外其他都很好,1,1,0,0,0,1,3,3,0,0,0,1,1
臥室簡單舒適，浴室非常寬敞潔淨,1,1,0,0,0,0,1,1,0,0,0,0,1
臥室與客廳之間的門滑順度不夠，開啟時會發出比較大的聲響，會吵到在睡覺中的人,0,1,0,0,0,0,0,3,0,0,0,0,3
臨停不方便，假日的價格太高，CP值低。員工指示停車場位置，地圖還畫錯，最後只好停到別處去。,0,0,1,1,1,0,0,0,3,3,3,0,3
臨時三天兩夜的住宿，第一個晚上住雙人房，雖然隔音稍微差，但是CP值高，環境乾淨及該有的都有，第二天晚上因消毒的關係，幫我們換四人房，因已經在外出了，則行李還幫我們移送，服務真的很好也很用心,1,1,1,0,1,0,1,3,1,0,1,0,1
臨時尋找入住，沒想到這麼優秀，下次會直接列入住宿名單首選。服務及舒適度上都優於預期、也優於價錢。入住的是12小時專案的雙人房$1000，適合晚住的旅客。旅店從大廳、樓層間、房間內部的乾淨度很好，床上還有清潔人員的立牌，感受到專業貼心！最在意浴室水壓、熱水、吹風機：水壓很大！熱水不用一分鍾就熱！吹風機非傳統，而是國際牌，風量很足夠！大廳共用空間都有人員定時清潔維護！櫃檯服務生態度也良好。,1,1,1,0,1,0,1,1,1,0,1,0,1
臨時找了這間來過夜，看網路評價感覺還行，結果二樓的房間午夜過後外面不知道是哪個房間的一群女生一直在嬉笑，大吵大鬧(不知道是台灣還是哪國的)！好像喝醉還是啥的，吵到半夜還停不下來?這隔音完全不行啊，連個小孩哭裡面聽都非常大聲，總之外面人聲沒停過，旁邊睡的伴侶半夜還做惡夢整個人驚嚇跳起來?把我也給嚇的～而且廁所竟然沒那種掛在牆上的正常鏡子，就放一個小小的立鏡??,0,1,0,0,0,1,0,3,0,0,0,3,3
臨櫃辦理住宿登記時，被告知，不含早餐，若要含早餐則須另外加$350/人。但以國賓飯店的等級，這收費標準是可被接受。晚餐時，我沒去外面的餐館，行李放下後來到2樓的粵式餐廳享用餐點。點了野菌雄菇麵/松露竹笙燉雞盅/叉燒酥/燒賣-鮮蝦鮑魚各一，凍頂烏龍茶。新鮮美味好吃。,0,0,1,0,1,0,0,0,1,0,2,0,1
臨近北車交通便利，床睡起來舒服，房內插頭多方便充電，整體而言很不錯,0,1,0,1,0,1,0,1,0,1,0,1,1
臨近愛河邊， 面高雄港的房間視野很好， 乾淨， 人員服務態度切,0,0,1,1,0,0,0,0,1,1,0,0,1
自助入住登記似乎有點故障?掃瞄有點問題。針對操作的說明可以再明確一點就好了,0,1,1,0,0,0,0,3,3,0,0,0,3
自助式入住，很酷，第二次再來住房間整體舒適度提升，也多了浴缸，覺得驚喜！因房內突然冷氣故障，但設備同仁處理的時間和善後服務，都覺得很優秀，讓我們住的也安心，下次有機會還再來入住！,1,1,1,0,0,0,1,1,1,0,0,0,1
自助式早餐可口、衛生。房間乾淨清潔，沒有異味，設備具全。地點絕佳，在臺北火車站對面，走路僅要5分鐘。附近餐廳、咖啡店、7-ELEVEN 、全家、各式商家鄰立， 真的是太棒了！,1,1,1,1,0,0,1,1,1,1,0,0,1
自助式早餐有中式菜餚、沙拉吧，稀飯、吐司，菜色多樣，物超所值,0,0,1,0,1,0,0,0,1,0,1,0,1
自助式早餐選擇性不多，房間不大但乾淨舒適，步行到車站有段距離，整體而言CP值還算高,1,1,1,1,1,0,1,3,3,3,1,0,3
有自助早餐，但是選擇不太多，不過算可以了,0,0,1,0,0,0,0,0,2,0,0,0,2
有宵夜附送，這個特別。 還會到火車站接，讚,0,0,1,0,0,0,0,0,1,0,0,0,1
自助早餐很精緻，大廳整潔明亮，而且提供飲料給客人飲用，還有附設洗衣機可以使用，非常貼心。,1,1,1,0,0,0,1,1,1,0,0,0,1
自助早餐有幾個平常比較少在早餐會吃的食物，例如義大利麵與炸薯條，有點奇怪，卻無常見的美式炒蛋，也沒有豆漿，有點可惜。,0,0,1,0,0,0,0,0,3,0,0,0,3
在飯店用了兩次早餐，服務人員一邊工作一邊哈拉，需要一直提醒，才會補餐、補餐盤、補咖啡豆。整體而言，服務品質降低許多了。,0,0,1,0,0,0,0,0,3,0,0,0,3
自助早餐服務人員最親切、服務態度最好的一如往常是煎蛋的阿伯先生。,0,0,1,0,0,0,0,0,1,0,0,0,1
自助早餐種類豐富，位在愛河附近，距最近的捷運站約需步行10~15分鐘。,0,0,1,1,0,0,0,0,1,1,0,0,1
自助早餐豐富、食品質量高、食物夠熱、食品／飲品選擇多。房間一般設備齊全。接待有禮。床舒適。跟booking.com相片一致。外圍有聖誕飄雪大氣球供住客入內拍照。,0,1,1,0,0,0,0,1,1,0,0,0,1
自助洗烘衣很方便，但缺乏管理，烘乾後沒取走，導致下個客人沒得使用。,0,1,1,0,0,0,0,1,3,0,0,0,3
自助洗衣的環境要改善！雨天無防滑措施，危險！房間應改為地板而撤地毯！地毯不適合臺灣天氣。,0,1,0,0,0,0,0,3,0,0,0,0,3
自助洗衣設備，非常方便，還有宵夜泡麵可以享用（含素食）很貼心,0,1,1,0,0,0,0,1,1,0,0,0,1
自助的洗衣和乾衣服務，有提供冰箱及微波爐給住客使用，大堂有提供電腦使用,0,1,0,0,0,0,0,1,0,0,0,0,1
自助辦理入住和退房，地理位置極優,0,1,0,1,0,0,0,1,0,1,0,0,1
自助零食吧可以自取免費，還提供泡麵，CP值很高，但疫情期間大廳設施都位開放，也沒開燈整個感覺很昏暗,0,1,1,0,1,0,0,3,1,0,1,0,1
自動升級房型超棒，很感謝住了兩天CP值很高的房間，房內空間大，還有沙發可以舒服吃東西看電視，浴室大又乾淨，床睡起來不軟不硬很剛好，是一次非常棒的經驗，下次再來臺北就選你了,1,1,1,0,1,0,1,1,1,0,1,0,1
自動感應的廁所設備和垃圾桶讓人印象深刻，早餐設計也很棒，除了一般的冷、熱食吧檯，還有單點現做的主菜，送上桌時食物溫度恰恰好，驚艷！,0,1,1,0,0,0,0,1,1,0,0,0,1
自動門鎖是壞的，打了兩次電話才有人來處理，等了20分鐘，覺得不甚積極,0,1,1,0,0,0,0,3,3,0,0,0,3
自己開車要注意飯店限高一米七五，只告知外面自己找車位，還說很難找，應是協助我中南部上去，應找那條路或那有平面停車場,0,1,1,0,0,0,0,3,3,0,0,0,3
自行開車者，若不介意睡覺時車子停路邊，其實是非常超值的高檔商務旅館。,0,1,0,0,1,0,0,3,0,0,1,0,3
自費自助早餐，全家3人都覺得不值，選擇少，試一次夠了。 廁所可以再清潔一點，有毛菌,1,0,1,0,1,0,3,0,3,0,3,0,3
自電話問安心國旅方案，及現場櫃台服務人員詢問問題，服務態度皆不好，早餐等待時間太久，致用餐時間很趕，早餐樣式也很少，下午7點到達，房間竟尚未收拾好,0,0,1,0,0,0,0,0,3,0,0,0,3
致電詢問與到達後的服務態度很良好，房間跟照片零誤差很明亮舒適，整體也很乾淨。,1,1,1,0,0,0,1,1,1,0,0,0,1
臺北車站商圈中心，交通方便，櫃檯人員親切有禮貌，?明細心熱情，房間大小適中，乾淨整齊，浴室相當乾淨明亮，有附日本知名品牌吹風機，地下一樓有24小時的點心和飲料，非常理想。,1,1,1,1,0,0,1,1,1,1,0,0,1
與之前去住的感覺完全不同，以前比較乾淨且看的出來有在維持，現在住的房間設備有些老舊，不知道是否住邊間的因素還是怎麼?,1,1,0,0,0,0,3,3,0,0,0,0,3
與家人同住，但本來住的是較大的客房，在電梯旁邊，一直聽見低頻的機器運作的轟隆聲相當甘擾直到深夜。在隔天白天加班遠距工作時仍很甘擾。作為五星飯店販售的商品這應該不可以接受。要求安靜度應是合理的要求吧。（感覺像是住在鐵道旁邊的小旅社…。）可惜了好地點與好的景色。,0,1,0,1,0,0,0,3,0,1,0,0,3
與走廊的隔音比想像中的差很多，有人經過時也一清二楚，晚上睡覺聽到有人敲門或轉動門鎖，以為是自己的房間，因為這樣睡得不大安穩，除了隔音一切都滿意。,0,1,0,0,0,1,0,3,0,0,0,1,3
與走廊隔音其實沒有很好，有時候睡覺會聽得到外面的交談聲或者清潔人員的聲音,0,1,0,0,0,0,0,3,0,0,0,0,3
舒適，電視機系統，服務態度，很棒，很溫馨，很舒適，衛生間等公共設施很用心設計的哦，電視節目很棒，服務態度很有家庭感，值得信賴。很棒，很溫馨，很舒適,1,1,1,0,0,0,1,1,1,0,0,0,1
房間舒適、安靜、簡潔、乾淨，離高雄車站不遠，對於非自駕車著也方便哦！,1,1,0,1,0,0,1,1,0,1,0,0,1
舒適，設施很棒，第二次入住，選擇河景房，景色非常美，會想再住,1,1,0,1,0,0,1,1,0,1,0,0,1
舒適又高品質，房間裝潢不馬虎，頂樓餐點優秀，全時段點心吧超加分，還有補助停車費,1,1,1,0,0,0,1,1,1,0,0,0,1
舒適好眠的床舖是工作後恢復精神的補給站，睡上一整天也不會覺得酸痛。,0,1,0,0,0,0,0,1,0,0,0,0,1
舒適環境，停車方便，親切的服務，還有很棒的早餐（小朋友每次都很愛），雖然離交流道較遠，但到台中都會選擇這裡入住,1,0,1,1,0,0,1,0,1,1,0,0,1
舒適的大廳，免費提供的小點心，還有遊戲室！水壓很夠，不會忽冷忽熱！,0,1,1,0,0,0,0,1,1,0,0,0,1
舒適的客房空間及各種用心的細節設計。早餐各種準備的餐點，都令人滿意，值得再次來訪。,1,1,1,0,0,0,1,1,1,0,0,0,1
舒適的床，講究的備品，淋浴設備水量充足，洗澡很過癮。大廳公共空間的宵夜吧，太好吃，睡前吃多會胖。很欣賞頂樓早餐的概念，整天住宿感受太美好，是出差高雄的小確幸！,0,1,1,0,0,0,0,1,1,0,0,0,1
舒適的環境，和有禮的人員，樓下的麵包坊（最後一天終於買到它了！）,1,0,1,0,0,0,1,0,1,0,0,0,1
舒適的環境，豐富的早餐餐點，且工作人員富有耐心的等候稍晚用餐的住戶，大為加分,1,0,1,0,0,0,1,0,1,0,0,0,1
花了近2千住了一間令人?眼的旅店，雙人床比標準的還小，設備非常非常簡陋，連基本的備品都少的可憐，唯一的優點就只有地段好而已，極不推薦。,0,1,0,1,1,0,0,3,0,1,3,0,3
若其他房客很吵，其實隔音不太佳，但入住那天隔壁房客小孩的吵鬧家長有制止，大家若有配合寧靜，是不錯的選擇,0,1,0,0,0,0,0,3,0,0,0,0,3
若是坐捷運前往，從臺北車站下車後須要走一小段路，但還可以接受，不算很近，但也不會太遠,0,0,0,1,0,0,0,0,0,2,0,0,2
若有一些設施為未開放時，比如說游泳池，應該在訂房時同時也告知客人，不然入住的客人會覺得沒有使用到設施權益受損,0,0,1,0,0,0,0,0,3,0,0,0,3
若有多組人等待用餐帶位時，同事可以支援或是同時帶兩組進去，避免客人在外等待，整體都還不錯。,0,0,1,0,0,1,0,0,2,0,0,1,1
若有配合的停車場，會更好，不然自行開車的旅客要另找停車位，很不方便。,0,1,0,0,0,0,0,3,0,0,0,0,3
若住入無窗房間，自己的窗簾未拉上，會無安全感，空調不佳,0,1,0,0,0,0,0,3,0,0,0,0,3
若自己單獨住宿，因為要拿行李跟包包，希望有服務人員能幫忙刷電梯卡，不然好像有一點點不方便,0,0,1,0,0,0,0,0,3,0,0,0,3
茶包、咖啡包是中國製品，感覺跟飯店星級評價不符，盥洗用品品質不好,0,1,0,0,0,0,0,3,0,0,0,0,3
茶水區的玻璃明顯有一層棉絮沒有擦，早晨聽到其他房漏浴缸水的聲音超級大聲，被驚醒，大門口的接待員在遇到滿車時態度有點不耐煩,0,0,1,0,0,1,0,0,3,0,0,3,3
茶水間有備些小點心，雖然簡單，但感覺還不錯，櫃檯服裝人員跟房務人員都挺親切客氣的！,0,0,1,0,0,0,0,0,1,0,0,0,1
捷運不用3分鐘，對面就有百貨公司星期六日都可以換錢（但對換率就差太多，急要用錢時的方便）,0,0,0,1,0,0,0,0,0,1,0,0,1
蓮蓬頭不能掛起來，掛起來會亂轉，水很容易潑濺到門外。浴室門外開，不小心會洗到一半碰開。,0,1,0,0,0,0,0,3,0,0,0,0,3
蓮蓬頭出水忽冷忽熱！晚上就寢時，門外有異音，使人無法入睡。,0,1,0,0,0,0,0,3,0,0,0,0,3
蓮蓬頭壞掉無法使用，熱水不熱，鄰居爆吵（尖叫喧嘩），兩度傳來煙味,0,1,0,0,0,1,0,3,0,0,0,3,3
蓮蓬頭架只適用於高的人，矮的人乖乖用手拿，浴室沒有門鎖可用，燈光照明不夠，床偏硬,0,1,0,0,0,0,0,3,0,0,0,0,3
蓮蓬頭水量夠大，沖澡舒服，房間燈光夠明亮，平日租金不貴，性價比高，當日可取消預訂，彈性高,0,1,1,0,1,0,0,1,1,0,1,0,1
當日可取消預訂,0,0,1,0,0,0,0,0,1,0,0,0,1
蓮蓬頭的水壓有點弱，浴室的空間規劃不知道腳踏墊該怎麼擺(擺在哪都會在開關浴室跟淋浴間的門時卡到)，入住時櫃檯有給一張名片說可以插在房間感應的開關上不用插房卡，但隔天名片卻被打掃的清潔人員收走了！吃早餐時需要排隊這種狀況我也是第一次遇到，沒想到用餐的空間卻容納不下所有的房客，於是我們只吃了一天第二天就沒吃了！,0,1,1,0,0,0,0,3,3,0,0,0,3
蓮蓬頭的水量很大很讚，重點是熱水超快就出來了，CP值很高,0,1,0,0,1,0,0,1,0,0,1,0,1
雖然房間有點小，牆壁也有點裂縫，但CP值高,0,1,0,0,1,0,0,3,0,0,1,0,1
蓮蓬頭跟洗手台的水龍頭出水很不順，會一直中斷亂噴，洗澡心很累,0,1,0,0,0,0,0,3,0,0,0,0,3
蓮蓬頭造型導致出水量小，如果改用一般圓形的，出水量會比較正常。床偏硬。,0,1,0,0,0,0,0,3,0,0,0,0,3
蓮蓬頭難用，雖然是乾濕分離，但是水還是會流到外面地上都是水?,0,1,0,0,0,0,0,3,0,0,0,0,3
藍光電影、自助飲料、洗衣皆免費，很棒的服務品質，入住還有附零食,0,1,1,0,0,0,0,1,1,0,0,0,1
處處安排都非常貼心，有環保袋裝未用完的肥皂更令人驚艷～對小孩也很友善，非常好的住宿經驗,0,1,1,0,0,0,0,1,1,0,0,0,1
雖然只是住了一晚，但是酒店的各方面都讓我們很滿意，早餐特別不錯，滷肉飯太好吃了。,0,0,1,0,0,1,0,0,1,0,0,1,1
雖然我們留言說需要一個安靜的房間，雖然房間樓層很高，但是隔音差，晚上還是非常的吵，特別是機車的聲音,0,1,0,0,0,0,0,3,0,0,0,0,3
蚊子太多，每晚有5到10隻，咬很大，無對外窗， 無法知道天氣狀況,1,1,0,0,0,0,3,3,0,0,0,0,3
蚊子超級多！蚊子無敵多！房間超小，床超小，被蚊子咬醒好多回。冬天啊好多隻蚊子給我們一家人攻擊，小朋友咬了20多個包。大人也是10個起！第二天自掏腰包160元升級了房間，可是房間依然小就是兩張小床合併的。還好給加了驅蚊燈還有蚊香，但是兩種好大的驅蚊產品會不會中毒就不知道了，真的被蚊子咬怕了！第二次來臺北了，這個沒有上次住的好又趕上過年期間價格也貴，這個酒店也沒有早餐，只能說性價比不高！蚊子好多！,1,1,1,0,1,0,3,3,3,0,3,0,3
蠻便宜蠻乾淨的，從火車站出來走路需要一小小段時間，但我覺得還好，叫車可能也不用100的路程，房間環境不錯，床是兩張雙人床併的，蠻大的，早餐好吃，附近也有吉林夜市，都是吃的，不錯,1,1,1,1,1,0,1,1,1,1,1,0,1
蠻喜歡房間整體設計的部分，每次回住都十分滿意。 交通也十分方便。,0,1,0,1,0,0,0,1,0,1,0,0,1
蠻喜歡這次的住宿體驗的，只可惜太過匆忙沒真正去享受到，也謝謝飯店升等房間，而在冷氣壞掉時，又幫我升等3人房真的很讚，下次有機會一定要在去,0,0,1,0,0,0,0,0,1,0,0,0,1
蠻舒適的房間，而且有提供投幣式洗衣機跟烘衣機，對於多天旅行的旅客來說，真的是很棒的選擇,1,1,0,0,0,0,1,1,0,0,0,0,1
洗澡時水容易流出來！冷氣空調偏高，無法調整！床上，枕頭旁還有頭髮！！,1,1,0,0,0,0,3,3,0,0,0,0,3
衛浴全透明玻璃格間，只有臥房區紗簾太害羞，空調調整不方便，常溫25度好冷,0,1,0,0,0,0,0,3,0,0,0,0,3
衛浴及臥室空間寬敞，超長的室內桌很夠兩人在房內親近閒聊，不會總只是躺在床邊,0,1,0,0,0,0,0,3,0,0,0,0,3
衛浴地方太小了，洗手盆位置又不夠用，加上開水刷牙洗臉時必定弄到周遭兩邊都係水要每次?，真的不太理想。,0,1,0,0,0,0,0,3,0,0,0,0,3
衛浴地板排水只設置淋浴間，而臉盆下方或馬桶底座沒看到排水孔，在梳洗後極易積水。,0,1,0,0,0,0,0,3,0,0,0,0,3
衛浴拆成兩間不方便，馬桶與門距離太近，活動空間受限，淋浴間只有最上方一小塊地方能放乾淨衣物與浴巾；鄰居進出開關門聲音明顯，晚上睡覺突然有很大聲類似拉窗簾的聲響，嚇一大跳,0,1,0,0,0,1,0,3,0,0,0,3,3
衛浴漂亮，房間乾淨，冷氣也很涼，位置交通方便，價格更是不貴，很推,1,1,0,1,1,0,1,1,0,1,1,0,1
衛浴的清潔程度比我上次入住的時候還要差，上次我入住的時候房間裏面會有蟑螂，這次卻是洗臉盆根本洗不乾淨。至於因為Booking.com會預先預留信用卡額度，到飯店才付款，然而因為我早前已經收到信用卡公司的訊息說已經扣款，所以在櫃檯職員說要付費的時候問了一下，他的態度似乎不怎耐煩。,1,0,1,0,0,0,3,0,3,0,0,0,3
衛浴的馬桶距離牆面空間有點窄，好加在我很瘦，若遇到體態較碩大的客人，可能在上廁所時會有困擾。,0,1,0,0,0,0,0,3,0,0,0,0,3
衛浴空間的位置很寬敞，這次剛好被升級房型，很滿意床的大小。以價格來說，自助餐的還不錯(偏中式)，麵包吐司、奶油果醬、雞塊薯條、美式炒蛋跟花椰菜都有，喜歡西式早餐的人也不用太擔心。,0,1,1,0,0,0,0,1,1,0,0,0,1
衛浴設備乾濕分離在門口未使用防水膠條，導致水流到玄關門口，走路經過容易滑倒！,0,1,0,0,0,0,0,3,0,0,0,0,3
衛浴設備地板沒作隔間，洗澡後很多水從浴室流到外面走道，沒有擺放梳子跟刮鬍刀等用具,0,1,0,0,0,0,0,3,0,0,0,0,3
衛浴設備良好，就是水量有一點小。早餐非常豐盛，會讓我想早點起床就為了吃早餐。床鋪非常舒適，枕頭抱起來軟軟的很舒服，雖然沒女朋友抱起來軟就是了。從10F看出去的風景很廣很棒，期待下一次再來入住,0,1,1,1,0,0,0,1,0,1,0,0,1
衛浴設備造成的地板濕滑，隔音差，走廊講話、其他室的用水聲很清楚,0,1,0,0,0,0,0,3,0,0,0,0,3
衛浴設施，洗完澡整個浴室地板濕答答，滑 ，冷氣忽冷忽熱，不舒服,0,1,0,0,0,0,0,3,0,0,0,0,3
衛浴重新翻修過，非常新，還有免治馬桶，床舖為兩大床，相當舒適，再加上近捷運西門站及西門町商圈，整體來說優點足以掩蓋濕氣稍重的缺點，非常推薦,1,1,0,1,0,0,3,1,0,1,0,0,1
衛生打掃很不乾淨，浴缸有多根頭髮，地毯上也有未清理乾淨的汙垢。,1,0,1,0,0,0,3,0,3,0,0,0,3
衛生方面不太良好，地點一般，網路差，浴室的花灑很難操作、洗衣機和烘乾機數量太少，還有要自己投幣洗衣,1,1,0,1,0,0,3,3,0,2,0,0,3
衝著高空酒吧去的，結果酒吧跟餐廳包場也沒事先告知，去了結果撲空,0,0,1,0,0,0,0,0,3,0,0,0,3
?浴空間很大，很適合有小孩的家庭。飯店也有提供嬰兒床和澡盆、圍欄，很貼心！早餐也很好吃~,0,1,1,0,0,0,0,1,1,0,0,0,1
?浴設備和隔壁太過連接，隔壁房間開洗澡用的水龍頭時會震動一陣的聲音，而用?浴間開關燈的聲音完全清清楚楚，而隔壁在晚上11點至淩晨4點間一直在開開關關的，以致整晚不成眠,0,1,0,0,0,1,0,3,0,0,0,3,3
衣櫃內有另外放了吹風機，不用站在浴室用那台按到會手酸還發燙的吹風機這點蠻好的。地點方便。,0,1,0,1,0,0,0,1,0,1,0,0,1
衣櫃打開有很重的甲醛味，不敢使用。 浴室空間很小，會被門卡到。 隔音不太好。 疫情期間沒有提供下午茶和宵夜。,0,1,1,0,0,0,0,3,3,0,0,0,3
"被""相鄰房""誤會了，以為是一門之隔把兩房分隔，原來只是安排兩間房並列一起，有少少失望。",0,1,0,0,0,0,0,3,0,0,0,0,3
被單不夠柔軟，20樓宴會廳服務人員好像趕下班，一直來說打包菜。我盤子裏都還有食物就一直要來換盤,0,1,1,0,0,0,0,3,3,0,0,0,3
被單有血漬，清潔度有待加強，床睡起來會癢癢的，不會再入住了，床單、被單真的有更換嗎？血漬真的很誇張,1,1,1,0,0,0,3,3,3,0,0,0,3
被子太厚了。 實際上， 台灣那麼熱的天， 一床冷氣被就可以了。 被子厚了， 反而感覺不佳。 當然， 每個人的體驗是不同的。,0,1,0,0,0,0,0,3,0,0,0,0,3
被安排住宿在10樓，整層樓房間數好多，感覺走道顯暗不夠寬，整層樓有低價芳香劑的味道。打電話問櫃台房間冷氣的感應是天花板有紅色點點貼紙。如果走道明亮些、能貼個電器使用告示，及使用天然的芳香，整個住宿品質會更好。,1,1,0,0,0,0,3,3,0,0,0,0,3
被安排到的應該是無障礙設施房，門比一般房型大、廁所設施馬桶不太一樣，雖然房內空間很大但椅子上有頭髮及食物碎屑，廁所內有使用過的酵素洗顏粉掉在地板上。,1,1,0,0,0,0,3,3,0,0,0,0,3
被安排在不是對馬路的窗戶，所以不會聽到馬路的聲音。房間大小適中，辦理入住很快，可以付現或刷卡，浴室有乾濕分離。這個價格有窗戶我覺得蠻驚喜的。一開門就已經幫我開空調跟開燈，也蠻乾淨的，我覺得很好。,1,1,1,0,1,0,1,1,1,0,1,0,1
被安排在走道進去正對的第一間，房間整體照明偏暗，另外附近晚上真的沒什麼好逛的，走到漢神百貨也需要約十多分鐘，離捷運站也有十分鐘左右距離，如果喜歡安靜的人很適合，但對沒有自己開車的旅客比較不方便一點點,0,1,0,1,0,0,0,3,0,3,0,0,3
被安排在面向中庭的房間，能看到房客彼此的活動，雖有窗簾隔住，但在隱私上仍有些不適應。房間內的地毯有些汙漬。此外，雖然國際旅客多，但辦理入住櫃檯的女性工作人員應注意私下言論的音量，否則被懂中文的旅客聽見，有失體面與專業，亦有損五星級大飯店的美譽。,1,1,1,0,0,0,3,3,3,0,0,0,3
被安排的房間上下左右四周全部都是黑色，壓迫又陰沉，跟照片不同，照片裡的房型並不是全黑，知道是全黑就不會住了?然後那間房的動線也很差，拉開椅子後，就佔滿整個通道，要走去浴室就得跨床走，很不方便。我明白一間飯店在規劃時，總會有幾間不盡理想，但是在空房數這麼多的狀態下，還安排這種極品房給客人?蠻可惜的,0,1,1,0,0,0,0,3,3,0,0,0,3
被罩可以換新了，洗太多次，雖然乾淨，但是太硬，很不親膚，略有不適。,1,1,0,0,0,0,1,3,0,0,0,0,3
被莫名的升等，原來只是想訂個小房間睡一晚，意外的變4人房~ 3館房間也是舒服很好睡,0,0,1,0,0,0,1,0,1,0,0,0,1
裝修風格、酒店設施、服務餐飲都非常棒！臺灣之行的最後兩晚，完美！,0,1,1,0,0,0,0,1,1,0,0,0,1
補充清潔包（內有棉花棒跟牙線棒）不確實，第一天入住沒補新的是前房客留下開封過的，第三天也沒有補新的留下第二天使用過的清潔包,0,1,1,0,0,0,0,3,3,0,0,0,3
裝修精緻，網路速度快，大堂有兩台電腦及自助洗衣設備供住客使用，更設有自助咖啡吧,0,1,1,0,0,0,0,1,1,0,0,0,1
裝潢：大廳、電梯、用餐區以及客房，用心的設計和裝潢讓人充分感到飯店的高級感。地點：交通便利，步行自西門4號出口到飯店只要兩分鐘。旁有便利商店且鄰近於西門商圈，能滿足大多數的需求。人員：人員態度親切有求必應。,0,1,1,1,0,0,0,1,1,1,0,0,1
裝潢新穎、設計優雅、寢具舒眠、安靜清悠、景觀絕佳。員工服務態度親切且滿面笑容。,0,1,1,1,0,0,0,1,1,1,0,0,1
裝潢有設計感，免費的洗、烘衣機，地點很好，有停車場(離旅店約300m)。,0,1,0,1,0,0,0,1,0,1,0,0,1
裝潢格局老舊，價格昂貴，房間狹小，走廊和房間燈光昏暗，廁所格局及設備老舊，早餐500塊菜色和200塊的自助式一樣完全不值得，地點附近只有一家7-11，大廳沒有讓旅客休息及購買用餐的地方，總而言之，就是一家「很大」的傳統三星級飯店。對了，廁所浴缸還有毛沒清潔乾淨，我傻眼。,1,1,1,1,1,0,3,3,3,3,3,0,3
裝潢比較舊，冷氣太冷怎麼調都調不高，只能開暖氣，早餐CP值低，房間偏小,0,1,1,0,0,0,0,3,3,0,0,0,3
裝飾很有風格，很漂亮。服務超熱情。服務人員很多。早餐很好吃。,0,1,1,0,0,0,0,1,1,0,0,0,1
裡面的員工很親切，東西打翻還很有耐心的清潔，並還而外彌補我們。,0,0,1,0,0,0,0,0,1,0,0,0,1
裡面的零食跟一次性用品還不錯，停車場也蠻寬敞，有人指揮！離捷運跟巨蛋近。,0,1,1,1,0,0,0,1,1,1,0,0,1
西式可以變化多點，飲料選擇可多奶茶或豆漿。中式主菜可三樣，小菜二樣比較健康飲食,0,0,1,0,0,0,0,0,1,0,0,0,1
西式早餐能變化更好，連續吃了幾回都是白土司+起司片+火腿，都沒塗醬，味道很淡；雞塊、薯餅沒附醬料，味道也很淡,0,0,1,0,0,0,0,0,3,0,0,0,3
西門捷運3號出口走路就到，地下一樓有交誼廳、洗烘衣機、零食、咖啡機，都很讚！,0,1,1,1,0,0,0,1,1,1,0,0,1
西門捷運站5號出口右轉2分鐘就到，樓下的打狗霸餐廳好吃平價，附近超商多， 床鋪舒適乾淨，CP值超高,1,1,0,1,1,0,1,1,0,1,1,0,1
西門捷運站五號出口旁邊又近西門町好方便、房間很大夠整潔、房間沒有嘈音夠寧靜。,1,1,0,1,0,0,1,1,0,1,0,0,1
浴缸沒有浴簾就要扣分了。,0,1,0,0,0,0,0,3,0,0,0,0,3
西門町站步行約2分鐘，客服很好(貼心安排素食早餐)，房內環境不錯,0,0,1,1,0,1,0,0,1,1,0,1,1
西門站3號出囗出去就到，位置方便，安靜。網路快，有免費電腦上網和列印、熱飲、洗衣機，房間乾淨，有免費水和小食，感覺貼心,1,1,1,1,0,0,1,1,1,1,0,0,1
西門站4號出口一出已是酒店後門，員工有禮貌，不用自行帶轉換插頭房間內的已是國際可用插,0,1,1,1,0,0,0,1,1,1,0,0,1
西門站4號出口旁，位置絕佳。可用觸控平板辦理自助報到退房，不必排隊等人工處理。枕頭不像一般旅館很高很蓬鬆，比較舒服。浴室乾燥蠻快的。,0,1,0,1,0,0,0,1,0,1,0,0,1
西門館的位置依個人因素，感覺不是那麼便利，電梯、走道稍微偏小，但整體來說，本次的住宿體驗還是非常良好的,0,1,0,1,0,1,0,3,0,3,0,1,3
要不是因為我在臺北車站附近要上課趕時間；我也不會選擇你們旅店（臺北車站多的是好飯店、好商旅），我想以後不會再來了吧，也不會跟朋友、同事推薦,0,0,0,1,0,0,0,0,0,1,0,0,0
要住宿前幾小時訂房，辦理入住時Booking App價格竟然比我訂購時還便宜，這就算了，給我的房間坪數比在Booking 顯示的還要小，標示設備有浴缸，給我的也沒有，經跟櫃台反應回答說房型是隨機給的，可以給我換有浴缸的房型，不過換給我的房型面積跟浴缸還是比照片的小，想說就將就一下算了，不想再換來換去了。,0,1,1,0,0,0,0,3,3,0,0,0,3
要入住辦手續真的等很久，櫃台人員也不會順便告知優惠，讓人感覺滿差的。入住的4人房是由2間雙人房打通的，其中一間的床舖竟然是臨時床的床舖，所以舒適度非常的不好。,1,1,1,0,0,0,3,3,3,0,0,0,3
要到3、4樓住房感覺路線有點麻煩，第一次去差點迷路，冷氣冷熱度有點難掌握好，人少時冷，人多一點點就又感覺不夠,0,1,0,0,0,0,0,3,0,0,0,0,3
要吃早餐時發現早餐被吃光了，只剩泡麵，還好外面很方便，有其他早餐可以選擇。,0,0,0,1,0,0,0,0,0,1,0,0,1
要在浴缸內洗澡，容易滑倒，浴缸內有明顯汙漬，雖然是禁菸房，但還是有些微煙味,1,1,0,0,0,0,3,3,0,0,0,0,3
要小心，停車場要付費，房客完全沒有優惠，停車過夜至少5百起跳，浴室拉門無法緊,0,1,0,0,0,0,0,3,0,0,0,0,3
要往前站出口(大門)走，右前方就可以看到大大的招牌，在火車站內會搞不清楚方向。飯店內有免費藍光電影可以看。,0,1,0,0,0,0,0,1,0,0,0,0,1
要是帶小孩千萬不要去住，第一晚先是先生被臭蟲咬到滿身都是，第二晚換了房間變我被咬到滿腳都是幾十粒，已經回來2天還癢得不行，還好沒咬到孩子。大人都受不了何況是小孩,1,0,0,0,0,0,3,0,0,0,0,0,3
要求不用打掃衛生結果回酒店發現徹底打掃了一遍，連我帶的隔髒睡袋也碰了，對潔癖的我來說很鬱悶，這點不是很滿意,0,0,1,0,0,0,0,0,3,0,0,0,3
要臨停在飯店前面拿鑰匙，很怕會被拍照檢舉，不過有提供免費停車場還是很棒的！,0,1,0,1,0,0,0,1,0,3,0,0,1
要自己手動操作入房、退房手續，退完房搭車回南部還接到有費用沒收，非常的令人困擾，難不成還要專程買車票回去繳費用？不是應該退房的時候就要把費用清算了嗎?當下第一個反應是?飯店那什麼破系統設備,0,1,1,0,0,0,0,3,3,0,0,0,3
要跟一堆人一起等電梯，上至近30樓，下至B6，好不容易來了也不一定進得了，到五樓辦理入住完，要走超長的走廊到最後面搭另一台電梯到三樓或四樓，再走超長的走廊到房間，唯一出入方式，還不能走樓梯,0,1,0,0,0,0,0,3,0,0,0,0,3
要預收信用卡費用，退回的日期不確定，以過一段時間，錢依舊沒進戶頭,0,0,1,0,0,0,0,0,3,0,0,0,3
見識到房務人員整理房間的態度極讚，20F川菜餐點也很不錯，推,0,0,1,0,0,0,0,0,1,0,0,0,1
親切的服務人員，舒適的休息空間，新穎的硬體設備，方便的地理環境,1,1,1,1,0,0,1,1,1,1,0,0,1
親子友善飯店，非常推薦帶小孩入住，早餐很好吃，床很舒服，備品超貼心，下次再訪高雄必住。,0,1,1,0,0,0,0,1,1,0,0,0,1
親子房房間舒適度很不錯、隔音也不錯。,1,1,0,0,0,0,1,1,0,0,0,0,1
親子房裡面小孩的玩具短缺很多，可能以往遊客都沒有好好珍惜。,0,1,0,0,0,0,0,3,0,0,0,0,3
親子房的矮櫃設計尖角多，沒有設計圓弧和包覆起來，剛學走路的幼兒入住要小心,0,1,0,0,0,0,0,3,0,0,0,0,3
親子房衛浴窗簾很透光，無法遮蔽，無隱私可言，衛浴門還是全透明玻璃門也不能鎖，很像摩鐵的設計，淋浴室地板磁磚光滑，很容易滑倒好危險，很可惜,0,1,0,0,0,0,0,3,0,0,0,0,3
親子遊戲區安全性需要加強，地板沒軟墊，牆壁也沒安全防護，有點美中不足！,0,1,0,0,0,0,0,3,0,0,0,0,3
親子遊戲室，滿足孩子遊樂的活動力，安撫照顧孩子的好去處 ,0,1,0,0,0,0,0,1,0,0,0,0,1
親戚難得上臺北玩，想說會有個不錯的住房印象 ，訂房特別備註有小孩，好像沒注意到 ，設備有些殘舊，入住兩晚家庭房，清潔不確實，浴室小會漏水門口都是！！冷氣不冷，(因當天人挺多就沒要求換房+嬰兒床)房間隔音稍差。房間登記四人卻只給兩人份沐浴備品(後有跟櫃台告知)，房務態度不佳 ，不是奧客，但這次住房體驗頗差，不符期望，一直說服家人是貴在地段 ，價格跟住房品質不成正比，很失望 ，辛苦了謝謝,1,1,1,0,1,0,3,0,3,0,3,0,3
覺得住宿地點不錯，離捷運站近；住宿服務人員很親切，而且備有點心餐點可以食用，覺得很超值。早餐地點在觀景樓層，實在是也很享受，下次再去高雄應該還是會選擇這裡。,0,0,1,1,1,0,0,0,1,1,1,0,1
覺得床有點吵，翻個身就底下木板的有聲音，冷氣好像故障，忽冷忽熱的，空氣變得很悶，按了遙控器感覺都沒什麼用。,0,1,0,0,0,0,0,3,0,0,0,0,3
覺得很物超所值，有一個休閒娛樂的好地方，很貼心的幫我們把行李提前放進去房間，雖然沒有提前預訂盈兒澡盆，但是也很貼心的為我們準備哦！,0,1,1,0,1,0,0,1,1,0,1,0,1
覺得房間坪數稍微比較小，本身稍微比較喜歡坪數大一點的房間，但是還可接受,0,1,0,0,0,0,0,2,0,0,0,0,2
覺得房間設施設備一般，廁所空間太小，隔音效果不好,0,1,0,0,0,0,0,3,0,0,0,0,3
覺得旅店內的燈光整體偏昏暗，可能適配合裝潢的關係，但兒童遊戲室內的燈光很充足，房間實際的大小跟官網上照片有點誤差，若很介意房間內空間大小的旅客可能要多觀察一下，不介意就沒差,0,1,1,0,0,0,0,3,3,0,0,0,3
覺得有些員工素質有待加強。有些很好。有位問他話竟然斜眼不耐煩看你還搖頭…,0,0,1,0,0,0,0,0,3,0,0,0,3
覺得浴室內缺少可以放換洗衣服的地方，有一點不便。另外室內電燈有一點不夠人性化，調節不是很方便,0,1,0,0,0,0,0,3,0,0,0,0,3
覺得自動化的辦理入住很方便，員工也很耐心的指導，整體我都是給正面評價。房間很舒適，該有的都有。如果還有機會的話，還會選擇入住,1,1,1,0,0,1,1,1,1,0,0,1,1
覺得裡面的烘衣機非常差，用了4小時一樣都沒乾，隔音沒很好，早上跟晚上都一直非常吵，連半夜也一樣吵，沒有人員管理,0,1,1,0,0,0,0,3,3,0,0,0,3
覺得貴飯店也不是什麼小型旅館而已，如此規模的飯店怎麼可能沒有提供手機充電線？？？？因為充電線掉在某個店家，店家關門員工離開了隔天才能回去拿，也晚上12點能買的店也都關門了，才會想要借，是因為疫情關係怕有使用接觸才拒絕的嗎？但人員也沒有這樣說，當日唯一的遺憾,0,1,0,0,0,0,0,3,0,0,0,0,3
覺得飯店的位置不太方便，不論是搭輕軌或者捷運都需要走差不多10分鐘，如果提著行李可能會滿累的,0,0,0,1,0,0,0,0,0,3,0,0,3
覺的很驚喜又幸運，讓我升等套房，讓我有個非常棒的回憶，非常感謝,0,0,1,0,0,0,0,0,1,0,0,0,1
訂3人房升等成家庭房，房間乾淨，早餐好吃，下次有機會會再入住,1,0,1,0,0,0,1,0,1,0,0,0,1
訂３間房間，竟有２間是在餐廳的出口處。經交涉後換了其中一間。房間有點舊，潔淨不足，跟評語有些出入。,1,1,0,0,0,0,3,3,0,0,0,0,3
訂了兩間房，其中一間房的房務打掃的不夠乾淨細心，空的面紙、收走髒浴巾沒補新浴巾、第一天告知前房客有遺留兩坨髒浴袍在櫃子裡，第二天整理一樣沒收走（出門前我還特地打開櫃子讓她看見）。,0,0,1,0,0,0,0,0,3,0,0,0,3
訂了單人房，給了一大床，房間很大。淋浴間也很大。早餐，午茶，宵夜，提供的種類以房價來看算是物超所值了。可以免費借腳踏車，很不錯。,0,1,1,0,1,0,0,1,1,0,1,0,1
訂了四人房，但進到房間只提供兩人份的備品；這部分需要再加強。,0,1,0,0,0,0,0,3,0,0,0,0,3
訂了四間房間，一開始人員跟我們說金額是1萬6，之後才發現是自己搞錯，因為假錢差了一倍，所以下次還是要再注意一點！不然客人感受真的很不好。,0,0,1,0,0,0,0,0,3,0,0,0,3
訂了烤鴨並請餐廳配菜，烤鴨超美味，整體菜色也非常優秀。推薦酒單中選了紅酒，服務的美女也隨時注意我們用餐的情況，真正的色香味+服務一流，住宿的部份，安排在面愛河的房間，房間舒適，床很好睡，窗外風景怡人，很值得,1,0,1,1,0,0,1,0,1,1,0,0,1
訂了豪華房，但房間在頂樓戶外，洗澡半夜都能感受外面的涼風進來。訂房的照片有浴缸但房間沒有,0,1,1,0,0,0,0,3,3,0,0,0,3
訂位時已要求房間有窗戶，在辦理入住手續時，櫃台職員亦知道相關要求，並請我們一家等候四十五分鐘，但最後到客房時，竟然沒有窗，小朋友很失望,0,1,1,0,0,0,0,3,3,0,0,0,3
訂兩天高級雙床房，但房間卻小到不行，第二天因隔壁有大聲謾罵爭吵於是換房，但第二間與第一間的大小卻差很多，感覺第一天被騙一樣很不舒服,0,1,0,0,0,1,0,3,0,0,0,3,3
訂兩間房竟然先安排七樓不相連的房間，要求後才重新安排五樓。房間地毯老舊，淋浴蓮蓬頭漏水。,0,1,1,0,0,0,0,3,3,0,0,0,3
訂到的房間不一定有窗戶，對於需要窗戶的人可能要再考慮，床偏軟且過低,0,1,0,0,0,0,0,3,0,0,0,0,3
訂到的是經濟房，房間空間較小，但以沒行李箱而言已足夠使用，房間隔音算不錯，人跟室外的聲音沒有，就是管線及設備聲音有點大，但好險只是偶爾有，人員親切，早餐好吃，地點便利，清潔度佳，一樓交誼廳、咖啡等都方便使用，車站區域值得推薦的旅店。,1,1,1,1,0,0,1,1,1,1,0,0,1
訂家庭房只給兩個浴巾，反應後飯店人員表示小孩不算在內所以不願意多給，感受蠻差的，沒遇過訂四人房只給兩條浴巾的飯店，還好自己有多準備一條。老公去吃早餐，還沒到10點就開始趕人，他裝完的食物也直接被收走。,0,1,1,0,0,0,0,3,3,0,0,0,3
訂房寫雙人床，結果是兩張單人床並在一起 ，不符合呀。重點並在一起高度不一樣，睡的不舒服 ，令人不悅。,1,1,0,0,0,0,3,3,0,0,0,0,3
訂房時就已經先註明房間將當新娘房使用，也希望家人的房間可以盡量在同樓層，飯店人員入住前兩天就先打電話來詢問需要準備什麼物品，非常貼心。當天入住果然預先需要的東西都準備妥當，住宿過程遇到的所有服務人員都非常有禮貌及貼心，令人滿意，此外早餐很好吃,0,0,1,0,0,0,0,0,1,0,0,0,1
訂房時已經知道沒有提供早餐，但在入住時櫃檯告知有限量供應三明治，讓我頓生期待！口味多樣，有甜有鹹，味道很不錯。數量有限，想品嘗要趁早，這對附近不熟的旅客是很方便的服務。除此之外還有提供茶葉蛋及吐司。房間乾淨整潔，非常舒適，沐浴用品的味道好聞，整體感覺非常美好！櫃檯人員親切有禮，那天因忘記帶旅充跟櫃檯詢問時，還記得是哪個房號及用什麼電話撥打，注意細節的態度感覺貼心。,1,1,1,0,0,1,1,1,1,0,0,1,1
訂房時特別注意選擇「有窗」房型，而且網頁上明明是寫「街景房」卻是給「無窗房」，櫃臺人員還回說不一定要給有窗房型，後來雖然換了房間，窗外卻是面對隔壁建築物外牆，整體來說感覺非常差！,0,0,1,1,0,1,0,0,3,3,0,3,3
訂房時要求飯店提供停車位，並沒接到任何確認電話，到現場後說車子太大無法停地下室，門口四個位置也分配給其他客人。外頭就是公立停車格但愛車人千百個不願意啊！再來，浴室少了腳踏布，馬桶漏水（1303房），還有請把團客安排在13樓，免得想睡晚一點的客人被頂樓餐廳的椅子拖動聲音打擾，真的很吵。以上幾點對為我這個每兩星期住宿高雄的常客無法接受。,0,0,1,0,0,0,0,0,3,0,0,0,3
訂房的房型是有帶窗戶，但是窗戶外都是分離式冷氣的室外機，非常的差勁,0,1,0,0,0,0,0,3,0,0,0,0,3
訂房等房間、退房都要排隊，超級，感覺效率不佳，無菸房，可是廁所煙味很重，希望有配合的停車場,1,1,0,0,0,0,3,3,0,0,0,0,3
訂房網加購早餐比飯店售價貴50元，早餐內容尚可，沒有五星級飯店令人驚艷的感受。,0,0,1,0,0,0,0,0,3,0,0,0,3
"訂房網頁顯示3人早餐，現場櫃檯服務人員堅稱只供應2人早餐。處理過程，現場領班還向我說""你佔據了辦理入住線""， 讓本人在現場以個人手機連絡Hotels.com客服專線申訴達30分鐘。最後是前檯服務經理說送我們一客早餐解決，辦理入住花費1小時才完成。但我們只是取回該有的3人早餐權益，不是額外送我們一客早餐。",0,0,1,0,0,0,0,0,3,0,0,0,3
訂房資訊說有一天200元停車。但到場才說還沒有跟停車場簽約。此舉非常不當。,0,0,1,0,0,0,0,0,3,0,0,0,3
訂最平的那款，房間很小，2張單人床，如果只是晚上休息都可以接受。,0,1,0,0,0,0,0,3,0,0,0,0,3
訂的是二床房，分開各有二個電視，蠻方便貼心的；馬桶坐墊是加溫沖洗式，清潔用品齊全，免費飲用瓶裝水，淋浴間水量大，很好的住宿經驗。,0,1,0,0,0,0,0,1,0,0,0,0,1
訂的是豪華房，大小剛好，可以開2個26寸的行李還有很多空位，有設計感，早餐豐富,0,1,1,0,0,0,0,1,1,0,0,0,1
訂的是雙人床但卻給兩張單人床合併的那種，睡在中間的線上不是很舒服，另外床太軟睡起來腰酸背痛的。,0,1,0,0,0,0,0,3,0,0,0,0,3
訂的是雙人房，床卻是單人床併在一起，有些不舒服。早餐少了炒蛋,0,1,1,0,0,0,0,3,3,0,0,0,3
訂的雖是雙人床，卻是2張單人床所組合，枕頭也太軟不太適應，但房間還算乾淨，服務人員態度不錯，地點離高雄後火車站不算太遠。,1,1,1,1,0,0,1,3,1,1,0,0,1
訂豪華家庭房(963號房)，比網路上說的坪數小，事後查看網路的照片只是一般家庭房，有騙錢的感覺,0,1,1,0,0,0,0,3,3,0,0,0,3
訂購寫10幾坪大小，進到房價大概只有4-5坪，房間隔音不佳，服務人員服務態度不是太好，不會再次入住，進去馬桶坐墊明顯有髒汙沒有清理乾淨！感覺非常不好,1,1,1,0,0,0,3,3,3,0,0,0,3
設備不錯，還有點心時間從下午2點~晚上10點有肉燥飯跟茶葉蛋，旁邊的飲料跟霜淇淋24小時都能取用很棒~,0,1,1,0,0,0,0,1,1,0,0,0,1
設備乾淨整齊，早餐精緻美味，櫃檯人員熱情親切。若廁所管道會飄出屎味的問題能夠改善的話就更完美了！,1,1,1,0,0,0,1,3,1,0,0,0,1
設備乾淨明亮，房間舒適，下午2點到10點餐廳還提供下午茶宵夜，基本款但是很難得了,1,0,1,0,0,0,1,0,1,0,0,0,1
設備因為疫情的關係，而不能使用，卻依然在上面看得到照片，有種被騙的感覺,0,1,1,0,0,0,0,3,3,0,0,0,3
設備太舊了，老電視畫質差沒幾台，浴缸太淺了，隔音不太好，硬體設施成本高，如果早個10年來住，會覺得很高級，可惜了,0,1,0,0,0,0,0,3,0,0,0,0,3
設備很專業，有專業人員督導如何辦理網路上登入住宿和退房作業哦！五星級的餐點在早午晚餐(依照個人訂閱房型和需求)哦！近電梯附近有自動販賣機和飲水機哦！,0,1,1,0,0,0,0,1,1,0,0,0,1
設備感覺已經老舊了，沒有更新，這點有點可惜了。初進房間內有一股潮濕異味，開了一陣子的冷氣才漸漸散去。,1,1,0,0,0,0,3,3,0,0,0,0,3
設備感覺是新的。服務員態度很好，但介紹哪邊好走說不出來。網路挺快,0,1,1,0,0,0,0,1,1,0,0,0,1
設備新，整體裝設都是以紅銅色搭配，很有色計感，且許多小配件都很貼心，服務到位。早餐是一人一份的套餐，分中式、西式及素食三種，很好吃，份量充足，還有宵夜，真是沒話說，停車方便，下次還要再去住,0,1,1,1,0,0,0,1,1,1,0,0,1
設備新穎舒適，員工服務態度親切，有告知有帶小朋友，有幫小朋友準備嬰兒澡盆及沐浴用品。,0,1,1,0,0,0,0,1,1,0,0,0,1
設備新設備，小朋友有玩樂的地方，還有24小時的零食，地點加停車也方便真的大力推薦下次去還會再住這裡,0,1,1,1,0,0,0,1,1,1,0,0,1
設備比較有歷史感，蓮蓬頭需要兩邊開，但仍然可以接受。希望可以提供帶孩子的住客兒童備品。,0,1,1,0,0,0,0,2,2,0,0,0,2
設備略顯老舊不足，電視頻道少(應該是國外住客多)，但要充分休息還是沒問題的,0,1,0,0,0,0,0,3,0,0,0,0,3
設備的聲音有點多，雖然知道可能是別的房的，不過能處理一下就好了，其他都不錯，是個算不錯的體驗！,0,1,0,0,0,1,0,3,0,0,0,1,1
設備老舊，但維護的還不錯，更新一些設備應該可以更好，可惜要停業了。,0,1,0,0,0,0,0,3,0,0,0,0,3
設備老舊，整潔部份不是很乾淨，原本預訂3人房（一大床。一小床）結果進去以後發現小床上面都是通風口掉下來的灰塵。已經梳妝臺上厚厚的灰塵。隔音設備略差，聽的到隔壁的說話聲,1,1,0,0,0,0,3,3,0,0,0,0,3
設備較老舊，隔音不太好，清潔也有待加強！ 孩子原本期待游泳池，到現場才知道疫情關係沒有開放，建議可在訂房網站上事先做說明告知。,1,1,1,0,0,0,3,3,3,0,0,0,3
設備都很棒，感覺非常好，吹風機是開關式的非常方便，員工態度很好,0,1,1,0,0,0,0,1,1,0,0,0,1
設備雖然有些舊，但服務人員態度非常棒！尤其清潔阿姨好親切～都會主動打招呼！住宿起來非常舒適！,1,1,1,0,0,0,1,1,1,0,0,0,1
設備雖較為古樸，但乾淨舒適，服務人員熱心接待，五星級飯店給予優惠商務飯店價。,1,1,1,0,0,0,1,2,1,0,0,0,1
設施一切都蠻舒適，不過有些房間沒有浴缸，有點可惜，有許多房間是沒有窗戶的，早上如果沒有特別看時間，時間感會有些錯亂。房間數特別多，所以搭程電梯在尖鋒時間會需要排隊等一會兒。吹風機太小支了，風也冷冷的，吹頭髮吹超久的都還是吹不乾，這是唯一美中不足的部份。,0,1,0,0,0,0,0,3,0,0,0,0,3
設施不錯，性價比也很高，飯店人員也很禮貌，也有提供包車旅遊，樓上也有洗衣機跟烘衣機，整體來說還是相當不錯。,0,1,1,0,1,1,0,1,1,0,1,1,1
設施及設計有些年紀，但乾淨，說不上不喜歡但也沒喜歡是相對缺點，吹風機因設計關係使用上偏短,1,1,0,0,0,0,1,3,0,0,0,0,3
設施算新、一般耗材等級也都不錯。點心吧很用心準備，都很好吃，厲害，咖啡跟奶茶也很優秀。吃素的朋友也可以安心，有看到早餐跟泡麵都設素食區,0,1,1,0,0,0,0,1,1,0,0,0,1
設有24小時飲料點心吧~~還可帶回坊間享用，非常貼心！！大廳及休息區情境佈置得非常舒服，還設有飛鏢機、手足球等遊戲檯，猶如置身私人俱樂部。,0,1,1,0,0,0,0,1,1,0,0,0,1
設有免費自助調理吧(公共冰箱、微波爐、焗爐等)，非常好用；橙色的燈箱非常耀目很容易就找到，交通方便,0,1,0,1,0,0,0,1,0,1,0,0,1
設計及科技感十足，服務人員禮貌及熱心！早餐豐富，19樓提供免費點心咖啡及進口飲料！超5星評價！,0,1,1,0,0,0,0,1,1,0,0,0,1
設計師不好，因為插座離床太遠，所以手機不能在床上一邊充電一邊用，棉被和毛毯都太薄！冬天耶！又不是夏天！三層分離...可以給一床夠厚的棉被嗎？,0,1,0,0,0,0,0,3,0,0,0,0,3
設計很有心思和充滿藝術氣息、方便（位於市中心）、服務人員親切友善,0,0,1,1,0,1,0,0,1,1,0,1,1
設計很特別， 房間有不同的主題， 位置在火車站隔壁， 交通很方便， 自助早餐很有驚喜！！！,0,1,1,1,0,0,0,1,1,1,0,0,1
許多貼心的小服務，例如提供面膜、晚安水，吹風機品質高，寢具非常舒適好睡，早餐豐富好吃,0,1,1,0,0,0,0,1,1,0,0,0,1
評價這麼高是假的吧，櫃檯人員是否都沒在培訓，服務也太差，請加強改善櫃檯員工素質吧,0,0,1,0,0,0,0,0,3,0,0,0,3
該住宿唯一的優點就是非常靠近臺北車站，桃園機場捷運站，或者深夜淩晨需要往機場亦十分靠近機場客運轉乘站，所以如果需要淩晨前往機場、或行李較多又或者有小朋友再加上行李，它的地理位置是非常佔有優勢的，以上情況可考慮入住。入住房間為雙床房，床十分軟，個人覺得還好，但沒有窗戶，空間狹小覺得空氣有點侷促。,0,1,0,1,0,0,0,3,0,1,0,0,3
該酒店位於很清靜的汀九橋下，坐享美影，其房間大小適中，只是隔音一般，聽到走廊其他客人聊天及走過，而樓下大堂的入住登記速度一般，輪候時間長，又多不守規矩排隊的客人，欠缺人員管理,0,1,1,1,0,0,0,2,3,1,0,0,3
認真處理問題，因沒窗要求換房都可以，但有窗的房不多。,0,0,1,0,0,0,0,0,1,0,0,0,1
"早餐還不錯，房間很乾淨舒適，日系吹風機很好用(不是傳統壁掛式)
。枕頭很軟，我很喜歡。服務態度很好，地點位置佳。",1,1,1,1,0,0,1,1,1,1,0,0,1
早餐針對素食者準備炒麵或炒飯，現場也有幾樣素食青菜水果，餐點均標示葷/ 全素/ 奶素。有親子閱讀空間。有吧檯(烤箱、微波爐、奶瓶消毒機、洗手台)。洗衣間、商務室旁備有桌椅，洗衣機運轉時，可坐在沙發等待。房間除了一般常見咖啡茶包外，也有準備小包餅乾。離台中車站近，走1公里左右，有忠孝夜市。,0,1,1,1,0,0,0,1,1,1,0,0,1
早餐雖然是套餐式的，但份量很足！房間裝潢為工業風，很美！捷運中央公園站，3號出口步行只要3分鐘，超級方便！有提供免費下午茶跟宵夜吧給官網的客人及電話預約的客人，原本網路訂房是要另外付費的，但現在打卡或寫評論一樣可以免費使用！入住時還會附一張14樓酒吧的9折券！整體來說CP值超級高，下次有機會還會入住。,0,1,1,1,1,0,0,1,1,1,1,0,1
早餐餐廳服務人員給人時間緊迫的壓力，降低用餐的愜意舒適。若是無障礙房間，希望可以提前告知。衛浴沒有乾濕分離。,0,1,1,0,0,0,0,3,3,0,0,0,3
晚上附近沒有宵夜，要到西門町或是寧夏夜市，外面商務中心態度。。,0,0,0,1,0,1,0,0,0,3,0,2,3
有停車場。有供早餐，中式跟西式都有，而且吃得飽，午晚餐也有賣餐盒。浴缸可以兩個人泡。房間滿大的也有對外窗。有開發票。,0,1,1,0,0,0,0,1,1,0,0,0,1
有免治馬桶，大樓後方很多美食，附近很多地方可逛，不過要注意晚上10點過後就比較少了，大樓前方即可下去搭乘捷運,0,1,0,1,0,0,0,1,0,1,0,0,1
有宵夜部分，22:00結束，宵夜超級豐富有各種包子，肉燥飯，現沖咖啡，奶茶果汁等等……很棒！床很軟枕頭也好軟，好睡；環境很整潔，浴室也很乾淨，毛巾還有香香的味道，很棒！,1,1,1,0,0,0,1,1,1,0,0,0,1
服務態度相當貼心，打掃衛生方面十分細緻，對VIP提供服務十分全面，前臺小哥哥小姐姐相當耐心 ，有寄存服務，酒店裡有種類不同的小零食，提供限量的早餐,1,0,1,0,0,0,1,0,1,0,0,0,1
服務人員主動建議將房間安排有靠牆的房間，以防小孩掉落床下。主動提供嬰幼兒沐浴洗髮乳。服務人員都很親切。,0,0,1,0,0,0,0,0,1,0,0,0,0
服務人員十分親切，房間乾淨舒適、免費藍光電影，有免費自助洗烘衣，早餐精緻美味,1,1,1,0,0,0,1,1,1,0,0,0,1
服務人員態度很好。房間乾淨。電視設備好，還可以看電影。採光很好。,1,1,1,0,0,0,1,1,1,0,0,0,1
服務人員態度良好。早餐種類不多，但都用心精緻。房內藍光電影畫質佳，影片很新,0,1,1,0,0,0,0,1,1,0,0,0,1
服務人員態度非常好，主動提供許多旅遊及美食資訊，隔音很好，客房迎賓小卡和零食都很棒,0,1,1,0,0,0,0,1,1,0,0,0,1
服務人員的專業講解簡單清楚，房間整潔明亮，空調舒適，飯店位置容易到達,1,1,1,1,0,0,1,1,1,1,0,0,1
服務人員親切，房間乾淨。價格跟品質超乎預期，性價比高。雙人房有對外窗，感覺明亮整潔，床很大，但是由兩張單人床併起來。,1,1,1,0,1,0,1,1,1,0,1,0,1
服務人員訓練有素，服務態度很棒！5星級水準！餐點多樣化，而且美味！飯店內可以洗衣服，很便利！,0,1,1,0,0,0,0,1,1,0,0,0,1
服務人員都非常親切，有賓至如歸的感覺。最喜歡床頭邊有插頭的設計，非常方便不用拉延長線。沐浴備品很齊全，瓶裝水也很充足，小吧台的飲料跟小點心不用額外付費覺得很棒。早餐好吃份量也多，荷包蛋還給了兩個吃得超飽。床鋪非常舒服超喜歡。,0,1,1,0,0,0,0,1,1,0,0,0,1
服務人員都非常親切，然後快到我生日還送我生日卡片，非常窩心。空間滿寬敞，沒有壓迫感，可以把大行李箱利用架子攤開。整體CP值很高。,0,1,1,0,1,0,0,1,1,0,0,1,1
服務員超友善；可以免費洗衣服及免費上網，飲料；房間乾淨，舒服,1,1,1,0,0,0,1,1,1,0,0,0,1
服務態度親切很好。需要改善修繕的地方，會立即改善，說到做到！值得讚許！附近很熱鬧。房間乾淨舒適。電視有MOD頻道服務。隔天來幫忙打掃後也很乾淨。提供飲水機可以裝水。24小時櫃台服務。價格平價。,1,1,1,1,1,0,1,1,1,1,1,0,1
服務親切周到，從櫃台到房務人員都笑容滿分。不同樓層有不同插畫主題，我們住的雙人房是有恐龍插畫陪你睡覺，溫馨又可愛。洗衣烘乾都免費，等待期間還能放鬆的在交誼廳喝咖啡看書報。早餐中西式都有，豐富好吃。房間電視有正版藍光院線片可免費隨選隨看。,0,1,1,0,0,1,0,1,1,0,0,1,1
本人預訂是雙人床的房間，並不是雙床房，而且是分開有兩個床頭板，但把床並在一齊，連荷裡活式雙床房也不是，把一般的雙床房當作雙人床房在賣。晚上洗澡沒有熱水。當天有旅行團所以熱水被洗完，要等30分鐘煮水，但我們從夜晚12點等到凌晨1點多也沒有熱水，早上10點也沒有。那我們辦理入住時就該提醒有旅行團，要提早洗澡，旅行團又不是當天來當天住。還有房間提供的產品如拖鞋、牙刷等都不像與價錢相符，質量都很差。,0,1,1,0,0,0,0,3,3,0,0,0,3
本次住宿樓層17樓，需要搭電梯到15樓後轉換電梯在走一層樓梯。房間隔局不是正方形，是一個稍微奇怪的長方形，中間還隔間浴室與廁所，整體走道狹窄。電視安裝位置不在床鋪尾端，造成看電視要轉90度。,0,1,0,0,0,0,0,3,0,0,0,0,3
枕頭只有兩個，希望能有多一點。希望可以供應免費早餐（簡單的餐點也可以）。房間內沒有一個可移動的小桌子，買東西回來吃不知道要放哪裡，謝謝。,0,1,1,0,0,0,0,3,2,0,0,0,3
枕頭太軟，躺下去都扁掉了。浴室乾濕分離不完全(沒有門)，水都噴到外面了。,0,1,0,0,0,0,0,3,0,0,0,0,3
枕頭太高，脖子會有點不舒服。電梯要轉搭，無法直達房間的樓層，有點麻煩。,0,1,0,0,0,0,0,3,0,0,0,0,3
棉被太薄，不知道是不是忘記放內裏進去，有點冷～早上起床發現床邊有一隻中型蟑螂，真的嚇死，超怕蟑螂，大大影響想再來的意願！,1,1,0,0,0,0,3,3,0,0,0,0,3
櫃檯人員較無專業感，客人在辦理入住手續，卻在旁邊嘻嘻哈哈的比辦理手續的人員說話的還大聲。櫃檯人員整體感讓人覺得很不好，有失門面。浴室空間太小，不太方便。房卡只提供一張，不是很方便。,0,1,1,0,0,0,0,3,3,0,0,0,3
櫃檯人員都十分親切有禮貌，進出大門或是從電梯出來，真的都會面帶微笑且站起來向你問好。當天只有兩個人入住，但是免費當我們升級到家庭四人房，超級讚的啦，空間變大而且床位也大，睡起來超舒服。再加上他們的床和枕頭也很好睡，平常上班繁忙好久沒有睡超過6、7小時的覺了。,0,1,1,0,0,0,0,1,1,0,0,0,1
櫃檯服務人員很耐心的為我們解答問題，因應新型冠狀病毒為每一位住宿者準備一瓶消毒酒精，定時消毒清潔電梯按鈕，給予住宿者安心的住宿地方。,0,0,1,0,0,0,0,0,1,0,0,0,1
櫃檯服務員友善及笑容親切。可安排與同行之老人家同樓層居住，方便照顧。有免費網路。坐廁有洗沖臀部的廁板。,0,1,1,0,0,0,0,1,1,0,0,0,1
櫃檯覆地太小，入住退房擠成一團，應設號碼牌機，以免先來住客卻被插隊。這次住了三晚，三次早餐幾乎一樣，而且沒有亮點，應建立三四套菜單，一直輪替，以免續住多日旅客吃到膩，用餐選位取餐像作戰，太不悠閒。電梯跑到幾樓，在電梯口完全看不到，應改設一下面板，讓住客確知三台電梯動向。這種群聚式高密度住房，樓梯設計偏小，我很怕一旦火災難以疏散，真的發生火災，應該很難跑掉。,0,1,1,0,0,0,0,3,3,0,0,0,3
櫃臺人員很不專業，給我們房卡後未說明早餐時段及退房時段，必須客人自己問。房間老舊是住之前就知道的事，這沒問題，但電燈要旋轉好幾次才能開也太有事，而且不只一個電燈喔。清潔不確實，這是東西掉下來才發現的。電視很小，節目也很少，還有預錄的節目一直播放很不好。離捷運站走路約10分鐘，行李較重的旅客要仔細考慮。,1,1,1,1,0,0,3,3,3,3,0,0,3
櫃臺人員服務較無溫度。入住房間一推開房門，一股潮濕微微的黴味拂面而來。趕緊借用了除濕機祛濕去黴，一整晚除濕機聲轟隆隆+二人輪流過敏打噴嚏，一夜無眠，正當天剛亮微微睡著，沒想到窗簾透光，一道光線射入影響睡眠，有些無語。儘管24小時除濕，第二天晚上進房門，以為有所改善，但還是一股潮濕黴味迎面來，也許是地毯老舊了，光靠除濕機效果有限。,1,1,1,0,0,0,3,3,3,0,0,0,3
正河景景觀，適合觀景。工作人員素質高，住宿期間各種問路、高雄觀光、客房相關等等問題，都逐一親切回覆，且內容專業，對外地訪客非常有幫助。環境乾淨，浴缸防滑效果佳。,1,1,1,1,0,0,1,1,1,1,0,0,1
每位員工都親切有禮。早餐選擇性多，且豐盛。停車方便就在兩旁。,0,1,1,0,0,0,0,1,1,0,0,0,1
沐浴用品是小包裝的，個人是不太喜歡。雙人床是用兩張單人床合併，所以中間會有床鋪的邊，睡起來卡卡的。衣架是固定鎖死的，好處是不怕被房客拿走，壞處是沒辦法掛在外面。,0,1,0,0,0,0,0,3,0,0,0,0,3
沒停車場。浴室半透明的，女性尷尬。沒有對外窗戶，是對中庭的。,0,1,0,0,0,0,0,3,0,0,0,0,3
沒有主動告知客人房間在電梯間後方，晚上睡覺會聽到電梯一直在運作的聲音，還好自己有戴耳塞。房間電器設施比較老舊，要一個個關開關。,0,1,1,0,0,0,0,3,3,0,0,0,3
沒有停車位還蠻不方便的，對於有煙癮的朋友要抽菸，還需要再出去外面也不很便利，但也屬於個人行為啦！,0,1,0,0,0,1,0,3,0,0,0,0,3
洗澡時，水有點忽冷忽熱，床旁的桌上有點小汙漬，但整體算整潔，隔音對淺眠者來說較差,1,1,0,0,0,0,2,3,0,0,0,0,3
洗澡時水會流到浴缸外地板，乾濕分離設計不良，沒有自己的或配合的停車場,0,1,0,0,0,0,0,3,0,0,0,0,3
浴室，乾溼分離的門，門縫不緊，擋不了洗澡水，流到馬桶位置，地上溼溼不方便。冷氣太冷，只能調風的大小，無法調溫度,0,1,0,0,0,0,0,3,0,0,0,0,3
浴室乾濕分離的門不夠密，造成浴室地板都是水。床頭燈架若不留意，會碰撞到。,0,1,0,0,0,0,0,3,0,0,0,0,3
浴室外無排水，服務人員很被動，加床付費後還需電話通知才來，早餐的性價比低,0,1,1,0,0,0,0,3,3,0,0,0,3
浴室實在太小，而且磁磚很滑。有設備運轉的低頻聲，持續不間斷，淺眠的人如果不夠累會被影響。,0,1,0,0,0,0,0,3,0,0,0,0,3
浴室比房間漂亮許多，浴缸很大，水溫舒適。價錢優惠，早餐豐富，選擇多,0,1,1,0,1,0,0,1,1,0,1,0,1
浴室的沐浴乳感覺怪怪的，跟之前入住時的沐浴乳不同，有洗碗精的感覺。浴室的乾濕分離的門有一點小故障，但都還可以使用,0,1,0,0,0,0,0,3,0,0,0,0,3
浴室的門檻太低，水很容易濺出來，床型是加大雙人床，但是兩張單人中間的分界很明顯，滾來滾去不太舒服。電視是歪的,0,1,0,0,0,0,0,3,0,0,0,0,3
浴室矽利膠有多處發黴，黏貼式掛勾生鏽、窗臺旁是斜面，不方便放置毛巾及衣物，建議可以多裝個架子。可置物平面偏少、桌面偏小。若有商務需求旅客較不易辦公。(個人偏好)床架偏低。,1,1,0,0,0,0,3,3,0,0,0,0,3
浴室若有可以掛更換衣服的掛勾，會更貼心。房門後要有吸鐵 ，進出時較安全，謝謝。,0,1,0,0,0,0,0,2,0,0,0,0,2
浴室蓮蓬頭，軟管發現一撮女性長髮未清潔乾淨，房間隔音不好，走廊有人說話動靜一清二楚，隔壁廁所關門會吵到。,1,1,0,0,0,0,3,3,0,0,0,0,3
浴室裡僅以浴簾作為乾濕分離，效果不佳，浴室裡的面紙因擺放處位於洗臉台下方，容易因使用洗臉台時，被檯面上流動的水波及到，造成浪費，浴室裡缺少擺放衣物的地方（層架或掛鉤都沒有），抽屜在洗臉台下方，洗臉檯面的水又容易流下來，然後流入連著電源線擺放吹風機的抽屜，不太恰當。隔音不佳，左鄰右舍動靜非常清楚。飯店一樓沒有提供飲水機設備，僅能供應瓶裝水，不太環保。,0,1,0,0,0,0,0,3,0,0,0,0,3
浴室裡沒有提供肥皂或洗手乳，有點不方便。早餐樣式太少，覺得跟圖片上有落差。,0,1,1,0,0,0,0,3,3,0,0,0,3
浴室鏡子太小。額外加100元的飯店早餐多元但是沒有很好吃。房間的衛生紙有點太小太薄，建議可以換成一般衛生紙。晚上關燈時，一些小裝置的燈光有點涼。,0,1,1,0,0,0,0,3,3,0,0,0,3
浴缸小，高個子的人無法將腿伸直，洗臉盆太淺。加大雙人床，床座似乎是兩個單人床合併，這樣兩個人靠在一起床中間會陷下去。早餐樣式少了，尤其中餐的部分(可參考宜蘭老爺，南投涵碧樓)。電視的吋數小了些，應該以70吋以上為主。過夜的晚餐沒有附屬。,0,1,1,0,0,0,0,3,3,0,0,0,3
浴缸很大，但水流偏小，所以淋浴完結果浴缸的水還沒可以淹過腳掌，很可惜，窗簾綁條拆下後沒有地方懸掛，只能丟地上,0,1,0,0,0,0,0,3,0,0,0,0,3
浴缸的供水設備是舊式的，不太好用。房間的燈的數量偏少，不夠亮。早餐品項有滿多一般不會早餐時吃的，例如薯條與義大利麵，非常不需要，而且不知為什麼居然沒有美式炒蛋，沒有鬆餅，沒有豆漿,0,1,1,0,0,0,0,3,3,0,0,0,3
淋浴間偏小，身材再壯碩或胖一點就移動困難。隔音不是很好，隔壁房間如果吵雜或使用浴室就聽的到水聲，馬路的車流聲也很大。房間可以直接看到對面辦公大樓，要記得把窗簾拉好不然很沒安全感,0,1,0,1,0,0,0,3,0,3,0,0,3
淋浴間防水系統差，水會流出去。當天入住旅客多，因用電子辦理入住場面混亂，寄放行李也擺在大廳，空間變小，動線差,0,1,1,0,0,0,0,3,3,0,0,0,3
無提供停車場，需自行尋找車位(下單時未注意未提供停車)。雙人床屬於兩張單人床合併的，枕頭太軟，軟到躺下去整個扁掉。蓮蓬頭水壓太小，但是水溫度好調整(洗髮精建議換個味道，太像染髮劑的味道了)。,0,1,0,0,0,0,0,3,0,0,0,0,3
無早餐服務，浴室的連蓬頭有點漏水，使用熱水會不小心燙到！希望可以改善！,0,1,1,0,0,0,0,3,2,0,0,0,0
熱水只有很熱跟很冷，要調到適度水溫要花點時間，隔音不是非常好在走廊可以聽到其他間的聲音，不知道是不是當天是平日比較沒人所以在房間聽不到聲音，馬桶蓋跟馬桶大小不合，有點奇怪，廁所的衛生紙很難抽取一直會撕破,0,1,0,0,0,0,0,3,0,0,0,0,3
現場無配置停車位可停車，需自行找車位，床上被單內有長髮未清除乾淨，室內配置之手機，店員於入住時無提供，退房時亦無詢問，假如該手機被拿走，其責任歸屬算誰？退房時服務人員皆無提醒停車費要如何處理，還需要客人自己詢問。。整體感覺服務品質有偏被動之情況。,1,1,1,0,0,0,3,3,3,0,0,0,3
環境整潔乾淨，晚上安靜，未聽到吵雜聲音，交誼廳及親子室，佈置不錯，也有簡單廚房，可微波，清洗水果等，中西自助式早餐，菜色豐富，且有為素食者另外提供餐點,1,1,1,0,0,0,1,1,1,0,0,0,1
環境非常乾淨，隔音好，服務人員態度佳，房間內有送小餅乾，有免費停車場、走路三分鐘到，房間內有電影可看,1,1,1,0,0,0,1,1,1,0,0,0,1
行李服務櫃檯男服務生服務很不錯，?明呼叫計程車的服務生很好。,0,0,1,0,0,0,0,0,1,0,0,0,1
當天下午辦理入住的，結果進房已半小時房內冷氣不涼然後洗手台堵塞，到傍晚時冷氣又再度熱起來，雖然已換房，但服務人員態度不佳。打電話給櫃台響了不知道幾聲才接，一直讓客人空等。,0,1,1,0,0,0,0,3,3,0,0,0,3
白色牆壁有些地方髒髒的，建議用壁紙或重新油漆。用餐空間偏小，地下室有點壓迫感。,0,1,0,0,0,0,0,3,0,0,0,0,3
空間很大，一個人睡非常足夠，也有對外窗，床的軟硬適中，再用棉被跟枕頭窩在一起，睡得很好，浴室很乾淨，水溫也都剛剛好。隔音不錯，住宿期間都是很安靜的,1,1,0,0,0,0,1,1,0,0,0,0,1
第一間房間有菸味，感謝員工讓我升等換沒有煙味的舒適房間，被子枕頭床舒服乾淨，不會癢。24小時櫃檯，晚到旅客淩晨可辦理入住。,1,1,1,0,0,0,1,1,1,0,0,0,1
第一間房間有菸味，感謝員工讓我換房間。半夜隔壁房偷抽煙，走廊都是菸味，還從門縫飄了一點點進來,0,0,1,0,0,1,0,0,1,0,0,3,1
素食早餐太少，吃不飽。床有塵?，一個晚上不停抓癢。客房並未客滿，服務員卻選了一間窗外看出去，就看到一個大型工具機的房間，非常不舒服。,0,1,1,0,0,0,0,3,3,0,0,0,3
房間地板嘎嘎作響，半夜走路心驚驚，房間有蚊子（打掉3隻還有），大人整晚睡不好，小孩被叮滿頭包,1,1,0,0,0,0,3,3,0,0,0,0,3
臨近西門，很方便。快速的入房服務、清潔度很高。床很好睡，棉被不是會超熱的保暖被，很棒。,1,1,1,1,0,0,1,1,1,1,0,0,1
下樓有就有胡椒餅，而周邊都有不同的餐館。非常近臺北車站，可以在車站內寄放行李， 輕輕鬆鬆到桃園機場上機回家。酒店大堂內有休息區可以喝咖啡。,0,1,0,1,0,0,0,1,0,1,0,0,1
蓮蓬頭一旦停水，就會整個下垂。淋浴間雖然有做防水處理，但水還是會流出到外面地板，雖然有腳踏墊，但還是會弄得濕濕的。,0,1,0,0,0,0,0,3,0,0,0,0,3
蓮蓬頭水壓夠，洗澡很爽快！衣櫥有大鏡子很方便，熱水壺很乾淨。櫃檯接洽符合正常水準。入住時已開空調清淨。,1,1,1,0,0,0,1,1,1,0,0,0,1
衛浴水壓超強。包車行程非常滿意，司機安排的非常好，評價8分會有5分是評在包車的項目。,0,1,1,0,0,0,0,1,1,0,0,0,1
衛浴設備不太好，洗澡時沒有遮簾，水會濺到地板都是水，因?住宿兩天，有告知櫃臺人員整理房間時幫忙多放一個腳踏墊結果沒放。房間內除了沙發以外，沒有獨立椅子，女性不方便梳妝。,0,1,1,0,0,0,0,3,3,0,0,0,3
衛浴設備太小。總覺得房型與下訂時的圖不一樣。早餐素食菜色太少，而且都醃漬物。,0,1,1,0,0,0,0,3,3,0,0,0,3
裝潢太黑，覺得很暗。沐浴乳是胺基酸系列覺得味道很酸不好聞，第一天疑似有臭酸的狀況，後來跟員工反應立刻更換。態度良好。,0,1,1,0,0,0,0,3,1,0,0,0,3
覺得床太軟，因為跟家人住，所以睡一起，一張床睡兩個人，如果旁邊的人動一下，整張床也會跟著動，很明顯。房間的燈光不夠明亮，因為家人年紀大，眼睛不好，玩個手機，一直說太暗太暗的。,0,1,0,0,0,0,0,3,0,0,0,0,3
訂2間房～冷氣一間太冷、一間太熱，遙控調也沒用。洗澡水忽大忽小、忽冷忽熱,0,1,0,0,0,0,0,3,0,0,0,0,3
請櫃台人員提供訂房確認書時，人員的回應給人帶著一點無奈的感覺，後面有較為好轉一些。大廳到房間有較重室內芳香劑味道，較不習慣,1,0,1,0,0,0,2,0,2,0,0,0,2
謝謝你們幫我們免費升等到4人房。床很軟，很好躺。距離臺北車站（捷運、轉運站）都很近。24小時提供吐司和黑咖啡，也挺好的。,0,1,1,1,0,0,0,1,1,1,0,0,1
貴飯店會接待國外遊客住宿（港客、陸客、東南亞的遊客），但無法要求帶團領隊或導遊或旅客本身，請在入住飯店時輕聲細語，不要大聲喧嘩，以免影響其它旅客住宿的權益,0,0,1,0,0,1,0,0,3,0,0,3,3
賓士專車接送，迎賓飲料，健身房+泳池+酒吧，房間舒適，隔音佳，與水相關，有特色，設備高科技水準，接待員非常有禮貌,1,1,1,0,0,0,1,1,1,0,0,0,1
走廊間的菸味較濃，房間建議燈光可以再明亮一點，機上盒的位置可以再調整一下，必須站在床邊才能調整頻道,1,1,0,0,0,0,3,2,0,0,0,0,2
超奇怪的擺放方式，粥放遙遠的天邊、配粥的小菜放在另外一邊，真的傻眼，就像豆漿放在味增湯那邊，不是放在牛奶那一帶一樣，然後兩個又相隔遙遠。麵包太平凡、沒有適合麵包的乳酪，水果也只有香蕉、柳橙跟葡萄，對我而言，比礁溪麒麟那種4星的還差，真的不像5星級飯店,0,0,1,0,0,0,0,0,3,0,0,0,3
距離臺北車站近，地點方便。空間寬敞、無壓迫感。熱水水溫足、水壓夠。清潔人員打掃效率高。,0,1,1,1,0,0,0,1,1,1,0,0,1
距離觀光目的地近，走路即可到達(愛河旁)。價位不高，而飯店整潔舒適服務態度佳。窗外夜景佳。,1,0,1,1,1,0,1,0,1,1,1,0,1
距離車站超近，櫃檯服務人員很親切，房間乾淨又不會太小，廁所明亮、熱水夠快夠熱、水量很棒，小點心很貼心,1,1,1,1,0,0,1,1,1,1,0,0,1
這次住的其中一個房間(市景)格局很奇怪，浴室出奇的小，門打開後距離洗手台非常近，門後就是浴缸(無乾濕分離)，動線非常狹隘。當晚飯店疑似因為有喜宴，所以地下室停車場空位不足，連房客都沒得停，必須把車停到400公尺遠的特約停車場，再搭接駁車回到飯店，非常不方便。飯店消毒鍋和澡盆數量有限。,0,1,0,0,0,0,0,3,0,0,0,0,3
隔音很差，隔壁洗澡聲都聽的到。開放式空間，雖然提供飲料吧，但疫情關係，這樣感覺接觸感染很多大。開放式空間很棒的安排了投影式的電影觀看，但不懂在下方設置小朋友球池的用意。。。同樣是小鹿企業，說真的是沒有比較就沒有傷害，相較於住了町記憶旅店3館感受到的感覺，3館比這家好太多了！！！,0,1,0,0,0,0,0,3,0,0,0,0,3
遇到吃飯時段，電梯不好等，只好扛行李走樓梯，廁所門口沒有設門檻 ，洗澡水容易噴到門口,0,1,0,0,0,0,0,3,0,0,0,0,3
酒店房有點小， 一家四口只是剛剛好。隔音有點差， 要求不高都還可以接受。服務生未必要主動協助。,0,1,1,0,0,0,0,2,2,0,0,0,2
酒店的電話信號接收非常差，只能靠店內網路上網，打電話也沒信號！鏡子太小。,0,1,0,0,0,0,0,3,0,0,0,0,3
門板隔音不佳，走廊上的聲音很明顯非常大聲。廁所很小，澡盆完全沒空間放，小朋友要洗澡不太方便。,0,1,0,0,0,0,0,3,0,0,0,0,3
連住2晚，早上有至櫃檯說明不需打掃，只要收拾已整理在門口的垃圾即可，待晚上回來後再自行至櫃檯領用所需盥洗品，但晚上回來後才發現備品已放入房間！覺得人員交接有疏失，都已經放東西表示有開門，就與我們原意不符合。房間地毯有點髒，不是沒掃乾淨的髒，是已經無可挽救的那種髒。,1,0,1,0,0,0,3,0,3,0,0,0,3
附贈早餐是簡單的自助餐，但住了兩天，早餐菜色還有變換，算很用心，而且非用餐時間，還是有提供簡單茶水點心與霜淇淋可以取用，非常週到。四人房空間寬敞，除淋浴間之外，還有附浴缸(雖然沒有使用到)，而且裡裡外外都十分乾淨整潔。附近步行可以到商圈，用餐也有蠻多選項。,1,1,1,1,0,0,1,1,1,1,0,0,1
隔音不太好，隔壁房打炮叫床聲都聽得到，差點放金剛經回敬給他。房間動線安排不佳，走很久繞到都懷疑自己走錯樓層了才找到房間，希望下午房號標示可以更仔細具體一點。入住當天要寄放行李的時候，櫃檯人員不知道是太累還怎樣表情不是很好。,0,1,1,0,0,1,0,3,3,0,0,3,3
隔音不太好。淩晨1-2點隔壁笑聲話語不斷。。。一早關門聲“碰”很大聲，整個人驚醒！門口進去就是床（只隔1公尺的距離左右），要把行李攤開，只能攤在門後。沖澡格局有點小，洗頭時有撞到水開關。,0,1,0,0,0,1,0,3,0,0,0,3,3
隔音不是很好，晚上要睡時還可以聽到隔壁房聊天，以及開門聲。早餐時段，熟食部分空了兩道，沒有即時補充,0,1,1,0,0,1,0,3,3,0,0,3,3
隔音不是很好。早上九點多，就聽到隔壁吸塵器打掃聲音，應該是已退房在打掃房間，但也太早了。,0,1,1,0,0,0,0,3,3,0,0,0,3
隔音太差，隔鄰客人聊天吵到淩晨兩三點、很難入睡，空調很吵，雖是禁煙房，但退房後背包裡的乾淨衣服卻有煙味,1,1,0,0,0,1,3,3,0,0,0,3,3
隔音很差；隔壁講話都聽得到內容，(隔壁客人講話到快淩晨一點)，隔壁打掃清潔都聽得到。走道中，有時會聞到煙味！,1,1,0,0,0,1,3,3,0,0,0,3,3
隔音效果非常差，怕吵會睡不著的，非常不建議。第一天住宿，未被事先告知，就被安排在身障房，淋浴間沒隔間，很不習慣，且不鏽鋼的身障設備都產生鏽蝕了。第二天有致電櫃檯要求換房，結果沒夜燈。一樣隔音效果極差。住了兩天，該飯店完全沒有停車場所，甚至沒有配合的停車場，對有開車的旅客來說，非常不方便。且停車費非常可觀。早餐餐廳居然無服務生帶位，讓客人自己去找位。,0,1,1,0,0,0,0,3,3,0,0,0,3
隔音有待加強，隔壁房間的接電話都可以聽得一清二楚。辦理入住時，櫃檯有點手忙腳亂，因使用訂房網名字顯示英文羅馬拼音，而找不到資料，入住前幾天有接到來電確認訂房，但事後沒有特別註記中文？,0,1,1,0,0,0,0,3,3,0,0,0,3
隔音沒有很好，但影響不大，可再更好。旅館不可抽菸，但我住777號房，在走進房間前的走道，整個都是菸味，且進房間未開空調，整個房間也有明顯菸味，但這不是旅館本身問題，是旅客素質問題，建議旅館人員再多點提醒或給相關罰則。或許是想節能減碳，房卡只給一張，導致可能只出門幾小時，回到旅館得重開空調才會涼。,1,1,1,0,0,1,2,3,2,0,0,3,3
隔音蠻差的，隔壁講話跟關門都聽得到。浴室看起來很大，但洗澡地方很小，在洗澡抬腳的時候膝蓋不小心撞到水龍頭，爆痛瘀青中。。。。,0,1,0,0,0,0,0,3,0,0,0,0,3
隔音非常非常差，不管是隔壁的喧嘩、洗澡、沖馬桶及談話都可以聽的很清楚，我半夜真的被人聲嚇醒很多次。房間清潔不到位，地板有紙屑、破掉的氣球，就連棉被跟床單中間都有，我應該可以合理的理解為根本沒換床單吧？電視遙控非常不靈敏，枕頭偏硬偏高，躺在床上能感受到床墊的彈簧，棉被偏薄且粗糙，冷氣會忽冷忽熱,1,1,0,0,0,1,3,3,0,0,0,3,3
雖然沒有提供早餐，但除了早餐時段有提供一定程度限量的三明治或是吐司外，也有很多24小時供應的點心、泡麵，完全不用擔心餓著。餐廳(交誼空間很寬敞)，所以即使房間不大，也可以遊刃有餘跟跟朋友聊天。,0,1,1,0,0,0,0,1,1,0,0,0,1
雙人床以兩單人並，有時會開開，有些不方便。浴室有點小，其餘的都超好超美環境優！美中不足是沐浴洗髮一小包用完，就沒得洗澡了，因為我愛洗澡，哈哈哈哈~希望可以用罐裝方式，方便喜歡洗澡的客人~早餐還可以更多樣或多樣化，但這次吃的都很好吃倒是真的~,0,1,1,0,0,1,0,3,1,0,0,1,1
雙人床超大（雖然我只有一個人），熱水也不用等很久，床的軟硬度剛好（不會太軟），浴室備品很足夠，不會是一小包的,0,1,0,0,0,0,0,1,0,0,0,0,1
雙人房一人一台電視，單人床比我想的大，浴室雖不大但很乾淨。雖入住當天的櫃檯人員給的服務讓我不滿意，但退房那天下午的服務人員態度就很好，有關心旅客的旅遊體驗。飯店地點很好，離北車很近，底下一樓的警衛有嚴格把關防疫守則（剛好看到警衛遏止未戴口罩的民眾進入）令人安心。被隔壁旅客吵到反應給櫃檯，櫃檯馬上幫我們處理，服務快速有效率。,1,1,1,1,0,0,1,1,1,1,0,0,1
離臺北火車站很近，走路10分鐘就到。服務人員態度非常好，樂於協助旅客。房間乾淨，設計貼心，例如所有開關都集中於床頭，插座也足夠，非常方便。,1,1,1,1,0,0,1,1,1,1,0,0,1
離周遭景點近(愛河畔)，寧靜度佳(有極佳的隔音)，整體服務品質佳,0,1,1,1,0,0,0,1,1,1,0,0,1
離捷運有點距離，是不會很遠，但是下雨就不方便。附近比較安靜，吃飯甚麼的要走一點路，或開車比較方便。,0,0,0,1,0,0,0,0,0,2,0,0,2
離車站走路10分鐘，洗澡熱水水量小，沒有免治馬桶，可以裝設沖洗設備。,0,1,0,1,0,0,0,3,0,2,0,0,2
電梯不好等，辦手續時間太長，訂單找很久，讓客人等太久。房間儀器莫名響了兩次。洗澡蓮蓬頭水壓不穩，忽大忽小，很難洗澡,0,1,1,0,0,0,0,3,3,0,0,0,3
房間儀器莫名響了兩次，有幫我們換房，很感謝。洗澡蓮蓬頭水壓不穩，忽大忽小，很難洗澡,0,1,1,0,0,0,0,3,1,0,0,0,3
電梯兩段式搭乘，要排很久。網站說有免費停車場，其實要收費。隔音差，隔壁房間叫得激烈，我們帶孩子們聽得一清二楚，健身房的音樂及律動也大聲。入住第一晚向櫃台反應需再一枕頭及棉被，櫃台說當下都沒有，隔天再補上，結果也沒有。,0,1,1,0,0,1,0,3,3,0,0,3,3
電梯等很久，隔音效果非常差，如果你遇到隔壁半夜2點還不睡覺的房客就有你受的，燈忽明忽滅，排水系統差，洗澡水需一段時間才排的掉。,0,1,0,0,0,1,0,3,0,0,0,2,3
電梯還要轉乘，無法直達挺麻煩的。入住時冷氣幾個小時都吹不涼，房間像暖爐似的，直到半夜3點溫度才降下來。隔音差，隔壁房間很熱鬧。相同的房型，標榜有附「免費」停車位的稍微貴一些，實則變相收費，到了現場才知道所謂的「免費」是有時段性的（晚上8：00到隔天中午12：00才是免費），網站並無明文標示，提早一小時辦理入住，產生的停車費還是要自行付費，有受騙的感覺。,0,1,1,0,0,0,0,3,3,0,0,0,3
電燈要一一轉開很麻煩，就算全開了還是很昏暗，電視老舊，畫質不清台數也很少，浴室淋浴設備冷熱轉換很不便，排水不良好，房間擺設很怪，床對鏡子,0,1,0,0,0,0,0,3,0,0,0,0,3
電視尺寸較小，空氣清淨機聲音稍大且稍有氣味，垃圾桶無另外紙袋或塑袋裝置,0,1,0,0,0,0,0,3,0,0,0,0,3
電視有點小，躺在床上根本看不到字幕，建議有個移動桌子比較方便,0,1,0,0,0,0,0,3,0,0,0,0,3
非常整潔，打掃十分用心，許多小地方都看得出用心之處！如果是坐火車地理位置很棒，開車有自己的停車場,1,1,0,1,0,0,1,1,0,1,0,0,1
預訂後一直有來電跟進。職員細心體貼。交通非常方便。,0,0,1,1,0,0,0,0,1,1,0,0,1
頭一次辦理入住要排隊將近一個小時的，也是頭一次要辦理退房卻遲遲搭不到電梯……，（住宿人數暴增，可是飯店卻沒有增加人手來消耗旅客，導致大家都要等待……）。被安排在無障礙空間的房間，但房間的排水系統不好，導致整間浴室地板都是水，小孩滑倒兩次……早餐費用高（440），當天用餐人數很多，取餐都要排隊，可是飯店卻要求10點準時清場……,0,1,1,0,0,0,0,3,3,0,0,0,3
飯店位置算近車站（尚要走10分鐘左右）。飯店右側巷內有些吃食店/7-11，方便回飯店時補充。有化妝鏡真的方便女性，棒！床好睡，枕頭軟硬高度有2種選擇，棒！有單獨冷熱風吹風機，棒！,0,1,0,1,0,0,0,1,0,1,0,0,1
飯店住宿費其實不便宜，不應該再收200的早餐費。。。！或是價格再調整看看！房間隔音效果不太好，半夜兩點被吵醒，清楚聽到隔壁間有點忙,0,1,0,0,1,1,0,3,0,0,3,3,3
飯店員工服務非常好，笑臉親切地迎接客人，讓人感受相當溫暖。飯店位於台中火車站步行可以抵達的位置，交通方便，附近很熱鬧，新時代購物中心就在對面不遠處。飯店提供免費停車場供開車前往的旅客停泊。房間內電視有藍光電影可以免費觀看，夜晚不無聊。房間雖不大但相當整潔乾淨且舒適。,1,1,1,1,0,0,1,1,1,1,0,0,1
飯店地點佳，周邊商店多；房間整潔，基本的用具都有；安靜。很不錯。,1,1,0,1,0,0,1,1,0,1,0,0,1
飯店外就是愛河畔，附近也有便利商店以及很多餐廳，地理位置方便！床很好睡，房間乾淨舒適，不會很老舊。地下一樓遊戲區很小但規劃的滿精緻的，小朋友很喜歡。,1,1,0,1,0,0,1,1,0,1,0,0,1
飯店工作人員笑容滿面，態度積極，服務細膩，讓人賓至如歸，謝謝你們。剛下樓10分鐘，在櫃檯辦理退房，便被櫃檯服務人員告知有物品遺漏在房間內，房務員確認速度之快，令人驚艷。枕頭好睡，被子輕柔保暖，非常舒服。房間內書桌的設計與擺放非常大器美觀，照明光線也很充足，讓臨時需要工作的我們在房內辦公起來極為舒適便利，謝謝。房內備有小鬧鐘，可愛貼心。,1,1,1,0,0,0,1,1,1,0,0,0,1
飯店的位置很好，旁邊就是捷運站。房間很乾淨。飯店的服務人員都很親切。,1,0,1,1,0,0,1,0,1,1,0,0,1
飲料還沒補就不要放冰箱，兒童遊戲室，壞了要修以免造成兒童受傷,0,1,0,0,0,0,0,3,0,0,0,0,3
餐點有問題會即時關心，我覺得的很棒的一件事。 讓我們當天吃早餐的感覺非常好，讚！,0,0,1,0,0,0,0,0,1,0,0,0,1
高雄火車站正在興建，關於從火車站(或捷運站)到飯店的說明可以在網站上提醒路線，否則要繞很遠。隔音不是很好，遇到沒公德心的隔壁房客，半夜兩點被吵醒，我敲他們的牆壁，他們才停止大談闊論。,0,1,1,0,0,1,0,3,2,0,0,3,3
默默升級我訂的房間等級(兩張小床的精緻雙床房變成兩張雙人床的家庭房)，讓我很驚訝，真的非常感謝！房間舒適乾淨，飯店位置良好。,1,0,1,1,0,0,1,0,1,1,0,0,1
地點適中，員工和藹可親，酒店設施完善，有免費自助洗衣機，乾衣機等。,0,1,1,1,0,0,0,1,1,1,0,0,1
服務員的禮貌很好，每有問題必會幫忙解答。位置頗方便，於捷運站步行一小段路即到。房間清潔不錯,1,0,1,1,0,0,1,0,1,1,0,0,1
等待辦理入住時，有茶水供應，也有電腦可上網，地點還挺方便的。,0,1,1,1,0,0,0,1,1,1,0,0,1
酒店位置好，乘車去哪裏都方便，出酒店附近有個大商場。自助早餐美味，員工超友善熱誠,0,0,1,1,0,0,0,0,1,1,0,0,1
早餐可以再豐富一點兒~隔音不是很好，走廊或隔壁房講話大聲一點，會聽得到~,0,1,1,0,0,0,0,3,3,0,0,0,3
交通便利，有免費無線網路，酒店大堂設有茶水間、休閒間及電腦上網服務，可隨意飲用咖啡及茶水，還有自助洗衣，全是免費的。,0,1,0,1,0,0,0,1,0,1,0,0,1
員工友善，提供好的出遊建議。客房雖小但是提供高品質的衛生用品 ，洗澡水超好。大廳提供免費的咖啡和洗衣機,0,1,1,0,0,0,0,1,1,0,0,0,1
地點方便，就在西門町紅樓對面，近捷運出口。家庭4人房很寬敞。房間很潔淨,1,1,0,1,0,0,1,1,0,1,0,0,1
房間有美麗的設計，很有特色。工作人員服務態度很友善，交通方便,0,1,1,1,0,0,0,1,1,1,0,0,1
房間空間大。靠近北捷西門站出口，離西門町超級近，吃喝都方便。馬桶是安裝「免治馬桶」，超溫暖。空調非常強。,0,1,0,1,0,0,0,1,0,1,0,0,1
房間整潔、光線充足、新裝潢。地點超便利。五樓、大廳空間很大，除自助吧及有電腦上網外，可考慮增加多些設施。,1,1,0,1,0,0,1,1,0,1,0,0,1
1樓有準備休息區、茶點區、自助洗衣區、商務區等等，感覺空間雖小，但很用心提供服務。交通超級方便，車站走路3分鐘、離後站百貨公司也只6分鐘路程、轉運站7分鐘，推行李去飯店後，租個車到哪都方便。房間、廁所都很乾淨整齊。因訂得早，雖然是除夕夜，2人房的房價也不到1600，CP值很高。附近有配合停車場，但走路約要10分鐘。,1,1,1,1,1,0,1,1,1,1,1,0,1
一、二樓前檯及頂樓早餐外場服務人員體貼細心主動。下午茶點心精緻好吃。公共空間及客房設計感十足。,0,1,1,0,0,0,0,1,1,0,0,0,1
一樓提供茶水、麵包，隨時可以使用，方便很多旅客，地點位置佳，離車站近,0,0,1,1,0,0,0,0,1,1,0,0,1
只有兩架電梯。不用房卡就可出入各樓層，不少空置房間未有關門。,0,1,0,0,0,1,0,3,0,0,0,3,3
員工服務態度非常好，大堂有個電子磅，非常方便，地點很方便,0,1,1,1,0,0,0,1,1,1,0,0,1
地理位置方便；服務人員服務好，熱情，客房走廊很有特色；免費早餐很豐富，新鮮,0,1,1,1,0,0,0,1,1,1,0,0,1
地點距離車站近，路癡的我很容易找到目的地。入住環境、房間、廁所乾淨無異味，不會引起過敏。工作人員素質很好！晚上10點還有提供泡麵，是很特別的服務。有簡易的茶水間（有茶飲、咖啡、茶包）微波爐、烤箱、冰溫熱開飲機，如果房間內冰箱無法放大點的東西，茶水間還有大冰箱可以用。免費的洗衣機很方便，房間內的衣架也很充足,1,1,1,1,0,0,1,1,1,1,0,0,1
地點非常便利；清潔狀況算不錯；價錢合理；職員頗有禮貌及表現專業。,1,0,1,1,1,0,1,0,1,1,1,0,1
客房空調聲非常擾人、燈光昏暗。浴廁間無放置衣物的置物架，吊掛已用過的浴、毛方巾的空間不足。宵夜鹹點都是冷盤。,0,1,1,0,0,0,0,3,3,0,0,0,3
早餐的選擇有中式與西式，都好吃，菜色種類雖不多，但很精緻。我有留言希望安排在高樓層與離電梯遠的房間、旅店都有完成我的期待，床與棉被好舒服。星期六入住、旅館的停車位都滿了，但旅館負擔我停於周邊停車格的停車費用。大廳有擺設朱銘的作品、外頭有旅館老闆的高級車、讓人印象深刻。離愛河不遠、可以去河畔散步。,0,1,1,1,0,0,0,1,1,1,0,0,1
枕頭太軟，房務員是按自己心情收拾房間，有時好整齊，有時將茶包亂放，房內有張椅子歪的,1,1,1,0,0,0,3,3,2,0,0,0,3
浴室乾濕分離，水很容易流到外面來，仔細看，好大門縫。中午十二時辦離開時，跟櫃?說我到附近用餐再來取車，櫃?服務員說只能到12:30，我說能不能給個方便用餐1個小時回來，櫃?堅持12:30必須取車，我麻煩她問主管一下，回覆是只能到13:00就必需取車。說實在的，現疫情期間，旅店生意沒好到哪裡去，給個一般性方便都難，怎麼做生意？這麼沒彈性！更何況第一次去住宿呢？,0,1,1,0,0,0,0,3,3,0,0,0,3
浴室檔水的高度太低，所以水容易濺出來。樓上住宿的人較沒公德心，都11~12點多了，夜深還在那邊踩踏蹦蹦跳。覺得可以多加強宣導每位住戶須知。,0,1,1,0,0,1,0,3,2,0,0,3,3
浴室的拉布挺透光的、雖跟家人一起入住、洗澡時還是會覺得不好意思。健身房的設備不多、只有跑步機、選擇性太少,0,1,0,0,0,0,0,3,0,0,0,0,3
空調有點冷，雖然已經調整至27、28度，但溫度依然顯示在24度。床太晃。,0,1,0,0,0,0,0,3,0,0,0,0,3
距離台中車站非常近，附近又有百貨公司、多家餐廳。價格不貴，適合小旅行居住。房間明亮整潔舒適，備品充足。自助早餐雖然樣式不算多，但調味適中、補菜和收盤迅速。大廳提供免費飲料、咖啡。服務員親切，網路客服回覆快速。,1,1,1,1,1,0,1,1,1,1,1,0,1
距離愛河接近，早上換上球鞋快走沿岸港灣，風景優美。早餐豐盛，高CP值。,0,0,1,1,1,0,0,0,1,1,1,0,1
近西門捷運站，對面就是西門町。浴室內有浴缸，也有附個人洗淨用品。,0,1,0,1,0,0,0,1,0,1,0,0,1
通知三次浴室有水管漏水，第三次才派人維修！何時恢復早餐供應？,0,1,1,0,0,0,0,3,3,0,0,0,3
酒店地理位置佳，不會太吵。前臺工作人員親切友善。公用空間很棒，有得上網，也有免費咖啡和免費洗衣服務。,0,1,1,1,0,0,0,1,1,1,0,0,1
飯店內有一個很大的休息室，又可以免費洗滌。我安排了快遞寄到飯店給我服務員也幫助得非常順利，而且芋圓要冰著也給我貼心安排。,0,1,1,0,0,0,0,1,1,0,0,0,1
員工有禮貌，親切，房間光明，清潔，配套非常有心思使客人時時有熱飲，又有自助洗衣服務，非常好，解除我回家洗衣的煩惱，下次再去台灣一定訂他！,1,1,1,0,0,0,1,1,1,0,0,0,1
隔音效果差。晚上1點，洗澡放水聲音，隔壁聲音都很大聲。影響睡眠。洗澡與洗臉是分開的。,0,1,0,0,0,0,0,3,0,0,0,0,3
晚上才辦理入住，但是大廳櫃檯的男服務員態度真的非常好，也解說的非常詳細，我忘了記男服務員的名稱，有點不好意思，但是我希望貴飯店能給予這位優秀的員工一些鼓勵，他值得！,0,0,1,0,0,0,0,0,1,0,0,0,1
100元可以吃到這麼好的早餐已經很不錯，還可以續杯多次咖啡！ 賺到喔！,0,0,1,0,0,0,0,0,1,0,0,0,1
100分服務，高鐵免費接送，飯店位置，房內足夠免費的水，還有飲品、零食,0,0,1,1,0,0,0,0,1,0,0,0,1
洗手台水超級大，也不是不滿意啦，但開關太緊一定要很大力開，但一開水又超強。其他都很棒,0,1,0,0,0,1,0,2,0,0,0,1,1
10樓很潮濕，雙人房某些房型不方正，空間看起來變小了。,1,1,0,0,0,0,3,3,0,0,0,0,3
早上來電通知中午退房一定要到樓下大廳辦理，到樓下後發現排隊排滿整個大廳，現場人員安排我們排到餐廳門口，結果站沒兩分鐘餐廳一位穿黑衣服像主管的人跑來說我們不要擋到餐廳門口，他的客人都進不去，我想請問一下那不是你們大廳人員安排我們排到門口等，然後又趕我們走口氣還非常不好，還是一個清潔阿姨把那位餐廳主管帶走?覺得人員教育訓練需要加強，叫我們下來排隊，沒人管理動線，被帶到餐廳門口還被兇被趕。,0,0,1,0,0,0,0,0,3,0,0,0,3
早上打電話問接線服務人員，他回答的很模糊。第二次問，他的回答跟第一次一樣。第三次又改了說法。超不爽的，請服務人員接電話要有點腦,0,0,1,0,0,0,0,0,3,0,0,0,3
晚上修水塔沒提早說，洗澡沒水根本沒辦法洗，忙一整天回來還不能洗澡，覺得蠻生氣。修水塔是可以臨時說要修就可以修的嗎？還是這是可以提早通知旅客，讓旅客避免在這些時段用水？還有冷氣蠻不冷的，睡到一半被熱醒，後來調成最低溫也沒什麼差別，房間牆壁是黑色的，燈光也滿不亮的，所以房間滿暗的,0,1,1,0,0,0,0,3,3,0,0,0,3
傍晚有一位男服務生，非常貼心講解並教我怎麼線上訂房，整體感覺非常貼心,0,0,1,0,0,0,0,0,1,0,0,0,1
某個房間無隔音設備，床頭可以直接聽到隔壁浴室蓮蓬頭和淋浴的聲音。,0,1,0,0,0,0,0,3,0,0,0,0,3
入住時有特別跟櫃檯交代，因為隔天早上要提早退房趕去機場，所以需要準備餐盒可以在車上吃。結果當天跟櫃檯要餐盒，櫃檯卻說沒有註明要準備餐盒，所以沒有準備，住宿費一晚也不便宜，結果是這樣的服務，真的讓人失望?,0,0,1,0,0,0,0,0,3,0,0,0,3
跨年夜入住河景房型，除了房間窗外就能欣賞愛河景色，晚上也能享受夜景之美！更棒的是，國賓也有準備跨年煙火，在房間內就能欣賞煙火真的超讚,0,0,0,1,0,1,0,0,1,0,0,1,1
12月份去住的，那時候冰箱壞掉，食物冰進去都臭掉。跟櫃台反應，員工說會來看，但也沒有處理。房間內還有死掉的蟑螂屍體。淋浴間的拉門都壞了掉下來，輕輕靠在上面，我還幫忙裝回去。,1,1,1,0,0,0,3,3,3,0,0,0,3
12樓的飲水設備沒有修理好，要裝飲水不方便。原本飯店旁邊的共享腳踏車已經移走了，必須要多走一小段路，但不遠。早餐的用餐區不大，所以假日需要等待。,0,1,1,1,0,0,0,3,2,2,0,0,2
12點前退房，服務人員說可以寄放行李，而且不限時間。本來要把行李袋去臺北車站寄放的我們瞬間豁然開朗,0,0,1,0,0,0,0,0,1,0,0,0,1
雙人房有窗戶，但是窗戶看出去完全沒辦法看到什麼 ，都是冷氣機！有點…還以為可以看到外面的景色,0,1,0,1,0,0,0,3,0,3,0,0,3
13樓入住實在吵到不行，一早天花板上的踩踏聲，6點多就被吵醒了。,0,0,0,0,0,1,0,0,0,0,0,3,3
原定入住時間辦理入住，房間卻還沒有完成清潔整理。有被擅自打開門2次，一次是沒有人在房間的時候，增加了桌子。垃圾桶裡前房客的垃圾並未整理。住的房間樓上時常會有滾動的聲音。若沒有很要求完美的話，其實這間是蠻好的落腳處。,1,1,1,0,0,0,3,3,3,0,0,0,2
入住收錢的小姐態度有夠差，幫外籍人士辦理入住的態度卻很好，感覺雙重標準。,0,0,1,0,0,0,0,0,3,0,0,0,3
19樓零食飲品招待區，一天只能去一次，有點不滿足。其實客人也吃不了多少，可以開放多次使用，心情會更好。,0,0,1,0,0,0,0,0,3,0,0,0,3
停車場有點難找。旅館門口就是紅線，下車及下行李都很匆忙，無法放心臨停。,0,1,0,1,0,0,0,3,0,3,0,0,3
整晚被二手煙荼毒，此起彼落的開門聲令我困擾。大廳咖啡機和泡茶機很加分，可惜茶渣多了些。若能有專屬停車場更好，不過北車寸土寸金，真的很難。,0,1,0,0,0,1,0,1,0,0,0,3,2
因應素食人口增加，應增設素食專區。菜色除醬瓜外，應增加素炒青菜，這樣葷素人口都可以吃。針對蛋奶素人口，可增加如蘿蔔炒蛋，或單純醬油炒蛋,0,0,1,0,0,0,0,0,2,0,0,0,2
拿到房卡拖著五袋行李刷不進門，打電梯旁的話機求援，還要我們自行下樓換卡。貴旅館地下一樓人員不只三人，卻只顧著宣傳，沒有實際幫助客人。,0,0,1,0,0,0,0,0,3,0,0,0,3
1樓的蚊子很多，因為會跟著進電梯?在櫃檯或等電梯都要擔心小孩被蚊子叮咬,1,0,0,0,0,0,3,0,0,0,0,0,3
洗髮水洗完頭髮發澀，如果有更好的洗髮水或者增加護髮素就好了。房間燈太多了，對應開關每次都要試才知道。早餐廳如果有個微波爐會更方便！,0,1,1,0,0,0,0,3,2,0,0,0,3
浴室空間太小，浴缸高低落差太高。清潔度不好，桌面、漱口杯有灰塵、地毯有小碎屑！,1,1,0,0,0,0,3,3,0,0,0,0,3
確實隔音不好，樓下機車聲音太大了。早餐可以再豐富一些，比如可以有皮蛋粥或者煎蛋。,0,1,1,0,0,0,0,3,2,0,0,0,3
隔音很差，隔壁洗澡很吵。六樓很吵。行李只能寄放，沒有送到房間的服務 。我有住別家旅店，有送行李到房間，預先開冷氣的服務。沒有開發票，我住4次了，都沒有開發票給我。,0,1,1,0,0,1,0,3,3,0,0,3,3
20平方米的房，感覺一個床就快擺滿空間，空間設計不良。隔音差。,0,1,0,0,0,0,0,3,0,0,0,0,3
相隔20年再次入住，這次入住選擇海景房，站在樓上看著愛河的夜景非常漂亮。樓下有愛之船和貢船。假日價格不含早餐CP值超高。服務人員非常有禮貌。重點是有停車位。,0,1,1,1,1,0,0,1,1,1,1,0,1
年中和年底曾經訂過這間住宿，當時覺得挺好的，還幫我升級了房間，早餐也很豐富。可是，這次入住時已經改名，應該是換了老闆，早餐太差了！,0,0,1,0,0,0,0,0,3,0,0,0,3
晚上辦理入住，櫃檯人員態度讓人感到不舒服，我們不曉得貴飯店在在訂房平台上的訂單能不能抵用旅遊補助，該服務人員卻用不屑的態度解釋。,0,0,1,0,0,0,0,0,3,0,0,0,3
2020對飯店及旅遊業是辛苦的一年。國賓還是有維持自己的品牌與服務質量。,0,0,1,0,0,1,0,0,1,0,0,1,1
下午四點左右辦理入住，接洽的服務小姐態度非常的好。電梯、走道、房間內的說明非常清楚。我有疑問的地方，也不厭其煩的說明，非常感謝她，印象很深刻。訂房前的額外需求，高樓層、安靜房間、電暖器等，飯店都有處理。早餐好吃，主餐可以續點，真的很棒。,0,0,1,0,0,0,0,0,1,0,0,0,1
20樓附設餐廳西餐表現不佳，且莫凡彼霜淇淋提供種類不多。房間插座位置隱密，不好找。櫃檯人員臨場反應較慢，導致有時須重複提問。,0,1,1,0,0,0,0,3,3,0,0,0,3
晚上入住，櫃檯人員親切接待服務好、有洗衣烘衣設備、含早餐、高雄後站走至飯店約十分鐘。,0,1,1,1,0,0,0,1,1,2,0,0,1
房間浴室居然沒有鏡子，只有一面小小化妝鏡，實在是不可思議,0,1,0,0,0,0,0,3,0,0,0,0,3
連假遊客多，服務人員服務態度不友善，微笑只給予外國旅客。因小孩及行李物件較多，先生先去開車過來，我帶著小孩在大廳等候，不准我們坐在大廳，說那區是外國旅客行李寄放區。但因為大廳已經太多外國遊客坐滿，明明大廳有空位卻不讓我跟小孩坐，真的很不友善！！,0,0,1,0,0,0,0,0,3,0,0,0,3
全天提供點心飲料零食，帶小朋友的家庭出行會覺得很方便，可以舒緩旅行的疲憊,0,0,1,0,0,0,0,0,1,0,0,0,1
24小時前臺服務，我們到的很晚了，但是員工依舊很熱情。距離二二八公園非常近，走路到臺北車站、西門町等也就10分鐘左右。位置很方便。,0,0,1,1,0,0,0,0,1,1,0,0,1
24小時提供免費的土司和飲料，還有洗衣機和烘乾機給所有住宿者使用。所有員工都很有禮貌。地點位置很好，走路幾分鐘就到臺北車站、機場捷運、北門站。,0,1,1,1,0,0,0,1,1,1,0,0,1
24小時提供小吃，感覺很好！工作人員特別特別的熱情。位置也還蠻好找的,0,0,1,1,0,0,0,0,1,1,0,0,1
24小時供應的吐司沒了沒在補，果醬沒加蓋，麵包籃的蓋子也都沒蓋上。電視遙控器無法坐著使用，而是要站起來對準電視後方的機上盒，非常不方便！,0,1,1,0,0,0,0,3,3,0,0,0,3
24小時免費茶水供應，包括咖啡、奶茶，還有多士，非常好。如能加強清潔，則更佳。,1,0,1,0,0,0,3,0,1,0,0,0,1
24小時提供的飲料跟餅乾、泡麵！房間乾淨又舒適！遊戲室部分也很讚,1,1,1,0,0,0,1,1,1,0,0,0,1
24小時櫃台服務有安全感，地理位置方便，整潔乾淨，CP值高…,1,0,1,1,1,0,1,0,1,1,1,0,1
24小時櫃檯有人，對於半夜才能入住者很方便，還滿適合短暫住宿者，簡單方便！,0,0,1,0,0,0,0,0,1,0,0,0,1
24小時的飲料吧，人員親切，有遺留東西在房間打電話去飯店尋求協助找尋及寄回，很迅速的寄回了，感到滿意呢！,0,0,1,0,0,0,0,0,1,0,0,0,1
24小時零食?泡麵，可供旅客免費食用。還有兒童遊戲室，另外電梯管制措施也讓人多一份安心，離捷運站也很近。,0,1,1,1,0,0,0,1,1,1,0,0,1
24小時零食餅乾享用，免費網路，遊戲機和電影播放，都能在這待上一天不外出了！還有洗衣機，烘衣機設備，甚至熨斗都有。隔音也不錯,0,1,1,0,0,0,0,1,1,0,0,0,1
24小時點心吧，超貼心，即使很晚依舊可以吃東西。另外遊戲式的可騎式木馬，小孩超喜歡，退房前還要去玩一趟,0,1,1,0,0,0,0,1,1,0,0,0,1
今天中午退房房務人員真的很好又親切，又為住房小孩著想，真的讓我們住戶感覺很開心，又讓小孩可以安安心心的住房，真是太棒了。環境又好，又舒服，真的是高雄唯一首選國賓飯店！,1,0,1,0,0,1,1,0,1,0,0,1,1
兩個人住的房型太小了，沒有地方放行李箱,0,1,0,0,0,0,0,3,0,0,0,0,3
有兩個小瑕疵：乾濕分離淋浴間的門縫稍大，淋浴時部分水由門縫漏到乾區。門口一小區域壁紙起泡。,0,1,0,0,0,0,0,3,0,0,0,0,3
入住雙人房兩張單人床，房內有部分桌面、衣櫥貼皮脫落掀角，一不小心刮傷皮膚及勾傷衣物。地面有上一位顧客所留的碎屑。隔音設備有待加強，早上在走廊上可以聽到其它房間傳來女性的超大聲叫床聲，頓時讓我與我母親陷入尷尬氣氛。,1,1,0,0,0,1,3,3,0,0,0,3,3
發現床單有很多黃色髒汙，和櫃檯說了，馬上有人上來處理，說要給我們換房間，可是我們東西都拿出來放好了希望可以換床單就好，他們說兩間房間都給我們使用。於是我們到了另外一間房間，可是淋浴和馬桶是分開的我們覺得不方便，所以我們把新的那間乾淨床單換到原本的房間，和櫃檯人員告知後，櫃檯的回應態度令人傻眼。,1,0,1,0,0,0,3,0,3,0,0,0,3
我再續住的那個家庭房，隔音很差，整夜都聽到嘩啦啦的流水聲，吵得令我睡不好,0,1,0,0,0,0,0,3,0,0,0,0,3
房間床頭處就是管線，其他房間用水時非常大聲。房間整體有很多設備的雜音，半夜有10分鐘尖銳的噪音,0,1,0,0,0,0,0,3,0,0,0,0,3
三個人住，?所只有一條大浴巾，打電話至服務台，有馬上補來2條浴巾、3條毛巾和盥洗用具。要洗澡時發現沒有廁所腳踏地墊，又再打一次服務台，服務人員口氣不佳，?可不可以一次講完，送至房間又再?一次。房間缺東西是我們的問題嗎？如果沒有缺，我們也不會打電話煩你們啊！,0,1,1,0,0,0,0,3,3,0,0,0,3
三天兩夜的第二天還有房間整理服務。冷氣的聲音有點大聲。,0,1,1,0,0,0,0,3,1,0,0,0,1
三星級旅館，有窗無窗分不清？早晨5點半隔壁洗澡如臨現場根本無法睡。隔音差到不行。,0,1,0,0,0,0,0,3,0,0,0,0,3
房間浴室蓮蓬頭管子破裂嚴重，水量無法集中沐浴是唯一的缺點。其他設備良好。,0,1,0,0,0,0,0,3,0,0,0,0,2
房間算乾淨。顧客危機處理相當好，其他瑣事再反應下都有即時處理完善。早餐當下不滿意，主管及員工主動關心顧客，加分,1,0,1,0,0,0,1,0,1,0,0,0,1
被蚊子叮，但是櫃台堅稱沒有蚊香片，隔日才發現其實他們有，只是不想提供給旅客,1,0,1,0,0,0,3,0,3,0,0,0,3
40年的老飯店了，但內裝與新飯店完全有得拚。飯店服務依然維持老派五星飯店的親切紮實，這點比起強調自由環保、但大幅刪減服務的新興飯店，實在是好太多了。雖然是市景房，但從窗戶側面看過去依然看得到愛河。,0,1,1,1,0,0,0,1,1,1,0,0,1
四人房價格好，房間整潔，冷氣真的是調幾度就幾度。隔音不算好，差不多是高潮時會被隔壁聽到,1,1,0,0,1,0,1,2,0,0,1,0,1
四人房的浴室沒有玻璃把洗澡的地方擋起來，水都會不小心噴出去，還有浴缸水塞住了,0,1,0,0,0,0,0,3,0,0,0,0,3
四星級的酒店沒什麼好挑剔的，早餐的部分非常棒，已經很少吃到好吃的自助餐了！,0,0,1,0,0,0,0,0,1,0,0,0,1
房內空間大，活動方便，住房舒適。早餐菜色多樣，蔬菜量補給很足夠。早餐時的服務人員們服務周到、親切， 退房前遇到的房務人員也十分友善、親切。飯店門口附近即有部分機車、汽車車位。大部分是還不錯的。,1,1,1,0,0,1,1,1,1,0,0,1,1
接待入住的女性櫃檯人員親切有禮，雖然房間有狀況無法即時排除，但也不遺餘力的幫忙解決。晚間取完餐後走進電梯時，才發現一名男性前台人員一直注視著並我向我微笑招呼，讓人備感重視。早上送水的房務人員也親切主動詢問是否需整理房間。以上舉動都讓此次入住經驗感到十分滿意，也讓從業飯店幾十年的我，感受到真誠與體貼的服務精神，很感謝你們。是十分值得被推薦的住宿之一。,0,0,1,0,0,0,0,0,1,0,0,0,1
晚上辦理入住的時候，一樓的櫃檯小姐服務態度很親切，給她100分,0,0,1,0,0,0,0,0,1,0,0,0,1
房間熱水會忽冷忽熱，某一次入住時已反應過櫃台，但似乎沒有改善。,0,1,1,0,0,0,0,3,3,0,0,0,3
房間較小，沒有窗子，個別設施需要更新。房間隔音不太理想，不過這是其他旅客的問題。沒有早餐供應就要出外吃，有點麻煩。,0,1,1,0,0,1,0,3,3,0,0,3,3
房間可以看見愛河。沒開冷氣仍舊異常的冷；廁所很小，轉身就撞到馬桶，廁所門前後都有鏡子非常詭異不舒服！,0,1,0,1,0,0,0,3,0,1,0,0,3
低層房間，水管發出噪音，間中浴室有水渠異味，樓下裝修日間發出巨大噪音。但高層大房舒適，沒有噪音和水渠氣味問題。,0,1,0,0,0,0,0,2,0,0,0,0,2
低層房間，水管發出噪音，間中浴室有水渠異味，樓下裝修日間發出巨大噪音。,1,1,0,0,0,0,3,3,0,0,0,0,3
高層大房舒適，沒有噪音和水渠氣味問題。,1,1,0,0,0,0,1,1,0,0,0,0,1
吃早餐時，排隊取餐太久，自助取餐應該把食物分散，將排隊人潮分流，太集中反而會塞車,0,0,1,0,0,0,0,0,3,0,0,0,3
早上約8點多開始，1218房一直聽到類似裝潢的敲擊聲，在睡夢中被吵醒持續許久。中間有陸續停止後又在敲擊。直到9點多才結束,0,1,0,0,0,0,0,3,0,0,0,0,3
辦理入住，收錢的小姐口氣有夠差、有夠不耐煩，戴口罩還能感受他臉很臭。不開心幹嘛來上班？讓人下次不會再選擇這間了,0,0,1,0,0,0,0,0,3,0,0,0,3
晚間抵達入住，由於端午連假期間，地下室停車場全部停滿，只能將車輛委託由飯店服務人員至特約地點停車，結果隔日下午退房後發現車輛後保險桿被擦撞。,0,1,1,0,0,0,0,3,3,0,0,0,3
淋浴間的門不能閉合。牙刷、 杯可以考慮用不同色，同住者才不會混用,0,1,0,0,0,0,0,3,0,0,0,0,3
整個房間充斥著類似下水道、污水管的臭味，原以為開門、開空調一段時間後可以散味，不料卻整夜全程臭味持續！,1,0,0,0,0,0,3,0,0,0,0,0,3
房間靠近電梯，等電梯的客人聊天很吵，跟隔壁房廁所沖水聲超大聲。,0,0,0,0,0,1,0,0,0,0,0,3,3
雖然是特價房，但是房門開啟很吃力，主要是被地毯卡住了。浴室的門，開關還會伊啊、伊啊響，擾人清夢，廁所沒有抽風，有人上廁所後異味四散，沐浴乳變質沒換。,1,1,0,0,0,0,3,3,0,0,0,0,3
7樓加蓋區域隔著玻璃門，員工會在外面走動，非常的不好，加上整個房間都是玻璃屋，冬天非常冷，冷氣沒開還是冷到爆炸，寧願沒有被升等，住一般房,0,1,0,0,0,0,0,3,0,0,0,0,3
8000多塊住進這種房間超傻眼，違建加蓋的房子也敢拿出來給客人住，我會叫我的朋友以後都不要去住這一間飯店。,0,0,0,0,1,1,0,3,0,0,3,3,3
房間浴室地面似乎不平，導致水積在浴室入口處，沒辦法正常排水。剛入住尚未使用浴室就看到浴室入口處地面積水，感覺清潔不周。,1,1,0,0,0,0,3,3,0,0,0,0,3
8樓窗戶能全開，危險，你們不知道客人帶著什麼心情和想法去的。海鮮牛排餐廳服務人員很棒,0,1,1,0,0,0,0,3,1,0,0,0,3
海鮮牛排餐廳菜色多樣性不足,0,0,1,0,0,0,0,0,3,0,0,0,3
8樓隔音差。樓上洗澡都可聽到聲音，有很大的抽水聲?等沒人洗澡才能入睡,0,1,0,0,0,0,0,3,0,0,0,0,3
八百多塊的雙人房，CP值高，兩張單人床合併非常大，浴室也大，早餐不錯,0,1,1,0,0,1,0,1,1,0,1,0,1
90%都滿意，如果說不滿意的部份應該是：機械式停車方式較為不方便。外門設計的方式隔音稍微差，外面鄰戶關門可以聽到聲響。不清楚飯店網路的使用方式。,0,1,0,0,0,0,0,3,0,0,0,0,1
9樓房外地毯有黴味。4人房內的浴室，建議浴缸改成乾濕隔離淋浴，不然水會噴出到浴室門外，容易滑倒,1,1,0,0,0,0,3,3,0,0,0,0,3
出了電梯後那整個樓層是暗的，建議要有足夠照明程度，不然實在太詭異。原來住到的是沒有窗戶的房間，這樣會有消安的考量，房間有潮溼味感覺無法安心,1,1,0,0,0,0,3,3,0,0,0,0,3
地下一樓有點心吧，有霜淇淋、飲料、餅乾、滷肉飯等，選擇蠻多的。,0,0,1,0,0,0,0,0,1,0,0,0,1
地下一樓停車場一下車就聞到不好的味道，讓住宿感覺打折。書桌下電線可以收好隱藏起來。付費項目應更明顯一點，避免客人誤解。,0,1,1,0,0,0,0,3,2,0,0,0,3
地下一樓大廳的飲料、點心等都是免費提供的資源，這次有點可惜，下去時沒能與其他旅客聊天、交流，但有一個交流大廳很好！,0,1,1,0,0,0,0,1,1,0,0,0,1
地下一樓提供的服務遠超過預期，泡麵、糖果、餅乾、飲料、咖啡、茶包、包子、爆米花，以及環境，這些都會讓旅客永生難忘，以後到訪臺北一定會再次到訪，並且介紹給自己的朋友,0,0,1,0,0,1,0,0,1,0,0,1,1
地下一樓的區域很好，24小時可以去休息，免費飲品和點心都很人性化，最喜歡寶寶樂園區域，救星啊,0,1,1,0,0,0,0,1,1,0,0,0,1
地下一樓的活動空間，有遊戲室很棒，雖然不是非常乾淨，但是很感恩有這樣的地方,1,1,0,0,0,0,3,1,0,0,0,0,1
網路訂單有勾選浴缸，實際入住卻沒有，打電話至客服櫃檯，完全沒有解決問題，是在哈囉？,0,0,1,0,0,0,0,0,3,0,0,0,3
在訂房平台上訂了兩次，都給電梯旁的房間，比較吵，但費用也比較便宜。所以也沒啥好不滿意的。,0,1,0,0,1,0,0,3,0,0,1,0,1
訂房網站未能及時幫客戶解決訂單修改，而導致客戶多付房費??,0,0,1,0,0,0,0,0,3,0,0,0,3
訂房網站上的資料與實際訂房不一樣，2張單人床 但沒說清楚是否分開。另一個床頭沒提供插座，網路很慢,0,1,1,0,0,0,0,3,3,0,0,0,3
訂房網站寫有送乾洗手一瓶，辦理入住時沒有主動告知，退房時詢問卻說送完了，覺得有點失望,0,0,1,0,0,0,0,0,3,0,0,0,3
在訂房網站訂房，但櫃檯人員一直找不到訂單，都已經出示訂單編號與畫面，還懷疑我沒有訂或是操作不正確，讓人感受不好。,0,0,1,0,0,0,0,0,3,0,0,0,3
辦理入住時，櫃檯小姐介紹了早餐用餐時間及地點，但我隔天下樓要用餐時才告知我說我的房型並未包含早餐，希望櫃檯下次能在入住前多加注意提醒,0,0,1,0,0,0,0,0,3,0,0,0,3
一進房，天花板狂漏水。後來致電給櫃檯，說會請房務人員來看與更換房型，後來房務來看查時說，墊一個毛巾就不會漏了，根本無法解決問題。有人會花錢來住狂漏水的房間嗎？後來堅決換房之後，那間房雖然沒有漏水，但浴廁的設施壞了沒修，我也是醉了。第二次的回宿應該也是最後一次了。,0,1,1,0,0,0,0,3,3,0,0,0,3
辦理入住時，排隊隊伍很長甚至排到路邊，等了近1個小時。飯店緊急應變能力有待加強,0,0,1,0,0,0,0,0,3,0,0,0,3
辦理入住時因假日而大排長龍，這個可以體諒，但到房間打櫃台服務電話響了5分鐘以上都沒人接，真是太誇張了！,0,0,1,0,0,0,0,0,3,0,0,0,3
入住時間到了，卻在櫃檯乾等近一個小時。浴室沒有乾濕分離，單純浴缸上多一個蓮蓬頭，開啟淋浴後，因浴室門口沒有擋水的門檻，水容易流出房間，且浴室內地板全濕。,0,1,1,0,0,0,0,3,3,0,0,0,3
辦理入住有專人帶領你進房，蠻特別的。早餐為單點主餐，也有半自助式，可以加點主餐，餐點好吃。,0,0,1,0,0,0,0,0,1,0,0,0,1
辦理入住速度很快，10點前也有提供點心、宵夜，早上也有提供早餐，房價便宜，服務跟設備都很滿意。,0,1,1,0,1,0,0,1,1,0,1,0,1
辦理入住和退房的操作方式怪怪的，電梯考慮旅客的隱私未設置樓層顯示，導致房卡樓層只能感應相對的樓層。,0,1,0,0,0,0,0,3,0,0,0,0,3
退房等待時間過久，櫃台人力不足,0,0,1,0,0,0,0,0,3,0,0,0,3
辦理入住排了一個多小時，地下停車場明明沒位置還一直放車進去，害我們白繳停車費,0,1,1,0,0,0,0,3,3,0,0,0,3
辦理入住時櫃台臭臉。房間整潔感只有照片上的五成，洗手台在浴室外。浴室地板難以讓人放心光腳踩。通往一樓的電梯很難等。,1,1,1,0,0,0,3,3,3,0,0,0,3
辦理入住時的櫃台員工不太友善，不知道是不是我們以優惠價入住，顯得很不耐煩， 對於我們的詢問的態度很令人難以相信這是五星級的訓練。早餐以500元加價，但是菜色與內容卻令人失望，再度令人懷疑這是五星級飯店的等級。雖然是以優惠價入住，但是並沒有讓我有與星級相等的體驗，不如其他3星等級的飯店,0,0,1,0,1,0,0,0,3,0,3,0,3
辦理入住時間真的等了很久才拿到房卡。建議如果那段時間辦理入住人較多時，也多排人手協助。乾溼分離的浴室，但洗澡水還是流到外面了。,0,1,1,0,0,0,0,3,3,0,0,0,3
辦理入住的地方在地下一樓，酒店大堂確實是很舒適而且很漂亮。員工也很友善，不過房間有點小，而且密封環境所以感覺不太舒服。每日提供的早餐泡面都很不錯呢，推薦入住,1,1,1,0,0,0,3,1,1,0,0,0,1
辦理入住的工作人員很親切也很專業，飯店位置離車站很近，距離附近三個捷運站（西門、北車、台大）大約700米，身在鬧區所以生活機能很好，門口要攔車或附近要找到便利商店或飲食都很容易。,0,0,1,1,0,0,0,0,1,1,0,0,1
辦理入住的時間可以快一點，詢問停車位子的時候應該給予最明確的指示，而不是隨便回答，也沒講的很清楚。電梯沒有標示旅館在幾樓，還要問別人才知道，希望能改善,0,0,1,0,0,0,0,0,3,0,0,0,3
辦理入住時已支付住房費了，櫃臺要求再刷一筆預付金，好像很怕客人跑單，給人感覺不好。,0,0,1,0,0,0,0,0,3,0,0,0,3
辦理入住時的櫃檯態度不是很佳，但退房時李服務人員耐心解說有抵消了前天的不愉悅！,0,0,1,0,0,0,0,0,3,0,0,0,1
辦理入住的接待員的服務很好，很有效率。住房期間的早餐，有烤地瓜、炒蔬菜，好吃。退房後可以寄放行李，真的很方便。,0,0,1,0,0,0,0,0,1,0,0,0,1
辦理入住過程很差，像在夜市排隊，客房燈光稍暗，窗簾只能拉一半,0,1,1,0,0,0,0,3,3,0,0,0,3
辦理入住時人太多，排了將近一個半小時，五星級飯店應該有更好的處理，而不是讓顧客只能傻站著等,0,0,1,0,0,0,0,0,3,0,0,0,3
地點很好，非常方便，而且附近有火車站及車站、購物的地方。飯店內裝修很新，整齊清潔，客房很舒適。,1,1,0,1,0,0,1,1,0,1,0,0,1
辦理入住後又等超過半小時還沒整理好，給的房卡裡面已經有人入住！浴缸塞子會漏水，雙人床是雙拼中間凸出物很明顯,0,1,1,0,0,0,0,3,3,0,0,0,3
疫情期間不想在餐廳用餐，因此我們沒有訂早餐，但房間乾淨舒適。,1,0,0,0,0,1,1,0,0,0,0,2,1
CP值不高，單純要花錢不住大間的可以來住，電視的電影台很少可以做選擇，不懂到底哪裡值得這個價格，如果依這價錢來算不大間,0,1,0,0,1,0,0,3,0,0,3,0,3
CP值可以，小資住宿很可以。乾淨整潔，空間也夠大。服務也不錯，接待人員謹慎。,1,1,1,0,1,0,1,1,1,0,1,0,1
CP值很高，內部也很整潔乾淨，很安靜。非常值得推薦給朋友。我會再來,1,1,0,0,1,0,1,1,0,0,1,0,1
CP值很高，地點好，離臺北轉運站近，剛好生日時入住，沒想到有手寫卡片真的受寵若驚，一樓還有自助咖啡機和泡麵~,0,1,1,1,1,0,0,1,1,1,1,0,1
CP值很高，房間乾淨還有磨石子浴缸，能泡個舒適的熱水澡，1樓旁邊有共用機車站，讓旅人外出方便，不用走遠路。,1,1,0,0,1,0,1,1,0,0,1,0,1
CP值很高，浴室乾濕分離而且熱水很快根本不用等，整體環境也很整潔，服務人員也盡可能滿足顧客需求，最便宜的價格可以兩個人休息12小時真的很划算。,1,1,1,0,1,0,1,1,1,0,1,0,1
CP值很高，而且價格非常的划算，員工都很熱情且有耐心，是少數讓我覺得被好情緒感染氣氛的！！大致上沒有什麼問題，除了房間略小些微擁擠，但其實是夠用的，如果是要住好幾日，會建議需要大一點的房型，整體是非常推薦的！,0,1,1,0,1,0,0,2,1,0,1,0,1
CP值很高，高貴不貴，本次入住房型的空間，設備，和河景都很棒,0,1,0,1,1,0,0,1,0,1,1,0,1
CP值很高！接待人員服務態度良好，房間簡單乾淨，房?隔音還可以，門外隔音才比較差。,1,1,1,0,1,0,1,2,1,0,1,0,1
隔音勉勉??，門外差一點。小缺點是熱水壺可能較少人使用，上面有明顯灰塵。廁所沒有另外的水杯，只有房內附的幾個紙杯。,0,1,0,0,0,0,0,3,0,0,0,0,3
CP值很高！早餐種類很多，整體很舒適，床很軟，個人問題覺得太軟，值得推薦,1,1,1,0,1,0,1,2,1,0,1,0,1
CP值很高～床超級舒服，都想買一顆枕頭回家了，地點也很棒，離臺北車站很近，離西門町也很近,0,1,0,1,1,0,0,1,0,1,1,0,1
CP值很高的旅店，地點佳，尤其免費的洗衣機，烘衣機供旅客使用，給你按讚，有機會我會再來的。,0,1,0,1,1,0,0,1,0,1,1,0,1
CP值很高的旅店，房間舒適乾淨，服務人員很親切，有提供行李寄放服務，浴室有乾濕分離，蓮蓬頭水柱強，頂樓、餐廳有空間可以讓一群人坐著吃飯聊天。離西門及臺北車站蠻近的，出發去其他景點都很方便。,1,1,1,1,1,0,1,1,1,1,1,0,1
CP值很高的飯店，地理位置也不錯，去哪都不會太遠；而且一樓有酒吧，懶得出飯店的話也不會無聊；早餐菜色簡單，但以這個價位來說，有附早餐已經很不錯了~,0,1,1,1,1,0,0,1,2,1,1,0,1
CP值真的很高！訂三人房，但入住是四人房，蠻開心的～地理位置也很不錯！交通、吃喝都蠻方便的！,0,0,0,1,1,0,0,0,0,1,1,0,1
CP值真的很高。從火車站出來。直接上地面層，新光三越往右走，第一個路口就是開封街，真的很近。服務也很不錯。跟櫃檯多要枕頭跟被子，也很快送來。感恩。,0,0,1,1,1,0,0,0,1,1,1,0,1
CP值真的超高！雙人房空間很大，整潔度佳，櫃台人員非常親切還幫忙查公車班次，是一次很棒的住宿經驗~,1,1,1,0,1,0,1,1,1,0,1,0,1
CP值算挺高的，兩日不到兩千的費用，附近的停車場晚上八點以後每小時10元的收費，整體來說費用無話可說。值得一提的是，公共區域非常舒適，有些許餅乾泡麵及沖泡包可以免費使用。,0,1,1,0,1,0,0,1,1,0,1,0,1
CP值蠻高的，地點近京站，周遭有便利商店也有麥當勞跟肯德基，晚上不怕餓肚子！,0,0,0,1,1,0,0,0,0,1,1,0,1
CP值超高，交通方便到處都能逛，費用又便宜，房間也大冷氣夠冷,0,1,0,1,1,0,0,1,0,1,1,0,1
CP值超高，價格便宜房內設備不錯！浴室大小剛好，不會因為便宜就很小！,0,1,0,0,1,0,0,1,0,0,1,0,1
CP值超高，地點交通方便，房內乾淨，備品很有誠意，拋棄式室內拖竟然是厚的，好棒～推薦推薦，這樣的價格能得到這樣的住宿體驗，100分,1,1,0,1,1,0,1,1,0,1,1,0,1
CP值超高，房間也很安靜，應該是新的旅館，很值得推薦。我會再去,0,1,0,0,1,0,0,1,0,0,1,0,1
CP值超高，連住兩天，房型空間兩人剛好，還有自助洗衣，適合背包客,0,1,0,0,1,0,0,1,0,0,1,0,1
CP值超高！中秋連假入住，四人家庭房竟然三千有找！地點很棒，我們住17樓可以看到美麗的日落以及愛河。有免費地下停車場，不用曬太陽。櫃檯人員專業且服務態度極佳，房間很乾淨，毛巾很多條！不怕你用，下一次來高雄玩一定會再次入住！,1,1,1,1,1,0,1,1,1,1,1,0,1
CP值還蠻高的，且離車站很近，下次有機會去臺北會列入第一選擇,0,0,0,1,1,0,0,0,0,1,1,0,1
CP值非常高的旅店，房間坪數不小，住起來很舒適，衛浴有乾濕分離和免治馬桶，房間提供免費電影可觀看，一樓有免費的飲料和泡麵餅乾，服務人員也非常親切,1,1,1,0,1,0,1,1,1,0,1,0,1
CP值高，地點交通方便，早餐還行，乾淨，有停車場很方便,1,1,1,1,1,0,1,1,2,1,1,0,1
CP值高， 早餐正常， 種類算多， 還有宵夜， 不過宵夜就只有粥。隔音很好， 住家庭房，空間算大。下次到高雄還會再入住。,0,1,1,0,1,0,0,1,2,0,1,0,1
CP值高，乾淨。,1,0,0,0,1,0,1,0,0,0,1,0,1
CP值高，以這個價位來說早餐蠻豐盛，服務人員都蠻友善，在愛河旁但晚上不是很熱鬧的地方，因此不會很吵。,0,0,1,1,1,0,0,0,1,1,1,0,1
CP值高，住宿地點很好，鄰近捷運站與臺北車站市中心。房間乾淨、枕頭比起很多民宿稍微偏硬，個人很喜歡。大廳有飲水機算方便,1,1,0,1,1,0,1,1,0,1,1,0,1
CP值高，加大雙人床雖然是2張床拼在一起，但是真的很大，床也蠻舒適，房間乾淨整潔。這樣的價格真的讚讚！,1,1,0,0,1,0,1,1,0,0,1,0,1
CP值高，地理位置很好，離臺北車站很近，房間浴室空間大，衛生做的還可以，工作人員很有禮貌。,1,1,1,1,1,0,2,1,1,1,1,0,1
CP值高，連假四天大家都住得很開心，服務很貼心，設備超乎想像。,0,1,1,0,1,0,0,1,1,0,1,0,1
CP值高，附近熱鬧好逛。唯一就是隔音不佳，怕吵的人要自備耳塞。,0,1,0,1,1,0,0,3,0,1,1,0,1
CP值高、自助式早餐美味、男服務員（廚師）服務佳、可借腳踏車、重新裝潢翻新、整潔度高。,1,1,1,0,1,0,1,1,1,0,1,0,1
CP值高、附近很多吃的地方，晚餐方便。早餐服務人員態度超好，值得稱許,0,0,1,1,1,0,0,0,1,1,1,0,1
CP值高！員工態度親切，地理位置佳，房間乾淨、裝潢時尚、舒適！很幸運還被抽中換成高等房型,1,1,1,1,1,0,1,1,1,1,1,0,1
CP值高！平日入住一晚含早餐只要700多，地點佳！早餐簡單好吃！房間寬敞舒適！,1,1,1,1,1,0,1,1,1,1,1,0,1
CP極高的飯店，適合出差住宿，早餐整體豐盛，只是漢堡排是冷的，有點失望。,0,0,1,0,1,0,0,0,2,0,1,0,1
很棒！飯店又新又乾淨！服務人員很親切。房間的吹風機超好用！還有下午茶宵夜免費提供～非常的棒！頂樓的酒吧很不錯～地點也很好，還會再來住！！,1,1,1,1,0,0,1,1,1,1,0,0,1
總體而言，高雄國賓大飯店很棒，我也會再來住宿！！,0,0,0,0,0,1,0,0,0,0,0,1,1
地點很好，距離豆漿名店四海豆漿非常的近，走路就可以到寧夏夜市,0,0,0,1,0,0,0,0,0,1,0,0,1
H2O飯店在各方面都很優秀， 尤其會有服務員親送你到房門口並介紹房間設施，這個服務其他飯店比較少遇到，很特別。另外送迎賓禮物和迎賓飲料，而且備品給得非常大方，很懂得抓住客戶的心！！！ 非常讚的飯店，有機會一定再入住！！,0,0,1,0,0,0,0,0,1,0,0,0,1
房務整潔服務很棒，有日籍旅館水準，需要勞煩的事總是很親切的服務。安靜無人吵的客房，已是每次來高雄入住首選。,0,0,1,0,0,1,0,0,1,0,0,1,1
第二天當我和我太太在用早餐，有位領班經過我們的餐桌，看到我的位置沒人，也沒知會一聲，就穿著鞋子踩上我們的餐桌。,0,0,1,0,0,0,0,0,3,0,0,0,3
如果飯店停車場滿位，可以直接停路邊，飯店會補貼停車費用，還不錯。,0,0,1,0,0,0,0,0,1,0,0,0,1
大廳有咖啡和凍檸檬茶任飲，有洗衣乾衣設備，員工熱心介紹附近熱門的餐廳。,0,1,1,0,0,0,0,1,1,0,0,0,1
大廳服務人員態度很好，有笑容，而且很快完成辦理入住過程，還幫我們由原來豪華雙人房升等至家庭房。房內洗手間很乾淨，給人舒服的感覺，只是廁所設計較差，沖涼會令到廁所地板全濕掉,1,1,1,0,0,0,1,3,1,0,0,0,1
地點超級無敵好！這家旅店真的離哪裡都近。在臺北，這樣的物價比算是相當的高。,0,0,0,1,1,0,0,0,0,1,1,0,1
自助吧台不收費用，有可樂、果汁、雀巢膠囊咖啡。每天有兩份報紙。超好的浴缸，浴缸前還有小電視。高智能的馬桶，會自動開闔。景觀房有很好的景色。人員的服務非常好。,0,1,1,1,0,0,0,1,1,1,0,0,1
房內訂餐的餐點不吸引人，後來直接叫了外送。,0,0,1,0,0,0,0,0,2,0,0,0,2
超級乾淨！安全性佳，搭乘電梯須刷門卡。隔音也不錯，只有在房門旁會稍微聽到隔壁開關門聲。,1,1,0,0,0,0,1,1,0,0,0,0,1
門是會自動關上的金屬門，聲音非常大。我們及其他人會扶著門輕輕關上。我住宿的後半部份，來了一大班很嘈吵的家庭，晨早及夜晚都會出入十數次，及非常用力關門，整個房間都感震動。向職員反映後亦無改善。所以要看運氣，看看鄰舍是否有公德心。,0,1,1,0,0,1,0,3,3,0,0,3,2
景色很美！櫃檯好溫柔、態度親切、貼心，早餐很好吃！值得入住的飯店！,0,0,1,1,0,0,0,0,1,1,0,0,1
景色還不錯，可以直接看到鰲躍龍翔地標。因為當天住房客滿，我們很晚回來飯店，以為沒停車位了，外面的服務人員馬上前來為我們引導，頓時鬆了一口氣。,0,0,1,1,0,0,0,0,1,1,0,0,1
網路高速，房間設計新穎，有免費洗衣服務，設備用具很新，房間清潔。,1,1,0,0,0,0,1,1,0,0,0,0,1
網路不太穩，房間對中庭訊號有點弱，但整體服務態度都非常棒。,0,1,1,0,0,0,0,3,1,0,0,0,1
網路很不穩定，住5樓要連到6樓的訊號才會成功，但是訊號也不算穩定！地下一樓餐廳也是一樣！依賴網路的旅客要考慮！也希望業者改進！,0,1,0,0,0,0,0,3,0,0,0,0,3
網路環境不好，能連接的點都無法連接網路。如果住到手機信號不好就很苦了。跟櫃台反映，無法解決問題。,0,1,1,0,0,0,0,3,3,0,0,0,3
網路的使用感覺不是很好，網路滿格但使用有時會斷線要重新連線,0,1,0,0,0,0,0,3,0,0,0,0,3
網路網路快速。這個科技時代，網路速度非常重要，住過很多飯店這間算很不錯。,0,1,0,0,0,0,0,1,0,0,0,0,1
網路訊號弱。浴室洗完澡後外面房間地毯都會濕濕的，感覺有漏水。房間空間稍微小了一點,0,1,0,0,0,0,0,3,0,0,0,0,3
網路訊號非常難連接，在所住的房間使用手機及平板，整晚都完全連不上，到一樓大廳勉強連上了卻跑不動。這次只訂到雙床房，整體空間感比較擁擠一點較可惜。地面排水不佳，吹著24度的冷氣整晚到隔天中午地板都還是濕的。,0,1,0,0,0,0,0,3,0,0,0,0,3
房間浴室設計感很不錯，但半夜會有沼氣味道,1,1,0,0,0,0,3,1,0,0,0,0,2
老闆有用心營造出一個商旅的品牌，讓留宿的旅客對這一晚印象深刻,0,0,0,0,0,1,0,0,0,0,0,1,1
一出飯店就是愛河。晚上可以散步，過馬路就有7-11。洗澡水量充足，加熱快速。,0,1,0,1,0,0,0,1,0,1,0,0,1
一進門地上還有前面住宿留下的乾掉隱形眼鏡。隔音夠差就算了，連住三天，隔壁房半夜很吵，關門也都很大聲,1,1,0,0,0,1,3,3,0,0,0,3,3
新裝修的就是舒服，完全沒異味。帶小孩出行位置太重要了，這個離捷運出口十米吧，方便！去西門町也超級近的！價格不錯，性價比高！,1,1,0,1,1,0,1,1,0,1,1,0,1
早餐三明治內容物豐富，但西式中式餐點取餐時已經涼掉了。訂房資訊中有隔音的部分，但實際房間並未有隔音效果，連左右客房房客聊天聲都非常清楚，上方客房房客拖拉椅子也有尖銳的摩擦聲。,0,1,1,0,0,0,0,3,2,0,0,0,3
停車麻煩，館內停車場滿了要到車站停，但飯店和車站溝通不完整，讓旅客白跑一趟。房間隔音不好，可以聽到隔壁房嘻鬧，然兩千多一晚不會期望很高，但基本的隔音真的有待加強。,0,1,1,0,0,0,0,3,3,0,0,0,3
一些小角落沒有清潔的很乾淨，只是剛好看到。離車站有點距離。以上都不太影響住宿品質，整體還算滿意的。,1,0,0,1,0,0,3,0,0,3,0,0,1
一個十分高CP值的旅店，早餐也很豐富！推薦給商務及家庭旅客！,0,0,1,0,1,0,0,0,1,0,1,0,1
一個晚上竟然跳電4次而且是連續，恢復供電後電視也沒有訊號可看，令人失望的五星飯店,0,1,0,0,0,0,0,3,0,0,0,0,3
一個月都會上臺北一次的我，每次都是住不同間商旅或者飯店，這間是目前最滿意的一間，整潔服務沒話說，CP值更是滿分,1,0,1,0,1,0,1,0,1,0,1,0,1
一出火車站步行兩分鐘就到達旅館很方便，有停車位，房間乾淨人員都很親切，早餐好吃。,1,1,1,1,0,0,1,1,1,1,0,0,1
一出門就有捷運站，西門町徒步區就在馬路對面，門口出去轉個彎就有超商，地點機能性非常好！！！房間非常乾淨，窗戶可以看到市景感覺很棒！！！！,1,0,0,1,0,0,1,0,0,1,0,0,1
一切還不錯。因為疫情特別便宜，又有早餐，第一天有留言素食早餐不好吃，第二天就有改善，只是房間隔音有些不是很好,0,1,1,0,1,0,0,3,1,0,1,0,1
一切都好，唯獨有其他房客在盥洗時，房間內浴室排水管有些大聲的排水聲,0,0,0,0,0,1,0,0,0,0,0,3,3
一切都很不錯的安排，櫃檯人員更是貼心，總之，選擇這樣的飯店令人滿意,0,0,1,0,0,0,0,0,1,0,0,0,1
一切都很好，床鋪好睡，軟硬適中，枕頭微軟，但還可接受。浴室用品齊全，水量強大，舒服。停車方便，樓下左右都可停，萬一沒有位置，可以找附近停車格，飯店會幫你付。房間舒適溫馨。,1,1,1,0,0,1,1,1,1,0,0,1,1
一切都很棒，服務人員親切專業，寄放行李服務也很貼心，交誼廳空間很舒適，提供了點心、咖啡和插座可以和朋友坐著聊天。早餐自助吧選擇很多，旅店地點位於台中火車站後站走路幾分鐘就到，非常方便，這次入住體驗超乎預期的滿意，下次還想住。,0,1,1,1,0,0,0,1,1,1,0,0,1
一切都非常好，是一次令人感到愉悅的住宿經驗，下次會再次入住,0,0,0,0,0,1,0,0,0,0,0,1,1
一切非常好，位置好近車站，附近多小吃美食，有小公園可以散步。,0,0,0,1,0,0,0,0,0,1,0,0,1
一到飯店發現燈點不亮， 向服務人員反應立刻就來修理了， 態度非常良好，樓下的自助餐也非常美味,0,0,1,0,0,0,0,0,1,0,0,0,1
雙人床床太軟。廁所的簾子是塑膠做的。地下室車道有點小,0,1,0,0,0,0,0,3,0,0,0,0,3
一大床是兩張床拼接在一起，睡覺會有中線陷下去的感覺不太舒服，其他很不錯,0,1,0,0,0,1,0,3,0,0,0,1,1
一大早約5點，餐廳開始備料，會有低頻的馬達聲，有點吵，影響睡眠,0,1,0,0,0,0,0,3,0,0,0,0,3
一天下來最享受的就是洗澡的時光，水壓夠大，洗完澡全身放鬆，心情愉悅，舒適度不錯，適合情侶、商務、旅客休息好地方,1,1,0,0,0,0,1,1,0,0,0,0,1
一如臺北新驛旅店的水準，房間整潔、服務親切、早餐好吃，一切都如此美好，尤其是服務人員，非常親切友善聰明有禮，令整體住宿體驗十分舒心，謝謝,1,0,1,0,0,0,1,0,1,0,0,0,1
一家有歷史的飯店，有老牌酒店的韻味。看得出後來重新裝修過，設施很新。很乾淨。,1,1,0,0,0,0,1,1,0,0,0,0,1
一層隔了很多間。牆沒啥隔音效果。 如果隔壁很吵，就挺衰，要看運氣,0,1,0,0,0,0,0,3,0,0,0,0,3
一整個晚上不知道是什麼設備一直滴滴滴的聲音，如果對聲音敏感的要注意,0,1,0,0,0,0,0,3,0,0,0,0,3
一時找不到冷氣調整的位置，打到前臺一位先生非常有耐心的教我，感覺真的很棒這位先生服務很好，謝謝你。,0,0,1,0,0,0,0,0,1,0,0,0,1
一樓休息廳設計的很不錯，有自助洗衣房，自助式早餐很好吃，房間也很舒適。,1,1,1,0,0,0,1,1,1,0,0,0,1
一樓交誼廳， 可飲用咖啡，但食物略少，可多備用果汁茶飲及小餅乾點心更好。,0,0,1,0,0,0,0,0,2,0,0,0,2
一樓休息室有提供飲料與雜誌， 並提供自助洗衣， 非常適合自由行的背包客,0,1,0,0,0,0,0,1,0,0,0,0,1
一樓公共廁所有免治馬桶，房間反而沒有，被子似乎不是羽絨被，也蓋不暖，我已經穿了長褲長袖還是冷到難入眠，第二天住一般的青旅，雖不是套房但睡得比這舒適太多,0,1,0,0,0,0,0,3,0,0,0,0,3
一樓大廳旁提供小點心、宵夜泡麵、飲水機、咖啡機、熱飲機、微波爐、小烤箱、碗盤馬克杯，十分貼心！房間小巧但短期住宿相當足夠，不論前往北車或中山捷運站相當便利！,0,1,1,1,0,0,0,1,1,1,0,0,1
一樓接待地方沒有空調，空氣不舒服，因為是睡單人床，床架似乎不是很穩，搖搖晃晃的，隔音不是很好，上樓房客腳步聲跟隔壁房講話聲很明顯,0,1,0,0,0,1,0,3,0,0,0,3,3
一樓有免費的洗衣機跟烘衣機可以使用，走廊跟房間內都有除濕機，整體乾濕度很舒服，房務清潔人員很用心整理房間,1,1,1,0,0,0,1,1,1,0,0,0,1
一樓有免費的現泡熱茶，在寒冷的天氣飲用非常舒適。地理位置不錯，住宿安全性也蠻高的！,0,0,1,1,0,1,0,0,1,1,0,1,1
一樓有親子遊樂設施還有免費的小零嘴、泡麵，房間蠻棒的，一次性用品名字取的蠻可愛的,0,1,1,0,0,1,0,0,1,1,0,1,1
一樓火鍋店味道貫穿整棟飯店，雖然房間裡沒有味道，但是電梯走道大廳都是滿滿的味道。,1,0,0,0,0,0,3,0,0,0,0,0,3
一樓的公共空間很舒適，有小點心可以食用，早餐也是很棒，下次還會入住貴店。也會推薦有人來臺北要住這間飯店。,0,1,1,0,0,0,0,1,1,0,0,0,1
一樓餐廳食客眾多，但女廁只有兩間，七樓飲水機沒有熱開水，是這趟旅行唯二的缺點，其他都很棒！,0,1,0,0,0,1,0,3,0,0,0,1,1
以同樣價錢來說，有更好選擇。樓上搬椅子、隔壁洗澡聲音一清二楚，服務態度也不是太好，所有問題都推給疫情,0,0,1,0,1,1,0,0,3,0,3,3,3
浴室那沒放洗髮精，浴室洗澡完水聲滴落回音很大，電視沒辦法看，最後洗手檯沒冷水，大致上這些問題,0,1,0,0,0,0,0,3,0,0,0,0,3
一直沒有棉花棒，瘋狂跟櫃台拿，櫃檯也有給，所以還好。 早餐時間開放比較晚，適合晚起的人,0,1,1,0,0,0,0,3,1,0,0,0,1
一般房型空間偏小，高價位的房型較舒適，故現場加價更換。,0,1,0,0,0,0,0,2,0,0,0,0,2
一般房型空間稍微小了一點，頂樓和西餐廳迎賓送的含酒精調酒很淡,0,1,1,0,0,0,0,3,3,0,0,0,3
一進去就給我超爛的房間，我馬上反應希望換房，櫃台執意要我先去看看。進去後真的超級小，廁所抽風很吵。樓上五樓是健身房，但我在三樓就聽到很吵的聲音。打給櫃台才幫我換房。隔天門卡故障被關在外。電梯難等，每次進出花十分鐘！動線不方便，隔音很差，隔壁房半夜玩遊戲有夠吵！房卡只有一張，一出去就斷電，無窗房，晚上回房裡面廁所都沒乾。床太軟又低又小，吹風機超弱。,0,1,1,0,0,1,0,3,3,0,0,3,3
一進去飯店，整個都是煙味，完全感覺不到是五星級飯店，飯店設施都老舊了，完全不符合五星級飯店的期待！房間也有黴味，燈光太過昏暗，浴室太小，不值得花四千多元住，不會再入住了！,1,1,0,0,0,0,3,3,0,0,0,0,3
一進房有一股汗臭味撲鼻，浴室也是。電視也故障了，只能看畫面不清晰的?早餐的部分過度普通，停車另外收費太昂貴了?,1,1,1,0,1,0,3,3,3,0,3,0,3
一進房間充滿粉塵味，隔天一早直接被空調傳來的煙味燻醒，而且粉塵味更加重，打電話給櫃檯只說會處理，但是也沒有看到什麼處理方式，直到退房下去又跟櫃檯反應一次，只說那是房客個人問題他們沒有辦法。反應了粉塵味的部分，櫃檯的回答完全沒有幫助。,1,1,1,0,0,0,3,3,3,0,0,0,3
一進房間就有很重的消毒水味道，但往好處想表示疫情期間旅店有認真消毒。是好事啦?只是味道真的太重了,1,0,0,0,0,0,3,0,0,0,0,0,2
一進房間就看到垃圾沒收走，環境整潔要加強，隔音不好，會聽到隔壁開水的聲音,1,1,0,0,0,0,3,3,0,0,0,0,3
一進房黴味有點重，感覺就是地毯沒清潔乾淨造成的異味，洗手台的水龍頭竟然冷熱水管接反，這點有點傻眼,1,1,0,0,0,0,3,3,0,0,0,0,3
一進浴室，地上有一大撮頭髮很明顯，整個房間內也只有一個比手掌大一點的桌上鏡，整理髮型跟化妝都需要蹲低身子才能照到鏡子很不方便，且櫃台人員態度也不是很好，除了地理位置佳的優點外，整體來說性價比低,1,1,1,1,1,0,3,3,3,1,3,0,3
一進門入口的桌子沒打掃，桌上還有黏黏的。浴室沒有乾濕分離，排水口離積水的位置太遠，跟本排不了水，洗完澡就積一堆水,1,1,0,0,0,0,3,3,0,0,0,0,3
一進門就感受到服務人員的親切，進房裝潢超美。床也舒服，小憩不小心睡到整個下午行程都延後。免費零食也超酷的。地理位置也好。,0,1,1,1,0,0,0,1,1,1,0,0,1
一進門就聞到不舒服的香精味，疑似地毯清潔劑的殘留味道，令人非常不適！,1,0,0,0,0,0,3,0,0,0,0,0,3
一進門玄關的塑膠地板上很多頭髮，浴室和洗手台也有毛髮，還沒使用浴室但是腳布是濕的，清潔部分待加強,1,0,0,0,0,0,3,0,0,0,0,0,3
一進門的時候就有一支死掉的蟑螂在床上，睡覺時不知道是哪的設備一直嗡嗡響睡不好,1,1,0,0,0,0,3,3,0,0,0,0,3
一進門看見白色的房間色調，桌上擺著黃金葛小盆栽就覺得很放鬆。浴室是乾濕分離，馬桶是免治馬桶，床鋪睡起來也很舒服。房間無過度的使用香氛，也讓鼻子較敏感的我，住起來沒有不適的情形。另外，飯店針對房客的問題都能及時處理，我入住的房型因馬桶漏水的問題有雜音，後來飯店很有誠意的幫我升級到別的房型。,1,1,1,0,0,0,1,1,1,0,0,0,1
一進門被告知需量體溫。注重防疫的態度很不錯。員工服務態度很好。一開始入房是無窗型，告訴櫃台喜歡有窗後，確認房型後，立刻幫忙換。電視不只可以看頻道還能看電影，入住一天看了兩部剛下片的電影。一點都不無聊。早餐令人驚艷！自助式的早餐，有現煮的粥、肉燥飯、沙拉、吐司、配菜等，不只豐富，也好吃。離火車站很近，附近覓食方便。隔天還問了服務人員去日月潭的方法。親切回答很棒。性價比很高。,0,1,1,1,1,0,0,1,1,1,1,0,1
一進飯店大廳一股非常刺鼻氣味，不知道是香精濃度高，還是什麼因素，回到家後，打開行李箱味道不散，甚至附著於衣物上。,1,0,0,0,0,0,3,0,0,0,0,0,3
一開始住的房間沒有窗戶，後來要求升級成有窗戶的房間，才有窗戶，不過窗戶仍然太暗，或許是陰天,0,1,0,0,0,0,0,2,0,0,0,0,2
一開始入住，發現床上有兩個鞋印，太明顯覺得不太乾淨。不過向櫃檯反應後，經理很有誠意的來幫我們換房，換成有浴缸的房型，非常感謝。房間設計簡單，浴缸很大非常舒服。,1,1,1,0,0,0,3,1,1,0,0,0,1
一開始入住流程不太順暢，等了有點久，可能是因為雙十連假較繁忙吧！浴室偏小,1,0,1,0,0,0,3,0,3,0,0,0,3
一開始安排尚未整理的房間給我們，反映後櫃台人員口頭處理的態度完全不專業，先是質疑才說要處理。,1,0,1,0,0,0,3,0,3,0,0,0,3
一開始房間冷氣不涼。但跟櫃檯反應後，即刻就解決了。冷氣設施需要檢測,0,1,1,0,0,0,0,3,1,0,0,0,2
一開始有備註入住需求，需要嬰兒床、澡盆、床圍，當天下午客服原本回覆已備妥，結果當晚入住什麼都沒有，打電話到櫃台，櫃檯說辭前後不一致，令人感覺很差。,0,0,1,0,0,0,0,0,3,0,0,0,3
一開始的房間有點味道，但服務人員馬上做更換，房間還變大，很有效率，不錯,1,1,1,0,0,0,3,1,1,0,0,0,1
房間跟官網上預定的有些出入，竟然給我們一間無障礙房間，感覺很不舒服。,0,0,1,0,0,0,0,0,3,0,0,0,3
一開始被分配的房間有煙味，向櫃台人員反映，櫃台人員表示全棟都是禁菸房，故櫃台人員協同到房間內巡視後，有協助更換房間，解決房間內有煙味的困擾。,1,0,1,0,0,0,3,0,1,0,0,0,1
一開始訂最便宜最基礎的房間，一進去感覺很可怕，房間小隔壁又是工地很吵。最後加價一千多元，換住品質比較好的房。早知道最便宜的房間品質不好，就會選擇其他間飯店了。,0,1,0,0,0,0,0,3,0,0,0,0,3
一開始訂錯房型，謝謝服務人員不斷提醒我，我才能即時更改。給了我跟寶貝很美好的體驗,0,0,1,0,0,0,0,0,1,0,0,0,1
一開始進去以為床很大，但其實是兩張單人床併起來，這樣睡覺時中間會有異物感，電視遙控器很難按,0,1,0,0,0,0,0,3,0,0,0,0,3
一開始進門沒有電，後來房門不會自動鎖起來，需要大力的關才鎖得起來。,0,1,0,0,0,0,0,3,0,0,0,0,3
一開門就看到門邊桌子下方還有之前房客留下來的保險套的包裝袋，隔音不好,1,1,0,0,0,0,3,3,0,0,0,0,3
一開門聞到煙味，房間黴味很重，桌上都是灰塵。是因為太久沒人住了嗎？熱水壺底層也一層垢。走廊昏暗,1,1,0,0,0,0,3,3,0,0,0,0,3
三人房，額外的小書房、廁所空間都很大。,0,1,0,0,0,0,0,1,0,0,0,0,1
床的擺設太過擁擠，進出不太方便。,0,1,0,0,0,0,0,3,0,0,0,0,3
三人房卻採用透明浴室跟廁所，而且浴廁是一起的。跟朋友一同入住讓人覺得有點尷尬，而且只要有人用廁所就不能用浴室。淋浴的蓮蓬頭不好控制水溫。還有這次入住覺得沐浴乳味道很怪,0,1,0,0,0,0,0,3,0,0,0,0,3
三人房提早訂的時候1500多，在前幾天看1300，也取消不了了,0,0,0,0,0,0,0,0,0,0,0,0,0
三人房有一個獨立的空間，方便處理公務或閱讀。員工能體現以客為尊的理念，很棒！,0,1,1,0,0,0,0,1,1,0,0,0,1
三人房間，但比起同層見到的二人房還要小。房間的洗手台於廁所外，如廁後要到外面洗手感覺不衛生，另外洗手台沒有準備洗手皂，感覺不細心。洗衣室外是吸煙區，經過後整個身體都是煙的味道,0,1,0,0,0,0,0,3,0,0,0,0,3
三星的價格， 五星的設備， 房間乾淨舒適， 提供免費點心和宵夜。 早餐精緻美味。 連長輩都覺得物超所值。,1,1,1,0,1,0,1,1,1,0,1,0,1
只有三星級的規格卻要四星級的價格。隔音差，床不夠長，腳都在外面，床很難睡。一開房門都是消毒水的味道。洗髮精、沐浴乳都不好洗，越洗越乾,1,1,0,0,1,0,3,3,0,0,3,0,3
三溫暖等設施開放時間太短，根本用不到。 停車位不足，還需搭接駁車至其他合作的停車場，很不方便。設備老舊，電視好小台。,0,1,0,0,0,0,0,3,0,0,0,0,3
三溫暖設備很髒。烤箱都長黴，烤箱地板黏膩噁心，向服務員反應也收不到回應,0,1,1,0,0,0,0,3,3,0,0,0,3
三溫暖要另外收費，在官網並沒有註明另外收費，感覺不太誠信。五星級飯店的健身中心和三溫暖應該都是讓房客自由使用。兒童遊戲時間與客房內住宿指南表示不符，一整個打亂自己的行程，小孩也沒玩到遊戲室，感覺糟糕。,0,0,1,0,0,0,0,0,3,0,0,0,3
三溫暖部分維修中，沒有維修的部分因疫情而縮短開放時間，有點可惜,0,1,0,0,0,0,0,2,0,0,0,0,2
略小的房間，桌子跟椅子之間不是配得很好，由於必須使用筆電工作，坐起來很不舒服。每次要坐進去都很麻煩、退出來也很麻煩，還很擔心被垂直下來的木頭勾到衣服。,0,1,0,0,0,0,0,3,0,0,0,0,3
上下樓經過櫃檯，如果對到眼，櫃檯人員幾乎會問好，非常有禮貌。另外，因為這次入住因為天數較多，櫃檯大哥詢問得知是考試需求後，不知道是不是有心的，安排了一間較安靜、離電梯較遠的房間，非常感謝。讓我在房間看書時可以很安靜，不會被打擾。一樓有免費洗衣機與烘衣機可以使用。櫃檯也有販賣簡便的洗衣精與柔軟精，非常方便。,0,1,1,0,0,0,0,1,1,0,0,0,1
上午七八點開始打掃真的太早，聲響多到無法忽略。任何時間出門，走廊一定有清掃的推車佔著。小地方，不滿倒還好，不明白比較多,0,0,1,0,0,0,0,0,3,0,0,0,2
此次住兩天遇上旅行團，超級吵鬧，一大清早又繼續鬧叫！中餐廳要吃晚餐說要預約，我是房客可以等，最後卻說無法招待,0,0,1,0,0,1,0,0,3,0,0,3,3
此次入住雙人房空間小，一打開房門黴味衝鼻，令人難受。打給櫃檯，立即幫我們換房，但依然有黴味。換到的房間剛好在整理間對面，陸續聽到塑膠袋的聲響直到凌晨。熱水忽冷忽熱，怎麼調水溫都不對,1,1,1,0,0,0,3,3,1,0,0,0,3
上次住雙人房，這次入住豪華家庭房，空間大且舒適，停車方便，櫃檯人員服務親切,1,1,1,0,0,0,1,1,1,0,0,0,1
上次入住建議購置伸縮式行李架，避免行李箱放地上，隔大概3個星期再次入住，已經購置了，能夠傾聽客人的需求而且立馬做到，真的非常棒！另外，還會根據旅客吃素食的需求，特製一份素食主餐，完全以客為尊，真的是一家體貼用心的飯店。下次還會來住。,0,1,1,0,0,0,0,1,1,0,0,0,1
上次去住感覺不錯，沒想到這次入住房間內手機竟然會沒訊號完全不能打電話，上網只能用飯店的網路，跟櫃臺反應，櫃臺說會請人上來看，但好像也沒遇到飯店的人來檢查或詢問。,0,1,1,0,0,0,0,3,3,0,0,0,3
房間和網路上看的一樣。這次住國賓住十樓，夜景沒有那麼好看。國賓服務不錯，早餐會有人幫忙帶位入坐！滿意。,0,0,1,1,0,0,0,0,1,3,0,0,1
上次被櫃檯員工與幹部刻意刁難，英明老闆怎麼會有那麼差勁的員工？早晚會出事！,0,0,1,0,0,0,0,0,3,0,0,0,3
服務人員在用餐區責備員工實在蠻大聲的。飯店或許有些年代，床沿皮件斑駁，看起來不是很舒服，枕頭也很髒，有些汙漬和奇怪的水，不是很敢用。乾濕分離是假的，洗澡都會溢出滿浴室的水，洗起來有點困擾，超不喜歡地板濕濕的。走廊光線和室內設計讓人經過時會頭暈不舒服,1,1,1,0,0,0,3,3,3,0,0,0,3
下午到晚上都有供應簡單的熟食、飲料，如滷肉飯及茶葉蛋等等。女服務員服務比較好，親切。電梯空間大，可容納多人。早餐種類不算多，但足以吃飽，有用心。飯店外可以停放摩托車。,0,1,1,0,0,0,0,1,1,0,0,0,1
下午到晚上還有點心可以用，早餐也算不錯。地點很棒離車站不遠。房間整潔佳。,1,0,1,1,0,0,1,0,1,1,0,0,1
下午茶的品項可以多一點。咖啡加的奶建議用新鮮的鮮奶,0,0,1,0,0,0,0,0,2,0,0,0,2
下午茶跟宵夜時間有免費的滷肉飯、茶葉蛋、霜淇淋、飲料可以吃，早餐也蠻多樣化的，雖然都是簡便的東西，但絕對吃得飽也蠻好吃的！在高雄車站附近，週五一晚才快900元，飯店還幫我們免費升級房型，完全覺得CP值太高了！,0,0,1,1,1,0,0,0,1,1,1,0,1
下訂房間時就被通知會被分配為相鄰兩間雙人房，但因為是帶著孩子的家庭出遊，實際入住後還是因此很不方便，希望有機會再入住時能住到所選的房型。,0,0,1,0,0,0,0,0,3,0,0,0,3
下面提供很多好吃的東西，還可以玩飛鏢玩到爆，裝潢溫馨可愛我愛爆，一定回訪,0,1,1,0,0,1,0,1,1,0,0,1,1
不乾淨，感覺打掃不確實，棉被有汙漬，毛巾打開掉出銅板，櫃子裏有空寶特瓶，隔音極差，講話走廊可以聽的一清二楚，床蠻硬的,1,1,0,0,0,0,3,3,0,0,0,0,3
住國賓三千元有找，參觀愛河燈會，周遭機能方便，飯店服務態度極好，對長輩和小朋友很友善，雖然沒附早餐，但附近的興隆居燒餅排隊也值得，下次還會再入住。,0,0,1,1,1,0,0,0,1,1,1,0,1
不喜歡的地方應該是空間，可是這也是商務旅館的問題，畢竟多少錢就是多少空間，可是我認為邊桌可以在大一些，有點太小，放筆電工作就有點小。另外早餐的服務人員跟櫃台人員的服務態度有差，早餐服務人員感覺除了收盤子，氣氛非常乾，要補東西需要跟他們說，比較沒有主動性，早餐人員還要再加強,0,1,1,0,0,0,0,3,3,0,0,0,3
不喜歡進房的味道，有一種說不出的感覺。另外早餐帶位的服務生，沒有服務的很周到。沒有除濕機和洗衣機,1,1,1,0,0,0,3,3,3,0,0,0,3
不單單只是設施高尚，在使用上也非常順手舒適，可以感受飯店以顧客角度來服務的用心，大人小孩都備受禮遇！,0,1,1,0,0,0,0,1,1,0,0,0,1
不建議加點飯店的早餐，CP值很低，同樣的價位不管你叫外送還是出去吃都划算的多。廚師調味的功力馬虎，選擇也不多，平庸到過了五分鐘就忘記自己剛剛吃什麼。,0,0,1,0,1,0,0,0,3,0,3,0,3
不得不說，隔音真的不是很好，浴廁水壓不太夠(這為個人主觀感受)，不知道為什麼，躺在床上都會覺得癢癢的，但也可能是個人過敏,0,1,0,0,0,0,0,3,0,0,0,0,3
不愧是五星級飯店，服務人員素質很優秀，雖然設施都很有年代感，但打掃卻不馬虎，連一些小細節的五金都擦得亮晶晶的，重點是床超級好睡～躺下秒倒,1,1,1,0,0,0,1,1,1,0,0,0,1
不挑床的我，對這件住宿的床鋪使用經驗印象深刻，讓我想到小時候睡的那種床……,0,1,0,0,0,0,0,2,0,0,0,0,2
不方便停車對我們來說比較困擾，若能增加便宜方便的停車位應該會每次都來住吧。不過可以理解地理位置上要設置停車位的困難度。,0,1,0,0,0,0,0,2,0,0,0,0,2
不是不滿意，但會覺得可惜的部分：雖然有早餐區域，但早上什麼都沒看到、空中花園酒吧沒有開、空中花園其實有點太暗，可能是因為疫情或是平日的關係所以沒有吧，不過空中花園一點燈光都沒有的確有點可惜了。房間的水龍頭水柱有點過強，直接把同行的朋友嚇了一跳,0,1,0,0,0,0,0,3,0,0,0,0,3
不是有線電視，是用類似MOD，想看的節目頻道剛好沒有，美中不足。,0,1,0,0,0,0,0,3,0,0,0,0,3
不是第一次入住，整體而言很不錯。可惜車水馬龍，隔音比較差一點。,0,1,0,0,0,1,0,3,0,0,0,1,1
不曉得是連假關係還是什麼問題，辦理入住竟然排隊等一個小時，消化人潮的方式有很多種，但讓住客排隊到影響你們餐廳跟電梯的動線絕對不是好的方式，貴為西門町數一數二算高品質的飯店，這點很糟。,0,0,1,0,0,0,0,0,3,0,0,0,3
不曉得為什麼有螞蟻，第一晚就有看到了。在洗臉台的窗臺，沒有地方可掛毛巾,1,1,0,0,0,0,3,3,0,0,0,0,3
不曉得貴公司在停車場車位沒滿的狀態下，就把牌子擋在停車場門口的用意為何？之後晚上要出門，櫃檯人員又告知開出去後如果客滿要停路邊，結果停車場沒滿，但那個牌子依舊擋在那，我們還得自己移牌子才能停車。感覺頗差的。,0,1,1,0,0,0,0,3,3,0,0,0,3
不滿意早餐吧，大家都說早餐好，我的天，這比飯堂難吃多了，吃了幾口趕緊溜人。還有隔音，時常聽到奇怪聲音，估計是隔音不好。,0,1,1,0,0,0,0,3,3,0,0,0,3
不滿意住的時間太短了，好希望多住幾天。下次一定要安排長一點的時間住宿。,0,0,0,0,0,0,0,0,0,0,0,0,0
不滿意的地方很多，房內浴室的設備很奇怪，竟然沒有乾濕分離，洗澡時要在浴缸內洗澡，水都會不小心噴出來在地板，最後搞得整間浴室都是水，然後地板的排水設備也很有問題，我們自己拿毛巾才把水弄乾，建議還是要有乾濕分離，才比較加分。另外飯店早餐普普，然後有兩位服務人員讓人非常不開心，一個是地下室火鍋的櫃檯收銀人員態度非常差勁，好像欠他錢一樣，我也是很問號。,0,1,1,0,0,0,0,3,3,0,0,0,3
不知是否疫情影響，早餐選擇性真的太少，健身房開放使用時間應該更改延長，假如比較晚入住或外出回來就無法使用了。,0,1,1,0,0,0,0,3,3,0,0,0,3
不知是否靠近火車站原因，到很晚都還有轟隆隆的吵雜聲，幾分鐘一次，影響睡眠品質,0,0,0,1,0,0,0,0,0,3,0,0,3
不知是沒找到，還是房裡真的沒有可供使用的插座 ; 手機只能放在浴室的洗臉台充電，有些不便！清潔人員客氣而友善。,0,1,1,0,0,0,0,3,1,0,0,0,2
清潔人員在新冠疫情當下，進房打掃未戴口罩，而我自己也來不及戴口罩，這令我感覺不安！,0,0,1,0,0,0,0,0,3,0,0,0,3
不知為何房間空調一直太冷，調整溫度也降不下來，還好被子夠大。,0,1,0,0,0,0,0,3,0,0,0,0,2
不知為何早上起來衛浴間有煙味竄出，只有這點是唯一不滿意的地方,1,0,0,0,0,0,3,0,0,0,0,0,3
不知道已經住了多少次，覺得住的很習慣，而且CP值超高，服務人員態度超良好,0,0,1,0,1,0,0,0,1,0,1,0,1
不知道怎麼調冷氣，溫度覺得好冷，但也還好啦。早餐一個人200元有點貴，旅店位置很好，所以選擇不加購早餐，出去吃在地台中小吃比較划算。,0,1,1,1,0,0,0,2,2,1,0,0,2
不知道房間是另外加蓋的還是…房間的周圍都是用玻璃的，有用窗簾但住起來很沒安全感，因為外面有個空間走道，半夜外的馬路聲都聽得很清楚，感覺沒有隔音設備，晚上入住沒發現，隔日才知道我住是玻璃屋?！放東西的桌子也很小,0,1,0,0,0,0,0,3,0,0,0,0,3
不知道是不是前一組客人留下了一支拖鞋跟一個空礦泉水瓶 ，清潔人員打掃功力有待加強,1,0,0,0,0,0,3,0,0,0,0,0,3
不知道是不是去的時間問題，食物區域東西很少，常常去都沒剩什麼。有點可惜。,0,0,1,0,0,0,0,0,2,0,0,0,2
不知道是不是因為空調一直開著的問題，棉被一直都呈現濕濕冷冷的狀態，半夜會被冷醒，後來直接就不蓋被子了。入住的時候大廳的小泡麵全被掃空，到晚上都沒有補，要退房時才補齊非常尷尬。,0,1,1,0,0,0,0,3,3,0,0,0,3
不知道是不是我住的那間隔音比較不好，但真的是隔壁講話都聽得到,0,1,0,0,0,0,0,3,0,0,0,0,3
服務人員免費幫我升級房型，房間比預期的更大，也比看到的照片更漂亮,0,1,1,0,0,0,0,1,1,0,0,0,1
不知道是不是疫情的關係，覺得早餐提供的品項很普通。粥、中式菜餚、沙拉、麵包吐司，可能我比較想吃西式的餐點。其他小缺點：車道入口滿窄的。,0,1,1,0,0,0,0,3,2,0,0,0,2
不知道是不是訂錯了，衛生間和浴室全是無障礙的，蓬蓬頭的位置很低，洗頭髮不方便，衛生間和浴室的面積比房間本身還大，燈光很暗。房間空間太小。網站照片和房間實際不符。,0,1,1,0,0,0,0,3,3,0,0,0,3
不知道是不是透過網路訂房的關係，竟然安排了在靠近電梯旁的房型給我。晚上電梯巨大的嗡嗡聲讓人感覺非常不舒服，不好入眠,0,1,1,0,0,0,0,3,3,0,0,0,3
不知道是否無開窗的關係或是地毯，有濕氣的黴味，不過不影響住宿體驗,1,0,0,0,0,0,3,0,0,0,0,0,2
不知道為什麼三溫暖還要另外付錢？樓上的酒吧戶餐廳跟想像中的不太一樣??,0,1,0,0,0,0,0,3,0,0,0,0,3
不知道為什麼冷氣自動模式下沒辦法從19度往上提高，可能是我們不會使用。冷氣很足，還是蠻棒的！,0,1,0,0,0,0,0,1,0,0,0,0,1
不知道為什麼當天住宿冷氣非常不冷，溫度降不下來，也許是邊間的問題，隔音不太好,0,1,0,0,0,0,0,3,0,0,0,0,3
不確定是不是官網資訊有誤， 預定時明明註明有附停車位， 停完車到現場才知道要額外付費， 停10小時左右多花了800， 開車前往的人下訂前要注意,0,0,1,0,0,0,0,0,3,0,0,0,3
不管是在辦理入住還是退房，櫃檯人員都非常有禮貌，晚上比較晚回飯店，已經換班了，進門櫃檯人員也會說你好～,0,0,1,0,0,0,0,0,1,0,0,0,1
"不管是房間大小，還是乾濕分離的衛浴都非常棒，服務人員跟打掃人員都很親切
，房間的設施也很完善，房間跟空調都沒有異味，住起來相當舒服",1,1,1,0,0,0,1,1,1,0,0,0,1
不管遇到哪個部門的服務人員都非常和善有禮貌，即使房間設施舊了些，依然整潔舒適。,1,1,1,0,0,0,1,3,1,0,0,0,1
無法外借紅酒杯到房間內使用、有點可惜！泡澡就是在浴缸拿高腳杯才方便，卻被服務人員拒絕，感受不太好。希望下次可以借到紅酒杯,0,0,1,0,0,0,0,0,3,0,0,0,3
不能說不喜歡啦！就是員工服務比較沒有溫度，也或許是自助式的關係，櫃台總是塞車擠一堆人,0,0,1,0,0,0,0,0,3,0,0,0,2
不論是前臺、餐廳、房務、客服，都很服務熱心親切，回答問題詳細！真的100分,0,0,1,0,0,0,0,0,1,0,0,0,1
不論是整潔、服務餐點都非常到位。點心供應非常精緻可口，可以感受到飯店的用心和誠意,1,0,1,0,0,0,1,0,1,0,0,0,1
不過地點就沒這麼好了，附近的高雄真的是落寞了許多，也沒什麼有趣的點。,0,0,0,1,0,0,0,0,0,3,0,0,3
不適合帶嬰幼兒家族旅遊居住，嬰兒床竟然沒有嬰兒床墊，一個服務也要等好久?是我覺得遺憾的部分,0,1,1,0,0,0,0,3,3,0,0,0,3
不適合老人家和小孩入住，浴缸太高，老人很難跨進去，大窗戶可以打開而沒有欄桿，小孩若好奇打開會很危險，牆壁太薄，隔壁房聲音一清二楚,0,1,0,0,0,0,0,3,0,0,0,0,3
不預期的房間升等令我們感到幸運又開心～服務人員專業又親切！浴室很寬敞，有浴缸也有淋浴間～乾淨又舒服的房間～下次來高雄入住的首選～,1,1,1,0,0,0,1,1,1,0,0,0,1
並不能說是不喜歡， 畢竟訂房時已經知道房間大小， 但是房間真的小。我覺得中型行李箱恐怕不容易打開， 我只有帶背包， 而且只住一人是還好。,0,1,0,0,0,0,0,3,0,0,0,0,2
個人覺得名大於實。入住時有送明信片和包裝，很漂亮。可是實質性的東西就不太好，設施並不人性化。只能說適合年輕人追求文青風吧，我幾年前應該也會喜歡這樣的住宿，如果稍微更追求品質一點的就可以選別的。,0,1,1,0,0,0,0,3,1,0,0,0,3
房間小沒問題，但是設計不合理，完全沒有放箱子的地方，裝潢顏色覺得太暗了。兒童區看照片覺得很漂亮但是清潔沒有特別到位。沒有早餐，只有限定份額的三明治。,0,1,1,0,0,0,0,3,3,0,0,0,3
中央空調不能調整冷氣，半夜超冷，早起時房間有股煙味，不知道哪裡飄來的,1,1,0,0,0,0,3,3,0,0,0,0,3
中式早餐有飯、麵、稀飯、擔子麵、豆漿、沙拉、水果、熱飲、吐司，都很好吃,0,0,1,0,0,0,0,0,1,0,0,0,1
中式早餐的服務人員態度有待加強，尤其是上餐的女服務生,0,0,1,0,0,0,0,0,3,0,0,0,3
中式早餐很棒，像日本動漫裡面的。 櫃檯前的甜點吧台比預期中的好吃很多！房間的瓶裝水意外的甘甜，整體來說是很不錯體驗,0,0,1,0,0,0,0,0,1,0,0,0,1
中秋假期辦入住！櫃檯直接幫我升等，房型非常滿意開心，房務打掃大姐很親切，精品時尚旅店高貴安靜,0,0,1,0,0,0,0,0,1,0,0,0,1
中秋節當天有賓果、烤肉及遊戲，相當的有趣。服務人員親切，交誼廳舒適，還有咖啡可以喝及寄放行李的貼心服務。值得再訪。,0,1,1,0,0,1,0,1,1,0,0,1,1
中秋節那天在現場烤肉給房客取用，讓沒法在家的過中秋的旅客在外也能感受中秋的氛圍，真是太貼心了。,0,0,1,0,0,0,0,0,1,0,0,0,1
中西式早餐都有提供，也有水果，算是很有誠意的早餐。雖要使用自助辦理入住，有問題時櫃檯人員會親切主動地協助。,0,0,1,0,0,0,0,0,1,0,0,0,1
中規中矩，隔音算好，但樓上房客的噪音避免不了，訂房時要求有達成～用心！,0,1,1,0,0,1,0,1,1,0,0,3,1
中規中矩，環境舒適！早餐豐盛。整體上都算不錯的！剛開始要入住時，因為是連假又是用餐時間，沒有位置停車！乾脆先到外面吃晚餐，晚點再入住，果然就有位置停車了！兩床型的家庭房，有浴缸，免治馬桶，鋪地毯卻沒有煙味及黴味，真的不容易！ 總之?算是愉快舒適的住房經驗！,1,1,1,0,0,0,1,1,1,0,0,0,1
中餐廳的早餐很精緻 ，房間裏有高腳酒杯很棒，希望之後可以再去一次,0,1,1,0,0,0,0,1,1,0,0,0,1
住宿房間的床有點過軟,0,1,0,0,0,0,0,3,0,0,0,0,3
中餐樓要預約才可以吃，房客可以接受現場等，卻說沒辦法接待！到一樓自助晚餐更離譜！說了要取食物帶口罩，一半的食客都不戴，也沒人控制！人員訓練不足。,0,0,1,0,0,1,0,0,3,0,0,3,3
主動幫我們升了房間，服務人員也非常親切。設施很豐富，有小零食和泡面，咖啡奶茶……100份三明治早餐因為起晚了沒趕上，不知道怎麼樣，總之下次還會選擇,0,1,1,0,0,0,0,1,1,0,0,0,1
之前住過一次，但這次住宿時，熱水會忽冷忽熱，馬桶上有尿漬，需要加強,1,1,0,0,0,0,3,3,0,0,0,0,3
這次住宿水壓明顯小很多，蓮蓬頭的水都弱弱的，不知道是不是高層的關係。入住時忘記問退房時間，晚上回飯店問櫃檯員工，告知我們中午退房，結果隔天早上11點就打電話來告知已經超過退房時間，害我們措手不及。櫃檯允許我們延遲退房，不過這種錯誤的小插曲還是會影響到顧客。除此之外，其他都很不錯。,0,1,1,0,0,1,0,3,3,0,0,1,2
之前住過很多次，但這次的房型一開始安排的很差，是很怪的格局房間，當下一進去就覺得有點失望，但是跟服務人員反映後，就得到問題的解決！很滿意這樣的服務，謝謝服務人員，辛苦了！,0,0,1,0,0,0,0,0,1,0,0,0,1
之前住過很多次都很滿意，但就這次不滿意，因為冷氣不管怎麼調都在19度，夏日早晨冬眠中醒來後喉嚨癢癢的，在吃早餐時告知報修處理，說已經處理好了。回房開冷氣繼續睡回籠覺，睡到快中午醒來還是冷冰冰的19度，最終流著鼻水退房。早餐雖然擁擠，但品質還可以。但冷氣這點畢竟讓我健康抵達卻抱病離開，實在要注意一下！,0,1,1,0,0,0,0,3,2,0,0,0,3
之前入住一次感覺還行，但這次，選擇了稍貴的房型， 竟然沒有對外窗！ 有點不能接受這樣的配置！,0,1,0,0,1,0,0,3,0,0,3,0,3
之前因業務關係，長住高雄國賓，對國賓服務感到相當滿意，後來離開單位，但來高雄觀光必住國賓,0,0,1,0,0,0,0,0,1,0,0,0,1
之前就有來住過一次，很乾淨，而且離北車近，非常方便。服務人員態度很好，這次還多送我們早餐兌換券。房間是在樓層裡面，沒有窗戶，但我覺得不影響。下次還會再來！,1,1,1,1,0,0,1,2,1,1,0,0,1
早上要去吃早餐的時候卻說沒有訂到早餐，服務人員態度極差，開訂房資料給他看也不想看，櫃檯人員也不查房號再做確認的動作，後來是接待人員再度確認一次才可進去用餐，希望你們能做改善,0,0,1,0,0,0,0,0,3,0,0,0,3
員工態度很好很親切，地下一樓提供的自助吧全天都有很方便，小零食都很好吃。我們住的是無窗的雙床房，有潤髮乳這件事讓我很感動，我的毛躁頭髮終於有救了。,0,1,1,0,0,0,0,1,1,0,0,0,1
床就是學校宿舍那種，不大但也舒服夠睡。我覺得比較適合中轉暫住一天的朋友，如果連續住幾天的話睡眠品質可能不大好,0,1,0,0,0,0,0,2,0,0,0,0,2
老實說性價比很高，服務人員非常的親切有禮貌，早餐菜色也算不錯，整體來說我必須給個讚,0,0,1,0,1,0,0,0,1,0,1,0,1
也不算缺點，我的房型因是廁所浴室分開，雖然有一個可以放東西的小窗臺，但東西放在那邊會被水潑到，要是有一個高一點的置物架會比較方便，如果不想衣服淋濕就需要掛在門上,0,1,0,0,0,0,0,2,0,0,0,0,2
不滿意，房間住10樓窗外看出去什麼都看不到，還以為可以看到大樓之類的,0,0,0,1,0,0,0,0,0,3,0,0,3
也沒有很不滿意，這次住宿住在邊間，房間裡面有個半圓柱狀的牆面，導致整個房間的格局被壓縮到很狹長很特別,0,1,0,0,0,0,0,2,0,0,0,0,2
位於交通便利的北車旁，房間乾淨空間又大，也沒煙味，算CP值蠻高,1,1,0,1,1,0,1,1,0,1,1,0,1
乾淨，有洗衣洪衣機，離捷運站近，旁邊有百貨公司，櫃台服務人員親切,1,1,1,1,0,0,1,1,1,1,0,0,1
乾淨，大廳及客房裝潢美，採用免治馬桶冬天不冰冷 ，地點好，早餐較普通，但以這個住宿價位已算不錯,1,1,1,1,0,0,1,1,2,1,0,0,1
乾淨、舒適，櫃檯服務人員親切，離錢櫃超近，房間不會有壓迫感，浴缸超棒，電視畫質棒,1,1,1,1,0,0,1,1,1,1,0,0,1
乾淨，地點離捷運站很近，廁所很乾淨，晚上不會有噪音。該有的都有。,1,1,0,1,0,1,1,1,0,1,0,1,1
不錯，該有的都有,0,0,0,0,0,1,0,0,0,0,0,1,1
乾淨，便宜，地點極佳，在轉運站旁邊，離捷運站也很近,1,0,0,1,1,0,1,0,0,1,1,0,1
乾淨，不輸四星級飯店。近期洽商，已來入住數次。改善了對小飯店的印象。,1,0,0,0,0,0,1,0,0,0,0,0,1
乾淨，住宿兩天，出去逛回來，沒想到房務幫我們打掃房間，覺得很貼心，遇到還會跟我們打招呼，外出旅遊心情很好,1,0,1,0,0,0,1,0,1,0,0,0,1
乾淨，整潔，沒什麼異味，隔音確實普通，但入住當天並沒有被吵到，很安靜,1,1,0,0,0,0,1,2,0,0,0,0,1
乾淨，有免治馬桶，洗澡水壓夠強，高樓層景觀好又安靜，真的沒得嫌～,1,1,0,1,0,0,1,1,0,1,0,0,1
乾淨，服務人員親切，點心24小時任意吃，很滿足，近臺北車站,1,0,1,1,0,0,1,0,1,1,0,0,1
乾淨，服務員態度親切有禮，鄰近火車站，但最初找的時候有點麻煩。,1,0,1,1,0,0,1,0,1,1,0,0,1
乾淨溫馨，地點便利，推薦飯店內附屬的每一間餐廳，每間餐廳都有特色， 健身設施充足，桑拿舒適。,1,1,0,1,0,1,1,1,0,1,0,1,1
乾淨、乾淨、乾淨，無菸環境，整棟都無菸味。沒因為飯店舊就把持不住品質。床很舒服！空調適宜。淋浴跟浴缸都有，開完會可以泡澡很讚。停車方便位子也夠大。服務態度很好。到處都很乾淨。大門旁吸菸區也是。服務人員不斷清掃維持良好狀況。晚上在河邊暇意散步，又有7-11跟按摩的地方，晚上很安靜讓人很放心。絕對推薦！,1,1,1,1,0,0,1,1,1,1,0,0,1
乾淨。隔音好，所以很安靜。住宿地點附近超商、郵局、交通都方便！櫃檯人員蠻親切的！,1,1,1,1,0,0,1,1,1,1,0,0,1
乾淨、房間空間大、24小時小吧台很讚,1,1,0,0,0,0,1,1,0,0,0,0,1
乾淨、整潔，設備齊全，冷氣溫度很快就能達到設定值，有零食和飲用水很貼心,1,1,1,0,0,0,1,1,1,0,0,0,1
乾淨、方便！我在生日當天住此！隔日早上離開時還送了一份禮物！,1,0,1,1,0,0,1,0,1,1,0,0,1
乾淨、非常乾淨。很多年的飯店了，踏進房間卻沒有一點黴味，廁所淋浴的浴簾也沒有污垢或發黴，真的很用心維護。一早起來，窗邊的美景很舒心,1,0,0,1,0,0,1,0,0,1,0,0,1
乾淨便宜，雖然沒有附早餐，但是有很多餅乾跟泡麵飲料杯咖啡可以免費吃。,1,0,1,0,1,0,1,0,1,0,1,0,1
乾淨又很舒適，平價但卻很高級，很貼心提供泡麵餅乾跟飲料都可以任你吃。很特別的一次住宿經驗，以後都會優先選擇,1,0,1,0,1,0,1,0,1,0,1,0,1
乾淨呢？ 點心跟早餐的座位髒亂無比啊！設備完善呢？ 廁所的免治竟然不能控制，只能說，看起來新新的，整體卻沒準備好。加油好嗎,1,1,0,0,0,0,3,3,0,0,0,0,3
乾淨度要再提升，可能是舊大樓但出現蟑螂真的很難接受，還出現兩次,1,0,0,0,0,0,3,0,0,0,0,0,3
乾淨整潔，交通也很方便，離捷運站很近，早餐的餐點也好吃，房間擺設很巧妙，令人看得舒服也住得舒服，很適合度假放鬆～服務人員的態度也都極好。很享受！,1,1,1,1,0,0,1,1,1,1,0,0,1
乾淨整潔、親切的服務、破表的CP值、精緻的飯店設計、還有自助洗衣房！,1,1,1,0,1,0,1,1,1,0,1,0,1
乾淨整潔！還有附設游泳池，員工訓練有佳，看到客人都會打招呼問候，很棒,1,1,1,0,0,0,1,1,1,0,0,0,1
乾淨整潔，早餐頗為豐富，距離捷運站不到50公尺，且鄰近西門町，逛街購物非常方便,1,0,1,1,0,0,1,0,1,1,0,0,1
乾淨整潔的房間，一樓還有交誼廳及簡便的飲品可使用，員工態度親切。,1,1,1,0,0,0,1,1,1,0,0,0,1
乾淨明亮，床軟硬適中，雖然沒有停車場但附近停車也不難，價格合理，隔音好。,1,1,0,1,1,0,1,1,0,1,1,0,1
乾淨。服務人員態度很好。有兒童遊樂區，小孩子最喜歡了。24小時的飲料和早餐。 非常棒。,1,1,1,0,0,0,1,1,1,0,0,0,1
乾淨無異味、安靜、價格划算、提供停車位，地理位置極佳，步行至火車站8分鐘，步行至夜市3分鐘,1,1,0,1,1,0,1,1,0,1,1,0,1
乾淨舒服 、安靜，謝謝幫我簡易升等了，這樣的價位真的很超值,1,0,1,0,1,0,1,0,1,0,1,0,1
乾淨舒適，交通便利，原預訂房間整修，直接升級，又大又舒服，服務人員態度佳。,1,1,1,1,0,0,1,1,1,1,0,0,1
乾淨衛生，防疫措施量體溫、酒精洗手還有口罩很確實。非常貼心，旅客生日，還送上小蛋糕，小小驚喜，大大感動。,1,0,1,0,0,0,1,0,1,0,0,0,1
乾淨高雅、櫃臺人員親切、剛好忘記插頭，櫃臺付押金可借，男櫃臺還送棒棒糖給小孩，小孩開心，有簡單的小點心，相當有誠意,1,0,1,0,0,0,1,0,1,0,0,0,1
乾濕分離，水壓足，溫度舒服，空間大，飯店樓下就有便利商店很方便，服務人員很親切,0,1,1,1,0,0,0,1,1,1,0,0,1
乾濕分離的門壞掉關不起來，洗個澡房間鬧水災，晚上睡覺房間有水流動的聲音，無法好好睡覺,0,1,0,0,0,0,0,3,0,0,0,0,3
亂哄哄的，工作人員也是不冷不熱的，雖然沒有不禮貌，但是感覺冷冷的,1,0,1,0,0,0,3,0,3,0,0,0,3
事前電話詢問時態度稍另人感到不舒服，詢問停車場所時答覆也很敷衍，希望不要因為部分工作人員影響整個團隊的整體專業,0,0,1,0,0,0,0,0,3,0,0,0,3
二樓中餐廳價格高而菜色不理想。以五星級飯店而言，進口的大門稍嫌不足。,0,1,1,0,0,0,0,3,3,0,0,0,3
第二次入住，大廳與外觀橘白相間的色調 ，環境很乾淨磁磚啵亮， 給人潔淨清爽感 ，只要住過一次就能體會它的優勢，地點佳，在轉運站附近，房間乾淨度100分，淋浴設備100分，熱水澡洗得幸福感十足，床超級好睡，最重要的帥哥美女櫃檯服務專業溫柔又親切，謝謝昨晚讓我們免費升等套房。出外想逛街有免費行李寄放服務，不用拿大包小包行李。,1,1,1,1,0,0,1,1,1,1,0,0,1
二訪，建議公共區域可以提供一些兒童繪本，因為目前都是大人的書。,0,1,0,0,0,0,0,2,0,0,0,0,2
五星級應有的水準，特別是毛巾很乾淨，熱水很快就來，水量也充分,0,1,0,0,0,0,0,1,0,0,0,0,1
五星級老飯店，設施依然維護的不錯。坐落愛河旁，黃昏時刻在河邊散步是一大享受。房間有河景，晚上可欣賞夜景， 床很舒服，房間也夠大,0,1,0,1,0,0,0,1,0,1,0,0,1
五星級飯店，整體感覺，舒適度和服務佳。位於愛河旁邊，地點方便,1,0,1,1,0,0,1,0,1,1,0,0,1
五星級飯店，蝦餃燒賣肉沒熟即送上來。吃了一大口，真的很難過。,0,0,1,0,0,0,0,0,3,0,0,0,3
五樓樓上是健身房，聽得到硬舉時健身器材放下來「蹦」的聲音。隔音沒有很好，半夜聽得到隔壁在嗨,0,1,0,0,0,1,0,3,0,0,0,3,3
些微潮濕味，床是兩張大單人床拼接起來的，超大。出電梯口要走到房間的走廊沒燈，太暗了,1,1,0,0,0,0,3,3,0,0,0,0,3
交誼廳雖有24小時自助吧，但可能是剛好疫情的關係，只有餅乾和泡麵，沒有烤土司、包子，餅乾的種類感覺都不是很好吃,0,1,1,0,0,0,0,1,3,0,0,0,3
交通不錯，距離臺北車站步行五六分鐘，走兩個路口到西門町，頂樓露臺不錯，24小時免費提供飲料,0,1,1,1,0,0,0,1,1,1,0,0,1
交通位置、服務、環境都非常棒，是住過的飯店中CP值最高的，下次去高雄還是會選擇此飯店，非常滿意也非常感謝服務人員的用心,0,0,1,1,1,1,0,0,1,1,1,1,1
交通位置佳， 停車方便， 服務人員態度親切友善， 並免費提供幼兒所需之床鋪及浴盆,0,1,1,1,0,0,0,1,1,1,0,0,1
交通位置便利，離火車站很近，走路約五分鐘就能抵達。樓下有便利商店，如果下雨附近也有百貨公司可以逛。,0,0,0,1,0,0,0,0,0,1,0,0,1
交通位置很方便，路上很多吃的！整體來說很方便，住起來很舒適，性價比很高！,1,0,0,1,1,0,1,0,0,1,1,0,1
交通位置方便，整體環境舒適，服務人員也非常親切。櫃檯員知道我要面試還特別寫卡片為我加油，非常暖心！,1,0,1,1,0,0,1,0,1,1,0,0,1
交通位置真的很方便，人員也很親切，覺得CP值滿高的，會考慮再入住喔,0,0,1,1,1,0,0,0,1,1,1,0,1
交通位置非常便利，雖要內部轉換電梯稍嫌麻煩，但樓下生活機能非常方便！下次有機會還會想再來住宿～,0,1,0,1,0,0,0,3,0,1,0,0,1
交通位置非常便利，要去車站或是西門都很近，附近也有麥當勞，房間的清潔度很滿意,1,0,0,1,0,0,1,0,0,1,0,0,1
交通便利，可惜頂樓的酒廊很早就打烊,0,1,0,1,0,0,0,3,0,1,0,0,1
交通便利，出西門捷運站3號出口就看到了。服務人員熱情又用心，親畫地圖告訴我們哪邊有素食餐點可以吃，非常感謝。房間有設計，乾淨舒適，網路訊號強。一樓有免費咖啡和餅乾，很讚！,1,1,1,1,0,0,1,1,1,1,0,0,1
交通便利，在北車與西門中間。隔間多但隔音不錯。下次還會再來！,0,1,0,1,0,0,0,1,0,1,0,0,1
交通便利，有免費藍光電影，有免費自助洗衣，免費網路訊號好，大廳有免費小型吧檯，裝水咖啡都免費。,0,1,1,1,0,0,0,1,1,1,0,0,1
交通便利，櫃台人員和氣有禮，雖然有事提前到，也很樂意讓我們先寄放行李。房務整理得整齊且乾?，礦泉水瓶回收後也都會補上新的。,1,0,1,1,0,0,1,0,1,1,0,0,1
交通便利，臨近臺北車站。附近老街道內巷弄的小吃美食，值得慢走細看及品嚐。,0,0,0,1,0,0,0,0,0,1,0,0,1
交通便利，運氣好的話，有些可以房間可以看到總統府，中正紀念堂，隔音佳，液晶電視很大台,0,1,0,1,0,0,0,1,0,1,0,0,1
交通便利，鄰近捷運站，房間清潔舒適，而且行去西門町很方便，有很多食市和買手信的地方,1,0,0,1,0,0,1,0,0,1,0,0,1
交通便利，鄰近火車站及市中心，酒店亦有提供網路，職員細心親切,0,1,1,1,0,0,0,1,1,1,0,0,1
交通便利，附近飲食多元，環境乾淨，服務態度優良，價格便宜CP值超高。,1,0,1,1,1,0,1,0,1,1,1,0,1
交通便利，離北車跟南陽街近，房間大、電視台選擇多、打掃整潔,1,1,0,1,0,0,1,1,0,1,0,0,1
交通便利、價錢合理。房間乾淨整潔，設備可。早餐樣式一般，能吃得很飽。隔音設備尚可，遇到好房客也是非常重要。人員服務態度好～很親切。,1,1,1,1,1,0,1,2,1,1,1,0,1
交通便利。職員樂於助人，酒店設計走型格路線，住得舒適，到台中絕對會再入住。,1,0,1,1,0,0,1,0,1,1,0,0,1
交通便捷，如果不想吃酒店的早餐，周圍也有很多地方可以吃飯。樓下有非常多的書店。,0,0,0,1,0,0,0,0,0,1,0,0,1
交通便捷，距離捷運站徒步五分鐘的樣子。距離新光三越徒步十來分鐘。距離西門町徒步十五到二十分鐘左右。我訂的是無窗房，但是他們的洗手間有窗，所以還算是有窗戶的，不用擔心空氣不流通這種情況。,0,1,0,1,0,0,0,1,0,1,0,0,1
交通十分便利，洗衣機、烘乾機、茶水間飲料泡麵都免費使用非常貼心！,0,1,1,1,0,0,0,1,1,1,0,0,1
交通地點超級方便，面河景套房百萬景色。床軟硬適中很好睡，隔音不錯,0,1,0,1,0,0,0,1,0,1,0,0,1
交通很方便，位在臺北車站所以捷運高鐵台鐵或公車都很好抵達，另外還有附設停車場，開車前往也是相當便利，房型雖然沒有很大間但設備齊全，很乾淨而且廁所看起來很高級，馬桶還會發光，很酷。從電梯門一開到房間走廊都瀰漫著一股清新香氣，很喜歡這種味道，希望貴公司可以告訴我芳香劑的品牌，非常感謝！櫃台人員態度親切，離開前還會詢問住得是否習慣、有無需要改進的地方。總之很推薦，住宿首選，讚讚。,1,1,1,1,0,0,1,1,1,1,0,0,1
交通很方便，出捷運就到，地理位子鬧中取靜，房間乾淨，隔音也不錯,1,1,0,1,0,0,1,1,0,1,0,0,1
交通很方便，出行便捷，周邊還有新光三越，房間雖然小了點，但是比較乾淨,1,1,0,1,0,0,1,3,0,1,0,0,1
交通很方便，帶大件行李的話車站出口有直達電梯，出口就是新光三越。酒店有提供免費的咖啡和吐司，性價比不錯！,0,0,1,1,1,0,0,0,1,1,1,0,1
交通很方便！一下樓就有捷運站，轉臺北火車站也很方便，附近吃的選擇也蠻多，而且還可以洗衣服和烘衣服！,0,1,0,1,0,0,0,1,0,1,0,0,1
交通方便，乾淨，飯店設計有時尚感，還有點心宵夜可吃 ,1,1,1,1,0,0,1,1,1,1,0,0,1
交通方便，位置離臺北車站很近，要離開時交通工具的選擇相當多元。附贈早餐對素食者友善，自助餐的豐富程度對葷食者仍然物超所值，建議若是有吃素的住客，可以在辦理入住手續時，告知服務人員，服務人員將會告知你隔天用餐的方式。床位大且舒適，這次入住的是背包客的床位，床位比想像中大很多。,0,1,1,1,0,0,0,1,1,1,0,0,1
交通方便，鄰近捷運站，一至兩分鐘路程。鄰近西門町。員工服務態度親切有禮,0,0,1,1,0,0,0,0,1,1,0,0,1
交通方便， 鄰近西門捷運站，晚上可到西門町，找到很多街頭小食，酒店地下室有免費洗衣乾衣， 飲品任飲， 等候時有舒適的沙發坐， 可看電視上網,0,1,1,1,0,0,0,1,1,1,0,0,1
交通方便，下午辦理入住時較早，有提早進房放行李，地下一樓有零食、泡麵、飲料免費提供也可帶進房間吃，早上有限量供應的三明治、土司、茶葉蛋,0,0,1,1,0,0,0,0,1,1,0,0,1
交通方便，價格算低廉，附近吃的也多！距離西門町很近，逛街方便！,0,0,0,1,1,0,0,0,0,1,1,0,1
交通方便，周圍很多吃的，轉乘方便，酒店也有免費茶飲，唯一不足就是房間太小,0,1,1,1,0,0,0,3,1,1,0,0,1
交通方便，地理位置很好，對於使用大眾交通的人而言相當便利，但如果是開車或有騎車需求的話可能就會不方便。隔音設備也不錯。整體而言在鬧區中是非常安靜的,0,1,0,1,0,0,0,1,0,1,0,0,1
交通方便，房間乾淨無怪味，接待人員服務態度很親切，很有耐心回答所詢問的問題，主動提供住宿週邊的優質早午餐店,1,0,1,1,0,0,1,0,1,1,0,0,1
交通方便，有大巴直通機場，酒店內有不同種類的餐廳可以選擇，找吃的很方便。,0,1,0,1,0,0,0,1,0,1,0,0,1
交通方便，服務態度和品質良好，且性價比十分划算，房型要求和設備讓人滿意，整體而言非常好！,0,1,1,1,1,0,0,1,1,1,1,0,1
交通方便，樓下附近就有便利商店，櫃檯人員很親切，還免費幫我們升等四人房！,0,0,1,1,0,0,0,0,1,1,0,0,1
交通方便，火車站出來就是，隔音也還可以，浴室磁磚地板有質感、乾濕分離，麻雀雖小、五臟俱全！,0,1,0,1,0,0,0,1,0,1,0,0,1
交通方便，離臺北車站也很近的。房間很乾淨舒適，早上還拿了一個三明治，也很不錯。,1,0,1,1,0,0,1,0,1,1,0,0,1
交通方便，離臺北車站走路7-8分鐘，周圍很多飯館，有好吃的牛肉麵，有電梯，大廳有免費飲料和吐司，24小時前臺，房間雖然不算大，但衛生間挺大的。還能免費洗衣服,0,1,1,1,0,0,0,1,1,1,0,0,1
交通方便，走地下街步行七到十分鐘就可以到火車站，旅館附近也有公車站牌,0,0,0,1,0,0,0,0,0,1,0,0,1
交通方便，距離外交部很近辦理外交事務方便，周邊交通相當方便又是臺北中心，週邊商品齊全。,0,0,0,1,0,0,0,0,0,1,0,0,1
交通方便，鄰近西門町捷運站。工作人員態度親切，十分樂意解答住客的問題。有自助洗衣的地方，適合較長時間的住宿人士。,0,1,1,1,0,0,0,1,1,1,0,0,1
交通方便，離捷運中央公園站非常近，房間乾淨整潔，設備品質佳，服務人員主動且親切,1,1,1,1,0,0,1,1,1,1,0,0,1
交通方便、人員親切服務周到、客房打掃有補備品、小卡片也很貼心～床睡起來也舒服、洗髮沐浴洗手乳味道很棒、水壓適中～,0,1,1,1,0,0,0,1,1,1,0,0,1
交通方便、環境整潔舒適、禁菸，房間內有小沙發及小餐桌很方便，自助入住退房有好有壞，有些狀況沒有人員叮嚀確認，不太習慣，但會使用的話，還滿方便快速的，辛苦櫃檯人員了,1,1,1,1,0,0,1,1,2,1,0,0,1
交通方便，可以免費洗衣服﹑乾衣及免費上網，有免費飲品。房間漂亮﹑乾淨﹑舒服,1,1,1,1,0,0,1,1,1,1,0,0,1
交通方便，近捷運站，生活機能蠻方便的，樓下有火鍋店、錢櫃，對面是西門町,0,0,0,1,0,0,0,0,0,1,0,0,1
交通方便，房間整潔，床鋪舒適，員工親切,1,1,1,1,0,0,1,1,1,1,0,0,1
交通的確方便，出門走不到40米就是捷運，門口經常有計程車等客人，隔條馬路就是西門町，衛生條件不錯。,1,0,0,1,0,0,1,0,0,1,0,0,1
交通真的很方便沒話說，讚！自助餐廳有很棒的空間設計，大廳的客用女廁很貼心，空間也夠,0,1,0,1,0,0,0,1,0,1,0,0,1
附近交通複雜，沒有停車位，浴室地板很滑，當時雖然睡過頭了，櫃檯打來說超過要額外收費，我們同意了，但還沒收拾完就直接斷電，我們明明可以付錢！最後被迫用手電筒照亮收拾，斷電是連電話都沒辦法打，感覺很糟糕！,0,1,1,1,0,0,0,3,3,3,0,0,3
交通超方便，捷運中央公園3號出口走路不到2分鐘！員工很熱情，有任何問題都很親切幫忙！房間很乾淨、舒適，滿有設計感的！很特別的是每晚提供晚安水和小黃瓜供住宿的人敷面膜，覺得很棒！早餐雖然不是自助式，但很豐富、好吃，每天都吃很飽！,1,1,1,1,0,0,1,1,1,1,0,0,1
交通超方便，酒店轉角已經是西門捷運站，往西門町只雖過一條馬路，吃喝玩樂逛街，應有盡有，還有很多地道路邊小食。,0,0,0,1,0,0,0,0,0,1,0,0,1
交通還行，距離高雄捷運很近，不過最近在施工，要繞一下路，但是也可以走去。,0,0,0,1,0,0,0,0,0,2,0,0,2
交通非常便利，房間乾淨又舒服，設施很有現代感。服務很專業的旅店，價位平價CP值高,1,1,1,1,1,0,1,1,1,1,1,0,1
交通非常便利，門口轉彎一分鐘不到有公車站，捷運站也在樓下，櫃台服務超級好，訂的是家庭房，房間整理超級乾淨，以後去臺北一定選這間。,1,0,1,1,0,0,1,0,1,1,1,0,1
交通非常方便，從臺北車站出來就到了。因為地處臺北車站商區，購物與遊覽各大景點非常方便。,0,0,0,1,0,0,0,0,0,1,0,0,1
交通非常方便，捷運中央公園站出來不到5分鐘即到。酒店步行美麗島站8分鐘，六合夜市15分鐘。酒店房間雖然不大，但至少睡得很舒適。工作人員服務態度非常好。喜歡酒店的餐廳出品，性價比很高的酒店。推薦！,1,1,1,1,1,0,1,3,1,1,1,0,1
交際廳很不錯，是一個很輕鬆的場所，適合聊天跟電腦做事，雖然有點搞不懂泡麵的湯要倒哪，只能先放回收區,0,1,0,0,0,0,0,1,0,0,0,0,1
人員可能累了，經濟差，畢竟不太熱情，牆壁有點起毛的地方，沐浴乳只有浴缸有， 洗手很不方便， 對防疫不利。 手伸去浴缸牆上才有， 這樣容易滑倒，窗戶在浴室那邊,0,1,1,0,0,0,0,3,3,0,0,0,3
人員接待親切，洗澡水壓很大很舒服，隔音也算好，位置超棒離火車站很近，整體來說都太棒了！,0,1,1,1,0,1,0,1,1,1,0,1,1
人員服務態度差。晚上要辦理入住時，一到樓下一群人狂聊天也沒要接待的意思，後來付錢加人的服務，等了老半天棉被枕頭也沒來，還要自己打電話下去問。隔天早上要下去吃早餐，只吃了兩片吐司後來醬沒了也沒補，問一個長頭髮的女生，態度不但不好還跟另一個男生嘻笑打鬧，感覺很差。,0,0,1,0,0,0,0,0,3,0,0,0,3
晚上要辦理入住時，有一個服務態度好。最後要退房幫我處理的人員，態度還不錯。,0,0,1,0,0,0,0,0,1,0,0,0,1
人員服務態度親切，房內空間、設備完善，餐飲口味真的好吃，面膜水跟小黃瓜片真的有貼心！,0,1,1,0,0,0,0,1,1,0,0,0,1
人員的服務都十分親切，已經有效率的協助處理房間的問題，下次會再入住～,0,0,1,0,0,0,0,0,1,0,0,0,1
人員親切，打掃很乾淨又舒服！而且可以免費停車很方便，附近好逛又好吃！推薦！！ 隔音很好，睡的飽飽,1,1,1,1,0,0,1,1,1,1,0,0,1
人太多，櫃台人力不足，服務品質很差，服務態度差到讓我第一次想寫評論,0,0,1,0,0,0,0,0,3,0,0,0,3
人性化服務：同一房型不同時間訂可以在同一間；單人雙早可以分2天享用，前臺服務員多，不用排隊辦理入住，電梯需要房卡才能到達指定樓層,0,1,1,0,0,0,0,2,1,0,0,0,1
今天辦入住手續時的櫃檯小姐人很親切，但是坐她旁邊另一位小姐講話的態度讓我覺得不太舒服，因為我先生是外籍人士，她要求出示護照我覺得很合理，但是她說話的語氣讓我感覺有點強勢跟不禮貌，連我先生也覺得她跟他用英文對話的時候口氣讓人不舒服，讓人覺得旅館做事好像沒有固定標準程式。,0,0,1,0,0,0,0,0,3,0,0,0,3
今年第三次入住 ，本次被安排的房型最讓人失望，浴室沒有對外窗 ，廁所的吹風機容易因為過熱而暫時無法使用，每天早上也一直受到樓上的噪音干擾，因為不想很麻煩的換房所以沒有直接反應，但下次如果還有機會入住會特別囑咐,0,1,0,0,0,1,0,3,0,0,0,3,3
今次是五人行、訂了一間四人房和一個雙人房，地點位置真的很方便、因從臺北車站坐捷運去機場時、只需行5分鐘、一條大直路就到車站。周圍有很多小食店、絕對不怕餓肚子。去西門町也很方便。行10分鐘左右就到。酒店大堂有免費提供無糖綠茶和麵包無限暢飲。還有洗衣機和乾衣機。真的很方便喔！房間有點小，但價錢真的很便宜。,0,1,1,1,1,0,0,1,1,1,1,0,1
今次是和老人家旅遊，廁所只有浴缸，對老人家不太方便。健身室的跑步機數目太少,0,1,0,0,0,0,0,3,0,0,0,0,3
今次第一次入住，我們今次入住兩間市景豪華家庭房，櫃面服務員態度良好，房間寬闊，清潔服務員很勤力幫我們清潔兩間房間， 晚上我們要加被他們很快給我們， 我們最後兩晚才決定要車到機場，他們都可以幫我們安排到大車,1,0,1,0,0,0,1,0,1,0,0,0,1
他們免費幫我們升級房間，房間和床又乾淨又舒服，離車站走路不到十分鐘，CP值高極了，推薦！,1,0,1,1,1,0,1,0,1,1,1,0,1
他們沒有提供早餐，早餐要另外付費，房型也沒有升等，服務生態度並不是很好。我是訂房網站的二級會員卻沒有享受到會員的福利，櫃台說訂房網站的會員福利跟他們無關。,0,0,1,0,0,1,0,0,3,0,0,3,3
地毯被上一個住客用髒，還有汙漬，浴室沒有地方放乾淨的衣服，建議可以改善,1,1,0,0,0,1,3,3,0,0,0,3,3
付的錢比上次多很多，櫃員說幫我們升級，但這次住的房間質感卻比上次的差很多。感覺吃虧，不太划算。,0,0,1,0,1,0,0,0,3,0,3,0,3
令人印象深刻的是專業用心的服務，房間明亮乾淨又整潔。值得推薦的住宿選擇，下次一定會再次入住。,1,0,1,0,0,0,1,0,1,0,0,0,1
以CP值來說非常的划算，服務人員非常好，旁邊附有蠻多停車位的，很適合有開車的旅客,0,1,1,0,1,0,0,1,1,0,1,0,1
以五星期飯店的早餐而言，真的是爛透了！樣式太少了，肉類來源沒提供新鮮的肉塊，全都是火腿那種重組肉，真的很差，比3星級飯店還差。飯店的設施老舊，地毯看起來髒髒的，而且飯店內的三溫暖住客不能免費使用，與同等級的長榮飯店差太多了。,1,1,1,0,0,0,3,3,3,0,0,0,3
這家飯店如果不是因為靠近愛河、加上服務還不錯的服務人員，我根本不會想再去第二次！,0,0,1,1,0,0,0,0,1,1,0,0,3
以五星級飯店來說，假日客人多時，需要安排妥早餐用餐的時間，不該讓客人排隊等候。,0,0,1,0,0,0,0,0,2,0,0,0,2
早餐整體算還好，但炒菜肉類炒的過熟過爛，熱食保溫度可再加油，謝謝。,0,0,1,0,0,0,0,0,2,0,0,0,2
以價格來說，整體算是便宜且舒適的，地點很優，交通很方便，床、枕頭的品質都是好睡的,1,1,0,1,1,0,1,1,0,1,1,0,1
以價格來說，非常的優惠。但設備反映在價錢上，所以不要太期待客房多高級，非常陽春。網路照片跟實際的房況是有落差的。如果想要經濟一點的住宿，這間是可以的，還有隔音不好。,0,1,1,0,1,0,0,3,3,0,2,0,3
以價格來說很值得，房間滿乾淨的，地理位置很好，一出大門全部都是吃的,1,0,0,1,1,0,1,0,0,1,1,0,1
以價格來說，性價比相當高！還有提供早餐，但我沒用餐到，衛浴設備是乾濕分離的，房間很乾淨,1,1,1,0,1,0,1,1,2,0,1,0,1
以前來住過，這是第二次來。一開始給的房間沒有衣櫃，電視與機上盒的電線全都散亂地掛在電視上，看起來亂七八糟，電視遙控器按鈕按下去都沒反應，讓人相當的傻眼。經向櫃台服務人員反應，服務人員讓我們換房，才換比較正常的房間，但讓我對旅館的印象扣分。,1,1,1,0,0,0,3,3,2,0,0,0,3
以前出差時曾住過國賓，當時留下很好的回憶，因此這次計畫高雄旅行時就滿心期待的帶著男友回訪再次入住。但是，早上吃早餐的的經歷卻讓我非常傻眼，覺得失望，希望下次再去入住時可以改善。,0,0,1,0,0,0,0,0,3,0,0,0,3
房間整體都很喜歡，除了電視比較老舊以外，可說是沒有什麼缺點。,0,1,0,0,0,1,0,3,0,0,0,1,1
評論上常看到被說隔音不好，但我當天並沒有特別感覺，尚可接受。,0,1,0,0,0,0,0,2,0,0,0,0,2
以前早餐很好，近期因為疫情關係，早餐選項縮減很多，吃早餐的人沒什麼可以選擇,0,0,1,0,0,1,0,0,3,0,0,3,3
以前用餐區還有一些熱食和三明治可享用，但現在都沒有了。應該跟疫情有關係！,0,0,1,0,0,1,0,0,3,0,0,3,3
以臺北的價格來看CP值非常高，房間也還算整潔，浴室是分離式的很棒，服務也蠻不錯的,1,1,1,0,1,0,1,1,1,0,1,0,1
以這個價錢住三人房，房間比其他飯店大，服務好，其實更近捷運。,0,0,1,1,1,0,0,0,1,1,1,0,1
以商務旅館來說算是非常好的，房間整潔且使用空間也算大，早餐豐盛且品質也不差，可以算色香味俱全，雖然位於大馬路旁但是卻相對寧靜。,1,1,1,1,0,0,1,1,1,1,0,0,1
以商務旅館的品質，這樣的價格真的很便宜！只可惜沒有停車位，下雨天進出要尋找鄰近停車場有點不方便。,0,1,0,0,1,0,0,3,0,0,1,0,1
以地點與設備來說，CP值很高，未來會再考慮入住！一樓有24小時咖啡可自行取用。,0,1,0,1,1,0,0,1,0,1,1,0,1
以它的價格來說，房間算一般，或許公共設施比較好，但是我們沒用到，不予置評。,0,1,0,0,1,0,0,2,0,0,2,0,2
以市中心價位而論，房內空間合理，但如有大件行李，房間可能無法順暢走動。,0,1,0,0,0,0,0,2,0,0,0,0,2
以平實價格享受五星級飯店的服務，原本預計只住一天，看過整個氛圍馬上加訂一天。,0,0,1,0,1,1,0,0,1,0,1,1,1
以平日的價格，還附早餐非常棒，房間的設備也蠻新的，入住的床是加大雙人床，離火車站也近~,0,1,0,1,1,0,0,1,0,1,1,0,1
以房間的價位來看，隔音有點差，在房間裡能聽到隔壁房間移動桌椅或外面講話的聲音。,0,1,0,0,0,0,0,3,0,0,0,0,3
以旅館的房價而言，性價比有待加強！櫃檯服務人員態度還要再加強。另外電梯似乎因為房客多，常常要等幾次才能有電梯。,0,1,1,0,1,0,0,3,3,0,3,0,3
以此價位，房間環境算不錯的了！一位負責服務的先生在下雨時提供服務十分友善主動，值得一提！如果只是需要地方休息，可以考慮這裡。,0,1,1,0,0,0,0,1,1,0,0,0,1
以空間大小與折舊度來說，這種價格住一晚實在太貴，而且隔音不太好。,0,1,0,0,1,0,0,3,0,0,3,0,3
以這個價位CP值爆表，早餐真的很豐盛，附近走十分鐘內都有吃的，房間熱水水壓超強，下次還會再選擇入住,0,1,1,1,1,0,0,1,1,1,1,0,1
以這個價位的飯店來說，員工教育有待加強，空調無法調整，整晚都很冷。整體的入住感受都不是特別好。,0,1,1,0,0,1,0,3,3,0,0,3,3
以這個價位這樣的住宿品質很超值，服務算水準之上，浴室除了小了點蠻乾淨的，附近有蠻多走路就會到的小吃美食算是蠻方便的，窗戶有隔音所以馬路上的車水馬龍其實聽不太到，窗簾的遮光也相當不錯。,1,1,1,1,1,0,1,1,1,1,1,0,1
以這價錢來說CP值算高的，離車站、捷運都很近，附近有得吃、有得逛,0,0,0,1,1,0,0,0,0,1,1,0,1
以這樣的價格來說CP值蠻高的，早餐中規中矩，服務人員親切，房間跟浴室都算中偏大，尤其喜歡浴室的大鏡子，很方便,0,1,1,0,1,0,0,1,1,0,1,0,1
以這樣的價格還有附上正常價值的飯店早餐，真的很划算，我們已經很滿足了！去愛河或是六合夜市都很方便，唯一缺點大概是飯店的床不夠舒適。,0,1,0,1,1,0,0,3,0,1,1,0,1
以這樣的房價還提供中西式自助早餐是很實在的，我們住的雙床房間雖然不大，但是睡起來很舒適，清潔度飯店也有在注意，整體感覺很不錯，鄰近愛河可以走走,1,1,1,1,1,1,1,3,1,1,1,0,1
以這裡的價格來說，早餐非常棒，而且有多樣選擇。大廳非常寬敞。,0,1,1,0,0,0,0,1,1,0,0,0,1
以週末價位而言，房間的空間偏小，床設定為一大床，實際上卻是兩張床合併。廁所門的位置就對著床，洗澡聲會影響睡覺的人。馬桶上完廁所後會塞住，水滿到地板都是，飯店人員隔天早上來通馬桶才解決,0,1,1,0,1,0,0,3,2,0,3,0,3
以高單價來說無免治馬桶有點不符合基本配備，早餐對素食者不友善，寫字檯燈光略暗,0,1,1,0,1,0,0,3,3,0,3,0,3
價格很高，但是跟預期的差距很大，房間的景觀並不是很好，沒什麼可以看的，洗浴的設計很奇怪不用浴缸只用花灑只能站浴缸上面洗，水會濺出來到房間，房間設施也很一般,0,1,0,1,1,0,0,3,0,3,3,0,3
休旅車無法停停車塔，要爭取停門口平面的停車位，我們到時門口很空，可是接待員要我們停外面的停車格，說是要留給已入住又開車外出的住客。沒有遇過這樣的接待經驗。,0,1,1,0,0,0,0,3,3,0,0,0,3
打掃未落實，冰箱內仍有前一房客食物未清理。打掃人員進屋清理食物開門直入，並未先敲門。馬桶清洗仍有污垢，浴室會積水。住了二晚都沒有吃到網評美味的宵夜。,1,1,1,0,0,0,3,3,3,0,0,0,3
床單貌似有點不太乾淨，睡了一晚後全身過敏發癢，要入住的房客要多考慮。,1,0,0,0,0,0,3,0,0,0,0,0,3
早餐吃的超差，義大利麵、炒飯、炒麵、冷掉的煎餃、飛滿蟲的吐司等，早餐沒什麼好吃的，連美式咖啡煮都的超淡，沒吃過這麼差的飯店早餐！房間廁所排水孔會有臭味上來，廁所跟房間空氣相連通，洗手台在廁所外面，房間有點小，雖然景色很好，但這樣的房間設計真的不會讓我想住第二次。,1,1,1,1,0,0,3,3,3,1,0,0,3
服務人員真的態度服務都非常好，尤其是櫃台的女服務員服務態度真的非常棒。幫我們換房間時，還從樓梯上跌倒滾下樓又微笑爬起來，還對我們說沒關係，繼續帶我們換房間，敬業精神真的很令人佩服，貴公司請到這名員工真的很有福氣，很感激這位小姐，辛苦了,0,0,1,0,0,0,0,0,1,0,0,0,1
房間很小，隔音很糟糕，空調聲音吵得說話都聽不清楚了，外面的空調外機更是超響！下雨的時候雨打在貌似鐵皮的東西上更大聲！完全睡不著！,0,1,0,0,0,0,0,3,0,0,0,0,3
有提前兩周說要浴缸，到了當天沒有浴缸，服務員也沒告知，沙發有一半感覺快跨，全家四人只有一人有椅子坐,0,1,1,0,0,0,0,3,3,0,0,0,3
淋浴間和浴缸這樣設計有點危險 ，進出不方便，嬌小的女生很容易滑倒,0,1,0,0,0,0,0,3,0,0,0,0,3
酒店的隔音不好，遇到不自覺的客人就非常惱火。我房間的樓上有個小女孩，從早上六點就開始玩，一直瘋到九點多，高分貝，我們完全沒有辦法休息。,0,1,0,0,0,1,0,3,0,0,0,3,3
隔音不是很好。人在外面走廊講話聲音極大，如果下次入住會想住安靜一點的,0,1,0,0,0,1,0,3,0,0,0,3,3
位於臺北車站對面，地理位置非常方便，房間乾淨整潔，周圍很多吃的,1,0,0,1,0,0,1,0,0,1,0,0,1
位在臺北車站、捷運站出口處，相當便利！一樓保全和樓上的男士工作人員都很熱心的幫忙拿行李，房間和整個大環境都很棒！CP值爆表。唯一感覺不好的是房間裡有蚊子，住進去的第一天就有，挺擾人的，不過有提供電蚊香。,1,1,1,0,1,1,3,1,1,0,1,1,1
位在臺北車站對面，位置十分方便；房間也乾淨整潔，服務人員的態度也很好。,1,0,1,1,0,0,1,0,1,1,0,0,1
位在後車站，非常方便。房間非常乾淨。工作人員服務態度非常好。,1,0,1,1,0,0,1,0,1,1,0,0,1
位在愛河邊，地點絕佳。我們是在農曆新年假期期間去的，河邊夜晚景色優美，從房間即可看到。但是房間不大。,0,1,0,1,0,0,0,3,0,1,0,0,1
位在火車站、京站附近，交通、餐飲、逛街都很方便。接待人員都很客氣有笑臉，入住前或退房後寄放行李都不囉嗦，很棒！！房間乾淨整潔，浴室熱水、水壓都很不錯。雖然沒有早餐，但附近速食店也有些不錯的咖啡店可供選擇。價格實惠，不管是商務客或短期旅遊都是不錯的選擇。,1,1,1,1,1,0,1,1,1,1,1,0,1
位在都市中的旅店，空間小是當然的，但客房內的空間格局安排得不錯，行李箱可舒適地擺放，不顯擁擠，住得舒適。另外，黑咖啡不論熱美或義式，意外地好喝！,1,1,1,0,0,0,1,1,1,0,0,0,1
位子不錯，在車站旁邊而已。附近吃的多，離忠孝夜市也不遠。有停車場。有很多電影可以看，早餐雖然品項不多，但都很好吃！,0,1,1,1,0,0,0,1,1,1,0,0,1
位子不錯，從捷運站出口上來後，不用5分鐘即可到達！唯獨早餐沒有提供牛奶，小朋友很失望…,0,0,1,1,0,0,0,0,3,1,0,0,1
位子佳，距離臺北車站近，附近很多吃的。設施很好，房間內有保險箱。電視很大台。廁所有免治馬桶。辦理入住速度很快。,0,1,1,1,0,0,0,1,1,1,0,0,1
位子超級方便就在火車站對面、新光三越旁邊。這樣的價格還能擁有大房間，真的超讚的！隔音還可以，不會太吵，電視居然是一人一台，不用爭著看電視超棒,0,1,0,1,1,0,0,1,0,1,1,0,1
位於高樓的房間，隔音很差，會聽到外面有人講話聲，早上七八點用餐時間更是吵雜，睡眠品質很不好,0,1,0,0,0,1,0,3,0,0,0,3,3
交通方便，要逛街、要搭車，都是很方便的位置，價格也很親民！服務人員都很有禮貌、很客氣！房間也很乾淨、很舒適！,1,0,1,1,1,0,1,0,1,1,1,0,1
位於北車附近，步行僅需10分鐘，交通便捷。附近生活機能良好，鄰近西門町，吃喝玩樂俱全。,0,0,0,1,0,0,0,0,0,1,0,0,1
位於台中火車站後站，十分方便；附近有多間餐廳；房間非常舒適，而且設備優良,1,1,0,1,0,0,1,1,0,1,0,0,1
位於臺北車站商圈，交通方便。從臺北車站出口上來就可以直接抵達，完全不需穿越馬路，很棒！,0,0,0,1,0,0,0,0,0,1,0,0,1
位於臺北車站附近，交通便利，附近也有許多美食。旅館內部則是舒適整齊。,1,0,0,1,0,0,1,0,0,1,0,0,1
位於市中心又鬧中取靜， 機場接駁巴士就在樓下， 房間乾淨舒適,1,0,0,1,0,0,1,0,0,1,0,0,1
位於市中心地段，吃飯、逛街、購物很方便。非常不滿意的是：房間設備與床的舒適度，可以再調整一下，不符合五星級級別。尤其浴室感覺老舊，且有污垢發黴，需要再翻新整修一下。,1,1,0,1,0,0,3,3,0,1,0,0,3
位於愛河河畔，晚上可以到週邊散步，非常悠閒。還有一些河畔酒吧，房間設施以及早餐都很棒！,0,1,1,1,0,0,0,1,1,1,0,0,1
位於愛河畔地理位置不錯，樓層較高很安靜，轉角設置製冰機取用冰塊很方便，早餐雖精簡但麵包種類多亦令人驚豔。,0,1,1,1,0,0,0,1,1,1,0,0,1
位於愛河邊的五星飯店，夜晚散步於愛河河岸步道，感受徐徐清風拂面而來，信步走回飯店，享受了愜意舒適的美好夜晚,0,0,0,1,0,0,0,0,0,1,0,0,1
位於捷運西門站出口，步行一分鐘就到了。離北車僅止一站的距離，地理位置佳。辦理入住是自助式的，但過程蠻快速的，整體住起來CP值蠻高的,0,0,1,1,1,0,0,0,1,1,1,0,1
位於河岸邊，有河景房型風景不錯，星級飯店設備皆在水準之上，有免費停車場方便停車，接待人員還算親切,0,1,1,1,0,0,0,1,2,1,0,0,1
位於火車站旁的地點自然是超方便，旁邊有兩間全家便利商店，沒有早餐也沒關係。房間隔音很好！,0,1,0,1,0,0,0,1,0,1,0,0,1
家庭房空間除了兩張床另外還有小沙發和小桌子可以使用，地下一樓有健身房，老公有去使用說器材尚可，電梯樓層管制，安全性不錯。櫃檯人員蠻親切的，人多還很有耐心，大廳也有引導的服務人員，詢問問題也都親切回覆，看得出工作人員的用心，辛苦了。,0,1,1,0,0,0,0,1,1,0,0,0,1
位於西門町走路就到非常方便，早餐很多人反應不好吃但個人覺得還可以，總類算蠻多的。,0,0,1,1,0,0,0,0,1,1,0,0,1
位於車站對面，交通非常便利，服務態度良好，預訂了一間單人床房型，入住時發現升級成雙人床，感到非常驚喜，住一晚超便宜，下次會再訂的旅店！,0,0,1,1,1,0,0,0,1,1,1,0,1
位於高雄車站很近！房間也很大很乾淨，浴室設備也很棒，採光通風也都很棒～下次去高雄玩還會預定～ ,1,1,0,1,0,0,1,1,0,1,0,0,1
位置剛好在台中火車站後站，交通方便，唯獨沒有升降梯進入火車站，拿著大型行李有點不便；酒店服務員親切友善；房間不算大但整潔。,1,1,1,1,0,0,1,3,1,1,0,0,1
位置、設備以價位來說有物超所值的感覺，10、11樓的開放空間是加分。,0,1,1,0,1,0,0,1,1,0,1,0,1
位置一流，還連著涮涮鍋店，過馬路就是西門町，交通四通八達的，非常方便！客服人員非常周到！,0,0,1,1,0,0,0,0,1,1,0,0,1
位置上，對於搭乘大眾運輸工具來說，如輕軌、捷運，都有段距離。,0,0,0,1,0,0,0,0,0,3,0,0,3
位置不太好找，在一棟舊大樓裡面，裡面的地下一層才是辦理入住的地方，有一個小房間讓寶寶玩的，也有零食還不錯,0,1,1,1,0,0,0,1,1,3,0,0,1
位置不錯，附近有吃的，交通也可以，算是方便，選的是三人房間，但給了我們四人房，感覺空間有點小，其他都可以。,0,1,1,1,0,0,0,3,1,1,0,0,1
位置不錯，離臺北車站近，要趕台鐵或高鐵的話是不錯的選擇。 房間乾淨整潔，沒什麼問題。 前臺服務蠻不錯的，一樓有自助洗衣，可以幫訂手信也可以免費寄存行李。,1,1,1,1,0,0,1,1,1,1,0,0,1
位置不錯，離臺北車站和西門町都挺近的，10分鐘左右的步程；酒店大廳很文藝，氣氛很好，員工也都友好熱情，免費寄送明信片的服務也很贊！,0,1,1,1,0,1,0,1,1,1,0,1,1
位置不錯，離臺北車站很近，走路約十分鐘左右，周邊吃的也很多，性價比還是不錯的,0,0,0,1,1,0,0,0,0,1,1,0,1
位置不錯，離臺北車站很近，車站旁就有新光三越，房間比較乾淨，浴室乾濕分離，房間內有小冰箱及保險箱。每天都有清潔人員打掃並鋪好床。,1,1,1,1,0,0,1,1,1,1,0,0,1
位置不錯，離西門町和車站都是步行距離。酒店的兒童房小令朋友玩的很開心，酒店還送了鳳梨酥等點心，很貼心,0,1,1,1,0,0,0,1,1,1,0,0,1
位置交通很方便，房間整潔沒異味。孩子忘了把安撫玩偶帶回家，細心的房務人員有收到還願意幫忙寄回，真的很謝謝你們～,1,0,1,1,0,0,1,0,1,1,0,0,1
位置交通超級便利，提供房型商務旅行住宿好適當，兩人一房，一人一床可以充分休息。浴室熱水快速出水，水流量大，洗盡一身出差疲憊。,0,1,0,1,0,0,0,1,0,1,0,0,1
位置交通都十分方便，房間整潔舒適，空間夠大，工作人員服務一流。,1,1,1,1,0,0,1,1,1,1,0,0,1
位置位在台中後火車站，出了火車站巷子往左轉不到一分鐘即抵達住宿位置。明亮的大廳、親切的接待人員、現代的設計感、整齊的房間，都讓人安心放鬆、享受旅行,1,1,1,1,0,0,1,1,1,1,0,0,1
位置佳，床很舒適，有24小時健身房與洗衣房，同時也有劃分吸煙區,0,1,0,1,0,0,0,1,0,1,0,0,1
位置佳，出捷運站旁邊不到兩分鐘就到，今早剛發現附近有早午餐的餐廳很不錯，下次再入住的話一定再去。面對中央公園，周遭環境很舒服。,0,0,0,1,0,0,0,0,0,1,0,0,1
位置佳，工作人員態度都很和善，感覺得出他們工作得很開心，顧客也會感受到愉悅。,0,0,1,1,0,0,0,0,1,1,0,0,1
位置佳，座落高雄車站附近，無論往北高、南高、駁二都方便。招待親切，解說清楚，提早到達請求保管行李時，甚至連蛋糕等冷藏物都能代為冰存。價格親民還包含下午茶和早餐，令人激賞。房間乾淨俐落、設備新穎。浴室乾濕分離，三層式拉門比一般一層或兩層式更具彈性，掛放浴巾或衣物都方便；毛巾掛放還會留意文字露出的部分，可見清潔人員對細節之苛求及敬業精神。,1,1,1,1,1,0,1,1,1,1,1,0,1
位置佳，距離臺北車站步行可至的範圍，周遭食衣住行皆便利，提前訂房CP值很高。,0,0,0,1,1,0,0,0,0,1,1,0,1
位置佳，離臺北車站跟寧夏夜市很近，附近應有盡有，房間有提供免費的小餅乾，一樓有提供免費的泡麵和麥片，也有飲料機，房間裝潢舒適整潔，床很好睡喔～,1,1,1,1,0,0,1,1,1,1,0,0,1
位置佳、停車方便、東西好吃，雖然不是新飯店，但裝潢與氣味都令人舒服，若有優惠還會想再去,1,1,1,1,0,0,1,1,1,1,0,0,1
位置佳CP值高，如果能提供2張房卡會更好～洗衣服的時候放假就斷電了,0,1,1,1,1,0,0,3,2,1,1,0,1
位置便利，過個馬路就到了。平日滿便宜的，基本配備都有，但無提供水,0,1,1,1,1,0,0,1,3,1,1,0,1
位置便利，去西門町、誠品書店、臺北車站捷運和機場捷運都很方便。工作人員服務態度很棒，從臺北出發南下，免費幫我們寄存了好幾天行李。房間整潔乾淨，設施齊全。,1,1,1,1,0,0,1,1,1,1,0,0,1
位置便利，房間整潔度等皆令人滿意，一樓大廳提供免費咖?。茶飲及果醬烤土司，非常貼心,1,0,1,1,0,0,1,0,1,1,0,0,1
位置便利，此房型兩張床還有兩個螢幕電視滿不錯的，整潔、服務，免治馬桶很不錯,1,1,1,1,0,0,1,1,1,1,0,0,1
位置便利、房間乾淨、冷氣夠強、乾濕分離的衛浴很讚、吹風機也不是壁掛式的，超推,1,1,0,1,0,0,1,1,0,1,0,0,1
位置便捷，離臺北捷運站很近，離西門也不遠，吃東西方便，還有添財日料，兩家網紅咖啡館，購物屈臣氏、新光三越、陸羽茶莊、書店等。旅店給我安排了9樓最角落安靜的房間，一樓大廳有24小時免費的切片麵包和咖啡茶，不含早餐也沒問題，服務人員很滿意，入住愉快。,0,0,1,1,0,0,0,0,1,1,0,0,1
位置優越， 服務員態度很好。 每一層都有不同裝修風格， 很特別。,0,1,1,1,0,0,0,1,1,1,0,0,1
位置優越，旁邊街上就是小吃街和便利商店，隨時餓了都能買到食物和飲料，飯店也有提供簡易的點心下午茶到晚上十點，非常貼心，早餐也很好吃。這個價位還包含加大雙人床，很划算，真的沒什麼好挑剔的。,0,0,1,1,1,0,0,0,1,1,1,0,1
位置優越，服務一流，佈置簡約，富現代感，超整潔，精緻，舒適。,1,1,1,1,0,0,1,1,1,1,0,0,1
位置優越，步行至台中火車站僅1分鐘。房間較小，但算整潔?生。價格合理，值得推薦入住！,1,1,0,1,1,0,1,3,0,1,1,0,1
位置優越，交通十分便利，酒店理念有創意，主題客房設計好創新，房間雖少，但感覺好舒服。,1,1,0,1,0,1,1,1,0,1,0,1,1
位置南北皆通，附近生活機能佳，隔音好，還有附贈施巴泡泡浴露，泡麵、飲料無限享用，店內附設的遊戲設施非常符合小朋友，會再回住！,0,1,1,1,0,0,0,1,1,1,0,0,1
位置在北車附近， 很方便找吃的，走去鐵道博物館也不遠，附近走走逛逛能好好地消磨一整天。旅店很貼心，有提供烤箱，微波爐，大冰箱，房內有迷你冰箱，也有簡單的麥片和咖啡等。大廳擺飾也很好拍照,0,1,1,1,0,0,0,1,1,1,0,0,1
位置在北車附近，交通方便，價格實惠，謝謝櫃檯大姐直接把雙人房升等四人房,0,0,1,1,1,0,0,0,1,1,1,0,1
位置在臺北車站正對面，非常方便，以價位來說房間很不錯，電視超大，非常喜歡這家旅店,0,1,0,1,1,0,0,1,0,1,1,0,1
位置在捷運旁非常方便，服務人員非常專業客氣，因較晚訂房訂的房型沒了，所以升等,0,0,1,1,0,0,0,0,1,1,0,0,1
位置地點好。早餐口味不錯，如果早餐種類再多?可以選擇更好，例如：豆漿、優格,0,0,1,1,0,0,0,0,2,1,0,0,1
位置好， CP值高，雖然房內有發現一隻小蚊子，有點可惜，但仍會是我下回出差商旅的首選,1,0,0,1,1,0,3,0,0,1,1,0,1
位置好，位於中央公園對面，房間環境很舒服，酒店人員服務態度很好。,1,0,1,1,0,0,1,0,1,1,0,0,1
位置好，出行方便又很安靜；房間格局很好也很舒適；零食吧太重要了，晚上回去吃泡麵看電影還是挺愜意的。,1,1,0,1,0,0,1,1,0,1,0,0,1
位置好，四人房間舒適。大廳服務人員很好，24小時都有人接待。好的服務精神真的會讓人喜歡入住，大推~,1,0,1,1,0,0,1,0,1,1,0,0,1
位置好，客房舒適，空間大，早餐豐富好吃，CP值很高的飯店！下次會再入住的飯店！,1,1,1,1,1,0,1,1,1,1,1,0,1
位置好，剛裝修完，是真正的全棟酒店，不是那種商業大廈中佔兩層的賓館,0,1,0,1,0,0,0,1,0,1,0,0,1
位置好，旺中帶靜，近捷運站，過一條馬路就到西門町，非常方便。價錢合理。獲得免費房間升級，房間空間寬闊，非常舒適。,1,1,1,1,1,0,1,1,1,1,1,0,1
位置好，比較近桃機捷運，離西門町亦不遠，10分鐘路程而已，超便利,0,0,0,1,0,0,0,0,0,1,0,0,1
位置好，走到臺北車站八分鐘，性價比高，有窗，設施齊全，提供免費飲料麵包，早餐種類多。,0,1,1,1,1,0,0,1,1,1,1,0,1
位置好，近火車站，附近有大型商場。另外還有半日遊，一日遊，二日遊的行程。,0,0,1,1,0,0,0,0,1,1,0,0,1
位置好，靠近火車站、捷運及高鐵，出行方便。去機場45分鐘左右。,0,0,0,1,0,0,0,0,0,1,0,0,1
位置好，只是大樓正在施工中，早上等電梯等了15分鐘還沒來，只好走下十幾樓的樓梯。,0,0,0,1,0,1,0,0,0,1,0,3,1
位置好找，樓下就有幾個便利店和吃東西的地方，附近店家的態度也很好很有耐心。,0,0,0,1,0,1,0,0,0,1,0,1,1
位置好離京站不過幾分鐘的步行距離，工作人員態度親切有禮，這次入住最經濟的標準房，房間不大但乾淨舒適，還有免費藍光電影大加分！櫃台人員入住時有特別說明晚上10點後有泡麵提供，剛好晚上肚子餓下樓泡了一碗配電影，令人滿意！有機會會再來住,1,1,1,1,0,0,1,1,1,1,0,0,1
位置安靜單純，離信義線及板南線捷運站都近，交通相當便利；房間整潔度及服務人員訓練到位，有國際級品質。,1,0,1,1,0,0,1,0,1,1,0,0,1
位置完全就是在愛河旁邊，愛河散步、逛逛碼頭與夜市都很近，走路就可到，非常棒,0,0,0,1,0,0,0,0,0,1,0,0,1
位置尚算方便， 價格相對便宜， 往返臺北車站要10分鐘， 去捷運站要15分鐘， 酒店整潔， 工作人員親切有禮,1,0,1,1,1,0,1,0,1,1,1,0,1
位置就在北車附近，從捷運出口出來走路不到5分鐘就可抵達，房間精簡整潔無異味。,1,0,0,1,0,0,1,0,0,1,0,0,1
位置就在後火車站出來三分鐘的地方，附近有大魯閣百貨跟很多餐廳，非常熱鬧，對面就是往鹿港的客運真的很方便。房間雖然不大但是很乾淨舒服，也有足夠的走道可以行走，電視有很多電影跟電視節目可以看，廁所水很大也很熱，每天都會打掃房間！一樓公共場所小小的但很漂亮，櫃檯也很親切友善，行李就算退房還可以免費寄放！下次來還會住～,1,1,1,1,0,0,1,1,1,1,0,0,1
位置就在火車站附近，櫃檯人員也很細心跟親切的處理問題，房間乾淨舒適度滿分，我很願意再次入住,1,0,1,1,0,0,1,0,1,1,0,0,1
位置就在車站旁邊，很方便。服務非常好，手扭到問他們是不是有冰塊可以冰敷？結果不是只提供冰塊，而是給我們專業的冰敷袋，非常感謝。詢問問題也都耐心回答，服務真的非常好，住宿體驗非常棒。,0,0,1,1,0,0,0,0,1,1,0,0,1
位置很優秀，可以寄放行李，價格很實惠，對市中心的位置來說非常便宜。床夠大，睡得挺舒服,0,1,1,1,1,0,0,1,1,1,1,0,1
位置很好，臺北車站出口走幾分鐘就到。員工親切友善。周邊很多好吃的，也很好逛。房間很小，四個人加上行李箱略顯擁擠。這個價格性價比很高了！,0,1,1,1,1,0,0,3,1,1,1,0,1
位置很好，就在台中車站旁，走路僅三分鐘就會到，旁邊有租機車的店，很方便。櫃檯人員服務也很好。房間乾淨,1,0,1,1,0,0,1,0,1,1,0,0,1
位置很好， 十分鐘可步行到西門町， 幾分鐘可以到各便利店和臺北車站,0,0,0,1,0,0,0,0,0,1,0,0,1
位置很好， 雖然是最遠的臺北站出口， 但可以走地下街， 而且很近機場捷運， 走到西門町也只要10分鐘,0,0,0,1,0,0,0,0,0,1,0,0,1
位置很好，介於西門和從臺北車站中間，路程約十分鐘。又因地點鄰近補習班的關係，所以附近的吃食也多，選擇不少。床鋪和枕頭睡起來很舒服，蓮蓬頭的出水量也很足。,0,1,0,1,0,0,0,1,0,1,0,0,1
位置很好，出門5分鐘可到臺北車站搭台鐵高鐵跟捷運，離機捷也很方便。距離南陽街很近，有很多吃喝的地方。床也很舒適，衛浴及房內空間都很夠用，下次還會想要住這邊。,0,1,0,1,0,0,0,1,0,1,0,0,1
位置很好，出門不遠處就是便利店，離總統府和捷運站都很近，下次出行優先定這家。,0,0,0,1,0,0,0,0,0,1,0,0,1
位置很好，去台中火車站很近，鄰近有家樂福，大魯閣購物中心可逛,0,0,0,1,0,0,0,0,0,1,0,0,1
位置很好。臺北車站太過於複雜，忘記出口在哪裡會迷路。早餐是中西自助餐，雖然品種不多，但是份量足夠。行李可以寄存，很方便。,0,0,1,1,0,1,0,0,1,1,0,3,1
位置很好，吃喝出行都很方便。床罩裡面有各種頭髮，投訴以後很快就有人員上門清潔。,1,0,1,1,0,0,3,0,1,1,0,0,1
位置很好，吃喝逛都方便，從一下停車場開始，處處見到了飯店的用心，接待人員親切友善，房內設備更為精緻舒適，因疫情而送至客房早餐也完全不馬虎，即便價格略高，但絕對值得！,1,1,1,1,1,0,1,1,1,1,1,0,1
位置很好。在台大醫院站下車，我們走錯出口，走了很遠。酒店前臺裝修的很有創意，有免費的小零食和泡面吃，說實話第一次見過，挺好，房間雖然不大，但價格實惠很好,0,1,1,1,1,1,0,1,1,1,1,3,1
位置很好，大門口右轉就是愛河，有停車位，但客滿要自己另外找停車位，所以我們就先停好再步行去附近景點，而且附近有共享腳踏車。房間乾淨，熱水很熱，總之是還不錯的住宿經驗，還有門口負責引導的服務人員態度很好,1,1,1,1,0,0,1,1,1,1,0,0,1
位置很好，就在台中火車站後門出來，交通便利。酒店房間雖然不大但乾淨整潔，大堂有免費飲用水及咖啡。,1,1,1,1,0,0,1,3,1,1,0,0,1
位置很好，很方便，住得還算舒適。房間清潔整體來說也還不錯。,1,0,0,1,0,0,1,0,0,1,0,0,1
位置很好，房間簡單但需要的都有，櫃檯員工和清掃員工都很親切。,0,1,1,1,0,0,0,1,1,1,0,0,1
位置很好，方便好找，有需求時服務員態度好，反應及時負責。空間夠用。,0,1,1,1,0,0,0,1,1,1,0,0,1
位置很好，旁邊就是車站跟百貨公司很便利，房間乾淨，隔音也不錯，推薦,1,1,0,1,0,0,1,1,0,1,0,0,1
位置很好，有私人停車場、離愛河走路5分鐘內可以到，要到六合夜市散步走路大概15分鐘左右。早餐選擇還算不錯。,0,1,1,1,0,0,0,1,1,1,0,0,1
位置很好，離火車站後站步行僅幾分鐘。酒店設施很先進，服務態度也很好,0,1,1,1,0,0,0,1,1,1,0,0,1
位置很好，離火車捷運都很近！附近吃的也很多，下次還會再來住。,0,0,0,1,0,0,0,0,0,1,0,0,1
位置很好、緊鄰總統府、房間乾淨、舒適、前臺服務好！周邊吃飯地方多,1,0,1,1,0,0,1,0,1,1,0,0,1
位置很好！雖然需要走一點路，不過非常方便！飯店非常溫馨可愛，點心吧也非常棒！很用心！,0,0,1,1,0,1,0,0,1,1,0,1,0
位置很好。走10分鐘之內都到了捷運。仁愛路公車也非常方便，除了飯店本身比較老舊，其它都很好。,0,1,0,1,0,0,0,3,0,1,0,0,1
位置很好很方便 。我們比入房時間早到 ，剛好房間整理好了 ，就讓我們提早入住 ，這點很棒 。,0,0,1,1,0,0,0,0,1,1,0,0,1
位置很好找，從花蓮坐台鐵過來，出了臺北車站走十分鐘就到了，挺方便的，大廳很熱鬧，提供成人跟孩童活動的場地，有自助飲料和小零食，可以一邊吃一邊看電影，免費明信片幫遊客郵寄，氣氛很好，客房蠻乾淨的,1,1,1,1,0,1,1,1,1,1,0,1,1
位置很好找！離捷運很近，大概2分鍾就到！其他都可以，最可惜就是廁所淋浴間少安裝快隔水膠,0,1,0,1,0,1,0,3,0,1,0,1,1
位置很好離捷運出口很近，飯店設施非常新穎，員工也很親切熱心。入住當天是慶祝結婚週年，員工還特別幫我們準備了小蛋糕。早餐非常好吃，千萬不能錯過！,0,1,1,1,0,0,0,1,1,1,0,0,1
位置很方便，設施也很符合需求，服務人員態度也很好，整體來說還不錯的飯店。,0,1,1,1,0,0,0,1,1,1,0,0,1
位置很方便，走到捷運台大醫院站5分鐘，到臺北車站15分鐘，最喜歡的是大廳裡有免費吃的，然後還有洗衣房和烘衣服，是收費的，總之很方便的了,0,1,1,1,0,0,0,1,1,1,0,0,1
位置很方便，距離臺北車站和臺北轉運站都很近，對面就是麥當勞和肯德基。酒店內有自助洗衣房，很方便。,0,1,0,1,0,0,0,1,0,1,0,0,1
位置很方便，距離總統府和臺北車站都不遠。床上用品很舒適，大廳的24小時免費飲品和小食為旅人提供了很多便利。性價比不錯！,0,1,1,1,1,0,0,1,1,1,1,0,1
位置很方便，附近超商、速食店都有，離夜市也近。整體乾淨整潔，床鋪軟硬適中，服務人員很親切介紹完整。大廳有提供一些飲品小點心。,1,1,1,1,0,0,1,1,1,1,0,0,1
位置很方便，離臺北車站很近，周圍商家也多，櫃台的服務人員都很親切，房間也非常整潔，以這個價位而言，大推！,1,0,1,1,1,0,1,0,1,1,1,0,1
位置很方便，離車站走路只需5分鐘，到西門町紅樓也只需10分鐘,0,0,0,1,0,0,0,0,0,1,0,0,1
位置很方便！也很乾淨～服務人員很親切，抽屜還有小餅乾可以吃，電視還有藍光電影可以看！非常棒,1,1,1,1,0,0,1,1,1,1,0,0,1
位置很棒，捷運出來一下下就到了。而且經濟實惠，這價位能住到這麼棒的環境覺得很好。房間還有浴缸超喜歡,0,1,0,1,1,0,0,1,0,1,1,0,1
位置很棒！走到捷運中山站和寧夏夜市分別10至15分鐘，房間很舒適、乾淨,1,0,0,1,0,0,1,0,0,1,0,0,1
位置方便，可以寄存行李，入住和退房都很快 ，有戶外休息區，提供免費飲品,0,1,1,1,0,0,0,1,1,1,0,0,1
位置方便， 地方整潔， 有自助飲料吧，提供有名的咖啡,1,1,1,1,0,0,1,1,1,1,0,0,1
位置方便，住宿環境很乾淨，房間有眾多藍光電影可以看，櫃檯人員服務態度親切，雖然沒有早餐，但提供餅乾、飲品、咖啡，晚間還有免費泡麵，整體住宿感受很不錯。,1,1,1,1,0,1,1,1,1,1,0,0,1
位置方便，停車雖然不在飯店位置，停車場距離也不遠，直接給磁扣出入非常方便。,0,0,1,1,0,0,0,0,1,1,0,0,1
位置方便，台中車站五分鐘路程，步行十分鐘有24小時營業的家樂福,0,0,0,1,0,0,0,0,0,1,0,0,1
位置方便，臺北車站斜前面就是了。設備乾淨、新穎，衛浴設備齊全，飯店房間實際比照片美很多讓我覺得驚奇。退房後當天下午，櫃台人員很熱意借我們寄放行李，減輕我們的負擔~,1,1,1,1,0,0,1,1,1,1,0,0,1
位置方便，臺北車站走去幾分鐘，去西門町也是幾鐘 。員工態度親切，洗澡的水超大！酒店還有自助免費洗衣服，整體來說還是不錯的。,0,1,1,1,0,0,0,1,1,1,0,0,0
位置方便，大安和忠孝復興地鐵站出來走幾分鐘就到了，客房也比較大，辦理入住也挺快的，最重要是的跨年這個價格很良心了。,0,1,1,1,1,0,0,1,1,1,1,0,1
位置方便，後方為台中車站，附近有大型商場。床榻舒適。早餐不錯，但款式不多，但夠吃。,0,1,1,1,0,0,0,1,1,1,0,0,1
位置方便，從捷運站出口走幾分鐘可到酒店，早餐豐富，房間整潔。,1,0,1,1,0,0,1,0,1,1,0,0,1
位置方便，房間乾淨又舒服，價格很可以，以後去臺北還會再去住！,1,0,0,1,1,0,1,0,0,1,1,0,1
位置方便，房間整潔乾淨舒服，雙人房廁所有窗，有健身房及電腦使用可列印，員工態度好會提供必要的協助,1,1,1,1,0,0,1,1,1,1,0,0,1
位置方便，旁邊就有超市、麥當勞等等，離北車走路三分鐘而已，員工熱情、服務超好，讓人感覺窩心，房間大，有自助洗衣還有小點心可以使用，下午是餅乾、晚上是泡麵、早上是即沖麥片，覺得很貼心。,0,1,1,1,0,0,0,1,1,1,0,0,1
位置方便，最近出口只有樓梯上樓，如果有行李，只能從較遠的出口前往酒店，樓下有24小時便利店,0,0,0,1,0,0,0,0,0,1,0,0,1
位置方便，鄰近台中車站，有免費停車場提供，房間乾淨整潔，廁所大，員工友善，早餐在這個價錢來說很不錯。廁所十分清潔而且空間亦算?敞。整體感覺很好,1,1,1,1,0,1,1,1,1,1,0,1,1
位置方便，雖然離捷運站不是太近，但附近有很多公車可以乘搭。浴室花灑水壓足夠。,0,1,0,1,0,0,0,1,0,1,0,0,1
位置方便，離火車站只有兩三分鐘的路程。酒店很乾淨。附近有超商和大型購物中心。唯一缺點就是網路有點慢,1,1,0,1,0,0,1,3,0,1,0,0,1
位置方便，麻雀雖小五臟俱全，CP值高，網路也很快，雖然遇到不好的服務人員，但下次還會想入住,0,1,1,1,1,0,0,1,3,1,1,0,1
位置方便、停車方便，走路三分鐘就到飯店。房間空間足夠容納很多人，且服務人員親切,0,1,1,1,0,0,0,1,1,1,0,0,1
位置方便。打掃阿姨親切熱心，櫃檯接待人員服務態度良好。雙床房很大間，電視可以看很多台。附近各種商店很多。,0,1,1,1,0,0,0,1,1,1,0,0,1
位置方面，雖說從地下街出來很近，但它是最遠的出口啊。感覺毛巾不夠清爽。,0,1,0,1,0,0,0,3,0,3,0,0,3
位置於某所大樓內的五樓，但大樓門前沒有指示，非常不好找，建議飯店於店住客入住前，發清楚資訊給住客。升降機很多問題，等候時間很久。幸好我們找到方法解決，雖然較轉折，但總比乾等好。,0,1,1,0,0,0,0,3,3,0,0,0,3
位置是這酒店最優勝的地方，機場捷運出口走5分鐘就到酒店， 另外走到臺北車站或西門町都不到10分鐘，捷運出行的話去哪裏都不用轉乘，這個價格下次還會入住,0,0,0,1,1,0,0,0,0,1,1,0,1
位置更好，但還是要走上一段路，機場捷運出口還有新光三越出口，走幾分鐘就到。床鋪結實，上下床都沒有噪音，床頭還有空出來很大的空間給你放日常東西，小的行李箱也裝的進去,0,1,0,1,0,0,0,1,0,1,0,0,1
位置有點差，早餐還要加強，房間的洗髮精跟沐浴乳是包裝的，量有點少,0,1,1,1,0,0,0,3,3,3,0,0,3
位置極佳，離捷運臺北車站站和台大醫院站都很近，城隍廟和西門町也在旁邊。房間雖然沒有窗，但足夠寬敞，沒有覺得憋悶。衛生狀況蠻好，設施也齊全。,1,1,0,1,0,0,1,1,0,1,0,0,1
位置極佳，距離台中火車站超近，住宿環境安靜整潔，服務人員態度優良,1,0,1,1,0,0,1,0,1,1,0,0,1
位置極佳，不遠就是桃園機場捷運站，而且可以到臺北車站買手信，晚上亦可以用走路的距離去寧夏夜市，房間也是很不錯，即使沒有窗亦無大礙。,0,1,0,1,0,0,0,1,0,1,0,0,1
位置極佳，捷運臺北車站上來就到了！價錢便宜沒有話說，床又好睡！自助洗衣、烘衣皆免費,0,1,0,1,1,0,0,1,0,1,1,0,1
位置比較好。離臺北火車站，捷運站很近。走路10分鐘。到西門盯也比較近，走路15分鐘左右。,0,0,0,1,0,0,0,0,0,1,0,0,1
位置比較方便，過馬路便是西門町。抗震性蠻好，臨走當天體驗了一次臺北震感四級以上的地震，搖了半天，也沒見有人驚慌，就接著睡了。,0,1,0,1,0,0,0,1,0,1,0,0,1
位置特優，離臺北火車站走路十分鐘。大廳24小時開放可自由自聊天吃自己買的東西。,0,1,0,1,0,0,0,1,0,1,0,0,1
位置特別好，西門町捷運站出口很近，過一點馬路就是西門町，走幾步就看到西門紅樓，酒店下面一層有維格餅家,0,0,0,1,0,0,0,0,0,1,0,0,1
飯店位置不錯，雖然不會被道路上的聲音干擾，但房間的隔音問題非常需要改善。別間房客關門離開房間的聲音很吵，感覺不爽,0,1,0,1,0,1,0,3,0,1,0,3,3
位置相當不錯，繁華路段，出行也很方便。乾淨整潔，很不錯,1,0,0,1,0,0,1,0,0,1,0,0,1
位置相當好，停車場在旁邊，停車好方便。早餐採套餐形式，相當豐富。,0,0,1,1,0,0,0,0,1,1,0,0,1
位置真好，愛河在旁邊，離六合夜市也不遠，乾淨整潔，非常喜歡，有機會去高雄我還是會選擇這家飯店！,1,0,0,1,0,0,1,0,0,1,0,0,1
位置真的很棒，離北車站很近，附近也有需多便利商店，晚上肚子餓也可以買東西吃。整個飯店裝修得很漂亮，以這個價位來說真的很滿意，而且還有很大的窗戶！另外，這次入住還獲得升等，真的覺得非常幸運！房間很大洗澡水柱也夠強，衛浴用品都有提供。整體來說是CP值很高的一間飯店~,0,1,1,1,1,0,0,1,1,1,1,0,1
位置真的是方便，外面出去附近就有多家便利商店，距離臺北車站也近，接待人員態度非常好，電視把韓天新聞台封鎖了更是值得讚賞。頂樓有免費的洗衣機跟烘乾機可使用，但是洗劑得自己準備或是跟前台購買，烘乾機大概是使用率過高，有一台已經失去烘乾能力,0,1,1,1,0,1,0,2,1,1,0,1,1
位置離臺北車站很方便；酒店很大，標準三星，舒適，性價比超高；有早餐，絕對優勢！,1,1,1,1,1,0,1,1,1,1,1,0,1
位置離臺北車站較近，服務非常好，很乾淨。還有香蕉英雄的主題活動。,1,0,1,1,0,1,1,0,1,1,0,1,1
位置稍差，離捷運站稍遠，附近沒有共享自行車站，飯店的大廳、走廊用的香水不對味,1,0,0,1,0,0,3,0,0,3,0,0,3
位置算不錯，客房人員的態度超級好！雖然是三點後才可以入住，不過行李可以寄放，附近很多地方可以逛街，若是長途旅客須安排一下其他休閒時間,0,0,1,1,0,0,0,0,1,1,0,0,1
位置算很好，步行去臺北車站15分鐘左右，周邊很熱鬧，吃的，購物都很方便，本來訂的是三人房，後來被升級了四人房，房間很大，很舒服，衛生間也很大，很多旅行團入住，酒店整體也很大,1,1,1,1,0,0,1,1,1,1,0,0,1
位置絕佳，在愛河旁，清晨可以騎車遊愛河，晚上可以欣賞愛河夜景,0,0,0,1,0,0,0,0,0,1,0,0,1
位置良好，裝潢很有心思，整體顏色鮮亮，充滿歡樂氣氛，公共空間充足，免費提價飲品，餅乾，甜品，表現窩心。,0,1,1,1,0,1,0,1,1,1,0,1,1
位置超好，臨愛河，房間也很舒適，兩張床都很大，我和寶寶睡一張也完全不覺得擠，睡的很好。,1,1,0,1,0,0,1,1,0,1,0,0,1
位置超好，北車過馬路就可到達，附近一堆吃的喝的，房間插孔多樣化不怕國外出遊等要另外帶轉接頭。,0,1,0,1,0,0,0,1,0,1,0,0,1
位置超好，離捷運站只有一分鐘路程。房間隔音很好，很乾淨，床很舒服。,1,1,0,1,0,0,1,1,0,1,0,0,1
位置超方便，就在新光三越旁，附近美食餐廳很多。房間舒適乾淨，房內有電視、冰箱；衛浴是乾濕分離、免治馬桶。供給兩瓶水和盥洗用品很充足，整體而言CP值超高！,1,1,0,1,1,0,1,1,0,1,1,0,1
位置距離熱鬧東區很近，但鬧中取靜。服務人員都十分親切，飯店內部看的出時代感，但保養得宜，也打掃的乾淨整潔。,1,1,1,1,0,0,1,1,1,1,0,0,1
位置近捷運站，只有20步的距離！這次住房豪華房，房間算不錯，很乾淨。有免費提供早餐，但我來不及吃，不予置評。,1,1,1,1,0,0,1,1,2,1,0,0,1
位置近火車站，近百貨公司，便利性高。櫃檯服務人員態度溫柔細心體貼。,0,0,1,1,0,0,0,0,1,1,0,0,1
位置還不錯，與臺北車站不遠。住宿還比較安靜，有免費的咖啡提供，可以在樓下休息一下。,0,0,1,1,0,0,0,0,1,1,0,0,1
位置還算不錯，距離臺北車站步行10分鐘，周遭商業繁華，買東西吃飯都很方便。服務還不錯，床和枕頭都比較舒服。白天因為臨街有點吵，到了晚上還行。最大的優點就是可以免費寄存行李。總體來說性價比算可以。,0,1,1,1,1,1,0,1,1,1,1,3,1
位置還可以，但是房間一進去空氣超差，衛生紙只有廁所有，有點不方便，被單蓋起來覺得皮膚超癢，原本最期待的早餐更是失望，樣式少 煮出來的餐點很粗，家人吃沒幾口就不吃了。建議早餐自理。,1,1,1,1,0,0,3,3,3,2,0,0,3
位置還可以，從高雄車站捷運站走路過來10分鐘左右，環境也很好。晚上餓了去超商步行五分鐘也可以到。酒店設計特別。房間內設施也算完善。淩晨三點聽到隔壁房間腳步聲和沖水的聲音，很吵。不過總體來講，整個酒店在周圍看來也比較新一些。還是很滿意了。,0,1,0,1,0,1,0,1,0,1,0,3,1
位置鄰近台中火車站和新時代廣場。酒店附近有很多餐廳。整體來?很滿意。,0,0,0,1,0,0,0,0,0,1,0,0,1
我個人認為跟大陸相比，房間稍微小了一點。隔音設施稍微有一點不太好。,0,1,0,0,0,0,0,3,0,0,0,0,3
位置鄰近臺北車站，交通方便。附近亦有大型商場及夜市，你無須再坐車外出亦可購物買手信及享受臺灣美食。,0,0,0,1,0,0,0,0,0,1,0,0,1
位置離京站超近，走路也可以到中山站。櫃檯人員的服務態度都很好。自助吧供應小餅乾飲料，晚上還有泡麵可以吃。,0,1,1,1,0,0,0,1,1,1,0,0,1
位置離北車很近！附近也很多機車停車格！浴缸很棒啦！出水量也很棒！第三次入住了還是很喜歡，未來還會繼續選擇這家飯店！,0,1,0,1,0,0,0,1,0,1,0,0,1
位置離臺北車站、捷運都很方便，房間乾淨又舒服，已住過兩次，若有出差北部，下次還會選擇這裡，退房時，平日時間請允許延遲退房，別一直催促，讓人覺得有些不舒服,1,0,1,1,0,0,1,0,3,1,0,0,1
位置離臺北車站步行大概十分鐘很方便，而且附近吃的很多。櫃臺人員講解服務都很用，也很有禮貌，這點真的給一個讚！房間設施設備簡單齊全，還有除濕機空氣清靜機、可以烘衣服很方便，有機會下次會再入住！,0,1,1,1,0,0,0,1,1,1,0,0,1
位置離臺北車站跟地下街都很近，附近吃的很多又有百貨公司可逛，有不錯的免治馬桶，房間不大但是桌子椅子沙發都有,0,1,0,1,0,0,0,1,0,1,0,0,1
位置離愛河相當近，房間整潔舒適，星期五入住單人房竟然兩千元有找，CP值相當不錯！,1,0,0,1,1,0,1,0,0,1,1,0,1
位置離捷運站很近、房間大小適中，非常乾淨，連走廊上都香香的，讓人心情很愉悅,1,1,0,1,0,0,1,1,0,1,0,0,1
位置離捷運站近，櫃檯人員服務態度很好，面帶笑容，房間乾淨，隔音很好，晚上有提供宵夜泡麵,1,1,1,1,0,0,1,1,1,1,0,0,1
位置離車站不遠，到的時間很晚但街上也還有吃的，離便利商店也近。房間設備不錯，床很大，有床邊插座很方便，浴室也大，有乾濕分離的淋浴間和泡澡的浴缸。,0,1,0,1,0,0,0,1,0,1,0,0,1
位置離車站遠，以及洗熱水澡時蓮蓬頭不斷發出刺耳怪聲，幾乎要耳鳴，太吵了請改善管線。,0,1,0,1,0,0,0,3,0,3,0,0,3
位置非常便捷，在臺北車站附近。24小時提供熱茶咖啡，酒店人員也挺好的。,0,0,1,1,0,0,0,0,1,1,0,0,1
位置非常好，住過一次之後就非常喜歡。但被子偏薄，這次入住時天氣比較涼，覺得厚度有點不夠，但如果還需要被子，應該也是能在與飯店索取。這次預訂四人房，房間床的大小也都很剛好。因為太喜歡，這次就直接訂了三晚，結果超級後悔，非常失望，住的太難受了。完全沒放鬆到。,0,1,0,1,0,0,0,3,0,1,0,0,3
位置非常好，在新光三越的旁邊，整體環境舒適，房間也算寬敞，衛浴設備整體都不錯,0,1,0,1,0,1,0,1,0,1,0,1,1
位置非常好，房間非常乾淨，辦理入住及退房好快。隔音稍微差一點。,1,1,1,1,0,0,1,3,1,1,0,0,1
位置非常好，捷運站一出來就到了，房間也很乾淨、整潔，晚上在櫃檯還有提供泡麵，可惜的是沒有供早餐，除此之外各方面CP值都很高。,1,0,1,1,1,0,1,0,2,1,1,0,1
位置非常好，服務人員親切有禮，房間明亮。入住兩晚，第一晚被安排在二樓面對馬路的房間，整晚被經過的車聲吵到無法入睡，到淩晨三、四點一樣的情況，窗戶完全沒有隔音效果。第二天上午跟櫃台反應後，直接換到九樓不面對馬路的房間。原本只想給一顆星評價，但因為處理得當，給予四顆星。下次有機會再入住會先要求避開面對馬路房間。,0,1,1,1,0,1,0,3,1,1,0,3,1
位置非常方便，也有免費停車，非常好，住了三晚。每天早餐菜色都有變化，很用心！,0,1,1,1,0,0,0,1,1,1,0,0,1
位置非常方便，離捷運站出口大約兩分鐘，離西門町也不到五分鐘而已，晚上逛累了很快就能回到飯店休息了。我訂的是無窗的雙床位房，房間蠻乾淨的，還有一個浴缸可泡澡，床軟硬適中。早餐非常多樣化，也好吃，水果非常甜，整個住宿感覺很不錯,1,1,1,1,0,0,1,1,1,1,0,0,1
位置非常方便！ 步行到車站或西門町都非常快捷，床也很大很舒服！,0,1,0,1,0,0,0,1,0,1,0,0,1
位置靠近臺北車站非常方便，住宿空間也十分的寬敞，其他設施體驗也非常良好喔。,0,1,0,1,0,0,0,1,0,1,0,0,1
位置靠近市中心，捷運和車站有點距離但是不算遠，房間空間大，乾淨清潔，前臺友善且效率高。,1,1,1,1,0,0,1,1,1,2,0,0,1
位處愛河畔赴西子灣、駁二特區等熱門景點都很方便，早餐美味多樣化。附贈飲料超值！與好友一同俯瞰愛河夜景，氣氛絕佳。,0,0,1,1,0,1,0,0,1,1,0,1,1
床頭燈不能關，門口的兩個電燈開關都沒有作用，浴室乾濕分離門的設計不太好，打開會往廁所門的方向而不是馬桶方向走出來,0,1,0,0,0,0,0,3,0,0,0,0,3
房間比?房還小，進門就上床，廁所還比較大。入房感覺房間不乾淨，廁所的毛巾是洗到爛了的，風筒像是玩具，太細吹乾頭髮也有困難。入住那天臺灣的天氣不到10度，但房間還開冷氣，不能自己調溫度。住了兩晚，每天都是冷醒的。房間太小，只能坐在床上用小臺面工作，連一張座椅也沒有。房間的網路基本上完全上不到網，速度超慢，無法工作。今時今日，根本不能接受。,0,1,0,0,0,0,0,3,0,0,0,0,3
客房人員有先來電告知我們住的是無障礙房間，沒有浴缸，很貼心。,0,1,1,0,0,0,0,3,1,0,0,0,1
地點很好，房間乾淨、服務人員態度也很好，下次如果有機會再來會考慮選擇！,1,0,1,1,0,0,1,0,1,1,0,0,1
早餐體驗了一樓跟四樓，都很豐盛且很有水準。飯店附近有多條捷運線，走路八分鐘就到。很方便。四人房房間很寬敞，明亮，讚！房間往外看就可以看到捷運，是優點，但缺點很吵。老飯店，但員工很有禮貌。有地下停車場，位置多。很棒。,0,1,1,1,0,1,0,1,1,1,0,3,1
住兩晚都睡的非常好，員工接待非常好也能即時解決我們遇到的問題，推薦住宿！,1,0,1,0,0,0,1,0,1,0,0,0,1
住三人房有小空間可以想事情，不會因為燈光影響睡眠品質，我先下樓寄放行李，媽媽帶兒子下樓用餐，房門沒關好，服務人員馬上提醒，很棒！優，素食豆腐爽口，喜歡彩繪主題風格。,0,1,1,0,0,1,0,1,1,0,0,1,1
第一晚不知道是哪間房間一直在處理水龍頭的問題，持續兩個小時，很吵。第三晚隔壁的客人半夜聊天到1點多，也很吵。總結是隔音效果不是很好！第三晚的冷氣超級冷，房間的關起來了還是很冷，應該是有中央空調,0,1,0,0,0,1,0,3,0,0,0,3,3
含浴缸的房間，落地窗設計不夠隱密，泡澡的時候窗簾得完全拉下，這點設計不夠貼心。,0,1,0,0,0,0,0,3,0,0,0,0,3
房內燈光太少，會覺得有點暗。機車停車位不足，希望能增加機車停車位。,0,1,0,0,0,0,0,3,0,0,0,0,3
隔壁房客講話很大聲，凌晨大聲講話、尖叫、開關門，雖然和櫃檯反應，也只安靜約十分鐘，然後一直大聲講話，而且聽得很清楚，住這裡很多次，第一次遇到這樣的情況，感受很不好。,0,0,0,0,0,1,0,0,0,0,0,3,3
7樓房間網路時有時不穩定，櫃台派人過來修理，沒有解決問題。福華飯店住宿不便宜，期待能有更好的設備服務，謝謝,0,1,1,0,0,0,0,3,3,0,0,0,3
預訂時要過一次信用卡、入住也要刷一次信用卡、退房又刷一次信用卡。流程好麻煩！,0,0,1,0,0,0,0,0,3,0,0,0,3
住三天，第二天有房間整理服務，很舒服！第一天進房發現冷氣、電燈都已開啟，房間內的味道很好，而且床與枕頭都很舒服，交通位置很方便,1,1,1,1,0,0,1,1,1,1,0,0,1
住三樓，每次都要先搭到五樓，再走一小段繞去搭三樓的電梯往下，確實有一些麻煩，沒飯店專屬的電梯上5樓，巔峰時期會等比較久,0,1,0,0,0,0,0,3,0,0,0,0,3
住了兩天，有房客自私的在房間裡抽煙，中央空調的缺點就是整層都在吸自私鬼的二手煙，破壞了此次CP值極高的旅程。,0,0,0,0,1,1,0,0,0,0,1,3,3
住了3晚，第二天晚上開始水龍頭斷斷續續、出來的水還是濁的，無法洗漱,0,1,0,0,0,0,0,3,0,0,0,0,3
之前住的感覺都很優，這次卻很失望！房間櫃子發現有遺留未丟棄的潤滑液，通報服務人員，人員道歉並贈送一組淋浴間就有提供的沐浴組，我無法理解用意為何。覺得飯店應該有更積極的服務來挽回客戶的信心。,1,0,1,0,0,0,3,0,3,0,0,0,3
服務人員都很客氣，清潔人員都整理得非常好，樓下麵包坊麵包必吃，喜歡散步的人，旁邊就是愛河,1,0,1,1,0,0,1,0,1,1,0,0,1
住了三個晚上，每天早上早餐菜色種類都差不多，沒什麼變化，希望能多變化一些,0,0,1,0,0,0,0,0,3,0,0,0,3
住了三天，早餐有點簡單及每天都一模一樣，並且訂住宿時還不能選擇吃或者不吃。,0,0,1,0,0,0,0,0,3,0,0,0,3
住了三晚，每天都會有人來保潔整理，衛生間很寬敞，早餐的品種也豐富。,1,1,1,0,0,0,1,1,1,0,0,0,1
住了三次，這一次感受最差，剛好隔壁家庭旅遊，容易因為隔音不好而覺得有點吵。另外網路常常訊號不好，用電腦處理事情容易效率不佳,0,1,0,0,0,1,0,3,0,0,0,3,3
住了五晚，浴室沐浴乳都沒有補充，到後面沒了還要留字條給房務人員才補,0,0,1,0,0,0,0,0,3,0,0,0,3
住了好幾次 ，有一兩次房間內不斷有奇怪的機器聲，吵得難以入睡,0,1,0,0,0,0,0,3,0,0,0,0,3
住了好幾次，但每間房間的浴室的門都無法關緊，洗完澡水都會留到廁所那邊，小可惜～,0,1,0,0,0,0,0,3,0,0,0,0,3
住了好幾次，整體感覺都很好。離北車也不遠，交通方便。房間乾淨，隔音不差。櫃台服務人員也都很熱心，CP值超高,1,1,1,1,1,0,1,1,1,1,1,0,1
住了好幾次了，喜歡環境的整潔，地點也非常方便，價格也很經濟！,1,0,0,1,1,0,1,0,0,1,1,0,1
住了幾次，整體都不錯，也很舒適，交通相當便利，唯一可以挑剔大概就是隔音不太好,1,1,0,1,0,0,1,3,0,1,0,0,1
住了幾次，這次住進去，有煙味，雖然我知道應該有盡力去除和噴香水之類的，但感覺很差。電燈按鈕毀損，按壓都怕會壞掉。,1,1,0,0,0,0,3,3,0,0,0,0,3
住了很多次交通方便生活便利，蠻建議可以常來住。希望有機會住高樓層一點！,0,0,0,1,0,0,0,0,0,1,0,0,1
住了很多次，最恐怖就在這次，淩晨2、3點還聽到小孩的吵鬧聲，跑來跑去還在笑！不僅如此還聽到水聲，不知道是水管問題還是什麼，然後我們住的房間還不是連號，感覺就很毛…我跟男友都覺得奇怪，有點黑人問號。,0,0,0,0,0,1,0,0,0,0,0,3,3
住了快十次，算是常客。雖然喜歡這裡的高品質服務，但價錢每次都不一樣，週末價差令人怯步。,0,0,1,0,1,0,0,0,1,0,3,0,3
房型沒有含早餐，而且房內的網路更是慢到不行，房間的裝潢也沒有很豪華，甚至天花板離地板窄到很有壓迫感，著實讓人很失望，非常不推，CP值很低。,0,1,1,0,1,0,0,3,3,0,3,0,3
空間很不符合使用習慣，邊桌設計位置很奇怪，位在電視機正下方，因為邊桌又小，放筆電工作連螢幕都會撞到上面的電視機。早餐跟櫃台的服務人員態度很差，一直沒改進。希望水果可以加蓋，這樣比較衛生，畢竟現在還是有疫情考量。床單竟然有紅色的印記，好像是上一次床單留下來，洗不掉的。,1,1,1,0,0,0,3,3,3,0,0,0,3
住兩晚，價格適中，飯店很乾淨也舒適，下午時段還有附簡簡單單的零食點心，早上也有附早餐，還有住的當天人少，有被升等,1,0,1,0,1,0,1,0,1,0,1,0,1
住兩晚，沒和櫃台說也沒在門口貼要求清潔的告示，但晚上一回房，就發現已清潔過了，有點錯愕。,0,0,1,0,0,0,0,0,3,0,0,0,3
住兩晚兩晚房間都有蚊子，牙刷也沒更換，還要我們自己打電話請他送來。這樣的價錢，我寧願住別家飯店。,1,0,1,0,1,0,3,0,3,0,3,0,3
一直有別的房間蹦蹦蹦的開門關門聲，反應之後櫃檯是冷處理，只說是其他房客的問題。整個晚上不知道被嚇醒多少次，根本睡不好。買東西回來，房間門打不開，是磁卡的問題，櫃檯人員卻責怪我們。之前住過幾遍都算是很開心，但這次住宿體驗真的蠻差的。,0,1,1,0,0,1,0,3,3,0,0,3,3
床頭的位置是隔壁衛浴間的水管連接處，深夜隔壁一洗澡，我的房間就像是在下大雨的聲音，唏哩嘩啦！隔音真的不太好！,0,1,0,0,0,1,0,3,0,0,0,3,3
住在九樓，可是房間不知道為什麼會有廚房的油煙味，尤其是走廊的冷氣出風口很明顯。,1,0,0,0,0,0,3,0,0,0,0,0,3
住在向街道的低層，有車的噪音，但不算嚴重。離捷運稍有點距離，走累了只能叫計程車。淋浴間很小，一舉手就碰到玻璃。,0,1,0,1,0,0,0,3,0,3,0,0,3
住在頂樓加蓋的地方。餐廳有老鼠。熱水要等10分鐘。辦理入住時還說這是升等房，騙人的吧？,1,1,1,0,0,0,3,3,3,0,0,0,3
開關無中控，需一個一個去開啟。插座少，電子產品充電不易。疫情期間不開放泳池、健身房，請務必提早通知房客。,0,1,1,0,0,0,0,3,3,0,0,0,3
遙控器使用一半當機，維修人員速度即時。 床組整體舒服,0,1,1,0,0,0,0,1,1,0,0,0,1
自費享用飯店晚餐吃到飽，結果折扣還比隔壁桌來慶生的少，有點失望。,0,0,0,0,0,1,0,0,0,0,0,3,3
床的軟硬度很剛好，空間大行李非常好打開擺放，房內環境給人很安穩休息的氣氛。不會聽到有人開關門走路等的聲音，隔音方面做得還不錯。離西門町捷運超級近，出口離飯店門口不到一分鐘就到了。離西門町商圈也近。房間的沙發坐起來很舒服，電視非常大，開關也很簡單。,0,1,0,1,0,1,0,1,0,1,0,1,1
住宿上一切都很舒適，房間整潔度很棒，服務人員態度佳，是值得再入住的飯店,1,0,1,0,0,0,1,0,1,0,0,0,1
住宿二晚，早餐菜色很好、唯二天的變化不大，不過還是要給個讚！！,0,0,1,0,0,0,0,0,1,0,0,0,1
住宿人員很親切，提早到飯店，原本只是要寄放行李，但說可以提早進房間，很開心！打掃人員有來房間消毒，讓人安心，飯店距離臺北車站近又方便，房間乾淨又安靜，住了兩天，第一天浴室無廁所腳踏墊，但第二天就補上了，很貼心,1,0,1,1,0,0,1,0,1,1,0,0,1
住宿位子好，服務員態度也好，乾淨又舒服，最好的是價格很合理。,1,0,1,1,1,0,1,0,1,1,1,0,1
住宿位於北車中心，京站旁邊，位置很好。服務員會主動詢問是否要整理房間，服務優良。住宿有提供點心、飲料與泡麵，很貼心。性價比很高。,0,0,1,1,1,0,0,0,1,1,1,0,1
住宿位置便利，有零食與點心，咖啡機微波爐可以使用，但是停車相當不方便，非常建議來玩住宿者搭火車捷運或是巴士，因為離臺北轉運站很近。,0,1,1,1,0,0,0,3,1,1,0,0,1
住宿位置感覺離高雄車站更近一點，住宿的地方附近吃的也很多，整體而言很方便。房間乾淨而且也不會擁擠，服務人員態度也都很好有問題處理速度也很快,1,1,1,1,0,0,1,1,1,1,0,0,1
住宿位置極佳， 交通超級方便， 附近餐廳也多， 到任何景點都很方便 ！,0,0,0,1,0,0,0,0,0,1,0,0,1
住宿位置超方便，在這邊已經入住超過10次了，非常適合商務洽公，接待人員也非常溫和有禮,0,0,1,1,0,0,0,0,1,1,0,0,1
住宿位置鄰近臺北車站及西門町，房間大又舒適，價格便宜，物超所值,1,1,0,1,1,0,1,1,0,1,1,0,1
住宿位置離愛河近，員工及服務人員都很主動也很熱情招待，內部的整潔也很乾淨,1,0,1,1,0,0,1,0,1,1,0,0,1
住宿位置離火車站一小段路，但早餐很不錯。房間乾淨舒適，隔音並沒有非常差。,1,1,1,1,0,0,1,2,1,1,0,0,1
住宿位置非常好，火車站出來走五分鐘內到。房間的隔音也很棒，本來擔心房間在電梯附近可能會被其他旅客吵醒，但是非常安靜一覺到天亮。,0,1,0,1,0,0,0,1,0,1,0,0,1
住宿內部格局動線很亂，缺乏明確指引。電梯設施很不方便，通往一樓的電梯候時也很久，若外出頻繁者會感到非常不方便；房間隔音不好，雖為大樓型旅館，但停車場須自行另外付費。,0,1,1,0,0,0,0,3,3,0,0,0,3
住宿前詢問是否可以退房當天將車暫停到晚上再取車，聯絡人員告知可以詢問櫃檯提出要求；實際入住後櫃台人員告知退房後1小時內要把車開走。通常這種等級的飯店都會有此服務，或一開始就表明沒有也可以，這樣前後不一，導致行程受到影響，提醒開車前往的旅客要注意。 房間隔音很不佳，住在12樓還是可以聽到馬路噪音以及房外的交談或經過的聲音。,0,1,1,0,0,0,0,3,3,0,0,0,3
住宿地點一直都是我們最好的需求也是最佳的地點，只隔一條馬路就可以到達美麗的愛河，晚上沒事就可以就近在愛河旁散散， 也有餐點飲料可以吃吃喝喝，是我和老公的首選,0,0,1,1,0,0,0,0,1,1,0,0,1
住宿地點不錯，有停車場，早餐不錯吃！服務人員服務態度也不錯！,0,1,1,1,0,0,0,1,1,1,0,0,1
住宿地點交通方便，離火車站近走路就可以到！環境還不錯！超推！,0,0,0,1,0,1,0,0,1,0,0,1,1
住宿地點位在愛河邊很適合晚上在河邊散步，逛市集，對面鹽埕區也有許多美食，離駁二不遠走路可達,0,0,0,1,0,0,0,0,0,1,0,0,1
住宿地點位於北市交通中心，非常便利，房間乾淨整潔，服務人員態度親切,1,0,1,1,0,0,1,0,1,1,0,0,1
住宿地點位置不錯，房內設備還算新，有免費泡麵，餅乾，含糖飲料吃到飽。,0,1,1,1,0,0,0,1,1,1,0,0,1
住宿地點位置佳，早餐很好吃也很豐富，房間內很整潔。但房間燈光稍顯昏暗，其他都非常棒。,1,1,1,1,0,0,1,3,1,1,0,0,1
住宿地點佳，西門町附近，百貨商場林立走路幾分鐘就到了，房間乾淨整潔，床鋪舒適，入住體驗很讚,1,1,0,1,0,0,1,1,0,1,0,0,1
住宿地點十分方便就在北車旁邊，附近有很多美食小吃、飲料店、便利商店，房間及衛浴也都十分乾淨整潔，枕頭蠻好睡的,1,1,0,1,0,0,1,1,0,1,0,0,1
住宿地點周遭很多商店，員工服務不錯，晚上還有泡麵跟餅乾，床很舒服，還有很多很多部電影可以免費看，非常舒適的環境，會想再來住！,1,1,1,1,0,0,1,1,1,1,0,0,1
住宿地點在台中火車站附近很棒。櫃台人員服務很好。一樓大廳有飲品可飲用，還有簡易微波設備很方便。因疫情關係早餐改用套餐式的，內容多樣也好吃。房間有小客廳能吃東西跟休息，很少見。下次有來台中，是首選旅店！！,0,1,1,1,0,0,0,1,1,1,0,0,1
住宿地點在捷運附近，很方便，早餐也好吃。下次再去北部也要住同一家。很乾?舒適，床型很大。服務人員，親切有禮，價錢也合理。,1,1,1,1,1,0,1,1,1,1,1,0,1
住宿地點在西門捷運站外，但離西門中心有一點點距離，所以不會很吵，但又離西門中心很近，這個地點很優秀！備品中有準備潤絲精跟乳液，很貼心！很少飯店旅館會附潤髮乳！伴侶說空調溫度很優秀，不會讓人覺得太冷。交通超便利，價格在連假期間也是很合理的，去同棟的火鍋吃飯憑房卡還能打九折！,0,1,0,1,1,0,0,1,0,1,1,0,1
住宿地點就在臺北車站旁，位於首都樞紐地帶，價位便宜，且房間清潔整齊，臺北住宿首選。,1,0,0,1,1,0,1,0,0,1,1,0,1
住宿地點就在愛河旁，散步、跑步都很棒！輕鬆自在地欣賞愛河美景。,0,0,0,1,0,0,0,0,0,1,0,0,1
住宿地點就在西門捷運站出口一走出來的對面，超方便！晚上宵夜時段在櫃檯提供泡麵供旅客取用，還有24小時可取用的咖啡機，房間內有小餅乾，很親民！,0,1,1,1,0,0,0,1,1,1,0,0,1
住宿地點很不錯！站前地下街走到底就到了。房間空間很寬敞、乾淨。內部裝潢讓人看了很舒適，同時隔音也不算太差。,1,1,0,1,0,0,1,1,0,1,0,0,1
住宿地點很便利，就在台中火車站附近。早餐菜色多樣，中西式皆有，口味都不錯。,0,0,1,1,0,0,0,0,1,1,0,0,1
住宿地點很好，離車站超級近，房間隔音很好，電視還有很多藍光的電影。浴室大而且還有浴缸，熱水很強。三人房還有一個特別的讀書小間，非常適合放行李等。最棒的是有免費自助洗衣，烤完肉的衣服馬上洗一洗就比較沒有味道了。早餐也蠻不錯的，有新鮮的生菜。,0,1,1,1,0,0,0,1,1,1,0,0,1
住宿地點很好，靠近臺北車站，步行大約10分鐘。原本要求有窗戶的房型，但因為不是氣密窗，櫃檯人員有協助換房間。這次住房給的是10樓無窗的房型，但天花板挑高，沒有像6樓那樣的壓迫，房間內的燈光也充足，住起來很舒服,1,1,1,1,0,0,1,1,1,1,0,0,1
馬路的噪音非常吵，感謝櫃檯人員幫忙換房間。房間內燈光明亮，睡得很舒服,1,1,1,1,0,0,1,1,1,3,0,0,1
住宿地點很方便，但指示可以更清晰，害我們走錯地方了。早餐雖然很多款式，但都不合心意，吃了一天就放棄了。,0,0,1,1,0,0,0,0,3,1,0,0,3
訂購時向酒店要求了安靜的房間，很滿意，很舒適。清潔房間的員工很友善。,1,0,1,0,0,0,1,0,1,0,0,0,1
住宿地點很方便，離站前麥當勞走路五分鐘，周圍環境機能性高，有什麼需要走出去就可以買到了。附近很安靜，不會吵。房間的設備應有盡有，空間也夠大，可以攤開大行李箱。另外一個大優點是浴室水柱很強，也很快就有熱水，對我而言洗澡很痛快！,0,1,0,1,0,0,0,1,0,1,0,0,1
住宿地點很方便，飯店很舒適，早餐居然還可吃牛排，接送人員服務很親切。,1,0,1,1,0,0,1,0,1,1,0,0,1
住宿地點很棒，房間空間非常大很舒適，櫃台接待很熱情也很有耐心,1,1,1,1,0,0,1,1,1,1,0,0,1
住宿地點很棒，近捷運站，鄰近西門商圈，附近很多景點。入住時被升等為雙床房型，有驚喜感。,0,0,1,1,0,0,0,0,1,1,0,0,1
住宿地點很棒，離北車僅有約10分鐘路程，而附近也有許多小吃可購買，因此宵夜也不需擔心。此外飯店服務人員也很友善，房間有問題也是立即地幫我們處理，客房清潔服務也是很棒。,0,0,1,1,0,0,0,0,1,1,0,0,1
住宿地點很讚，走到捷運站不用3分鐘，櫃檯的服務人員態度都很好，有問題都能夠解答，超棒的～,0,0,1,1,0,0,0,0,1,1,0,0,1
住宿地點方便，離捷運站出口僅2分鐘，房間雖然不大但是利用設計讓空間不至於太過壓迫，整體住宿感覺很舒適。,1,1,0,1,0,0,1,1,0,1,0,0,1
住宿地點方便、員工親切，重點房間乾淨，床鋪、枕頭都非常舒適。早餐用餐環境很棒，一早迎接陽光且享用美味早餐,1,1,1,1,0,0,1,1,1,1,0,0,1
住宿地點方便就在西門町旁，自助式早餐選擇不多但不錯吃，服務人員介紹清楚服務態度佳，熱水很足很舒服,0,1,1,1,0,0,0,1,1,1,0,0,1
住宿地點極佳、如停車場沒有位置，停在公有停車格，將繳費單提供給飯店，飯店會代繳,0,0,1,1,0,0,0,0,1,1,0,0,1
住宿地點極好，就在愛河旁邊，從房間就可以看到鰲龍，離愛之船乘船處很近。,0,0,0,1,0,0,0,0,0,1,0,0,1
住宿地點相當相當方便，離捷運站很近，又是臺北車站旁邊，以後還會去住！,0,0,0,1,0,0,0,0,0,1,0,0,1
住宿地點算不錯，離車站也算近的，走一段路也很快就到西門町～便利性很高！,0,0,0,1,0,0,0,0,0,1,0,0,1
住宿地點緊臨愛河，但鬧中取靜，附近有便利商店買東西很方便，而且離輕軌車站也很近,0,0,0,1,0,0,0,0,0,1,0,0,1
住宿地點臨近臺北車站，交通很便利。飯店大廳有咖啡機可自行操作，可免費使用洗衣機和烘乾機這點很棒。,0,1,0,1,0,0,0,1,0,1,0,0,1
住宿地點蠻好的、熱水足夠、又有免費咖啡能喝、服務人員服務也很棒,0,1,1,1,0,0,0,1,1,1,0,0,1
住宿地點超讚，緊鄰西門町與捷運站，吃喝玩樂不會構成問題，旁邊就是中山堂與地下停車場，可以溜小孩停車也方便。,0,0,0,1,0,0,0,0,0,1,0,0,1
住宿地點距離火車站很近且交通便利；早餐有多樣化選擇，環境舒適，服務人員親切和善。,1,0,1,1,0,0,1,0,1,1,0,0,1
住宿地點跟臺北車站、捷運站和機場捷運都很近，附近也有足夠的超商和飲食也很方便。,0,0,0,1,0,0,0,0,0,1,0,0,1
住宿地點適中，床很大、環境乾淨舒適，員工服務態度很親切。雖然專屬停車場不大，但如果遇到客滿需停到收費停車格，飯店會吸收停車費。,1,1,1,1,0,0,1,1,1,1,0,0,1
住宿地點適中，樓下小吃多，離臺北車站走路不用10分鐘，浴室乾濕分離，蓮蓬頭水量大。,0,1,0,1,0,0,0,1,0,1,0,0,1
住宿地點鄰近捷運！飯店乾淨整潔，且員工態度佳！非常適合城市之旅,1,0,1,1,0,0,1,0,1,1,0,0,1
住宿地點附近生活機能都很方便，如從北車過來走地下道離飯店較近，但沒有電梯直達飯店，如有大型行李較不方便。,0,1,0,1,0,0,0,3,0,1,0,0,1
住宿地點離臺北車站很近，走平面道路五分鐘可以抵達北車，走地下街可以沿路逛過去。晚上附近蠻多吃的，走路五分鐘的範圍有串烤、麥當勞，旅館的旁邊就是超商。旅館大廳有提供蘋果電腦可以供旅客使用；有兩台自動販賣機，賣泡麵跟飲料；一間小小的健身房，至少有四種健身器材。,0,1,0,1,0,0,0,1,0,1,0,0,1
住宿地點離臺北車站很近，附近很熱鬧。大夜班的男生服務員，服務態度不錯。,0,0,1,1,0,0,0,0,1,1,0,0,1
住宿地點離愛河很近，夜晚及清晨都很適合散步，接待服務人員也很親切，下次還會想再來住,0,0,1,1,0,0,0,0,1,1,0,0,1
住宿地點離捷運站要走一段路，不過附近就有共享自行車可以使用，所以很方便。櫃台和房務人員的服務和態度都很好。很幸運入住期間早餐已恢復自助式，選擇算豐富也好吃。整體環境很乾淨，客房浴缸超舒適。,1,1,1,1,0,0,1,1,1,1,0,0,1
住宿地點離火車站很近，走路即可抵達。窩心的是，當月壽星還可以收到生日卡片,0,0,1,1,0,0,0,0,1,1,0,0,1
住宿地點離車站很近很方便，公共空間與設施很舒適，櫃台人員親切接客，有種回到家的感覺，房間內的清潔也很棒！,1,1,1,1,0,0,1,1,1,1,0,0,1
住宿地點非常優，出去旁就是熱鬧的西門町，購物、用餐、欣賞周邊街頭藝人及紅樓都非常方便。放下行李後搭捷運也非常方便也可到處旅遊。飯店內有提供健身房也很棒。,0,1,0,1,0,0,0,1,0,1,0,0,1
住宿地點非常好，可以看到愛河景色，交通也方便，早餐非常豐盛！,0,0,1,1,0,0,0,0,1,1,0,0,1
住宿地點非常好，門口出來就有捷運站，離臺北車站僅一站的距離，離板橋站僅三站的距離，就算是要去桃園等外縣市都非常快速，地點沒話說！早餐就更好了！中西式自助早餐選擇多、份量多、食材非常新鮮美味，每次都吃得很滿足。有些其他評價很高的飯店的早餐都沒這間好吃。值得早一點起床享用~喜歡飯店的浴缸，可以泡澡~非常讚！總機服務人員態度親和有禮，讓人捨不得生氣。,0,1,1,1,0,0,0,1,1,1,0,0,1
住宿地點非常方便，公用設施齊全，有洗衣機、烘衣機、簡易廚具、電腦與影印服務,0,1,0,1,0,0,0,1,0,1,0,0,1
住宿地點非常方便，行政套房的窗戶視野極佳，床鋪相當舒服，內部非常整潔。,1,1,0,1,0,0,1,1,0,1,0,0,1
住宿地點非常棒，飯店附近的飲食、交通機能都非常便利。入住當天較晚抵達，一出電梯發現辦理入住大排長龍，即使面對那麼多客人，櫃檯人員依舊非常專業且親切有禮，幫我們升等至四人房並提供延退真的很感謝～房間清潔度也很棒，床睡起來很舒適，性價比超高！推薦！,1,1,1,1,1,0,1,1,1,1,1,0,1
住宿地點非常滿意，距離愛河不到一分鐘，周邊蠻多景點及小吃點是可以遊晃的，飯店裡面則是乾淨整潔，床的軟硬程度適中。,1,1,0,1,0,0,1,1,0,1,0,0,1
住宿地點非常的方便，離臺北車站也近，進入房間時覺得格局不錯且物超所值。,0,1,0,1,1,0,0,1,0,1,1,0,1
住宿很舒服！ 房間走道都有優雅芳香味很放鬆， 床很舒服~ 飯店離愛河很近，景觀很好！ 傍晚跟早上直接走下去散步很方便！,1,1,0,1,0,0,1,1,0,1,0,0,1
住宿房間清潔度不錯，早餐也尚可。飯店位置也不錯，離火車站及西門町都不遠,1,0,1,1,0,0,1,0,1,1,0,0,1
住宿房間非常舒適、寬敞、清潔，房間內從吹風機、晚安水、廁所除臭噴霧、舒適的室內拖鞋等等，每個細節都讓人覺得非常滿意。早餐雖不是自助餐式，但餐點分量很是充足且美味。貼心的點心吧！讓突然想吃點小東西的旅客也能不離開飯店就隨時有點心可以品嘗。服務人員也都非常的熱心且親切，真的是很棒的一次住宿經驗！,1,1,1,0,0,0,1,1,1,0,0,0,1
住宿提供的是騎樓的三個停車位，當然無法預約，採先到先得制度。希望之後可以有多一些停車位或是有一些折抵停車費的方案也是很不錯的。,0,1,0,0,0,0,0,2,0,0,0,0,2
住宿整體感覺很不錯，床很大很舒服，早餐也很好，CP值很優，會推薦朋友家人來這,0,1,1,0,1,1,0,1,1,0,1,1,1
住宿整體優良沒話說，環境整潔、服務親和，小朋友入住還準備了小朋友的盥洗用品及牙刷，這點很值得讚賞。,1,1,1,0,0,1,1,1,1,0,0,1,1
住宿方給的第一間房：黴味超級重，讓人想吐！反應後給了換房，但整晚沒睡，因為房間實在太不行了！個人極不推薦這家，個人感受真的很差！在疫情下也覺得房價過高！CP值低！,1,1,0,0,1,0,3,3,0,0,3,0,3
住宿旅客眾多，早餐時可見一斑，惟新冠防疫期間，仍比鄰而坐，雖有工作人員一旁查看，旅客仍不免有侃侃而談的現象，令人擔憂,0,0,1,0,0,1,0,0,1,0,0,3,3
住宿時有備註入住人數，但牙刷組及室內拖只有大人的，沒提供小孩的。 這細節需要多加強。謝謝。,0,0,1,0,0,0,0,0,3,0,0,0,3
住宿時房間有撞擊聲音，影響睡眠，似乎在施工，造成房間一直有像地震的震動！,0,1,0,0,0,1,0,3,0,0,0,3,3
住宿時有一人為身心障礙人士，當初訂飯店時我們並未註明，辦理入住時服務的小姐告知我們訂的房間對坐輪椅人士可能較難進出，主動幫忙升級成較大的房間，讓我們很感動，真的很貼心。,0,0,1,0,0,0,0,0,1,0,0,0,1
提供彈性的住宿時間，有考慮到住客的需求，很棒。對于較長時間在外的住客，可選十二小時的住宿方案，CP值很高,0,0,1,0,1,0,0,0,1,0,1,0,1
住宿期間小朋友不小心打破一個杯子，告知飯店人員時，人員優先關心小朋友有沒有受傷，很貼心！,0,0,1,0,0,0,0,0,1,0,0,0,1
住宿期間碰到鄰近房間住了缺乏公德心的人，早早晚晚不管任何時段，門口老是堆放著大小不一的垃圾。不但影響其他房客進出，視覺上也令人極度不悅。錯雖不在旅店，但旅店方似乎欠缺糾正這類行為的道德勇氣,0,0,1,0,0,1,0,0,3,0,0,3,3
住宿沒有附早餐。但是地下一樓有附茶飲還有小點心。整體來說還算滿意,0,0,1,0,0,0,0,0,2,0,0,0,1
住宿無合作停車場，附近不好停車。詢問員工附近是否有合作或者比較近的停車場，回覆客人的態度感覺不太好,0,0,1,1,0,0,0,0,3,3,0,0,3
住宿現在價格很殺，希望這價格能一直保持，健身房雖小，但設備一流,0,1,0,0,1,0,0,1,0,0,1,0,1
房間的住宿環境不錯，地理位置佳，人員很親切。但是他們的工作時間很長，太辛苦了，必需給他們掌聲~,0,1,1,1,0,0,0,1,1,1,0,0,1
服務很好，唯一有瑕疵的地方就是晚上睡覺時，其他客房在使用衛浴設備的水聲非常大，會影響睡眠,0,0,1,0,0,1,0,0,1,0,0,3,1
住宿環境舒服，早餐好吃，已經住好幾次了，臨時要換兩張單人床的房型也迅速協助更換,0,0,1,0,0,1,0,0,1,0,0,1,1
住宿環境良好，離愛河很近，晚上很適合在愛河邊散步，房間舒適，唯一不足的就是早餐，跟想像中的有些微落差，但整體來說還是很舒適的住宿,1,0,1,1,0,0,1,0,3,1,0,0,1
住宿環境都很不錯， 櫃檯接洽人員態度也很好，唯有小小建議就是洗澡的水壓小了點，溫度高點水就很小。,0,1,1,0,0,1,0,3,1,0,0,1,1
住宿環境非常乾淨，服務人員態度親切，整體飯店設計感良好，一樓的設施也很完善，房內用品一應俱全。,1,1,1,0,0,0,1,1,1,0,0,0,1
住宿的人很多，所以入住跟退房都排一段時間，不過服務人員很專業，是能夠諒解的,0,0,1,0,0,1,0,0,1,0,0,3,1
住宿的前一天先聯絡飯店的兩位小姐，她們非常熱誠有耐心幫忙解答一下住宿的問題。非常感謝！,0,0,1,0,0,0,0,0,1,0,0,0,1
住宿的地方隔音比較差，夜間能聽到外邊的空調聲音，早間也能聽到外邊有人走動。建議住高樓層。,0,1,0,0,0,0,0,3,0,0,0,0,3
住宿的地點很方便，床很好睡，浴室水壓超強洗澡很舒服，週間入住非常超值。上個月剛入住過，這次很安靜，超級滿意。,0,1,0,1,1,0,0,1,0,1,1,0,1
住宿的房間滿舒適的。隔天要吃早餐時，因用餐人數太多，我們不希望在樓下等太久。服務人員很貼心，願意先幫我們登記，快輪到我們時打到房間通知我們下樓。唯一缺點是電話太小聲，沒接到櫃台打的電話。,1,1,1,0,0,0,1,3,1,0,0,0,1
住宿的過程辦理各項事宜都非常迅速，且提出需服務的項目也都很快完成。非常棒,0,0,1,0,0,0,0,0,1,0,0,0,1
晚餐臨時想在二樓粵菜聽吃飯，下午提前在一樓預約了，當晚現場完全沒有留資料就算了，入內後餐廳服務員，愛理不理，態度讓人很不舒服，粵菜餐廳真的很不推，餐點好吃但口味偏重,0,0,1,0,0,0,0,0,3,0,0,0,3
住宿的房間很舒適，地點方便，提供的設施也很方便，人員也很親切。,1,1,1,1,0,0,1,1,1,1,0,0,1
住宿升降機經常客滿搭不到，如不是住五樓，再要經過酒店大堂到酒店另一邊盡頭， 再轉乘另一部升降機才可到達，總路程亦不近；枕頭太高， 不可能平躺睡覺， 同行小朋友亦用不到，只能側身睡；應提供厚度較薄的枕頭，方便睡眠習慣不同的人,0,1,0,0,0,0,0,3,0,0,0,0,3
住宿送免費早餐非常經濟實惠，住宿位置也非常好離捷運站近、對面就是西門町商圈,0,0,0,1,1,0,0,0,0,1,1,0,1
住宿過後腿上有被?蟲咬的痕跡，房間地毯與被單枕頭什麼的可以定期消個毒,1,0,0,0,0,0,3,0,0,0,0,0,3
住宿部分，價格有物超所值，相較之下對於海鮮餐廳不太滿意，因為預約程序複雜，服務人員態度讓人感覺不夠專業,0,0,1,0,1,0,0,0,3,0,3,0,3
住宿附近有小型商圈，餐館、小吃店很多，用餐方便！且飯店幫我們升等四人房，舒適清潔。,1,0,1,1,0,0,1,0,1,1,0,0,1
住宿隔天剛好過生日，飯店人員貼心準備蛋糕和卡片。退房時的留言建議，員工也馬上打電話確認需要改進的地方，是間重視客人的旅店。,0,0,1,0,0,0,0,0,1,0,0,0,1
住宿隔音極差，聽得到走廊上人講話的內容，因為我住電梯附近，我都聽得到電梯的廣播，房間位置不但手機網路跑不動，連飯店提供的網路也跑不動,0,1,0,0,0,0,0,3,0,0,0,0,3
住宿離台大醫院站出口很近，交通方便。櫃檯人員親切有禮貌，地下一樓餐廳提供24小時的零食泡麵，早上還有免費的麵包可填飽肚子。房間乾淨整潔，盥洗用品齊全，性價比高值得推薦,1,1,1,1,1,0,1,1,1,1,1,0,1
住宿離捷運站出口很近，在西門町十分好逛，飯店內裝潢得不錯，溫馨舒適，走廊都有香氛的味道聞起來很舒服，服務人員也都親切有禮，本來是訂兩張單人床房間，到房間才發現是升級房型了變成兩張雙人床，住起來很舒適，床鋪也很舒服，有浴缸很讚！,1,1,1,1,0,0,1,1,1,1,0,0,1
住宿離西門町出口非常近，樓下機能也很方便，出來就可以逛西門，住宿價格很吸引我，房間床算很好睡，下次會再住宿,0,1,0,1,1,0,0,1,0,1,1,0,1
住很多次了，但這次房間廁所的門設計的很差，關門時人會卡到。,0,1,0,0,0,0,0,3,0,0,0,0,3
住戶水準低，淩晨一兩點還在放任小孩跑來跑去，造成極大困擾，反應三次還是不改。,0,0,0,0,0,1,0,0,0,0,0,3,3
住房內贈送的瓶裝水上灰塵相當多，另外浴室內拉門有明顯的血跡，在反應後換了同樓層另一間房，但在淩晨時馬桶沒水。,1,1,0,0,0,0,3,3,0,0,0,0,3
房間安靜，應該是因?隔音不錯。飯店周圍也不嘈雜，還可以看到夜景。服務人員態度佳。,0,1,1,1,0,0,0,1,1,1,0,0,1
住房的隔音設備有待加強，鏡子會直接照到床鋪的人，睡醒的時候會被嚇到。,0,1,0,0,0,0,0,3,0,0,0,0,3
住房硬體設備都符合我們的期待且舒適，包含床的軟硬度及浴室。客房的服務也非常棒，我們需要的咖啡和水都能及時補充。客房準備的小點心禮物也很棒每天都有一份，比大部分的飯店入住一次送一份大方很多,0,1,1,0,0,0,0,1,1,0,0,0,1
住房第一間有嚴重煙味，但反應後有適當處置，結果另人滿意～停車位不多，到晚上幾乎沒有車位，要找鄰近停車格停，停在公費停車格的話，飯店可全額代繳，私人停車?則無～,1,1,1,0,0,0,3,2,1,0,0,0,1
住所附近停車位真的是碰運氣 ，電視的收訊似乎不太穩定，都會斷斷續續的,0,1,0,1,0,0,0,3,0,2,0,0,3
住的地方有電梯，而且附近都有吃早飯的地方和便利店，還有麵包店，很方便。而且有認真打掃衛生,1,1,0,1,0,0,1,1,0,1,0,0,1
住的房間像是無障礙的房型，但浴廁洗手台水龍頭冷水出水量很小，溫熱水的出水量反而很大，馬桶沖水要持續按壓，容易沖不乾淨！,0,1,0,0,0,0,0,3,0,0,0,0,3
住的是單人雙床間，房間小了點，床硬了點，不是獨立筒，浴室比較小，而且上廁所時膝蓋就貼著牆壁，不是很方便。,0,1,0,0,0,0,0,3,0,0,0,0,3
住的是家庭房型，浴室的淋浴間玻璃沒有霧化，就算是家人依然是男女有別。隱私上有很大的困擾！,0,1,0,0,0,0,0,3,0,0,0,0,3
住的是最高級的城市套房。清潔度不佳，房內許多灰塵，衣櫃及房內均有嚴重的異味。,1,0,0,0,0,0,3,0,0,0,0,0,3
住的相當舒適、房間的餅乾好吃、咖啡茶不錯、浴室很新穎。 早餐不錯。,1,1,1,0,0,0,1,1,1,0,0,0,1
住的隔音設備比較沒有那麼好 ，主要樓上還有在施作工程 ，所以都還會聽到電鑽等等聲響 。,0,1,0,0,0,1,0,3,0,0,0,3,3
住過大概五次了， 這次是最不滿意的一次，酒店只有16樓，但是卻把我們安排在加蓋的17樓，沒電梯到達，房間小，廁所小，而且格局也很奇怪。完全沒辦法和以前入住時比較。和前臺反應了還是無法解決，太失望了，不再入住了。,0,1,1,0,0,0,0,3,3,0,0,0,3
住這裡比住家裡的時間還長，這裡的一切都十分便利，無論是交通或美食，且房價比背包客還親民。商務客的好選擇。沒有煙味，房內清潔。,1,0,0,1,1,0,1,0,0,1,1,0,1
住這麼多次，都知道隔音沒有很優秀，但昨晚11點在房裡聽歌，被別房敲門，覺得太誇張了，覺得我吵，可以反應給櫃台 而不是來敲房門吧！我都聽的到隔壁的一直講電話，我要去敲門嗎？,0,1,0,0,0,1,0,3,0,0,0,3,3
住進去才知道是商業大樓改建的旅館，房間跟房間之間居然沒有牆壁而是一片木板，而且因為玻璃落地窗的弧度而有縫隙，沒有密合，導致隔音極差，根本就沒隔音的感覺！像在野外露營，隔壁聊天放屁咳嗽聽得一清二楚，連著三天都無法好好休息，半夜打給櫃台櫃檯有做處理，但已經被吵醒實在很慘。真的不會再來了。,0,1,1,0,0,1,0,3,2,0,0,3,3
住過2人房沒問題，這次住的3人房有發黴味很嚴重，反應客服好像也無法改善。,1,0,1,0,0,0,3,0,3,0,0,0,3
住過好多遍，這次房型雖然有浴缸但浴室設計問題很大，洗完澡浴缸外面全部都是水，好幾次差點滑倒，浴室問題能改善的話其他都很好，看是不是能有乾濕隔離的措施，加油,0,1,0,0,0,0,0,3,0,0,0,0,3
住過至少3次，但之前還沒這麼明顯感受，這次住了五晚發現隔音很糟，客人進出關門超大聲，整晚都被吵，房間還會聽到像是樓層夾層機器運轉的間歇性尖銳噪音，一直被嚇到,0,1,0,0,0,1,0,3,0,0,0,3,3
住過還想再住的飯店之一！第二次住還是覺得服務很好，很滿意。,0,0,1,0,0,0,0,0,1,0,0,0,1
使用早餐時，早餐部的員工，會很有禮貌很客氣的每一桌詢問提醒客人供餐到十點為止，但是距離靠得太近，非常擔心服務生說話時的口水，會噴到客人餐盤上，希望可以改進。,0,0,1,0,0,0,0,0,3,0,0,0,3
使用電子入住退房固然方便，但是系統的彈性太小。這是一家會讓人想再回來住的飯店，只是令我感到不方便的是，回覆訂房訊息問答的速度太慢，超過一天沒回，到現場也彷彿這個問題訊息沒出現過一樣，這是我第一次遇到有飯店有這樣的狀況。另外，現場人員服務態度固然良好，但是整體變通性太低，導致她們無法在第一時間滿足顧客臨時的改變需求,0,0,1,0,0,1,0,0,3,0,0,3,3
使用電子式入住，非常麻煩，還要邊問客服邊自己操作機台，有夠麻煩，統編還要退房時才跟櫃台人員說才處理,0,0,1,0,0,0,0,0,3,0,0,0,3
來住了好幾次，幾乎都是出差，交通上還算是方便，附近吃的東西蠻多可以選擇。服務人員態度很好，這也是我會持續來這裡的原因,0,0,1,1,0,0,0,0,1,1,0,0,1
來住過幾次，覺得價格便宜，這是第二次突然被告知免費升級房間，，尤其當天人很多，排隊排很長還能被升級，感覺很好。,0,0,1,0,1,0,0,0,1,0,1,0,1
來住過很多次，就已經離不開了。雖然這次有小小的不滿意，但是還會是忠實顧客，有朋友問我喜歡住哪，我也都是大力推薦這家飯店！,0,0,0,0,0,0,0,0,0,0,0,0,3
來臺北都住這家旅店，小孩很喜歡，客房舒適且乾淨，飯店周遭環境清幽，服務人員很和善,1,0,1,1,0,0,1,0,1,1,0,0,1
供應的爆米花已經見底了，到隔天早上也不見有人補，零食大部分都是甜食，比較少其他口味。房間空間很小，不像照片那麼大，覺得有點壓迫感。女同事房間的杯子上還有口紅印，男同事床上有很長的頭髮，房間是暗色系的佈置，也看不出來乾淨程度。,1,1,1,0,0,0,3,3,3,0,0,0,3
便宜、地點很好、房間裝潢新，下次來臺北還會選擇來這邊，沒遇到隔音的問題，只有電視收訊怪怪的但不影響，服務人員很親切也熱心解決問題。,0,1,1,1,1,0,0,1,1,1,1,0,1
便宜、舒適、乾淨。廁所隔音差，有人用廁所時，水聲會吵到房間裡的人。,1,1,0,0,1,0,1,3,0,1,0,0,1
便宜且河景非常美！清潔人員態度非常好，服務人員也不錯。備品都很肯給，非常有誠意。停車跟電梯很多台，出入很方便。網路很穩。,0,1,1,1,1,0,0,1,1,1,1,0,1
便宜，適合家庭或出差！非假日期間很划算！在臺北鬧區交通非常方便！不過開車的話沒停車位，中山堂停車沒有頂封需要自行衡量！,0,1,0,1,1,0,0,2,0,1,1,0,1
個人喜歡有支撐度的床，房裡的床不至於太軟，睡起來很舒適，地點很好，臨近百貨，附近吃的很方便，交通也相當便利,0,1,0,1,0,0,0,1,0,1,0,0,1
個人而言，我喜歡輕食，可說滿意，因時間有限，坐計程車，跑了壽山，西子灣等看夜景，回來遊愛河，泡個熱水澡，還睡得滿好的。逛六和觀光夜市，也碰到大陸團，覺得有回籠一些。,1,0,1,1,0,1,1,0,1,1,0,2,1
借個開瓶器，櫃檯職員竟要求拿到櫃檯前由他去開，有點不可思議，又不是什麼貴重物件,0,0,1,0,0,0,0,0,3,0,0,0,3
假日或節日期間，停車位嚴重不足。連周邊停車位都一位難求，早餐變化有點少，且需要等到15分鐘才有位置,0,1,1,0,0,0,0,3,3,0,0,0,3
假日早餐人潮過於擁擠， 餐廳空間明顯不足， 等待用餐時間過長，雖然也有開放中餐廳選擇， 但願意移至中餐廳的不多,0,1,1,0,0,1,0,3,3,0,0,3,3
偕老帶幼旅行，衛生間夠大，酒店地點超級方便，不論是到機場，還是到市內各個方向，出門走個5分鐘就到二二八公園，每天早上帶娃跟媽媽來溜溜，呼吸一下新鮮空氣，超級好，背靠西門町，夜晚可以出去逛吃和買買買，酒店每天早晨限量提供免費三明治和泡面，對於帶娃帶老人來玩的實在很方便，同時還有供娃玩樂的地方，有效解決了小娃吵鬧問題。總之性價比超級高，地理位置超優越，房間大小也合適，很滿意，下次來還會選擇的旅店,0,1,1,1,1,0,0,1,1,1,1,0,1
停車不便，因地處單向道路多，須繞路找停車位，停車費自付，停車場無電梯設計，帶小孩有推車的不建議停；進大門無障礙斜坡過陡；浴室門無施作擋水條，洗澡水會流出。,0,1,0,0,0,0,0,3,0,0,0,0,3
停車不便，附近停車區太少也無停車補貼，窗戶遮罩無有效遮蔽，造成一大早日照使房內過亮，隔音部分不太好,0,1,0,0,0,0,0,3,0,0,0,0,3
停車不太方便，一下子就滿了，要自己找車位，還有限定一定要路邊停車格才可以補助。房間整潔還行，但是格局不太大,1,1,0,0,0,0,2,3,0,0,0,0,3
停車不方便， 前臺安排停車人員的應對讓人覺得不是很舒服。 並非不禮貌， 但覺得不是完全站在客戶的立場去作業。 飯店停車位有限， 安排上更應考慮周全， 應對人員最好也對停車相關環境有概念些會比較好。,0,1,1,0,0,0,0,3,3,0,0,0,3
停車不方便，酒店本身的停車位太少！附近更一位難求。,0,1,0,0,0,0,0,3,0,0,0,0,3
停車人員很盡責，當停車場客滿時，能很快速把停車問題解決，並親自把車鑰匙送至房間，房務李小姐很親切，知道我用自來水泡茶後，立即幫更換泡茶用水和杯子，很不好意思還害她燙到手。就個人感覺飯店內每位房務和服務人員都同樣貼心，麵包坊紅豆抹茶生土司很棒，鳳梨酥也值得推薦，是很好的伴手禮。下次有南下會再進住。這離愛河很近，夜晚愛河散步或搭愛之船遊河很方便。,0,0,1,1,0,0,0,0,1,1,0,0,1
停車位不夠，強迫接駁或代客趴車。早餐位子不夠，強迫排隊等待，甚至是被逼移至不優的二樓餐廳。,0,1,1,0,0,0,0,3,3,0,0,0,3
停車位不足，附近飯店多，外邊停車位難找。知道房間浴室為透明玻璃有窗簾，但沒想到窗簾是半透的，導致洗澡上廁所有些不便,0,1,0,0,0,0,0,3,0,0,0,0,3
停車位不足，入住這天剛好碰到好日子，飯店很多喜宴，外出用餐後回來沒有停車位了，所以將車停在飯店的第二停車場。離飯店有點遠，但至少有接駁車接送,0,1,1,0,0,1,0,3,1,0,0,3,3
停車位不足，雖然路邊停車所產生的費用會幫忙處理，但是找不到停車位很煩,0,1,1,0,0,0,0,3,2,0,0,0,3
停車位不足，需停在5分鐘車程外立體停車場。取車需要靠接駁車。車停好之後就會打消開車出門吃飯的想法。前台無法承受客滿的人潮，排隊的隊伍很長。,0,1,1,0,0,0,0,3,3,0,0,0,3
飯店內停車位不足，外面的公共停車位又太貴，兩天要價三百元；早餐太差，三明治明顯放過久，薯條發酸！,0,1,1,0,0,0,0,3,3,0,0,0,3
停車位只有門口三個，附近也沒有停車場，停車格也幾乎都滿，開車來會要花很多時間找車位,0,1,0,0,0,0,0,3,0,0,0,0,3
停車位實在太少了，雖然有特約停車場，但來回要坐接駁車有點不方便，且停車場永遠都看不到服務人員，只好先自己付費再到櫃台退費，說實話是蠻浪費時間的；來往的住客或用餐的客人較多，電梯沒有防疫控管，有一點不安心。,0,1,1,0,0,0,0,3,3,0,0,0,3
停車位少及車位太小，容易碰到隔壁車門。親子房浴室是透明玻璃隔間及薄薄半透的窗簾，私密不足，床及枕頭偏硬,0,1,0,0,0,0,0,3,0,0,0,0,3
停車位數量不足，開車族要自行找停車處，距離最近的捷運站也要走一段路，算是美中不足之處。,0,1,0,1,0,0,0,3,0,3,0,0,3
停車位有點少，建議找周圍的停車格停。幸好停車費用由飯店吸收，但有金額限制。若有腳踏車租借更好,0,1,1,0,0,0,0,3,2,0,0,0,3
停車位極少，開車去，門口只提供兩個免費車位，沒有合作停車場，超難停車。其餘設備及人員都還不錯。,0,1,1,0,0,0,0,3,1,0,0,0,2
停車位滿了需停在外面較遠的停車場，還要坐接駁車，稱為五星級飯店，卻沒有足夠的停車位讓旅客能夠有賓至如歸的感受。,0,1,0,0,0,0,0,3,0,0,0,0,3
停車位真的少，晚上回來還只能暫停飯店門口，沒有自助洗衣有點可惜,0,1,0,0,0,0,0,3,0,0,0,0,3
停車位置太少，所以停在外面。房間內的電視在頂上，抬頭看不太舒服,0,1,0,0,0,0,0,3,0,0,0,0,3
停車位較遠，位於台中火車站公有停車場，非飯店所有，較有安全顧慮,0,1,0,0,0,0,0,3,0,0,0,0,3
停車位過少。泡澡的磨石子浴缸真的很難用，出入不便，太過方正，泡澡時不舒適。,0,1,0,0,0,0,0,3,0,0,0,0,3
停車位雖然充足，但離飯店有一小段步行距離，這次兩天一夜行李少比較沒關係，不過如果行李多會有點困擾。房間偏小，幾乎沒有行李箱可以打開的空間，適合天數短的旅客。,0,1,0,0,0,0,0,3,0,0,0,0,3
停車問題，櫃台未明確告知讓我們在抵達時進入鄰近的嘟嘟房，下去繞一圈才發現全都是私車位，後來還得繳60元才能出場，櫃台人員也沒說清楚。房價也貴到不行，問其他入住的客人都比我便宜，頓時覺得自己像盤子。電梯又超慢，四五樓要上下都等到天荒地老，下樓用餐和退房都等到滿客電梯，最後只能扛著行李走老舊斑駁的樓梯下樓。,0,1,1,0,1,0,0,3,3,0,3,0,3
停車場，上來跟下來的車交會，因道路狹宰，有點可怕，如果有警示器或許比較安全一些？,0,1,0,0,0,0,0,3,0,0,0,0,3
停車場上大廳路線較複雜，這次入住，所有健身設施，游泳池，三溫暖很遺憾皆無開放使用！,0,1,0,0,0,0,0,3,0,0,0,0,3
停車場不夠住宿的房客停，警衛態度不是很好，安排了一個出風口的位置，一開門車內東西都被吹得亂七八糟，建議不要開車前往,0,1,1,0,0,0,0,3,3,0,0,0,3
停車場不是每個樓層都有電梯，有帶小孩的會很麻煩，因為要搬嬰兒車、行李、抱小孩走樓梯，真的很累～,0,1,0,0,0,0,0,3,0,0,0,0,3
停車場出場時，車道是靠左側刷卡，若同時有車子下來，一來交會車不易，二來也可能發生危險。,0,1,0,0,0,0,0,3,0,0,0,0,3
停車場可以更新車牌辨識，出來的彎真的有點曲折。浴室磁磚可重新拋光，大部分都有點霧了。浴室花灑屬於亂噴型的，應該也是水垢阻塞而已。這個性價比，早餐也不能要求太高了。,0,1,1,0,1,0,0,3,3,0,3,0,3
停車場和電梯不是每層都有，第一次到的人，尤其有行李箱，會很麻煩。,0,1,0,0,0,0,0,3,0,0,0,0,3
停車場在外面稍不方便，若遇雨期會很麻煩，房間有點略小，枕頭太高,0,1,0,0,0,0,0,3,0,0,0,0,3
停車場大哥跟櫃台服務人員都相當親切，離愛河很近晚上很適合去散散步。飯店樓下也有一個共享自行車租借站，很方便。早餐現在是一人一份，可先點好也可外帶回房間，很方便,0,1,1,1,0,0,0,1,1,1,0,0,1
停車場太老舊，很難停，三溫暖要另外收費的規定，連員工也不知道，匪夷所思！,0,1,1,0,0,0,0,3,3,0,0,0,3
停車場很奇怪，如果有嬰兒推車又停到沒電梯的那層，會很麻煩，空中酒吧有點弱，兌換的飲料也很普通,0,1,1,0,0,0,0,3,3,0,0,0,3
停車場換新地方，更好停而且位置很多，中午退房時間足夠到睡飽再慢慢收行李,0,1,1,0,0,0,0,1,1,0,0,0,1
飯店離停車場有一小段距離，停車場裡面需要再規劃一下，機車後面的汽車停車格，基本上停不進去，我們已經是小型車，但還是進不去。可以的話，希望可以升級吹風機，選擇風量較強的,0,1,0,1,0,0,0,3,0,3,0,0,3
停車場有些區域需走樓梯，對攜有大型行李者較不友善，無自助洗衣機。,0,1,0,0,0,0,0,3,0,0,0,0,3
停車場有點小遠，需走路五分鐘。不過因為在火車站旁邊，也是免費提供的服務，所以無可厚非。,0,1,1,0,0,0,0,2,0,0,0,0,2
停車場的設計有點不合理，沒有每一層都有連結飯店的電梯，如果停到無電梯的樓層，還要大費周章的領著行李走一小段樓梯,0,1,0,0,0,0,0,3,0,0,0,0,3
停車場票卡出入口設計希望可以在更完善，如遇到出入口地方剛好要會車會較不方便。,0,1,0,0,0,0,0,3,0,0,0,0,3
停車場管理鬆散！只有一個出口進出都沒管制，昨天出停車場，迎面而來的車子很白目的開在車道中線，我車一閃，保險桿擦到牆壁，這完全是飯店管理的問題。若他們在中間車道放上交通錐這樣的路障，開車的人自然就會遵循了，說這是五星飯店，這就是台灣五星級的水準，還有接待的員工水準也有好有壞，我都懶得說了，我沒看過五星的接待員有這麼沒禮貌的。,0,1,1,0,0,0,0,3,3,0,0,0,3
停車場要自己找，雖然旁邊有地下室的，但不是特約停車場，但技術不好的要小心，收費有點小貴,0,1,0,0,0,1,0,3,0,0,0,3,3
停車場設有身心障礙者的車位就應該要給需要的人，而不是先搶先贏。看過去只有一台有證件，其他都沒有，反而有證件的要去旁邊停，電話也打過去也不給保留，車位不是設好看的，早餐如果能在多種選擇會更好。,0,1,1,0,0,0,0,3,3,0,0,0,3
停車場設計很奇特， 入口藏在意想不到的地方， 有些停車樓層無法直接搭電梯。,0,1,0,0,0,0,0,3,0,0,0,0,3
停車場走路三分鐘就到了，而且有附遙控器可以自由進出，附近很多吃的～不用擔心沒有東西吃，而且左前方也有百貨公司跟家樂福～因為疫情關係，入住還很貼心的送了酒精，退房當日是伴侶的生日，前一天晚上還送上了蛋糕，真的太感動！退房的當下還收到了問候信件，好旅店怎麼可以只去一次呢！電視有藍光電影可以看，而且頻道很多，不用擔心在旅店會無聊,0,1,1,1,0,0,0,1,1,1,0,0,1
停車場車道很小，有些停車樓層還無法直接搭電梯直達，必須要走樓梯下去，帶著行李很不方便。,0,1,0,0,0,0,0,3,0,0,0,0,3
停車場遠了點，要走很久才到。門口剛好是車站，附近也有公車站，來這裡還是坐車方便點，開車停車不方便,0,1,0,1,0,0,0,3,0,1,0,0,2
停車方便，位置很好，服務人員態度佳，早餐宵夜很棒。設備很好。,0,1,1,1,0,0,0,1,1,1,0,0,1
停車方便、早餐選擇多又好吃、中午退房很適合無法早起的人,0,1,1,0,0,0,0,1,1,0,0,0,1
停車方便、隔音好、床具品質也很夠，早餐也很棒，服務人員很讚，下次還會想再來,0,1,1,0,0,0,0,1,1,0,0,0,1
飯店位置很便利、還提供簡易宵夜、早餐，超貼心！價格非常便宜，隔音稍嫌不足，其餘都非常好！櫃檯人員非常和藹可親，忘記帶充電器，還提供免費租借服務！真的超棒的,0,1,1,1,1,0,0,3,1,1,1,0,1
停車方便而且還是免費的，早餐有提供素食餐，很讚，床還算好睡，剛剛好,0,1,1,0,0,0,0,1,1,0,0,0,1
停車樓層是夾層跟電梯不一致，如果不是停到剛好電梯樓層，要稍微要抬行李上下樓搭電梯去一樓大廳，帶孩子稍微不便，但幸好樓梯只有半層梯數。,0,1,0,0,0,0,0,3,0,0,0,0,3
停車的部分，希望能更快速 ，能線上方式預留位置，先停好車才到櫃檯，畢竟門口不好臨停,0,0,1,0,0,0,0,0,3,0,0,0,3
停車空間只有騎樓處供三台車停放，可以考慮在週邊設置特約停車場及接駁服務,0,1,0,0,0,0,0,3,0,0,0,0,3
停車空間嚴重不足，甚至要自己去外面找車位，也沒有提供停車費補償。至少去找附近的停車場合作特約吧？,0,1,1,0,0,0,0,3,3,0,0,0,3
停車行駛中莫名突然被拍車後叫停下來登記。吃個早餐等了半個小時還沒位置被迫一家人分開坐，才剛吃沒多久、餐食就已經收光光了。整晚一直聽到水管聲音、又夠吵死了，整晚都沒睡好。樓上一整晚在那邊跳跳跳、整個房間的畫都在震動，直到半夜2點多才沒聲音。以後不會再去了，還稱多少星級。,0,1,1,0,0,1,0,3,3,0,0,3,3
停車要靠運氣，所以不敢隨便開車出去，以免回來後沒有車位。因為服務櫃台說要加入會員才能使用2F空間，所以也就不方便去2F了。,0,1,1,0,0,0,0,3,2,0,0,0,3
停車費很貴，館內煙味很重，房間內也有點黴味，牆上有附著些許毛屑，?實在也該清理一下,1,0,0,0,1,0,3,0,0,0,3,0,3
停車超不方便，你們找的停車場超遠，價格也太高，冷氣一直都冷很慢，沒電風扇可借，已經反應多次冷氣冷很慢，早餐越來越差，我最後都吃外面的,0,1,1,0,1,0,0,3,3,0,3,0,3
停車超難停，是自助進去房間，櫃檯有人 ，但是服務人員態度非常差，我大概等了30分鐘不止，兩個小孩也在那裡鬧，已經等到都不耐煩了，完全不處理，訂房的日期訂錯天，訂錯到隔天，也不幫忙協助聯繫訂房網站的客服，第一開始客服聯繫不上，請他協助，他叫我自己聯繫，我跟他講日期已經提交更改到今天，他竟然跳針回覆我說已經按同意更改，但是系統明明就是顯示他拒絕，讓人真的很火大,0,1,1,0,0,0,0,3,3,0,0,0,3
健身房沒有五星水準，床是會晃的，他沒暖氣及送風??只有冷氣,0,1,0,0,0,0,0,3,0,0,0,0,3
健身房不能讓大童使用，也沒有在官網上公告。再來房間內冷氣運轉噪音頗大，有失五星飯店之水準。,0,1,1,0,0,0,0,3,3,0,0,0,3
健身房不開放建議先公告，以免顧客期待落空。另建議提供瓷杯或玻璃杯，紙杯很容易破掉，裝熱水時很容易燙傷,0,1,1,0,0,0,0,3,3,0,0,0,3
健身房和天臺說因為疫情沒開，但其實現在外面的健身房都開了…房間網路訊號很弱,0,1,0,0,0,0,0,3,0,0,0,0,3
健身房器材簡單，因為有提供免費咖啡，飲料跟點心，更顯得器材的不足，床太軟，床伴一翻身就被搖醒，無法一覺到天亮,0,1,1,0,0,0,0,3,1,0,0,0,3
健身房的燈光可以更明亮些，跑步機的跑帶要保養了，不然可能會造成使用者嚴重的受傷。幾乎每一台都有問題。,0,1,0,0,0,0,0,3,0,0,0,0,3
傍晚五點多到達，竟然還不能辦理入住，等待後入房還發現有未清理喝過的寶特瓶垃圾在廁所,1,0,1,0,0,0,0,0,3,0,0,0,3
備品齊全、床和枕頭都很好睡、浴室水壓夠、有手沖壺可以沖咖啡很貼心,0,1,0,0,0,0,0,1,0,0,0,0,1
僅告知有嬰兒隨行，一到飯店房間有嬰兒床、消毒鍋、澡盆等貼心用品，讓我們覺得很放心，有家的感覺,0,1,0,0,0,0,0,1,0,0,0,0,1
價位偏高，但是卻沒有配合外面停車場的優惠，倒不如去住便宜一點的飯店,0,0,0,0,1,1,0,0,0,0,3,3,3
價位和地點都無可挑剔。那些在評價哭天喊地的人，只能說你付不出配得上那種服務的金額吧！,0,0,0,1,1,1,0,0,0,1,1,3,1
價位平價，服務人員態度親切。旅館周邊很熱鬧，不怕沒東西逛，肚子餓了不怕沒有東西吃。枕頭雖然偏軟，但是也一夜好眠，住起來整體蠻舒適的。,1,1,1,1,1,0,1,1,1,1,1,0,1
價位很佛心，廁所乾淨通風，淋浴的水柱頗有力道，冷水轉換熱水很快，櫃檯人員態度親切。,1,1,1,0,1,0,1,1,1,0,1,0,1
價位而言CP值高；地點無敵，靠近臺北車站周邊跟西門町，吃的逛的都很多；設施來看，雙人床夠大、MOD可以看，桌子要臨時上網辦公也夠用，小冰箱可以冰飲料，整體設備滿足商務出差或旅遊需求。,0,1,0,1,1,0,0,1,0,1,1,0,1
價格CP值高，餐點好吃，我很訝異能吃到這種等級的早餐。房間大且舒適，電視還能看YouTube,1,1,1,0,1,0,1,1,1,0,1,0,1
價格不貴但是有健身房跟空中庭院可以使用、提早詢問能不能先放行李，結果房間已經收拾好了且也沒有多收錢，覺得開心,0,1,1,0,1,0,0,1,1,0,1,0,1
價格便宜 ，房間乾淨，離車站熱鬧的地方很近， 員工服務也很熱心，我下次還會再去住,1,0,1,1,1,0,1,0,1,1,1,0,1
價格便宜，應該有的設備也算齊全。周邊景點距離都不會太遠。住宿前可以先寄放行李。我們訂3人房，入住為4人房，且有窗戶。床不會太軟，支撐度夠。,0,1,1,1,1,0,0,1,1,1,1,0,1
價格便宜，房間風格設計都很美！環境也整潔，訂了兩張單人床，有兩台電視，泳池很乾淨，停車場也大，很好,1,1,0,0,1,0,1,1,0,0,1,0,1
價格便宜，是沒含早餐，不過早餐外面吃也可以。因為是老裝潢，水龍頭用旋轉得比較不便。,0,1,0,0,1,0,0,3,0,0,1,0,2
價格便宜，還包含早餐。下午到晚上都有點心可以吃，很棒。床很大很舒服。,0,1,1,0,1,0,0,1,1,0,1,0,1
價格便宜、交通位置很方便。走路五分鐘就到捷運站或火車站、附近很多吃的跟飲料店,0,0,0,1,1,0,0,0,0,1,1,0,1
價格便宜、位置佳、服務好，空間不能算大但室內配置非常好，整體品質算是非常好的。另有提供不少服務，雖然是自助的，但感受非常好，整體評價某些層面是可以跟五星級媲美的，絕對是我在臺北住宿的首選。,0,1,1,1,1,0,0,1,1,1,1,0,1
價格便宜。早餐是普通的自助餐。有投幣式洗衣機和烘乾機，洗衣粉要跟櫃台領取。床是兩張小合一大床，偏軟，床頭有多插座,0,1,1,0,1,0,0,1,2,0,1,0,1
價格便宜且飯店內部非常乾淨。尤其是有免費電影可以觀看。覺得很開心,1,1,0,0,1,0,1,1,0,0,1,0,1
價格便宜到不可思議，雖是冷門時段，但一間雙人房要價一千有找，房間空間大，明亮整潔，兩張單人床，格局非常滿意，竟然還有宵夜，早餐，下午茶可以取用，不得不說這家飯店真的佛心！,1,1,1,0,1,0,1,1,1,0,1,0,1
價格划算，環境舒適，設備齊全，還有不錯的早餐供應，值得再次入住~,1,1,1,0,1,0,1,1,1,0,1,0,1
價格合理，住起來沒有不適，離北車滿近，附近有很多店家，也有便利商店跟麥當勞。,1,0,0,1,1,0,1,0,0,1,1,0,1
價格在臺北車站這位置非常便宜，房間空間也不算太小。枕頭數量非常充足，軟硬度也剛好。前臺服務人員態度很好，雖然訂房出現問題，她們都很用心解決問題，非常有禮貌。,0,1,1,0,1,0,0,1,1,0,1,0,1
價格實惠，乾淨整潔。離車站步行約10分鐘，對於要搭乘火車去各地的旅客非常方便。,1,0,0,1,1,0,1,0,0,1,1,0,1
價格實惠，服務親切，位置佳，早餐很優，謝謝餐廳王先生的體貼服務！,0,0,1,1,1,0,0,0,1,1,1,0,1
價格很便宜，地點也很棒，離火車站近，從捷運站出口走出來約3分鐘！附近吃的也很多！步行到西門町約15分鐘,0,0,0,1,1,0,0,0,0,1,1,0,1
價格很便宜、地點方便、床也算舒服、有免治馬桶，還附了四瓶免費礦泉水！,0,1,1,1,1,0,0,1,1,1,1,0,1
價格很划算，性價比很高，周遭飲食餐飲十分方便，也有很多的景點可以參訪,0,0,0,1,1,0,0,0,0,1,1,0,1
價格的確很便宜，但可能知道是一個女生住，就給了我一個感覺很久已經沒有住過人的房間，灰塵都堆好幾層，而且看得出來就沒什麼在打掃。安排的房間是在角落邊間，廁所裡面燈壞了一個也沒處理，壁紙都壞掉了，睡的都覺得恐怖??,1,1,1,0,1,0,3,3,3,0,1,0,3
價格相當優惠，而且免費升等至豪華雙人房，床超大，床和枕頭睡起來都相當舒服，而早餐像是自助餐，有蠻多選擇的，比原預想的食物要多很多，聽說晚上也有宵夜可以吃，但我們沒有下去地下室吃。,0,1,1,0,1,0,0,1,1,0,1,0,1
價格真的很便宜，還附簡易晚餐還有早餐，有去高雄這裡應該是首選,0,0,1,0,1,0,0,0,1,0,1,0,1
價格親民，還附早餐，不過要的話要提早預訂，越到要住宿的日期價格越高,0,0,0,0,1,0,0,0,0,0,1,0,1
價格還是很便宜，交通也很方便，附近有超商，生活機能尚可，長住旅客也有洗衣機烘衣機可以使用，只是因為長期使用的關係，烘衣機性能有稍微下降,0,1,0,1,1,0,0,3,0,1,1,0,1
價格部份真的是很優惠，原先訂房時看了很多這間的評價，有人說有跳蚤、有怪味道等等，但是我實際到了房間，仔細檢查了房間跟床上，整潔度都很不錯，也沒有怪味道,1,0,0,0,1,0,1,0,0,0,1,0,1
價格非常便宜，CP值極高，櫃台人員很親切。電視清晰且能看的台非常多選擇，清潔人員打掃乾淨且快速，用品補充整齊，浴室有平臺能放東西，很多飯店洗澡時東西都不知道要放哪裡,1,1,1,0,1,0,1,1,1,0,1,0,1
價格非常便宜，房間也很乾淨，步行至車站10分鐘內，非常物超所值,1,0,0,1,1,0,1,0,0,1,1,0,1
價格非常實惠，訂單人雙床直接給升級雙人雙床，整體非常新，也很高級，但價格卻很便宜，員工們都非常親切，沒什麼好挑剔的地方,0,1,1,0,1,0,0,1,1,0,1,0,1
價錢上非常滿意，以豪華雙人房來說，地理位置也很棒！早餐非常豐富、晚上還有宵夜！吃飽飯、洗完澡，樓下酒吧還有酒可以喝！！超讚,0,0,1,1,1,0,0,0,1,1,1,0,1
價錢不貴，地理位置神讚，雙床房空間大到可以折返跑，冷氣夠冷，旁邊有百貨地下街可以逛，樓下有全家可以買，櫃檯也有補給品,0,1,0,1,1,0,0,1,0,1,1,0,1
價錢便宜！早餐吃自助餐！剛好又遇到冬至，飯店早餐很貼心的準備了湯圓。離地鐵超近！！,0,0,1,1,1,0,0,0,1,1,1,0,1
價錢實在太實惠了！一樓咖啡廳下午茶飲料和晚餐餐點真的很便宜也很好吃，早上早餐的選擇也很豐富。房間床很好睡枕頭高度也剛剛好。大廳設計很棒，停車場位置也很多，非常超值的飯店。,0,1,1,0,1,0,0,1,1,0,1,0,1
價錢便宜，地點很方便，出西門站就是了。員工服務非常好非常有禮貌，有什麼問題都很樂意立刻幫忙，,0,0,1,1,1,0,0,0,1,1,1,0,1
價錢很甜，飯店位置很好，窗戶直接打開是漂亮的河景，而且愛之漁的碼頭停靠站就在門口，飯店內傢俱設備都很貼心 應有盡有，雖然不是最時髦的，但是休息一晚已經很足夠,0,1,0,1,1,0,0,1,0,1,1,0,1
價錢提升了，但整體的服務水準下降了！早餐的種類少了。房間偏小，空調的控制不人性化。,0,1,1,0,1,0,0,3,3,0,3,0,3
價錢經濟實惠；每層樓層都有特別的牆畫設計來劃分不同的主題，裝潢得很有趣及心思。 房間亦尚算舒適乾淨。,1,1,0,0,1,0,1,1,0,0,1,0,1
優秀有乾溼分離的浴室，是空調而不是一般的冷氣，此外隔音佳，入房時還有贈送小餅乾，平實的價格，極佳的體驗,0,1,1,0,1,0,0,1,1,0,1,0,1
優質親切有禮的櫃台服務人員、房務人員將房間整理的很乾淨、房間迷你吧有膠囊咖啡機可使用。所有備品及冰箱裡的果汁汽水免費取用，早餐豐盛採套餐供應也能再加點餐點，優質飯店下次到高雄能會再入住。,1,1,1,0,0,0,1,1,1,0,0,0,1
整體裝潢營造很用心，房卡美麗還附明信片。大廳休息區提供免費零食、爆米花、泡麵和奶茶非常大方。早餐亦於大廳飲食區免費提供。房間小物皆有有趣的名字，富有巧思。,0,1,1,0,0,1,0,1,1,0,0,1,1
備品棉花是紙軸的，還有附護髮乳，廁所為乾溼分離，吹風機也不需要一直按著才能吹頭髮，晚上十點開始有免費泡麵可以吃，電視有電影可以看，早餐可以前一天晚上代訂，還有櫃台人員親切充滿笑容的招呼，種種細節讓人有賓至如歸的感受，且離臺北轉運站走路少於五分鐘，很棒的一間旅店。,0,1,1,1,0,0,0,1,1,1,0,0,1
地板為防火材質地毯，因房客大多直接穿鞋踩踏進去，地毯比較有衛生上的疑慮，若是木質地板就太好了。一般房型的浴室洗澡空間有些小。,1,1,0,0,0,0,3,3,0,0,0,0,3
"有桌子很實用，但只有一張椅子。浴缸的水龍頭出水量有點太小，注水要等很久。
房間太舒適，懶得出去逛了",1,1,0,0,0,0,1,3,0,0,0,0,2
兒童遊玩區不錯，下雨天孩子也玩的很開心，小食品孩子很喜歡，適合帶孩子一起住,0,1,1,0,0,0,0,1,1,0,0,0,1
先前住宿感覺都不錯，惟近兩次入住皆發現房間內垃圾桶有垃圾未倒，浴室使用過的毛巾未收走，還掛在浴室門上。第一次請樓下櫃檯上來整理，第二次請櫃檯直接換房間。只能說房務要加油。但隔音效果不錯。,1,1,1,0,0,0,3,1,3,0,0,0,3
這次入住隔音相當差，隔壁罵小孩，走廊半夜講電話聲都聽得到，若隔音再加強回頭率會更高,0,1,0,0,0,1,0,3,0,0,0,3,3
服務員先生很貼心的關心問候。讓我們感覺很溫暖。已經住很多次了。謝謝您,0,0,1,0,0,0,0,0,1,0,0,0,1
免治馬桶的烘乾功能，效果似乎不大。除非你願意坐久一些，可能會好點吧。只是我沒去試試。,0,1,0,0,0,0,0,2,0,0,0,0,2
免費吧台有很多飲料，漂亮的泳池，豐盛的早餐，很棒不會太甜又好吃的伴手禮，房間有免費飲料，有膠囊咖啡很加分，房間舒適度超棒，所有都很好,1,1,1,0,0,0,1,1,1,0,0,0,1
得到免費升級很開心，房間大。設施新。有免費車位及早餐。員工服務有水準,0,1,1,0,0,0,0,1,1,0,0,0,1
免費任飲任食的這個真的很好！雖然房間不大，但近在鬧市區，去哪裡都方便！和家人朋友在用餐或休息區聚在一起聊聊天也很不錯！,0,1,1,1,0,0,0,1,1,1,0,0,1
免費停車，雖然疫情但早餐很用心，每天都有變化，豐富多元！很棒！,0,1,1,0,0,0,0,1,1,0,0,0,1
免費升等成國賓套房！四套浴巾、毛巾。免費飲料券，早餐擔仔麵不錯吃！,0,0,1,0,0,0,0,0,1,0,0,0,1
免費升等房間，免費的餅乾、糖果、飲料機24小時供應，氣氛悠閒，環境舒適，房間視覺棒，浴缸超大,1,1,1,0,0,1,1,1,1,0,0,1,1
免費升等雙床房，住宿環境乾淨舒適，床軟硬適中，服務人員態度良好且有禮，大廳有供應熱茶及咖啡,1,1,1,0,0,0,1,1,1,0,0,0,1
免費升等體驗到行政房，房間還不錯。天氣還有點涼，喝到熱的奶茶覺得開心，不知道夏天會不會提供冰的呢。,0,1,1,0,0,0,0,1,1,0,0,0,1
免費升級成三人房。地點很好，就在北門。從車站走路約10分鐘。可以寄放行李。整體來說，CP值很高,0,0,1,1,1,0,0,0,1,1,1,0,1
免費平面停車?！早餐有三個餐廳可以選擇，我們選四樓西式早餐，還不錯。,0,1,1,0,0,0,0,1,1,0,0,0,1
免費提供給客人的飲料吧和小零食。客房外的走廊有一股好聞的味道。房間內的氛圍很讓人安心，即使一個人來也住很舒適。,1,0,1,0,0,1,1,0,1,0,0,1,1
免費洗衣、免費泡麵、免費茶點，冰箱可以寄放食物，櫃檯態度佳，房間有鏡子，房間很美，淋浴間跟廁間分開,0,1,1,0,0,0,0,1,1,0,0,0,1
免費的洗烘衣服服務，簡單的點心吧，宵夜時間有泡麵，飯店位置很好，對外隔音不錯，房內有浴缸、免費餅乾,0,1,1,1,0,0,0,1,1,1,0,0,1
免費的自助吧，有泡麵、餅乾、飲料咖啡免費提供，是很棒的服務！,0,0,1,0,0,0,0,0,1,0,0,0,1
免費自助早餐，款式也蠻多的，很夠意思，就算沒了，廚房也補的很快！房間床很大！,0,1,1,0,0,0,0,1,1,0,0,0,1
免費茶飲和咖啡非常不好喝，如果是誠意招待住宿客，請有一定的水準。否則就不要有這項服務，減分太多！,0,0,1,0,0,0,0,0,3,0,0,0,3
免費藍光電影很棒，早餐也很好吃，餐廳服務人員服務很好，我想吃奇異果但已被拿光了，還會主動問何時退房，第二天幫我預留一盤，很貼心,0,1,1,0,0,0,0,1,1,0,0,0,1
免費零售吧台超棒，地點也很好，步行或搭捷運都方便，櫃檯都能協助解決問題,0,1,1,1,0,0,0,1,1,1,0,0,1
免費高鐵接駁。櫃台辦理入住服務。免費點心服務。客房舒適度佳以及床很柔軟。離瑞豐夜市近。,1,1,1,1,0,0,1,1,1,1,0,0,1
免費升級了VIP大床房，房間比之前的大，另外還有沙發；無償洗衣烘乾自助服務,0,1,1,0,0,0,0,1,1,0,0,0,1
免費升級了兩張大床房，空間挺大，一層大廳提供24小時免費吐司和咖啡，離捷運臺北車站、北門站距離差不多，步行10分鐘左右。,0,1,1,1,0,0,0,1,1,2,0,0,1
兒童備品齊全，嬰兒床，消毒鍋，澡盆，兒童灌洗用具，太棒了，飯店接送高鐵，服務人員態度和早餐都很優秀,0,1,1,0,0,0,0,1,1,0,0,0,1
兒童室有孩童使用時太吵了。如果父母要看著，可以請他們在室內、把門關上，否則其他人很難對話。,0,0,0,0,0,1,0,0,0,0,0,3,3
兒童遊戲區不小，還有免費無限取用的飲料、零食和泡麵，深得小孩的心。,0,1,1,0,0,0,0,1,1,0,0,0,1
兒童遊戲室、食堂的空間規劃很棒！24小時無限供應零食、泡麵。,0,1,1,0,0,0,0,1,1,0,0,0,1
入、退房快速，工作人員積極，房間整潔度良好， 早餐種類多樣，還有附宵夜，簡單的粥、醬菜，很暖胃,1,0,1,0,0,0,1,0,1,0,0,0,1
入住真的非常享受，房間軟硬體設備齊全 ， 無微不至的貼心服務，CP值破表了啦，超級無敵推薦,0,1,1,0,1,0,0,1,1,0,1,0,1
入住的房間天花板竟然漏水，換了房間之後又換到有煙味的空間，不過很謝謝員工有協助換房！,1,1,1,0,0,0,3,3,1,0,0,0,3
入住多次了，一如既往的高水準，尤其是工作人員，從櫃檯到清潔都很貼心親切有禮，退房當天還能寄放行李整天，並且嚴格限制客人不能進出，保障行李安全,1,0,1,0,0,0,1,0,1,0,0,0,1
入住三樓，然後樓下在施工鑽牆，明知道施工會影響住宿體驗，怎?還可以讓客人入住？投訴後才幫忙換房，但入住時間卻沒延長,0,0,1,0,0,1,0,0,3,0,0,3,3
入住四人房型，插座太鬆了！這是這次唯一最有意見的地方，常常充不到電，需要找能通電的插座大家搶著用。枕頭有點兒軟。,0,1,0,0,0,0,0,3,0,0,0,0,3
浴室洗澡是一大享受，水壓夠溫度恆溫，尤其是沐浴乳洗髮乳是黏牆式非小袋裝，這點我很喜歡。床夠大張。,0,1,0,0,0,0,0,1,0,0,0,0,1
入住三人房，免費升級四人房，住宿品質不錯。床跟枕頭都很舒服。服務人員也很熱心。,0,1,1,0,0,0,0,1,1,0,0,0,1
入住三人房，覺得椅子數量不夠，沒地方坐。吹風機在浴室輪流吹較不方便。但整體而言，CP值還是很高，符合入住大部分的需求。,0,1,0,0,1,0,0,3,0,0,1,0,1
入住了兩天相當乾淨舒適，有附早餐跟點心，櫃檯人員專業細心親近，地理位置很好，離火車站、捷運站不會很遠，後面的公園還有自行車可以借，很方便，附近的早市有很多吃的、飲料店也很多，推薦入住,1,0,1,1,0,0,1,0,1,1,0,0,1
入住兩個人都要登記證件很麻煩，別的飯店都只登記一個人而已，因為我們只有一個人帶，差點入住不了。,0,0,1,0,0,0,0,0,3,0,0,0,3
入住兩夜，門外沒有掛上清潔人員打掃的牌子卻自己入內整理，家人感覺怪怪的，雖然很感謝幫我們整理的人員，但還是感覺不太好。,0,0,1,0,0,0,0,0,3,0,0,0,3
入住兩夜，隔天清潔人員有來清理房間，更換浴巾，整理床單，晚上回來看到心情愉悅,1,0,0,0,0,0,1,0,0,0,0,0,1
入住兩晚，早晨只有稍微聽到旅客要離開的聲音，大致上都滿安靜的。房間的桌子是具有實用性的，很多旅館的桌子小小一個，帶食物回去都沒地方放，但這家飯店沒有這個問題。床鋪舒適、衛浴空間也很棒，早餐選擇不少，值得起床吃一波。,0,1,1,0,0,0,0,1,1,0,0,0,1
入住兩晚車子竟然完全停不進地下室，第一晚服務人員移車後，大燈未關閉至隔天?,0,1,1,0,0,0,0,3,3,0,0,0,3
入住到一間有噪音的房間，入住前已經特別要求，但是沒有實現。不知為何整夜有雷同門板撞擊聲音，因為入住最高樓層，懷疑是什麼樓梯或逃生梯沒有關緊，受風吹動的聲音。整夜沒有睡覺。,0,1,1,0,0,0,0,3,3,0,0,0,3
入住前，退房後都願意讓旅客寄放行李，讓不是開車前往的旅客覺得很方便，而且對面就是北車，位置方便,0,0,1,1,0,0,0,0,1,1,0,0,1
入住前幾天服務人員電話確認是否入住及問候，提醒近期氣候變化大要多加衣服。櫃檯人員親切服務，說明也很清楚，已入住好幾次，不讓人失望，很滿意,0,0,1,0,0,0,0,0,1,0,0,0,1
入住前看過評論，發現網路上一致好評，十分期待。整體上飯店硬體新、服務接待人員多親切有禮，入住時也幸運升等，十分感謝。,0,1,1,0,0,0,0,1,1,0,0,0,1
入住後酒店直至離開後信用卡預授權一直不取消，打電話說是要等60天，這家酒店有毛病的吧！另外服務態度很差，語氣也不好，處理問題都不可以得到解決！最關鍵的是我是連住兩天，他的洗漱用品都不換！我第一天用的浴帽和化妝棉都沒了，第二天服務人員竟然不補貨！,0,1,1,0,0,0,0,3,3,0,0,0,3
入住四人房，空間不算寬敞，整體很簡潔，浴室很乾淨，地理位置不錯，打開窗戶可以看到愛河畔，停車很方便，叫外送也很方便,1,1,0,1,0,0,1,2,0,1,0,0,1
入住在二樓，晚間聽到車輛聲，睡得不太好，空調調至16攝氏度都不夠涼快，房間較狹窄,0,1,0,0,0,0,0,3,0,0,0,0,3
入住多次，地點、設施、服務各方面都不錯。CP值很高。推薦！！,0,1,1,1,1,0,0,1,1,1,1,0,1
入住多次，這次發現床上及浴室地板有毛髮，可能是清潔人員一時疏忽。,1,0,0,0,0,0,3,0,0,0,0,0,3
入住大廳很漂亮，工作人員表現都很亮眼。還有24小時自助泡面和飲料。最有特色的是把酒店主題化，有很多衍生產品。,0,1,1,0,0,1,0,1,1,0,0,1,1
入住好多次了，一樣CP值高，服務態度很好，一定會再次入住，離京站很近，非常方便喔,0,0,1,1,1,0,0,0,1,1,1,0,1
入住就發現床上有頭髮，櫃子有堆灰塵，夜班接待員工態度有待改善。,1,0,1,0,0,0,3,0,3,0,0,0,3
入住幾次，都很滿意，無論是人員服務還是設備，雖然房間不大，但攤開行李箱是沒有問題的，櫃檯24小時開放，這次住八樓，水壓仍然強大，另要求的枕頭及棉被，也在進房前就已準備好。雖然這次沒有吃早餐，但先前就對早餐很滿意，雖種類沒有很多，但中西式皆有，已足夠,0,1,1,0,0,0,0,1,1,0,0,0,1
入住很多次，隔音設備差，最近很多團體入住，都是屁孩、社區退休老人，常在走廊喧嘩，很吵，也未見工作人員制止！因為一早要上課，懶得走路，才會選擇這間。但是飯店工作人員非常不專業，常常一問三不知，對自己工作環境居然不熟悉，厲害！,0,1,1,0,0,1,0,3,3,0,0,3,3
入住很多次了，接待人員的笑容滿分，充滿專業及熱忱，雖然隔音不太好，但不至於影響到睡眠，宵夜時間還有提供泡麵，真的很貼心,0,1,1,0,0,0,0,3,1,0,0,0,1
入住很多次了，櫃檯人員雖然可能因為忙碌，較沒有笑容，但是旁邊有很多實習生，幫忙引導還有放行李，都非常親切！看他們一整天都很忙碌，卻都沒有用表情來表達他們的疲累,0,0,1,0,0,0,0,0,1,0,0,0,1
入住後才得知有裝修工程進行中，告示第一次寫早上11時至下午3時有工程，卻在早上9時已開始有電鑽的聲音。飯店告示與實際施工時間不符，影響入住體驗。浴室的半邊有隔開，沖完涼整個廁所都是水，有地毯都無用，不滿意,0,1,1,0,0,0,0,3,3,0,0,0,3
入住後沒多久，驚見一隻小強飛速爬過，由於房間較小，自此怕的睡不著覺，房間隔壁不曉得是什麼空間，24小時不間斷像是冷卻風扇的運轉聲很令人疲勞,1,1,0,0,0,0,3,3,0,0,0,0,3
入住後洗完澡竟發現大毛巾又破又髒。外出購物後客服人員打來通知要補簽信用卡簽名，雖然這是小事但顯見以上「小事」歸咎於公司未做好人員訓練及培育。,0,1,1,0,0,0,0,3,3,0,0,0,3
入住後發現廁所浴缸有毛髮殘留，經客服反映後立即派人用酒精全面消毒，不過因為疫情期間，飯店在打掃的檢查上可以再確實些,1,0,1,0,0,0,3,0,1,0,0,0,3
入住或退房時遇到的櫃檯人員都很親切，在走廊上擦身而過的房務人員也都很和善地打招呼，謝謝你們的用心，整體住宿體驗非常安心與開心。,0,0,1,0,0,0,0,0,1,0,0,0,1
入住房型為雙人房，以為是一張雙人床，實際入住才發現是兩張單人床合併。睡覺時，常壓到中間間隔處的彈簧而感到不舒適，也因為是單人床所合併，原先在兩張單人床之間的插座無法移動，休息時便無法使用插座，十分不方便。隔音效果不佳，注重睡眠品質者請慎入。,0,1,0,0,0,0,0,3,0,0,0,0,3
入住房客每一個都必須得看身分證或健保卡，原因竟然不是因為疫情，而是為了確認是否未成年，那既然這樣，學生證應該也可以證明吧，結果反而學生證該飯店不接受，這不是自相矛盾嗎？,0,0,1,0,0,0,0,0,3,0,0,0,3
房間浴室蓮蓬頭握把接頭處漏水，乾濕分離只有一半，洗澡噴得滿地是水…,0,1,0,0,0,0,0,3,0,0,0,0,3
入住房費便宜，也不會因?便宜而犧牲房間設備環境，我覺得CP值高，值得下次再入住，離火車站近，很方便！,0,1,0,1,1,0,0,1,0,1,1,0,1
入住手續採旅客自助操作，但系統不是很清楚，需要有工作人員協助，有點多此一舉,0,0,1,0,0,0,0,0,3,0,0,0,3
房間整體上很乾淨舒服，服務人員態度也很親切。平日入住，因此整體環境都滿安靜的,1,0,1,0,0,1,1,0,1,0,0,1,1
入住時間是下午三點以後，有點麻煩，不過可以寄存行李。睡過了頭，上午十點去大廳想拿些零食墊墊肚子，居然已經沒啥吃的了，自助餐飲供給不算及時。客房有點小，兩個人打開行李箱就不好走路了。,0,1,1,0,0,0,0,3,3,0,0,0,3
入住時辦理入住，電腦作業系統不方便！不熟悉！每組人大排長龍等候！還好有服務人員幫忙，真的很辛苦！說有停車場但是大廳人和行李太多根本無法好好詢問,0,1,1,0,0,0,0,3,3,0,0,0,3
入住時候提早到，很幸運的提早入住，半夜跟同行友人帶了紅酒打不開，櫃檯人員很親切的幫忙開，浴室水壓很強,0,1,1,0,0,0,0,1,1,0,0,0,1
入住時停車不便，尋找車位非常需要運氣。飯店配合的停車場有距離，停車費用則無便宜。入住雙人房的位置剛好為左側，房外則是鐵皮屋，無良好景致。浴室門則是毛玻璃，對於可能不是情侶的朋友，可能有稍微害羞。沐浴用品則為一次性商品，可惜不環保，浴室內的蓮蓬頭，出水量跟家中差異不大！所以沖洗的時間，會稍微拉長。而水溫上升較慢，需要等待。,0,1,0,1,0,0,0,3,0,3,0,0,0
入住時在櫃檯旁使用電腦入住有點費時，一進房間有黴味，四人房浴室有點小，冬天入住外套比較厚，沒有甚麼空間掛外套,1,1,1,0,0,0,3,3,3,0,0,0,3
入住時字卡上寫可以代訂早餐，櫃台人員卻跳過沒有說明。桌子很淺，壁掛螢幕又有厚度導致筆電放不上去難以辦公。我原本就是準時的人，但退房期限前30分鐘就來電催促，讓我覺得不太舒服。,0,1,1,0,0,0,0,3,3,0,0,0,3
入住時居然游泳池剛好有問題停用，要退房時才修好，整個傻眼，且早餐變得很難吃，樣式少得可憐,0,1,1,0,0,0,0,3,3,0,0,0,3
入住時已刷卡扣款，櫃台卻告知為預扣，很不合理。房間隔音差，已住7樓，卻可以聽見樓下房客凌晨聊天。網站上說有停車場，實際上為騎樓停車格，只有3個,0,1,1,0,0,1,0,3,3,0,0,3,3
入住時已是下午三點半了，飯店給了我一個超特殊的房間，讓我永生難忘。房間位在電梯口跟房務清潔用品房間旁，整晚聽到電梯開開關關的聲音，房務人員一直進進出出的按著密碼鎖的房務房，一直到深夜快12點還是不停的開開關關。如果要說客人的壞話，請不要在走道上講，我一直聽到房務人員在說客人的不是。打電話致櫃檯請他們告知房務人員不要再開開關關門了，結果還是沒有改善。,0,1,1,0,0,0,0,3,3,0,0,0,3
入住時是九度，熱水很不熱，水量小，鄰居爆吵，疑似家暴，有人抽煙，請加強無煙宣導,0,1,0,0,0,1,0,3,0,0,0,3,3
入住時有哪些提供住客的服務、設備、使用方式及權益都不清楚，如果不向人員詢問，很多本應享有的服務都錯失掉了…,0,0,1,0,0,0,0,0,3,0,0,0,3
入住時櫃台人員講解仔細清楚，退房有工作人員引導加速退房。房間很大，乾淨舒服，地點也超級方便。,1,1,1,1,0,0,1,1,1,1,0,0,1
入住時沒給洗手的肥皂，打去前臺問，還叫我自己找找，找不到才給我。房間偏小。水溫忽冷忽熱。,0,1,1,0,0,0,0,3,3,0,0,0,3
入住時發現房間冷氣有低頻噪音，員工馬上幫忙處理換房，非常感謝。浴室乾淨整潔，水壓適中。枕頭有分軟和硬，不過對我來說還是有點偏軟。地點離中央公園捷運站非常近，早上可以去公園散步滿好的。整體來說推薦。,1,1,1,1,0,0,1,3,1,1,0,0,1
入住時覺得房間潮溼，因兒子玩具掉到床底，才發現床底超多灰塵，才發現剛進房打噴嚏不是沒原因的！然後枕頭超級無敵難睡！,1,1,0,0,0,0,3,3,0,0,0,0,3
入住時說加好友可以抽獎延遲退房，當下抽獎也確認兌換完成，結果不知道是沒交接還是怎樣，終於要退房的時候，居然企圖跟我多收取費用，還質疑我說謊。,0,0,1,0,0,0,0,0,3,0,0,0,3
入住時間較晚，還沒吃晚餐，又不想出去逛，櫃台告知宵夜還有十分鐘，但只有魯肉飯和茶葉蛋，於是我趕快衝下去吃了宵夜。熱熱的飯，填飽肚子也溫暖了心。我還忘了帶手機的充電線，櫃台很熱心地借我，服務真的很棒。還有，早餐好得沒話說，這個價錢真是太佛心！,0,0,1,0,1,0,0,0,1,0,1,0,1
入住有被升級為豪華景觀房，房型有專屬的會館服務，免費自助吧，有小點心，霜淇淋。紅白酒。裡面的白葡萄酒很好喝。房間很乾淨，床算很好睡。房間與廁所有透明玻璃，但有百葉窗的方式，不至於很透，其他飯店比較少看到，這個設計不錯。早餐有主餐可重複點，自助吧項目不多但是每項都很精緻好吃。,1,1,1,0,0,0,1,1,1,0,0,0,1
入住服務特別好，講超詳細的。被子厚薄合適，軟軟的。地點超級棒。,0,1,1,1,0,0,0,1,1,1,0,0,1
入住期間恰巧飯店舉辦音響展，使用了三、四個樓層，人流非常複雜，感覺上下樓根本沒有管控，停車場擁擠，如果知道有辦展，下次應該不會選擇入住,0,0,0,0,0,1,0,0,0,0,0,3,3
入住期間每天可以到貴賓室休憩與享用餐點，相當悠閒，早餐採部分單點現做與自助式， 品項不多但新鮮好吃。飯店地點很棒，離捷運站也很近， 附近也有漢神巨蛋，距離瑞豐夜市也是相當近，各種機能很棒！,0,1,1,1,0,0,0,1,1,1,0,0,1
入住樓層比預想中的低，無傷大雅不過會希望訂房時能提前告知入住樓層。,0,0,1,0,0,0,0,0,2,0,0,0,2
入住樓層為二樓，一出電梯聞到走廊上有很濃的菸味，讓不抽菸的我們覺得不太舒服。隔音不好。半夜睡覺時，可以聽到別的房間在使用吹風機的聲音，還有別間房間洗澡時，能聽到很大的聲音，像是熱水器加熱的聲音，混雜著流水聲。,1,1,0,0,0,1,3,3,0,0,0,3,3
入住當天剛好也是自己的生日，櫃檯服務人員還特地送小禮物，房間整體隔音也很好，整個晚上都不會聽到外面的聲音～,0,1,1,0,0,0,0,1,1,0,0,0,1
入住當天因為櫃台注意到我曬傷的臉，主動關心並提供乳液，真的很棒！,0,0,1,0,0,0,0,0,1,0,0,0,1
入住當天就發現浴室門旁邊有毛髮未清除乾淨，然後連三溫暖也要錢，下次不會考慮國賓了,1,1,0,0,0,0,3,3,0,0,0,0,3
入住當天巧遇颱風來襲，本次訂房沒包含早餐，詢問明天風雨如果太大該在哪用早餐，竟然沒有推薦自家飯店，反而推薦了附近兩家傳統早餐店。其中一家因為颱風沒開，另外一家比較遠，冒雨走了很久才找到。感覺推薦的服務人員不夠專業,0,0,1,0,0,0,0,0,3,0,0,0,3
入住當天是我們結婚30週年的日子，感謝入住了乾淨、服務人員也好的飯店，謝謝你們,1,0,1,0,0,0,1,0,1,0,0,0,1
入住當天是生日，也沒有想說要優惠什麼，沒想到服務人員很細心有觀察到今天是我生日，就送了一個蛋糕以及全部都是手寫的生日卡片，真的很驚喜，竟然有這經歷很開心。以後也會優先以這間入住，畢竟地理位置離西門町鬧區就很近，價格也不貴。,0,0,1,1,1,0,0,0,1,1,1,0,1
入住當天櫃臺告知，有三個停車位，有空位皆可停車，否則就要停到約莫15分鐘路程的收費停車場。如果有車的旅客要入住就要三思，雖然住宿稍微便宜，但加上停車的費用其實是相當不划算，而且停車場距離商旅真的還有一段距離。且雖有三個停車位，卻也不是以住宿的客人優先，相當的不友善。請問客人的權益在那裡？且櫃台人員處理態度不佳。非常不愉快的入住經驗。,0,1,1,0,0,0,0,3,3,0,0,0,3
入住當天發現另有優惠活動，可惜太晚發現。建議訂房前應該先到官網比價，應該更優惠,0,0,0,0,0,1,0,0,0,0,0,3,3
入住當晚，停車場煙霧迷漫，嚇得我以為是火災。電梯動線規劃很奇怪。終於辦好入住之後，房間實體跟網站圖片完全不一樣，很小間，床單有黃黃的汙漬，冷氣是壞的，半夜三點多受不了才請人員幫我們換房。整體來說體驗非常差，隔音很差，床墊很薄，房間煙味很重。完全不值這個價錢。,1,1,1,0,1,0,3,3,3,0,3,0,3
入住當晚發現了同間旅店有更寬敞且有窗的雙人房，而且比我們入住的房型還便宜，有種買貴了的感覺??,0,0,0,0,0,1,0,0,0,0,0,3,3
入住當晚決定至愛河自助餐廳吃飯，離餐廳結束時間尚有許久，但很多餐都沒有補齊或補很少，這個部份真的不應該是國賓的水準,0,0,1,0,0,0,0,0,3,0,0,0,3
入住的其中一間房間廁所門是透明的，如果不是親密的住客會很尷尬。房間內算安靜，但隔壁住客進出或是走廊講話很吵，房間內還是會聽得到聲音。價格稍高。,0,1,0,0,1,1,0,3,0,0,3,3,3
入住的房間是沒清理乾淨？靠近窗戶椅子下方的地毯還有兩個疑似血的紅色痕跡，對標榜五星級的飯店，這是不該犯的疏忽或錯誤，床頭櫃附近也沒有插頭可供充電,1,1,0,0,0,0,3,3,0,0,0,0,3
入住的時候，簽的單子寫退房時間是中午，但櫃檯人員卻要求提早一小時退房。,0,0,1,0,0,0,0,0,3,0,0,0,3
入住的時候櫃台只有一個人在辦理，另一個人竟然是有人插隊之後才開始處理後面的客人。,0,0,1,0,0,0,0,0,3,0,0,0,3
入住的櫃檯男接待人員態度差，安排的房間更差，是電梯的對面，房間的窗戶連接外面，一定要把窗簾拉上才不會被看到。很吵，半夜睡覺聽到天花板有動物的跑步聲，疑似是老鼠。我毅然決然第二晚就不住了，退房時，櫃檯人員也沒有關心我遇到什麼問題。總之，不推薦此旅館。,0,1,1,0,0,0,0,3,3,0,0,0,3
入住的第二天設施出現了故障，燈無法關閉，工作人員來維修的速度有一點慢。,0,1,1,0,0,0,0,3,3,0,0,0,3
入住第一天房間清潔度還行，但隔天續掃結束後，床單上有小蟲，躺上床上不久大小腿開始紅癢起來。,1,0,0,0,0,0,3,0,0,0,0,0,3
入住跟退房皆需等候長久的時間，因為房間旁的電梯在施工，所以必須搭乘另一邊的電梯，像走迷宮繞道最底才到房間，早起後在房中聞到明顯的菸味，入住的房間無窗，簡直快無法呼吸,1,1,1,0,0,0,3,3,3,0,0,0,3
入住跟退房都要排隊，且前臺服務人員只有一位在幫忙做這些事情，動作也比較慢，另外一位不知道在幹嘛。搭電梯也是超塞，等超久，還要先往上搭才可以下一樓，沒有樓梯可以走。然後隔音真的不好。房間煙味很重，連衛生紙都有煙味,1,1,1,0,0,0,3,3,3,0,0,0,3
入住過第五次了，櫃檯人員一如既往的臉臭，態度一樣不熱情，不過畢竟一個晚上才600不到，看來也無法說什麼,0,0,1,0,1,0,0,0,3,0,2,0,3
入住非常多次了，多餘的早餐使用券的抵扣方式，各員工說辭不一，抵扣規則改變也沒有主動說明，特別交代的事情也沒有完成，服務態度是很客氣，但服務內容不予置評,0,0,1,0,0,0,0,0,3,0,0,0,3
入口沒有指引，找大廳找很久。電梯過少，等待時間過長，大樓內有很多不是飯店的，沒有專屬電梯抵達飯店，前往三樓的指引不足，沒看到相關的標示，只有人員口頭提醒,0,1,1,0,0,0,0,3,2,0,0,0,3
入房後提供客人自行取零食，泡麵、水、餅乾糖果?適合暫時小歇的人,0,0,1,0,0,0,0,0,1,0,0,0,1
入房程式科技化但似乎也少了人性服務，可能因為疫情需要無接觸服務，但如果能設法提供服務更好,0,0,1,0,0,0,0,0,2,0,0,0,2
如題，性價比非常高，地點很棒，離西門町很近又不會吵，設施很好,0,1,0,1,1,0,0,1,0,1,1,0,1
內層客房圍繞飯店中庭而立，聽不到馬路的車流喧鬧，非常靜謐，享受難得的安靜。浴室內部經過重新裝潢，明亮雅緻，令人愉快！,0,1,0,0,0,0,0,1,0,0,0,0,1
全棟空調太冷，房間調降也沒太大變化，整體質感和一般飯店差不多,0,1,0,0,0,0,0,3,0,0,0,0,3
全部讚，尤其是床超好睡，枕頭很好躺，第二次入住一樣滿意,0,1,0,0,0,0,0,1,0,0,0,0,1
全部燈都關了之後，控制台還是會發出一些藍光，沒辦法達到房間全暗的舒眠效果,0,1,0,0,0,0,0,3,0,0,0,0,3
全部都很讚，尤其從接駁先生小姐到櫃檯到房務妹妹，所有工作人員都好客氣，服務特好。讚。辛苦所有工作人員了,0,0,1,0,0,0,0,0,1,0,0,0,1
全部都非常滿意！尤其是櫃檯人員！非常親切！房間也有很多貼心的設計！環境乾淨！吹風機不是一直按著的那種，沐浴乳跟洗髮乳很香很喜歡！離捷運站近，離寧夏夜市也近！常常需要來臺北！這會是我一直想來的旅店！,1,1,1,1,0,0,1,1,1,1,0,0,1
說是全面禁菸，但煙味瀰漫走道及房間。遙控器要靠電視很近才能轉台，台哥大、遠傳、台灣之星網路訊號會被擋掉,1,1,0,0,0,0,3,3,0,0,0,0,3
全體員工都帶給我們非常窩心的服務。雖然酒店未有附設餐廳因而未能提供早餐，但驚喜的是交誼廳居然附設茶點，大堂設有咖啡及茶水等。意見反映會第一時間處理及作出回覆，這點也非常重要,0,1,1,0,0,0,0,1,1,0,0,0,1
兩側皆可停車，停車方便，房間寬敞明亮，乾淨舒適，櫃檯服務良好，客服親切,1,1,1,0,0,0,1,1,1,0,0,0,1
兩大一小入住三人房空間夠大，舒適不擁擠，房內整潔乾淨，工作人員也都非常親切專業，旅館位置很好，距車站非常近，性價比高。,1,1,1,1,1,0,1,1,1,1,1,0,1
住過很多次，仍然非常感謝特別升級房間！價位和地點都無可挑剔。,0,0,1,1,1,0,0,0,1,1,1,0,1
公共交誼廳提供很多餅乾與泡麵、咖啡、氣泡飲料，還有飛鏢與足球遊戲，還可以看電影，超棒的,0,1,1,0,0,0,0,1,1,0,0,0,1
公共交通方便， 離台中火車站只需5分鐘， 台中火車站是大型車站， 可選擇不同車線的公車,0,0,0,1,0,0,0,0,0,1,0,0,1
公共區域不錯，24小時提供免費的食品，飲品公共區域裝飾的也不錯。,0,1,1,0,0,0,0,1,1,0,0,0,1
公共區域清潔度有待加強，在泡茶機上面有看到小強，但有工作人員定時在整理，應該會越來越好。,1,0,1,0,0,0,3,0,1,0,0,0,1
公共區有免費桌上足球跟飛鏢機台，而且佈置的很漂亮。工作人員都很親切有耐心～,0,1,1,0,0,0,0,1,1,0,0,0,1
公共盥洗空間設計要再加強，洗手台處無平臺可放置卸妝洗臉化妝品之類的東西，直接放洗手檯邊的話東西都會弄濕。淋浴間的水會從門下流出來，外面地板也濕濕的。單一床位的客人無提供牙刷毛巾等，我有自備但希望網站上的標示明顯一點。房間外的公共空間一直聞到廁所的臭味，廁所清潔或消臭再加強就更棒了。,1,1,1,0,0,0,3,3,3,0,0,0,3
公共空間的規劃非常厲害，包括兒童遊戲區跟互動球池讓孩子眼花繚亂玩很久！玩具有些許折損但因為很多可以選擇，所以影響不大。房間內部乾淨舒適，很樂意再次造訪！,1,0,1,0,0,0,1,0,1,0,0,0,1
公共空間香氛太香，還有宵夜喔??房間乾淨，浴室乾濕分離，去高雄住宿是不錯的選擇,1,1,1,0,0,0,1,1,2,0,0,0,1
公共設施空間都不是太大，尤其停車場的動線車道較小，出入口同一個，不好會車。,0,1,0,0,0,0,0,3,0,0,0,0,3
公區的遊戲區設施有點舊了，甚至破損，讓人不會想玩。另外，房間的壁貼可能是黑色的關係，汙漬很明顯，看起來髒髒的,1,1,0,0,0,0,3,3,0,0,0,0,3
公用水龍頭已都改為感應，對於新冠肺炎清潔要求，還是維持一定標準。疫情管控值得嘉許。,1,1,0,0,0,1,1,1,0,0,0,1,1
公設環境、房間佈置非常有奇幻風且整潔，注重故事性包裝等小細節，櫃台人員服務熱誠周到。,1,1,1,0,0,0,1,1,1,0,0,0,1
公設用餐區入夜後待收的垃圾量龐大，早餐時段8點多仍未供應免費零食、泡麵、點心、飲料等。,1,0,1,0,0,0,3,0,3,0,0,0,3
共訂了兩間房，一間四人房，一間兩人房。四人房的浴室水管有超大的水流聲，飯店人員說是設備問題。兩人房的浴室裡有蟑螂，飯店人員說可能是噴清潔劑的關係,1,1,1,0,0,0,3,3,3,0,0,0,3
其中一張床墊有燒焦味，應該是別人留下的煙味。因為只有一邊有味道，就讓給男友睡，結果他睡到隔天覺得身體癢癢的。隔音較差，深夜要入睡時，聽到隔壁開擴音講電話的聲音，打給櫃檯有立即處理。,1,1,1,0,0,1,3,3,1,0,0,3,3
晚上要吃東西的時候因為只有一張椅子覺得有點麻煩，所以男友只好坐在地板上吃。或許有小桌子會比較好一點,0,1,0,0,0,0,0,3,0,0,0,0,3
其實也沒有不滿意，只是美中不足的是，房間進來有點黴味，其他都很棒,1,0,0,0,0,0,3,0,0,0,0,0,1
出門的時候都有看到房務很認真清理地毯，遇到的房務人員很客氣也很認真。只是畢竟久了，如果之後有預算要整修，可以考慮先把地毯換掉就更好了,1,1,1,0,0,0,1,3,1,0,0,0,1
其實已入住過，這次帶家人一起入住，家人們都非常滿意，包含餐飲的的部分。家庭房跟雙人房是連通的，讓我們感覺有住在一起的感覺。不論是櫃臺還是清潔人員都表現的非常有禮貌親切。熱水來得很快，床很好睡，隔音也相當不錯。近捷運及百貨公司。在聯繫上有任何需要，飯店也是立馬的處理及回答，效率真的很好。,0,1,1,1,0,0,0,1,1,1,0,0,1
其實已經住過好幾次，每次都覺得辦理入住的時間過長！退房也是現場才打發票，這點還有調整空間。此次故意訂三人房，因為只想要此房型的浴室，希望淋浴和浴缸分開，但現場櫃台人員直接升級成四人房，卻變成淋浴和浴缸在一起，很不方便。在浴缸內淋浴但並沒有完善的分隔設施，導致蓮蓬頭的水還是會噴到浴室門口，整間廁所都還是濕了。,0,1,1,0,0,0,0,3,3,0,0,0,3
其實整體是值得讚賞的，但是隔音確實不佳，整晚都是開關門跟聊天的聲音，還有人走錯房卻硬要開門，令同住者備受驚嚇。,0,1,0,0,0,1,0,3,0,0,0,3,3
其實整體環境還不錯，不過當天晚上竟然馬達燒壞了，完全沒有水！出門回來全身髒髒黏黏卻不能盥洗，到隔天我們退房都還沒修理好，經反應卻只得到他們感到很抱歉的反饋。這應該算是出大包了，如有一些實質的補償我認為還算合理，結果完全沒有！,0,1,1,0,0,1,0,3,3,0,0,1,3
其實這真的很棒～辛苦每一個員工了，因為我們真的很臨時的決定要留在台中一晚，所以很多東西都沒有帶，我覺得可以用品可以再增加兩項，一個就是橡皮圈女生綁頭髮的，再來就是隨身包的那種卸妝乳。很謝謝台中車站店的員工，願意讓我們暫停汽車以及寄放身上大大小小的行李，讓我們放心的去逛街，謝謝你們，這一次的住宿經驗讓我們家的人都很輕鬆無負擔，下次還會再來的，謝謝,0,1,1,0,0,0,0,2,1,0,0,0,1
其實都很好，硬要挑的話就是一開始找資料找了非常久，好不容易辦好手續卻給了一間不是我們訂的房，再走到一樓後人員感覺很抱歉並立刻幫我們準備好對的房間。房間鑰匙是真的鑰匙，配很重的鑰匙圈（應該是怕掉）攜帶不是很方便。但都無傷大雅，是很好的住宿經驗。,0,1,1,0,0,0,0,3,3,0,0,0,1
再到高雄，還是想選這家飯店。CP值不錯，只是隔音不太好，早上會聽到別房在整理的聲音,0,1,0,0,1,1,0,3,0,0,1,3,1
要先謝謝櫃檯人員將房型免費升等，若真的要說不太滿意的地方，大概就只有一點：標榜加大雙人床，實際躺上後發現是兩張大的單人床合併，中間其實不太能躺，會有凹陷。,0,1,1,0,0,0,0,3,1,0,0,0,1
冬天洗澡沒熱水，隔音差，外面的車聲很大聲，第一次遇到這種的，五星級的價格一星級的水準,0,1,0,0,1,1,0,3,0,0,3,3,3
冰箱壞掉了沒得冰食物飲料，一進房地上有吃過餅乾屑，最重要的是隔天起床我的兩隻腳都是一粒一粒紅紅的，很癢，感覺是塵?。,1,1,0,0,0,0,3,3,0,0,0,0,3
冰箱太小而且溫度不夠冷，浴室玻璃隔門設計不夠好，洗浴時水會沿著浴缸邊流下，浴室地板全部濕了，感覺不好,0,1,0,0,0,0,0,3,0,0,0,0,3
冰箱沒有冷凍功能、水龍頭冷熱分開，要用轉的才能打開，在梳洗方面不是很方便,0,1,0,0,0,0,0,3,0,0,0,0,3
冰箱裡有上一位房客沒喝完的飲料未清理；和朋友一起住，為了避免睡覺互相干擾，向櫃檯多拿兩條被子卻被拒絕，服務人員用很差勁的理由告訴我們每一間房間都是配好的，沒有多的被子。,1,0,1,0,0,0,3,0,3,0,0,0,3
冰箱還有遺留上一個房客的飲料，看來打掃不是很仔細，另外隔音不太好,1,1,0,0,0,0,3,3,0,0,0,0,3
冰箱飲品在入住時也沒提前說不能喝，退房時竟然要收費？一瓶外面10塊的七喜收70塊？泡澡浴缸也沒辦法泡澡，這叫五星級飯店？疫情關係一堆設備都暫停也沒比較便宜。是住過算相當差的飯店！,0,1,1,0,1,0,0,3,3,0,3,0,3
冷氣一下冷一下熱，睡得很不舒服。洗澡的水龍頭設計很特殊，第一次會不知道怎麼使用，還有水壓有點小，有點可惜。,0,1,0,0,0,0,0,3,0,0,0,0,3
冷氣不冷，孩子睡的滿頭汗。後來有跟櫃檯拿電風扇，有稍微改善。隔音有些差，早上很早的時候走廊就很吵，洗澡熱水稍微小可是還是蠻熱的,0,1,1,0,0,1,0,3,2,0,0,3,3
冷氣不冷，熱到睡不著，第二早上天反應也不知道有沒有來修，外面走廊還比較涼，房間溫度調整要到早上才會冷。第一天到第三天早餐都要排隊，浪費時間在拿食物。,0,1,1,0,0,0,0,3,3,0,0,0,3
冷氣不太涼，床墊實在是太太太太太軟了。坐太大力的話，會撞到床板。,0,1,0,0,0,0,0,3,0,0,0,0,3
冷氣中央空調，晚上睡覺真的很冷，小孩大人早上起床都開始咳嗽了,0,1,0,0,0,0,0,3,0,0,0,0,3
冷氣位置適中，沒有對著頭吹，睡得蠻好的。位置也不錯。入住前希望能有窗戶，旅館也達成我們的要求了，很不錯,0,1,1,1,0,0,0,1,1,1,0,0,1
冷氣冷度太強，後來問了櫃檯才知道無法調整，可能故障，只能關掉冷氣。真怕沒空氣，窗戶都不能開。,0,1,0,0,0,0,0,3,0,0,0,0,3
冷氣冷度無法設定，一直處於20度低溫，一般人會覺得太冷。另外室內燈的切換邏輯可以再修正，找不到可以當小燈的光源有點麻煩,0,1,0,0,0,0,0,3,0,0,0,0,3
冷氣出風口可以不要直接對著床，另外預訂時，官網房型照片是有兩個床頭櫃，但事後才發現入住的為一個，希望以後可以注意。,0,1,1,0,0,0,0,3,3,0,0,0,3
冷氣忽冷忽熱，第一天進去超熱，到晚上才變冷，結果隔天早上被冷醒，第二天也是很熱，想說晚上會變涼，結果都沒有變。打去櫃檯，他就說我這房是舊型的冷氣，請人來修也沒有改善。然後隔天又被冷醒了，沒有中間的溫度，只有冷跟熱嗎？！然後浴室沒有乾濕分離，所以很容易積水，還不小心滑倒了。然後燈更厲害，直接在頭的正上方，不開會很暗，開了直接閃爆眼睛，很好笑,0,1,0,0,0,0,0,3,0,0,0,0,3
冷氣和廁所除濕的聲音都很大聲，隔壁開門聲不知為何超大聲，像是我的房間門被硬開,0,1,0,0,0,1,0,3,0,0,0,3,3
冷氣夠冷，位置離北車很近很方便，櫃檯人員服務態度很好，房間跟走廊大廳都很整潔。,1,1,1,1,0,0,1,1,1,1,0,0,1
冷氣夠強，洗衣機和烘衣機可以免費使用，只需付洗衣粉或洗衣精的錢,0,1,0,0,0,0,0,1,0,0,0,0,1
冷氣太冷，直吹床。早餐普普。飲料機看起來都有年代，有點可怕。熱水的水量太小。門鉸鏈建議調整，自動關門速度太快，聲音大,0,1,1,0,0,0,0,3,2,0,0,0,3
冷氣太冷了，調到26度還是很冷。手機訊號在七樓很弱，網路異常緩慢，容易斷線，需要重連,0,1,0,0,0,0,0,3,0,0,0,0,3
冷氣太冷沒法調風向，風都往頭上吹，然後溫度超級冷沒法調高。然後隔音超級差。只有櫃檯服務態度很好。總而言之還是不太滿意。,0,1,1,0,0,0,0,3,1,0,0,0,3
冷氣太冷，基本上都把中央空調關掉。浴室放置浴巾的地方，只有放浴巾那一塊是乾淨的，拿開後裡面藏著一堆灰塵。房間光線不足，化妝不方便，除非把窗簾打開。房間椅子只有在櫃子下的商務台那邊有一張椅子，如果要吃東西不方便。,0,1,0,0,0,0,0,3,0,0,0,0,3
冷氣很冷，完全無法調大中小或溫度。房間桌面有髒汙。陳設偏老舊。完全和字面上所謂的「尊爵房」連不上關係,1,1,0,0,0,0,3,3,0,0,0,0,3
冷氣太冷，調高溫度也沒用，他會自己降回來。若房間內有能放置行李的架子就好了,0,1,0,0,0,0,0,3,0,0,0,0,3
冷氣是裝飾用的吧？已經按到30幾度，房間溫度還是20度，超級冷，整個晚上都在打噴嚏,0,1,0,0,0,0,0,3,0,0,0,0,3
冷氣有些難調整，浴室乾濕分離處需加強密封度，因洗澡出來有些許滲水。除此之外，整體感覺還是正面的。,0,1,0,0,0,0,0,3,0,0,0,0,1
冷氣永遠都在17度，飯店人員說會請維修人員上來，但一小時打了三通電話仍沒有上來看。因為無法入睡，隔天要上班，所以直接半夜3點退房，退房時櫃檯說可以把空調關掉，等到溫度差不多再打開 ，但有人睡著後一直去調整空調嗎？結論是，空調按鈕根本沒有調溫作用。反應櫃檯也不會有幫助。另外，隔音非常差，建議帶耳塞,0,1,1,0,0,0,0,3,3,0,0,0,3
冷氣溫度太低，已經調28度風量最小，還是被冷醒。其他房客關門聲音偏大，晚上容易嚇到,0,1,0,0,0,1,0,3,0,0,0,3,3
冷氣溫度太冷，無法調降溫度，睡到半夜時，本人的頭部及我的母親的頭部是被冷醒的，然後要把羽絨被拉蓋到整顆頭，但是又會感到呼吸不順暢。浴室的蓮蓬頭水壓太弱，建議可以再強一些。,0,1,0,0,0,0,0,3,0,0,0,0,3
冷氣溫度調整面板溫度之後，還是不會改變，實際溫度非常冷，就一直開關冷氣到隔天，有點麻煩。,0,1,0,0,0,0,0,3,0,0,0,0,3
冷氣為中央空調無法調整，夏天還是會冷到感冒。使用沐浴精後出現過敏狀況，而且一直覺得洗不乾淨,0,1,0,0,0,0,0,3,0,0,0,0,3
冷氣無法調整，不是太冷就是不冷，有點可惜。可能因為在整修中，所以標示不清，服務人員也沒提醒，不知道三樓要按四樓，繞了一圈才找到房間。不過基本上會繼續住，因為其它都很好。,0,1,1,0,0,0,0,3,3,0,0,0,1
冷氣無法調整、櫃檯人員態度冷淡，好像看客人高貴來決定服務態度，讓人覺得世態炎涼，穿的不夠華麗，就沒資格住店嗎？如此高級的飯店，居然櫃臺人員的服務品質是如此，令人失望。,0,1,1,0,0,0,0,3,3,0,0,0,3
冷氣無法調溫度，直接往床頭吹，冷死了。房間外面噪音超大。前住客的床邊垃圾沒收走，房間灰垢很多。隔音很差。人員服務態度冷漠。,1,1,1,0,0,1,3,3,3,0,0,3,3
冷氣的溫度控制，不開有點悶，開久了覺得冷，風扇調最小，還是覺得風大一直吹到頭部，只能一直開開關關。如果能改善這點就好了。,0,1,0,0,0,0,0,3,0,0,0,0,3
冷氣真的太太太太太冷了，調到30度，被冷醒來，整個房間是18度，全家要戴口罩跟穿外套睡覺不太舒服。然後找不到廁所燈，父母找了很久，設計不太方便。停車位真的很少，場地也很少，停車險象環生。唯一滿意的地方只有：飯店有提供停車指引以及幫忙付路邊停車費。,0,1,1,0,0,0,0,3,1,0,0,0,3
冷氣空調有點大聲，廁所衛生紙盒設在左手邊有點不順手，房間無梳妝台鏡子不方便,0,1,0,0,0,0,0,3,0,0,0,0,3
冷氣空調較冷，地板有些地方踩起來空空的，吹風機風速較弱，不易吹乾頭髮,0,1,0,0,0,0,0,3,0,0,0,0,3
冷氣突然沒了，櫃檯請人來看之後也沒後續消息，要打去問才讓我換房。沒提前告知，也沒任何補償方案,0,1,1,0,0,0,0,3,3,0,0,0,3
冷氣聲稍微大聲了一點點，如果可以，浴室鏡子上方可以再加一盞燈。,0,1,0,0,0,0,0,3,0,0,0,0,3
冷氣與遙控器都壞了、電視是假的、讓我一天就重感冒。浴室多處發黴。最重要的是，客服人員只回應「那你要我怎麼辦？」，態度令人無語,1,1,1,0,0,0,3,3,3,0,0,0,3
冷氣設定於22度感覺有些冷，無法上調，電視打開只有一個購物頻道，調不到其他頻道，極為不方便。樓上似乎在舉辦運動會，大半夜的很吵。,0,1,0,0,0,1,0,3,0,0,0,3,3
冷氣溫度怪怪的，調到30度才剛剛好。如果有鞋櫃或放鞋子的地方就好了！,0,1,0,0,0,0,0,3,0,0,0,0,3
冷氣調整有問題，調高溫度反而溫度下降，關了冷氣卻還是繼續運行,0,1,0,0,0,0,0,3,0,0,0,0,3
冷氣調節有問題，電掣好似接觸不良。早餐一般。餐廳清潔有待改善。,1,1,1,0,0,0,3,3,2,0,0,0,3
冷氣超強，調高溫度和風速大小後，依舊很冷，風也一直吹到頭，是唯一美中不足的地方。,0,1,0,0,0,0,0,3,0,0,0,0,3
冷氣遙控器感覺是虛設的，都調到最低16度了，溫度還是沒變，雖然不會到熱，但也沒有涼快的感覺。還有房間網路連不上，雖然櫃檯說可以連附近房間的網路，但不知道是不是有點距離的關係，連其他房間的網路有點不穩，有時會斷線,0,1,0,0,0,0,0,3,0,0,0,0,3
冷氣風聲調到最小還是很大聲，隔壁房晚上開門聲很吵，睡在床頭都聽得到，隔音不好,0,1,0,0,0,1,0,3,0,0,0,3,3
免費給我們升級大房，房間很大，還有沙發，整體住著也很舒服，推薦！,1,1,1,0,0,0,1,1,1,0,0,0,1
淩晨三點有人狂按電鈴，房門未加裝安全鎖，完全無法確認來人及意圖，感覺很可怕。而且房間內的隔音不太好，隔壁房的玩鬧聲很清楚,0,1,0,0,0,1,0,3,0,0,0,3,3
淩晨居然有醉酒的人來敲門還大喊？停留了大約五分鐘吧，希望保安設施可以再健全一點…,0,1,0,0,0,1,0,3,0,0,0,3,3
淩晨時被不知道哪來的碰撞聲嚇醒，隔音有點差，浴室鏡子是桌上型立鏡有點突兀,0,1,0,0,0,0,0,3,0,0,0,0,3
飯店規定出入要告知，旅伴也要提供證件或登記資料，感覺不尊重客人隱私。,0,0,1,0,0,0,0,0,3,0,0,0,3
出去逛街回來的時候剛好下雨，門口服務人員很貼心的馬上拿雨傘跟毛巾出來給我們擦,0,0,1,0,0,0,0,0,1,0,0,0,1
出發前幾天會主動打電話跟客人確認房型，櫃檯人員及地下一樓早餐用餐區服務態度好。,0,0,1,0,0,0,0,0,1,0,0,0,1
出電梯指標表示從左邊走，但繞一圈發現原來右邊更近。指引標示不夠精確，有待改進。,0,1,0,0,0,0,0,3,0,0,0,0,3
分太多電梯，像是不能直接從一樓搭到三樓，必須搭到五樓再走路轉搭其他電梯到三樓，非常麻煩！,0,1,0,0,0,0,0,3,0,0,0,0,3
剛進房間感覺有點小，有點失望，但住了三天下來發現其實也還不錯。睡得挺舒服，房間也挺乾淨的。最主要是位置很好去哪裡都方便。,1,1,0,1,0,0,1,3,0,1,0,0,1
初到房門口， 便聞到一陣異味， 應是從管道出來的異味， 當下心一沈， 還好是入到房間， 開了一陣冷氣後， 異味才消失。,1,0,0,0,0,0,3,0,0,0,0,0,3
別的房間可能有人抽菸，廁所的通風口都有煙味飄進來，隔音效果有點差,0,1,0,0,0,1,0,3,0,0,0,3,3
半夜一直聽到有水在流動的聲音，到了半夜3點多才停止。希望隔音可以改善。,0,1,0,0,0,0,0,3,0,0,0,0,3
到北車走路八分鐘，而且好走，不會多繞路。路上有百貨及小店，很安全。平日單人住宿價格超級棒的。旅店不陰暗，很多木造裝潢，覺得溫馨。房間舒適。浴室乾溼分離。房內有衣櫃、保險箱、活動化妝鏡。以後有北上需求，一定會再選擇！有提供熨斗熨板。有提供寄物服務，不然在北車寄物櫃很貴。,1,1,1,1,1,0,1,1,1,1,1,0,1
浴室較小。建議貴旅店可以在牆面新增掛衣勾子，因為衣櫃在房間最內側，不太順手。,0,1,0,0,0,0,0,3,0,0,0,0,3
之前住過多次，但這次又有新體驗：早餐提供麥片沖泡包，晚上提供宵夜泡麵，很貼心的小改變。讓我需早早出門開會時，不必另行張羅早餐，一杯方便貼心熱飲真的就很足夠了。,0,0,1,0,0,0,0,0,1,0,0,0,1
到現場用現金付全款後，隔天收到銀行的信用卡扣款。住一晚確付現金，之前提供的卡號居然還被扣款。付款流程請改善，二次扣款的感受很糟。,0,0,1,0,0,0,0,0,3,0,0,0,3
到貢朵拉船與愛之船超方便，一出飯店就是愛河美景，越晚越美麗，員工都很熱情介紹景點與聊天，自助餐廳與早餐菜色不算多，但是真的美味，奶香種類的鹹食令人驚艷，也推甜點，不止好看還好吃，尊爵港景房衛浴精緻，大理石牆面與地板，再加光線看起來很奢華,0,1,1,1,0,0,0,1,1,1,0,0,1
前一晚是訂4人房，隔天是訂8人房，結果房間跟4人房的大小差不多，空間很擁擠。,0,1,0,0,0,0,0,3,0,0,0,0,3
前一天將近午夜12點才辦理入住，隔天中午12點一到，就立刻打電話來催促退房，完全不給寬容的餘地！也算是非常盡責的櫃檯啦,0,0,1,0,0,0,0,0,3,0,0,0,3
前一天晚上也是住同一家旅館，今天入住時有跟櫃檯服務人員反應菸味問題，服務人員也很好的幫我們換到比較好的房間。房間很大很舒適，隔音效果也比昨天的房間好。,1,1,1,0,0,0,1,1,1,0,0,0,1
前一晚用過的牙刷，第二天回來時發現被清潔人員擅自拿去刷很髒的地方。床太小、睡的很不好，房間面積也沒有訂房資訊上標明的大，圖文不符。,0,1,1,0,0,0,0,3,3,0,0,0,3
前臺辦理入住的時候沒有告訴我換房型，等我開門了才發現。我一個人給我兩張床幹什麼？還說是免費升級，但升級前應該先問我願不願意吧？我真的不喜歡驚喜。,0,0,1,0,0,0,0,0,3,0,0,0,3
早餐選擇不多。位置位於車站後面，從前站要經地下隧道，帶著行李會有些不便。,0,0,1,1,0,0,0,0,3,3,0,0,3
服務人員很耐心解答問題。早餐味道不錯。飯店位置還行。算滿意。,0,0,1,1,0,0,0,0,1,2,0,0,1
前臺以及房務人員都很客氣，價格實惠，地點優秀，沒什麼好挑剔的了。吹風機不是按到手酸的那種，備品該有的都有，浴室很新，床單枕頭被褥也很乾淨舒適。以後還會再次選擇入住。,1,1,1,1,1,0,1,1,1,1,1,0,1
隔音的話沒辦法，以價錢來說可以忍受，不要遇到吵鬧或偷偷室內抽煙的爛房客就可以。,0,1,0,0,0,0,0,2,0,0,0,0,2
前臺員工辦理入住時不友善的態度，除非台中市飯店倒光，不然我絕對不會考慮再去住。,0,0,1,0,0,0,0,0,3,0,0,0,3
前臺因小疏忽先放我們進去房間，還好後續處理的十分迅速也十分親切，完全不會讓人覺得不愉快。房間隔音很好而且很舒適乾淨，浴室很明亮還完全沒有頭髮，非常棒非常推薦，下次來台中一定會再訂這間旅店的，非常喜歡,1,1,1,0,0,0,1,1,1,0,0,0,1
前臺小姐經驗不足，給我4樓的房卡，叫我拿著行李在5樓繞了好幾圈找不到。解釋停車規則也半天說不清楚,0,0,1,0,0,0,0,0,3,0,0,0,3
前臺工作人員友善很有耐性，房間整潔，但空間較小。地點方便，附近就有商場,1,1,1,1,0,0,1,3,1,1,0,0,1
前臺很不友好，而且是大部分前臺都面無表情。清潔工也不會每日定時給你提供礦泉水。要你自己說了才會給你。另外一個缺點就是關門的聲音太大，沒有氣壓式的那種緩衝。隔音不太好，半夜被其他房間的關門聲嚇到。,0,1,1,0,0,1,0,3,3,0,0,3,3
前臺服務接待人員禮貌專業，寄行李、入住、訂車、效率很高，還給升級了更大的房間。衛生間很大，乾淨，水壓很大，沖澡很舒服。地理位置距離臺北車站很近，周邊熱鬧，吃東西很方便。,1,1,1,1,0,0,1,1,1,1,0,0,1
前臺服務好貼心，把景點交通美食都細心標注在地圖上。地點好，一出臺中火車站就能看到，離宮原眼科步行可達。,0,0,1,1,0,0,0,0,1,1,0,0,1
清潔人員總是拿走梳子牙刷拖鞋後，不再給新的。梳子本來可以用好幾天，但是總是天天回收，卻不補上。拖鞋也是回收後就沒補上。,0,0,1,0,0,0,0,0,3,0,0,0,3
前臺的小哥哥小姐姐服務實在太贊了，辦理入住和退房速度都特別特別快。旅館位置極佳，房間特別乾淨！公共區域24小時都有零食和飲料！服務特別特別棒，去哪兒有什麼不懂，都可以諮詢前臺，他們都會耐心幫你解答。臺北的人也真的超級贊！,1,0,1,1,0,1,1,0,1,1,0,1,1
前臺的服務非常好，很耐心仔細回答我們的問題，還幫我們標記出好玩的景點，早餐還蠻豐盛的。房間乾淨整潔，就是稍微小了一點點，不過還是可以接受的。,1,1,1,0,0,0,1,2,1,0,0,0,1
前臺經理小姐很專業，服務非常好，遇到問題會想辦法儘量解決，很感謝她！,0,0,1,0,0,0,0,0,1,0,0,0,1
前臺職員親切有禮，解答問題時清楚詳細。大堂有磅，退房時先量一量行李重量，很貼心，也有一部ATM很方便。正門外有飲品供應，走了一天回到房間前可以喝一口茶,0,1,1,0,0,0,0,1,1,0,0,0,1
前臺那個免費的餐吧，有泡面小食、飲料，味道都很不錯。很多人逛完回來買點東西就在那裡吃泡面聊聊天，孩子也可以在遊樂場玩，也有洗衣間。很適合帶小孩的遊客。地理位置也很方便，離臺北火車站、和機場捷運都比較近，走路10分鐘左右。離西門町商圈也不遠。,0,1,1,1,0,0,0,1,1,1,0,0,1
前往用早餐時，還沒有入席，就先被告知餐盤回收處，而非先被說明用餐相關事宜，有缺專業。,0,0,1,0,0,0,0,0,3,0,0,0,3
前台工作人員很好，問他們的旅遊諮詢都很有耐心解答，特別有一個男孩子很好，每次住進去都見到他的有禮待人,0,0,1,0,0,0,0,0,1,0,0,0,1
前台職員態度非常好; 大堂有足夠休息地方。有免費好喝的飲品供應，也有免費自助洗衣,0,1,1,0,0,0,0,1,1,0,0,0,1
前臺態度非常親切友好，房間每天都打掃得乾淨整潔，近臺北車站，可步行至西門町、總統府、中正紀念堂。,1,0,1,1,0,0,1,0,1,1,0,0,1
前臺服務親切，環境衛生整潔，停車方便，餐點精緻，提供飲水機。,1,1,1,0,0,0,1,1,1,0,0,0,1
剛住進去，桌上就有咖啡粉，應該是前一個客人不小心灑出來的，沒清到這個感覺衛生有待加強,1,0,0,0,0,0,3,0,0,0,0,0,3
剛入住時有聞到煙味，後來晚餐回來沒有了。電梯內味道有點怪，有點廁所的味道,1,0,0,0,0,0,3,0,0,0,0,0,3
剛入住宿時房間頻頻發生電力跳斷後又恢復，但反應櫃檯帥哥後，很快就來檢查處理，並更換升級四人豪華房型讓我們入住，處理算是非常貼心,0,1,1,0,0,0,0,3,1,0,0,0,1
剛入住時，地毯濕了一塊 ，第二天晚上都還沒乾，清潔不周。後來請房務來處理，處理效率還不錯。總而言之，沒有滿意，也沒有不滿意。,1,0,1,0,0,0,3,0,1,0,0,0,2
剛入住時員工態度很不好，給人感受差，因為第一次訂所以不知道流程，我是覺得講話態度可以客氣一點，不要那麼嗆。房間窗戶整面玻璃很髒，感覺不是很用心在清潔方面。隔音不好，回家時身上多了像跳蚤咬的紅點過敏，不會想再入住的飯店,1,1,1,0,0,0,3,3,3,0,0,0,3
剛入住時發現廁所各角落有頭髮。廁所門關起來有門縫，浴室設計不良。,1,1,0,0,0,0,3,3,0,0,0,0,3
剛入房間有股難以形容的輕微怪味，有點接近黴味。保險箱不確定是否故障，無法使用。,1,1,0,0,0,0,3,3,0,0,0,0,3
住了七天，我不會推薦給別人。雖然飯店的服務員很好，地點距離捷運站及行人專用商店區近，交通方便，但是房間的設計很糟。洗手盆在浴室外面，因?要洗手，水濺在舖磚的地面很濕滑，很容易摔倒。每次濺了水，就要用紙抹乾。鏡子的燈光照明不足，令我的太太化妝很困難。沒有吸塵，上一次住客的羽絨毛還留在地氈上，可能是冬季住客留下的，害我們給蝨子咬到遍體鱗傷。,1,1,1,1,0,0,3,3,1,1,0,0,3
剛好住的房間的窗是對室內大堂，電梯能看到房間內部，較沒隱私。早餐時間服務人員效率可以加強。,0,0,1,0,0,1,0,0,3,0,0,3,3
剛好入住到沒有窗戶的房間，壓迫感很重！房間照明不足，太昏暗了！建議書桌可以加個檯燈！還有浴室的水龍頭水壓超強，很容易一不小心大噴發，水濺得全身都是。,0,1,0,0,0,0,0,3,0,0,0,0,3
剛好安排高樓層，景色很不錯。房間隔音也很好，浴缸前也有電視可以一邊泡澡一邊看電視，服務人員親切有禮，讓人賓至如歸，早餐雖然是單點但可以無限續點，停車方便，離瑞豐夜市步行10分鐘左右,0,1,1,1,0,0,0,1,1,1,0,0,1
剛好房間位置位於健身房正下方，碰碰碰的聲音真的很不舒服(隔天和櫃台反應也只得到，喔因為樓上是健身房)，晚上12:00接到櫃檯打來的電話問說冷氣是否停止運轉，才發現冷氣真的停止運轉，直到一個多小時後才恢復。。。。,0,1,1,0,0,1,0,3,3,0,0,3,3
剛好房間好像在冷氣機還是壓縮機的旁邊，吵了一整晚睡不好，不然整體上來說應該算交通方便又便宜,0,1,0,1,1,0,0,3,0,1,1,0,1
剛好是端午節當天入住，還看到劃龍舟。房間內往外看到的景色很好，飯店還贈送迎賓飲料在20樓，享受窗外美景加上冰涼飲料，度過超棒的夜晚,0,0,1,1,0,0,0,0,1,1,0,0,1
剛好有遇到電梯故障，可以理解，但是樓梯通道非常的髒，希望能好好維護。,1,1,0,0,0,0,3,3,0,0,0,0,3
剛好當下我在趕時間，運氣很不好，竟然搭到壞掉的電梯，面板按鍵無法按，不太可能是我操作上有錯誤，因為跟我同行一起搭電梯的人也無法按，但換了一台電梯就成功,0,1,0,0,0,0,0,3,0,0,0,0,3
剛好睡到一間冷氣有雜音的，但跟服務人員反映後，有得到很棒的回應,0,1,1,0,0,0,0,3,1,0,0,0,1
剛好碰上畢業旅行的學生團，晚上吵得無法入睡，這次的經驗有點糟糕,0,0,0,0,0,1,0,0,0,0,0,3,3
剛好被分配在備品間旁邊，房間隔音很差，清潔人員一直大聲聊天，開門關門很大聲，根本無法休息,0,1,1,0,0,0,0,3,3,0,0,0,3
剛好這次房間在電梯前面，早上會被早起的其他訪客交談的聲音吵醒,0,0,0,0,0,1,0,0,0,0,0,3,3
剛好遇到學生團體，房間外的走廊聲音有一點吵，睡覺時間才好一點。,0,0,0,0,0,1,0,0,0,0,0,3,3
剛好遇到生日，飯店人員們很貼心，在深夜還準備蛋糕卡片來，是很難忘也很難得的經驗，謝謝你們的用心,0,0,1,0,0,0,0,0,1,0,0,0,1
剛踏進房間時，有一股味道，不明顯，但比較注重氣味的旅客，可以參考,1,0,0,0,0,0,3,0,0,0,0,0,3
剛進入房間會有一股令人不舒服的味道，冷氣開了大概10分鐘味道就會消失。,1,0,0,0,0,0,3,0,0,0,0,0,3
剛進去住第一天在床上看電視有一隻小蟲從電視機後面爬出來，冷氣口開強一點有灰塵飄下來,1,0,0,0,0,0,3,0,0,0,0,0,3
剛進房打開冰箱還有上一位客人沒丟掉的食物，這點整潔有點失望,1,0,0,0,0,0,3,0,0,0,0,0,3
剛進房時，房裡有很嚴重的煙味，雖然有幫我們換房間，但第一感覺不好。,1,0,1,0,0,0,3,0,1,0,0,0,3
剛進房有消毒藥水的味道，毛巾跟床單上並沒有，但也表示消毒的很徹底，疫情期間，某種程度上會讓住房的人感到安心。住的房型只有廁所有窗戶。,1,1,0,0,0,0,1,3,0,0,0,0,1
剛進房有點小小悶悶的味道，不過開冷氣就聞不太到了。因為靠近愛河畔，星期天晚上十點後還有表演歌手在唱歌。但這並不是飯店的問題，所以還是很喜歡這間飯店,1,0,0,0,0,1,2,0,0,0,0,3,1
剛進房間太黑找不到房卡置入處，因為房間以黑色系為主，可以改善讓開房門後有小燈會比較好，浴室也偏小，使用起來沒有很方便，吹風機太舊，感覺快壞了，床有點低,0,1,0,0,0,0,0,3,0,0,0,0,3
剛進房間時有殘留的煙味，希望這類異味要在客人入住前處理較好。櫃台服務員先生在服務上較冷淡，但換班之後變成一位很親切有笑容的小姐，因此對於員工服務的滿意度增加。整體還算滿意。,1,0,1,0,0,0,3,0,1,0,0,0,1
剛進房間有股不好聞的味道，不刺鼻，非菸味，開除濕未見改善。,1,0,0,0,0,0,3,0,0,0,0,0,3
剛進飯店。雖然等了一個小時。飯店才好，但服務還不錯。還有給小點心和餅乾,0,0,1,0,0,0,0,0,1,0,0,0,1
辦理入住時，浴室門壞了，因為有小孩兒怕掉下來砸到孩子，所以要求換房間，被告知滿了沒有房間，還說修一下繼續住，在強烈要求下才給換房間。所以希望大家下次入住時檢查好房間，以免給自己帶來不愉快的經歷。,0,1,1,0,0,0,0,3,3,0,0,0,3
加大的雙人床，自由翻身空間很足夠，早餐自助餐令人驚艷超乎預期，若可再增添幾道熱食菜，就媲美五星級飯店規格了,0,1,1,0,0,0,0,1,1,0,0,0,1
加錢升級完房間居然還是小間的，跟照片不符，不過櫃檯後來有處理換房。,0,0,1,0,0,0,0,0,3,0,0,0,3
努力達成我的期望，安排有窗戶房型。半夜不小心打翻咖啡導致床單污染，旅店馬上請清潔人員過來更換床單，過程迅速且全程微笑客氣，完全沒有不悅的神情，很感心。日後若去臺北將首選此間旅店。,0,0,1,0,0,0,0,0,1,0,0,0,1
動線有點複雜，電梯跟房間都容易讓人迷路，浴室有點小，只能在浴缸內洗澡，洗完整間浴室都是濕的，但整體還是滿意的,0,1,0,0,0,0,0,3,0,0,0,0,1
北車附近，搭捷運去其他地方很方便，附近有很多食物，半夜不怕肚子餓，雙人升級成四人，房間很大，大致上是乾淨整齊的,1,1,0,1,0,0,1,1,0,1,0,0,1
北車鬧區交通非常方便，雙人床才不到800，非常划算，房間內熱水充足，水壓也夠，床鋪跟枕頭偏軟但還可以接受,0,1,0,1,1,0,0,1,0,1,1,0,1
十分接近捷運站出口， 四周有三家便利商店， 一家遠東百貨， 馬路對面就是西門町,0,0,0,1,0,0,0,0,0,1,0,0,1
十分高性價比的住宿，設備方面有電梯有洗衣機及烘衣機，前臺職員們也很熱心幫忙。地點優越，有早餐。洗澡水壓很足夠。,0,1,1,1,1,0,0,1,1,1,1,0,1
升等之後看得到愛河景觀，所有的服務態度很好，早餐菜色豐富，到高雄首選國賓飯店,0,0,1,1,0,0,0,0,1,1,0,0,1
行政樓層很不錯，外表雖看似老舊了點，但內部浴室為乾濕分離設計，有更新過，比預期的好很多！,0,1,0,0,0,0,0,0,1,0,0,0,1
升降機內的地氈看起來有些殘舊， 如能更換新的或轉另一些顏色或圖案， 就能提升觀感了。,0,1,0,0,0,0,0,3,0,0,0,0,3
升降機速度太慢 ， 要等蠻久。一樓餐廳只有一個小小的洗手間 ，太少了 ！,0,1,0,0,0,0,0,3,0,0,0,0,3
半夜2點被隔壁男女吵醒，隔音真的有夠糟糕，打給總機想貼錢換客房，跟我說沒有可以換的客房後，明明是平日啊！！我直接半夜叫計程車退宿。很糟糕的住宿經驗。大家在下訂單前要三思。,0,1,1,0,0,1,0,3,3,0,0,3,3
半夜不知道哪裡來的水管聲音很大，久久就會傳來一次，相當擾眠，是唯一的困擾。,0,1,0,0,0,0,0,3,0,0,0,0,3
半夜使用水龍頭，水不是正常流出，而是帶空氣用噴的，時而有水時而沒水的噴出,0,1,0,0,0,0,0,3,0,0,0,0,3
半夜入住，前臺非常熱情。有24小時的自助小零食和飲料等，當宵夜很不錯。,0,0,1,0,0,0,0,0,1,0,0,0,1
半夜房間空調傳來很重的煙味，懷疑其他房客在房間偷抽煙，飯店有立即處置換房間，但還是希望多多宣導改善,1,0,1,0,0,1,3,0,1,0,0,3,3
半夜房間門突然被打開，雖然有馬上關上，但被嚇醒後，就都睡不好，隔天跟櫃檯反映，也只說可能是房務人員誤開，但沒確認跟表示，感覺很差。這次有同伴，也只有住一天，但如果自己一個人住，住多天，會很擔心人身安全跟物品安全。,0,0,1,0,0,0,0,0,3,0,0,0,3
半夜接受我們辦理入住並延後退房時間，非常感謝~床鋪舒適，位置交通便利，當作市區休息處所恰如其分。,1,1,1,1,0,0,1,1,1,1,0,0,1
半夜服務員記錯房間號送東西，還一直再敲門，並試圖開房門，這一點很煩。,0,0,1,0,0,0,0,0,3,0,0,0,3
半夜隔壁房大聲喧嘩，打到大廳後有改善，櫃檯有請他們小聲，但半小時後又繼續喧嘩。不知道是不是隔音太差,0,1,1,0,0,1,0,3,1,0,0,3,3
半年內已第二次入住，這次好像少了提供餅乾咖啡的交誼廳，如果能持續，會是附近眾多旅館出色的一家,0,1,0,0,0,0,0,3,0,0,0,0,3
半開放空間所以較為吵雜，尤其是接近大廳的寢室。衛生間為了通風，門經常開著，又緊臨小小的交誼廳，若能關上或許會比較好。,0,1,0,0,0,0,0,3,0,0,0,0,3
衛生間的門居然不是全封閉的。有一天晚上回去快9點了，結果停電，大堂很多人，到快10點才亮，效率有點低，貌似停了快2個鐘頭，而且也沒啥處理辦法，結果大家只是把早餐吧的東西吃了而已,0,1,1,0,0,0,0,3,3,0,0,0,3
即使重新設定，空調還是會返回23度，似乎無法再往上調升，因為鼻腔喉嚨太乾燥所以最後還是選擇關空調睡覺,0,1,0,0,0,0,0,3,0,0,0,0,3
原來樓上是健身房，到晚上十點多仍有砰砰聲響，早上七八點就開始有聲音。晚上洗澡熱水不足，轉到非常熱才有溫水可洗頭。枕頭太軟，躺下去就扁掉等於沒枕頭。,0,1,0,0,0,0,0,3,0,0,0,0,3
原先住宿經驗相當愉快，但再次前往住宿時，安排房間的床舖卻是壞掉的彈簧床，有一邊陷下去，直接向櫃檯反應卻無任何用處及妥善回應，讓人有擺爛的感覺，感到非常的失望。就算是付最便宜的住宿費用，似乎都不該被如此對待。之前對飯店累積的好印象，瞬間破滅！,0,1,1,0,1,0,0,3,3,0,3,0,3
原於訂房網站獲知有早餐才訂購，但以訂房時卻告知未附早餐；稍晚於反應時卻有另一名不知情的員工態度不佳的說沒有早餐就是沒有早餐；對此我們自行決定訂購麥當勞，並確認飯店能協助送至房門，但一早卻接到飯店人員要求我們下樓拿取早餐，須溝通才把早餐拿到房間。,0,0,1,0,0,0,0,0,3,0,0,0,3
原本以為會是簡單的套餐選擇，沒意料到會是自助式的早餐， 以「沙拉」來說還不錯，不是那種美生菜、小番茄、美乃滋的兩光沙拉，以房價來看早餐，整體的餐點與飲品很超值！ 有專屬的停車場，非常方便！ 其他的設施如：行李重量機、洗烘衣機、消毒奶瓶機、燙掛機。雖然自己沒有使用到，但可看出其用心！,0,1,1,0,1,0,0,1,1,0,1,0,1
原本休息8小時，算是小倆口逃避短期現實生活壓力的好去處，在沒有行程安排下還有地方可以遠離避難的私人空間。進房門後意外發現是兩張大床的四人房，空間大，舒服,1,1,0,0,0,0,1,1,0,0,0,0,1
原本住宿的房間因為有團體入住很吵，住房經理（陳經理）很貼心的幫我安排升等，整個處理過程都非常的友善而且很關心客人的感覺，住過許多五星飯店，國賓是老牌子，到目前為止是老牌子中服務最好的。,0,0,1,0,0,1,0,0,1,0,0,3,1
原本入住的房間空調，從下午到晚上都一直傳出菸味，房間跟廁所都沒有窗戶，無法通風，真的受不了，才下樓反應，反應後有更換別樓層房間，廁所有窗戶，房間是沒菸味了，但冷氣太冷將溫度調到25度以上，就有其他黴味出現，一定要開到20度上下，睡到半夜頭冷到超痛，枕頭也有臭味，第一晚以為是自己下午流汗碰髒了，睡到一半還起來噴灑香水或乳液，第二晚有請房務打掃，回房間也先洗澡後才碰床跟枕頭，一樣有臭味。,1,1,1,0,0,0,3,3,2,0,0,0,3
原本只是單純要找個單人房落腳，不過飯店直接幫忙升等到雙人房讓我體驗，相當感謝。飯店的地理位置良好，附近機能都蠻方便的，要吃美食、喝飲料都不是問題，距離公車站、捷運站、火車站都蠻近的。房間整體來說蠻舒適的，接待大廳有簡單食物可以用，很不錯。,1,0,1,1,0,0,1,0,1,1,0,0,1
原本在西門訂的住宿因屋況很糟，非常臨時決定在新驛入住，晚班服務人員態度非常專業，光線和空調也很棒，雖無早餐也無窗，但整體來說舒適且非常乾淨，而且隔音很好，很舒適的在這邊住了一晚～附有紅茶、綠茶包、零食小餅乾，住宿體驗很不錯！,1,1,1,0,0,0,1,1,1,0,0,0,1
原本安排的房型一整個很重的黴味，當下反應有立即得到協助更換房間。,1,0,1,0,0,0,3,0,1,0,0,0,1
原本房間的鎖壞了，只好換房。雖然是升級房型，但比較喜歡原本的房型。,0,1,0,0,0,0,0,3,0,0,0,0,3
原本是要求有窗戶的房間，但房間的窗戶不是隔音窗，大馬路上的喇叭聲車聲與公車方向燈的聲音，真的非常的吵，建議可以換成氣密窗，才不會影響住宿品質。房型挑高，住起來不覺得擁擠。美中不足的是，隔音不太好。房間對面剛好是房務人員的備品倉庫，一大早房務人員在準備整理房間的時候會很吵，交談或是準備備品聲音都很大，且常被空塑膠箱放到推車上的聲音嚇醒。淋浴間排水不良，洗澡的時候會積水。,0,1,1,0,0,0,0,3,3,0,0,0,3
原本有想要去九份的行程，房務除了提醒路雨溼滑以外，還特地準備一份九份小秘集，真的是小小的貼心大大的感謝 ，CP值真的很高房價也很便宜，彷彿賓至如歸會讓人想再來入住,0,0,1,0,1,0,0,0,1,0,1,0,1
原本訂了禁菸房，不過似乎還是有一些煙味在房間內存在，另外電視的遙控器實屬不好用，建議汰換。,1,1,0,0,0,0,3,3,0,0,0,0,3
原本訂到的是無窗雙人床，詢問一下馬上幫我查詢還馬上換房，甚至變成兩張雙人床態度我很喜歡，價格也合宜。馬桶是免治馬桶，男友很喜歡。但是太匆忙忘了拍照。,0,1,1,0,1,0,0,1,1,0,1,0,1
原本訂的房間是一張雙人床房間，辦理入住時幫我們升等變兩張大床，房間設備也不錯，飯店位置很棒捷韻站一出來就是飯店，對面就是西門町商圈,0,1,1,1,0,0,0,1,1,1,0,0,1
原本訂的是三人房，進房間後才發現飯店幫我升級成四人房，房間裡的空間不大也不小，浴室乾濕分離，因為剛好碰到優惠，以比較便宜的價格住到不錯的飯店！飯店位於站前，如果有大件行李的人可以建議從捷運出口那搭電梯上來地面，再前往飯店比較方便。,0,1,1,1,1,0,0,1,1,1,1,0,1
原本預期時回飯店後，請櫃檯的送上的交付的白酒與蛋糕是打開好的送進來房裡，但拿上來的人員卻是整盒蛋糕與白酒拿門口而已，如果這樣的話，我其實白酒大可直接冰房間的冰箱就好，也不用特別託給櫃檯處理，這部分可能跟預期有點落差，導致在房間內我們手忙腳亂地在拆蛋糕的外裝，也沒有打火機可以點火這樣，其實有點不太確定是當初訂房時的要求傳遞不清楚還是剛好那時的人員可能沒交接好這樣，但整個住宿體驗其實很ok很舒服。,1,0,1,0,0,0,1,0,3,0,0,0,1
原本預訂了兩個晚上的住宿，但因為遇到可能有颱風會進來台灣，由於我們是從南部到北部玩的，因為怕回去的路上遇到颱風，因為安全性的問題，有跟櫃檯反應要提早一天退房，在颱風未登陸以前先回南部，與櫃台溝通後，櫃檯最後也有退一天的住宿費用給我們，謝謝櫃檯服務人員的體諒。貴酒店這樣的服務很棒，謝謝！,0,0,1,0,0,0,0,0,1,0,0,0,1
原本預訂單人房直接升級成雙人房，雖然剛好遇到房門壞掉，但工作人員處理的方式迅速，值得推薦的好旅店,0,1,1,0,0,0,0,3,1,0,0,0,1
原訂2人房，幫我們升等4人房2大床。床好睡，被子蓋起來不會忽冷忽熱，很棒！有片大窗戶，逃生超安心。四周圍不論交通，覓食都超級方便。住臺北首選,0,1,1,1,0,0,0,1,1,1,0,0,1
原訂房有煙味，經向櫃檯反應後幫我們升等，但旅館內真的應嚴禁房客抽煙,1,0,1,0,0,0,3,0,1,0,0,0,3
原訂房間有很重的濕氣黴味，還好立即反應有協助更換房間，但其實空氣品質真的還是有待加強,1,0,1,0,0,0,3,0,1,0,0,0,3
原訂方案入住兩天，入住的隔天早上要消防演習，住宿前有跟飯店聯繫過，未通知，當天櫃檯也未告知有演習的事，全館僅有電梯不明顯處貼有告示，也是事後反應才被告知電梯有公告，讓我有種怕我知道會提前一天退房的觀感，當天工作結束已深夜，隔天一早被消防警報吵醒無法入眠，且演練時間非常長，入住體驗很差，當天就提早退房了。,0,0,1,0,0,0,0,0,3,0,0,0,3
原訂雙人房，獲得升級四人房，很棒！24小時免費土司及咖啡，性價比高、位置極佳,0,0,1,1,1,0,0,0,1,1,1,0,1
去臺北跨年，這家酒店距離101還行，散場後走回去大概要40分鐘。周圍有幾個捷運站，但都要稍微走一段。,0,0,0,1,0,0,0,0,0,2,0,0,2
去年因團體出國旅遊的臺北住宿2次，感覺不錯，所以最近幾次臺北出差也都住這裡，因我住花蓮，車站走過來也方便，目前我大概都會選這裡,0,0,0,1,0,0,0,0,0,1,0,0,1
去年我已在這裡住過4天，房間隔音極差，不論隔壁開關門，或是樓上有移動，聲音很大，會吵醒！,0,1,0,0,0,1,0,3,0,0,0,3,3
去年開幕一切都還很新，且離捷運僅步行一兩分，實在不錯。本次入住的四人房空間算大但浴室就不太夠用，一日三次提供的免費大廳點心物超所值，如像我攜小扶老就闔家歡喜。看得出來總經理老闆娘貼心，在房間備有小黃瓜敷臉、免費MINI吧等。早餐是預約時段的套餐提供，覺得很不錯，在不大的空間避免走動又做到分流。,0,1,1,1,1,0,0,1,1,1,1,0,1
去時正在推廣餐飲，但前往餐廳，卻感覺人員服務應對不佳，將住宿客服質感拉下。迴車道門房忙著看手機，導致忘記幫我送行李上車,0,0,1,0,0,0,0,0,3,0,0,0,3
去的時候房間還沒有好，稍等了一分鐘左右而已，房間被升等有窗房 ，很舒適，地點也很方便,1,0,1,1,0,0,1,0,1,1,0,0,1
去過好幾次了，這棟旅館房間數非常多，所以很多房間內其實是沒有對外窗的，會在意的人建議事先跟旅館方確認。,0,1,0,0,0,0,0,3,0,0,0,0,3
友善的人員，乾淨的房間，超值的價錢跟地點！房內設備齊全乾淨！還有小餅乾跟充足的礦泉水,1,1,1,1,1,0,1,1,1,1,1,0,1
反應冷氣太冷，櫃檯人員說會請師傅檢查，結果，還是冷到醒來,0,1,1,0,0,0,0,3,3,0,0,0,3
反應問題會即時處理，效率高，服務態度不錯，早餐也有變化和改善，比之前好吃多了,0,0,1,0,0,0,0,0,3,0,0,0,3
反應浴室狀況，沒有及時處置，一件事情要轉三個職員，最後才更換回原來的訂房,0,1,1,0,0,0,0,3,3,0,0,0,3
另一側電梯管制無法使用，上下樓梯等候電梯時間過久，最後直接走樓梯，退房人潮過多，大廳都是退房的人,0,1,0,0,0,1,0,3,0,0,0,3,3
只是晚餐時間用餐客人也許多，服務人員或許太忙，招待上讓人有點小失望,0,0,1,0,0,0,0,0,3,0,0,0,3
為什麼我原本預訂的房型沒有了，飯店員工處理方式是幫我升級，卻還要另外收費？正常來說，我已經預訂了，沒有房型應該是飯店問題，如要升級應該是飯店要自我吸收吧？,0,0,1,0,0,0,0,0,3,0,0,0,3
只有一個小缺點。由於我跟朋友很晚才去飯店休息，進去桌上有一隻半死不活的蟑螂，我朋友解決它了。我是覺得可能清潔人員打掃後，才突然跑進房間的吧。畢竟其它地方都很整潔，老實說 總分我會打十分，蟑螂扣兩分。,1,0,0,0,0,0,3,0,0,0,0,0,1
冷氣不能自己調整，住3天永遠都是21-22度，這溫度太低。相信在其他評語應該也有人提出這一點,0,1,0,0,0,0,0,3,0,0,0,0,3
只有三部升降機可到達地面，於退房時間需要等待很久才可乘搭,0,1,0,0,0,0,0,3,0,0,0,0,3
只有四個停車位，只好去停路邊停車格， 好在高雄晚上8點以後不收費，每小時30元，停沒幾個小時。早餐算美味，但菜色太少。,0,1,1,0,0,0,0,3,3,0,0,0,3
只有完美可以形容，離車站近，電視有電影，更好的是退房後還可以寄放行李，住起來也很舒適，真的想不到任何缺點。完美的一間旅社，跟朋友討論後，以後台中不用選飯店了，直接這間就好了,1,1,1,1,0,0,1,1,1,1,0,0,1
只有對內的窗，空調太冷，關了又很悶，早餐人多，酒店沒有足夠的食物和人員安排。,0,1,1,0,0,0,0,3,3,0,0,0,3
只有烤吐司能吃吧。地點方便，但西門5號出口要爬樓梯，帶行李不便利,0,0,1,1,0,0,0,0,3,1,0,0,3
也不是不滿意。雖然我知道我的名字很男性，但我本人已經都站在櫃檯面前了，還說是戴**先 預定嗎？ 讓我有點傻眼！ 建議如果之後不確定是男的還是女的，其實可以用「您」稱呼就可以了。 一來有禮貌接待到客人也不會發生尷尬情況。畢竟我自己也是從事旅宿櫃檯的。,0,0,1,0,0,0,0,0,3,0,0,0,3
只有門口四個停車格，晚到的人要在外面找停車位，而且不太好找。,0,1,0,0,0,0,0,3,0,0,0,0,3
只能說可能是我去過臺北這麼多次，唯一一個能夠讓我開門就覺得驚喜的一家了，這次也很幸運第一次住宿就得到了免費升等的機會，我只能說是我會一去再去以及會分享給身邊朋友的一間旅店,0,0,1,0,0,0,0,0,1,0,0,0,1
只要一進房間手機信號就會變成沒有服務，網路信號也很不好。 吹風機要用手一直按才可以，長頭髮的還是自己帶一個吧，手會抽筋的。,0,1,0,0,0,0,0,3,0,0,0,0,3
只要選好電梯上五樓，就會很方便。房間夠光猛，沐浴地方?生。,1,1,0,0,0,0,1,1,0,0,0,0,1
可以使用的24小時零食吧，非常喜歡！早餐可以簡單解決非常方便,0,0,1,0,0,0,0,0,1,0,0,0,1
可以免費寄放行李，靠近臺北火車站。新光三越，性價比高。服務人員親切，有免治馬桶可以使用,0,1,1,1,1,0,0,1,1,1,1,0,1
可以免費接送到附近的台鐵站或者捷運站哦，不過要提前至少一個小時預約哦，千萬不要錯過！服務員的態度好，距離六合夜市就2公里不到的距離，可以走過去,0,0,1,1,0,0,0,0,1,1,0,0,1
可以待在飯店一整天不用出門，房間環境舒適，隔音好，算安靜，房間很有設計感，太多貼心小物，還有免費的自助吧可以吃。晚上還可以到頂樓餐酒館，邊吃飯邊享受街景，服務人員很親切 ，離捷運又很近，還有自己的停車場,1,1,1,1,0,0,1,1,1,1,0,0,1
可以提早寄放行李，且酒店離捷運站很近，對於搭車遊玩的我們，很方便，沒有被鄰居打擾，算是很安靜的房間，睡的很好很舒適,1,1,1,1,0,1,1,1,1,1,0,1,1
可以理解春節假期的消費高，但14000多的4人房只有內窗加上沒衣櫃。床太小有軟趴趴很難睡。早餐可選擇的不多，咖啡很難入口，坐位很混亂。隔音差。服務人員不是很 OK ，可能客人太多，累了。,0,1,1,0,1,0,0,3,3,0,3,0,3
可以自己控制空調溫度很難得，原本的房間因為收不到訊號，跟櫃台反應後立即幫我們換房間服務很好，插座也很夠用,0,1,1,0,0,0,0,1,1,0,0,0,1
可以選擇入住的時間，有的類似像鐘點房！時間自己調配及掌握。房間來說麻雀雖小五臟俱全，該有的都有，性價比很高！,0,1,1,0,0,1,0,1,1,0,0,1,1
可加強提醒早餐餐具使用後主動拿到回收區的措施，一來減輕工作人員負擔，且可減少逐桌收餐具時造成的響聲。謝謝。,0,0,1,0,0,0,0,0,2,0,0,0,2
可惜停車位只有附三個，停滿就只能停附近的停車格，要多花停車費,0,1,0,0,0,0,0,3,0,0,0,0,3
可惜停車位真的不夠，有時連路邊停車都不好找，枕頭是會扁掉的那種不太好睡，冷氣都在21～23度左右好像無法調溫度，一直覺得冷還好棉被很溫暖，冰箱超級小，友送了一小盒點心竟然放不下,0,1,0,0,0,0,0,3,0,0,0,0,3
可惜健身中心沒開放。雖然沒游泳，但用看的就覺得泳池和外面街道太無隔閡，地點隱密性不足。,0,1,0,1,0,0,0,3,0,3,0,0,3
可惜因疫情關係目前不提供早餐，但旅館位置真的很棒呦！而且鄰近商家也很多，要買東西或領錢走出去幾步就有了，另外旅館櫃台服務態度很棒。詢問幫忙或辦理入住退房時的態度也都很好，另外住宿價位也真的是物超所值了！,0,0,1,1,1,0,0,0,1,1,1,0,1
可惜的是，洗手台沒有熱水， 另外空調的集水聲蠻大聲的。 謝謝。,0,1,0,0,0,0,0,3,0,0,0,0,3
可惜的是，烘衣機壞了兩、三臺。洗衣完，沒時間烘乾，太多人排隊了。,0,1,0,0,0,1,0,3,0,0,0,3,3
可惜的是仍封閉健身房，現在各大健身房都開放了，其實沒有必要再封閉,0,1,0,0,0,0,0,3,0,0,0,0,3
隔音有待加強，可聽到門外說話聲腳步聲。建議加註浴室門說明，需用點力壓緊濕式的門才不會打開，而且一開就是全開,0,1,1,0,0,0,0,3,0,0,0,0,3
可能入住人較多，走廊聲音偶爾有些大聲，但基本上睡覺時間都睡的很好,1,0,0,0,0,1,1,0,0,0,0,3,1
可能剛好在電梯旁，門外一直陸續有講話聲，且早上七點多時房內電話響接起來也沒聲音，不知道是打錯還是怎麼了？而且住兩天兩天晚上都有被亂按門鈴，覺得很被打擾到,0,0,0,0,0,1,0,0,0,0,0,3,3
可能剛好連假，太多旅客了，第一天早餐要排隊排超久的····菜色也不理想，感覺很弱····第二天早上我們就乾脆放棄，直接吃外面的早餐~,0,0,1,0,0,0,0,0,3,0,0,0,3
可能因為天氣潮濕，所以剛進大廳的時候有潮味，但晚上回飯店休息時就感覺沒有了,1,0,0,0,0,0,3,0,0,0,0,0,2
可能因為是有歷史的飯店了，有些小設計會感到不方便，例如插座位置，床頭邊沒有可供手機充電的設備。,0,1,0,0,0,0,0,3,0,0,0,0,3
可能因為是舊建築，所以停車場車道、車位都較小也少，只要外出後就很難再有車位，但有特約停車場配合，雖然不能停在飯店內，但至少配套措施很可以！房間內空調系統聲音比較大聲，這是唯一美中不足的！,0,1,0,0,0,0,0,3,0,0,0,0,3
可能因為疫情的關係，主動幫我們升級成四人的雙人床房，兩個人住那麼大的空間真的很舒適，是個很棒的體驗,1,0,1,0,0,0,1,0,1,0,0,0,1
可能在當然天訂房價格較高，房間較小，窗簾雖遮光型強，但離窗戶的縫隙還是透出許多光,0,1,0,0,1,0,0,3,0,0,3,0,3
可能太多人入住的原因，房間的衛生可能要注意一下，第二天手上被蟲子咬了幾個包，差不多一個星期才好，其它都還好,1,0,0,0,0,0,3,0,0,0,0,0,3
可能排水設計關係，房間偶爾會聽到管路流水聲，如果對於睡覺時，聲音很敏感的人?就是美中不足的地方,0,1,0,0,0,0,0,3,0,0,0,0,3
可能是「市景」的「豪華雙人」房型，價格較優惠。但是，電視機是舊型類比電視，「濛濛霧霧」的感受中，只能用聽的。,0,1,0,0,1,0,0,3,0,0,1,0,3
可能是傳統的隔局，浴室天花板較低，沒有乾濕分離的浴室我們用還可以，但是對小孩或長輩來說，進出浴缸會較不容易?浴室門跟門框用的黃色讓他的裝潢看起來顯舊?用白一點或深巧克力色可能會時尚一點卻不失穩重。,0,1,0,0,0,0,0,3,0,0,0,0,3
可能是因為中央空調的關係，淩晨三點空調的煙味非常濃，只能關空調才比較好一點。,1,1,0,0,0,0,3,3,0,0,0,0,3
可能是因為假日入住的關係，早餐有點供不應求，大部分房客假日都會比較晚起床，特別是9點過後，因此應該要加快更新菜的速度，今早呈現很多人在等炒烏龍麵的情況，一上新盤又馬上被夾光，如果備量足夠，應可以避免這種像鬧饑荒的情況，希望貴旅店在這點能加強。,0,0,1,0,0,0,0,0,3,0,0,0,3
可能是因為疫情的關係，CP值超高！還會有享受到公主的對待～開勳～可以直接看到愛河的水舞表演，前提是你要運氣很好，住到面河房型,0,0,1,1,1,0,0,0,1,1,1,0,1
可能是大樓比較舊，一進門就聞到一股水管的味道，不是很好聞，隔音好像有部分比較不好，隔壁房按門鈴時，一直以為是有人按我們房的門鈴,0,1,0,0,0,0,0,3,0,0,0,0,3
可能是我們辦理入住時等太久，所以服務員主動幫我們升級房間，房間空間升級後超大，整體很滿意,0,1,1,0,0,1,0,1,1,0,0,1,1
可能是我是假日入住， 當天正好五點下雨導致入住房客同時辦理入住排隊需等候的時間較久。,0,0,1,0,0,0,0,0,3,0,0,0,3
可能是房位問題，窗外景色不佳。疫情問題太多設施無法使用，飯店偏舊，停車開放較為不便。,0,1,0,1,0,0,0,3,0,3,0,0,3
可能是房間有消毒殺菌過的關係，不知是消毒水還是什麼藥水味有點濃。,1,0,0,0,0,0,3,0,0,0,0,0,3
可能是前台人員溝通理解錯誤，以優惠價升等房型，但我要的是一張雙人床，而不是兩張單人床併在一起的大床！,0,0,1,0,0,0,0,0,3,0,0,0,3
可能是過年期間價格非常高，如果是平常不值得入住。入住的大廳在二樓，只有兩台電梯，要做什麼都要先到二樓，然後在等一次電梯上下樓，一樓有機械停車場，但總是可以碰到服務人員不在一樓服務的時候，要上下來回大廳很麻煩。大廳人員服務動作很慢，等待入住時間長。,0,1,1,0,1,0,0,3,3,0,3,0,3
可能是雙十節滿房的關係，所以第二天下午回房時，房間沒有整理。另外，在網路訂房無提供免費高鐵接駁車，依官網打電話預訂時才告知，當下小小失望。,1,0,1,0,0,0,3,0,3,0,0,0,3
可能是預定便宜房型的關係，房間稍微小一點，還遇到隔壁半夜超大聲講話的房客。,0,1,0,0,0,1,0,3,0,0,0,3,3
可能是高雄的新飯店太多，因此設備上並沒有特別新穎，維護得還好,0,1,0,0,0,0,0,3,0,0,0,0,3
飯店經營很久了，雖然沒有什麼特別新穎的設備，但設施維護得非常好,0,1,0,0,0,0,0,1,0,0,0,0,1
可能櫃檯人員不足吧！辦理入住時等到很久，櫃檯人員態度也很令人無語。房間隔音似乎有待加強，半夜及清晨還能清楚聽到沖澡的水聲。不過整體來說，這次入住經驗很優，我很樂意推薦也會想再次入住。,0,1,1,0,0,1,0,3,3,0,0,1,1
可能近期較為潮濕，外出回到房間後總有股潮濕的味道，但仍不影響整體！,1,0,0,0,0,0,3,0,0,0,0,0,1
可能飯店較老舊所以隔音不好，只要隔壁或是樓上樓下浴室用水，管道水聲非常大！星級飯店有這樣的狀況，小小驚了一下。,0,1,0,0,0,0,0,3,0,0,0,0,3
台中後火車站出來步行大概三分鐘就到了，隔壁還有最愛的老賴茶棧。雖然停車位不能保留，但經溝通感謝櫃檯人員協助幫忙留意，順利停車，值得提醒以後要入住的人：停車場距離飯店大概也是三分鐘左右的路程，還算方便。房間乾淨舒適，大小剛好，也很安靜，附近機能很好，餐廳一堆，推推。房價還算是高CP值，也會考慮再次入住,1,1,1,1,1,0,1,1,1,1,1,0,1
住宿房型有日式軟墊床很解壓力，早餐很多樣化和有免費清洗衣機和烘衣機和電熨斗，離台中後火車站新的鐵鹿大街新的商圈很近，二樓就是火車站月臺，近大魯閣時代廣場，家樂福購物中心很近，當地有全家便利商店，其他的小吃店和韓國料理和便當店和飲料店和屈城市連鎖商店和眼鏡行喔！,0,1,0,1,0,0,0,1,0,1,0,0,1
台中火車站後站一出來就到了，位置極好，附近美食多，房間不大，早餐種類雖不多，但是蠻乾淨，舒適，下次還會考慮入住。,1,1,1,1,0,0,1,3,3,1,0,0,1
台中火車站旁邊，位置優異，附近有忠孝夜市，早上吃完旅店早餐之後，隨意逛至第二第三市場，附近也有商店街電子街，離綠川也近，車輛停放至旅店免費停車場後，隨意亂逛處處有驚喜。,0,0,0,1,0,0,0,0,0,1,0,0,1
台中車站出來幾分鐘就到了，附近還有新時代可以逛，吃喝都不是問題,0,0,0,1,0,0,0,0,0,1,0,0,1
台中車站旁，位置方便，平日價錢合理，房間新且乾淨，大小適中，整棟式旅店，有飯店的感覺，週邊商家餐廳很多。,1,1,0,1,1,0,1,1,0,1,1,0,1
臺北市中心還有停車位跟游泳池，真的太棒了！員工態度也都很友善！,0,1,1,0,0,0,0,1,1,0,0,0,1
臺北市假日住宿CP值算很高，場地乾淨，裝潢也夠格調，樓上自助洗衣出差住宿方便,1,1,0,0,1,0,1,1,0,0,1,0,1
臺北日記旅店臺北車站館地理位置優越，出行方便，距離臺北車站、捷運西門站都比較近，步行10分鐘左右即可到達，去總統府，臺灣博物館大戲院，自由廣場，中正紀念堂都很方便，為旅遊參觀的好住宿之選,0,0,0,1,0,0,0,0,0,1,0,0,1
臺北西區旅行首選，飯店服務好，週邊交通景點都極佳，飯店與週邊美食選擇性豐富。,0,0,1,1,0,0,0,0,1,1,0,0,1
臺北車站地下街出口步行1分鐘即可抵達飯店，附近商店林立，地點相當便利。同行的友人來自日本，櫃台人員可以準確溝通，訓練有術，向櫃檯人員索取外加的毛毯也立即送上。本人相當推薦這間旅店，價格相當合理。,0,0,1,1,1,0,0,0,1,1,1,0,1
台大醫院站步行5分鐘就會抵達，很方便！房間空間、衛浴設備都很棒,0,1,0,1,0,0,0,1,0,1,0,0,1
臺灣旅行7天住的最好的酒店，簡直就是三星到四星之間。難得的是，價格比民宿都便宜。賺到了～！開心～！,0,0,0,0,1,0,0,0,0,0,1,0,1
吃到一半，遇到有些客人在用餐區咳嗽也不遮，真的是感覺很糟，本想再去取餐，直接放棄！,0,0,0,0,0,1,0,0,0,0,0,3,3
吃飽飯想去頂樓小酌一杯調酒，因為老婆懷孕不想喝酒，但是有低消350的限制，只能作罷,0,0,1,0,0,0,0,0,3,0,0,0,3
各個區域的旅店員工態度好，讓人感覺很舒適，地理位置就在火車站旁邊，非常方便，旁邊有一家全家，往另一邊走有很多餐飲店，可以走去宮原眼科哦！房間也很舒適，推薦入住！我沒有發現什麼不滿意的地方呢！,1,0,1,1,0,0,1,0,1,1,0,0,1
各方面很棒，人員接待時的態度，隔音還不錯，房間整理完後很乾淨，下次會再來，已列入口袋名單,1,1,1,0,0,1,1,1,1,0,0,1,1
各方面都好。員工親切，還有免費泡麵零食，飲水機可以裝水，房間整潔舒適,1,1,1,0,0,1,1,1,1,0,0,1,1
各方面都要改進。服務態度最重要，房間內的清潔要注意乾淨，我是第一次住進那麼老舊的高檔酒店，內部裝潢真的要提高一下。,1,1,1,0,0,1,3,3,3,0,0,3,3
各種設備齊全，零食也很多，地點交通也很便利，重點是絕對物超所值。太棒?,0,1,1,1,1,0,0,1,1,1,1,0,1
各種設施與餐飲服務，因防疫暫時無法提供服務或降級為半自助餐點，非常可惜，但防疫優先也只能如此。,0,1,1,0,0,0,0,3,3,0,0,0,3
設備的各項細節都有注意到，在貼心部分比一些五星級飯店還要好！茶包是用茶葉的很讓我驚艷，可惜我忘記泡了。床是讓我最滿意的，空間不大卻很大方給加大型的床，睡起來非常的舒適，真的很愛。地板拖鞋部分雖然我沒有使用，可是是很居家使用的毛茸茸室內拖，誠意十足。連化妝鏡都可以打光！太多細節了，真的很用心,1,1,0,0,0,0,1,1,0,0,0,0,1
同一層房間多到像迷宮，動線指示不佳，晚上八點入住，被安排的房間未收拾，還有前位房客留下的垃圾、浴室和床淩亂，打電話給櫃檯反應被換到比較小的房間，床太軟太低，邊角離電視太近還刮傷腳，隔天早上起床腰痠背痛，隔音很差，六點多就被走廊上的歐巴桑講話聲吵醒！整體觀感不佳，以後不會再入住！,1,1,1,0,0,1,3,3,3,0,0,3,3
同事介紹、透過網路訂房便宜到不敢相信，實際入住真的覺得物超所值、早餐也很棒，下次去高雄的首選,0,0,1,0,1,0,0,0,1,0,1,0,1
同層其他客房的門，關上會有很大的?一聲，加上隔音不是很好，會影響睡眠，水壓不是很強,0,1,0,0,0,1,0,3,0,0,0,3,3
同樣4人房，我比妹妹早訂，卻比她貴，這是甚麼道理！跟櫃台反映，只說一句：「沒辦法，價格就是浮動的！」讓人觀感很差！,0,0,1,0,1,0,0,0,3,0,3,0,3
明明同樣都是新驛旅店，但臺北的整潔度及舒適度遠遠大於台中！台中需要加油,1,0,0,0,0,0,3,0,0,0,0,0,3
同行的朋友從台中帶了很多小吃，由於行動不便，希望可以寄回臺北的酒店。老闆夫婦給予我們很大幫助，不僅幫助我們四處去找托運箱子，還幫助我們聯繫快遞公司，確定時間，並在我們走後寄出，經過確認已經到達我們在臺北的酒店，太感動了！,0,0,1,0,0,0,0,0,1,0,0,0,1
同行的朋友趕上了生日，酒店職員偷偷問我她在不在房間，送來了蛋糕和賀卡，賀卡上面都是店員們自己寫的畫的，不能再用心了！我們很感動！位置真心好，出地鐵口就是了，房間裝修的很時尚，萬聖節了，店裡還主題佈置了，聯繫送機的計程車也很準時，免費幫我們寄存了兩天的行李，態度非常友善！,0,1,1,1,0,0,0,1,1,1,0,0,1
向中庭房，夜間有燈，白色紗簾沒用，一樣可看到別房間的動作。還有早餐之用餐對於非本國的住客，餐點每項標示應加強。那天有日本人、韓國人、香港人，拿夾子抓著麵筋在嘴唇試了一下，再放到自己的盤子，挺噁心的。,0,1,1,0,0,1,0,3,3,0,0,3,3
向櫃檯反映房間電燈不亮及電視機無法開啟時，皆能很迅速的派服務人員到場處理；捷運出口走不到3分鐘就到飯店，而且過到對街就是西門商圈，非常方便。,0,1,1,1,0,0,0,3,1,1,0,0,1
吹風機，雖然的確是為了安全考量，不過對於頭髮較多或較長的朋友還是帶自己的吹風機吧！因為安全關係，所以吹風機的設計是過熱就會斷電，沒吹到一分鐘就又斷電，再復電會需要二至三分鐘的時間，這樣我還寧願使用按壓式的那種。,0,1,0,0,0,0,0,3,0,0,0,0,3
吹風機出來的風是溫的，希望可以改善。附贈的小用品，也希望可以有梳子,0,1,0,0,0,0,0,3,0,0,0,0,3
吹風機只能在廁所用，地板潮濕使用會不安全，且濕氣重時會吹不乾。隔音較不好。,0,1,0,0,0,0,0,3,0,0,0,0,3
吹風機吹沒五分鐘，竟然燒掉冒火，燙到手還留了一個小疤，回報後，打掃阿姨半夜幫忙送了一條藥膏過來，再拿了一個一樣的吹風機過來，是正常可以使用，但還是讓人心有餘悸,0,1,1,0,0,0,0,3,1,0,0,0,3
吹風機是在廁所，且要持續按壓的，對於長髮女生來說有點不便。雖然有規定不能抽菸，但還是有其他住戶抽菸，所以走廊有菸味。,1,1,0,0,0,1,3,3,0,0,0,3,3
吹風機是壁掛式的，使用上不方便；隔音較差，聽得到走廊上的聲音,0,1,0,0,0,0,0,3,0,0,0,0,3
吹風機是壞的！打去前檯叫工作人員來看，工作人員來了之後的態度就像是我們用壞的。然後答應說幫我們換一個吹風機，可以晚上太忙吧，要再打一次電話下去才拿其他可以用的吹風機給我們。然後床鋪應該很久沒換 ！我們三個人第一天晚上睡覺的時候有蟲子咬我們。而且很多灰塵！,1,1,1,0,0,0,3,3,3,0,0,0,3
吹風機是掛壁老舊型，吹頭髮要自己壓，而且聲音很大聲，感覺快壞掉的那種聲音，建議要吹風機自己帶，不然手會痠死,0,1,0,0,0,0,0,3,0,0,0,0,3
吹風機是老舊式的需要長壓才能吹髮，長髮人可能會吹的很辛苦，希望有機會可以改善這點！也很希望飲水機能每樓加裝一台,0,1,0,0,0,0,0,3,0,0,0,0,3
吹風機有點老舊，是舊式需要一直按著的那種，聲音很大，容易吹到頭髮捲進去,0,1,0,0,0,0,0,3,0,0,0,0,3
吹風機的風是冷的。冷氣應該是中央空調，調了溫度結果都沒有降，睡到半夜有點冷。,0,1,0,0,0,0,0,3,0,0,0,0,3
吹風機的風量很小，要吹乾頭髮要花很多時間，隔音很差，甚至會出現刺耳的聲音，疑似是樓上開水的聲音，或許與管線設計不良有關係。,0,1,0,0,0,0,0,3,0,0,0,0,3
吹風機被固定在廁所的某個抽屜，無法自由的拿至房間裡面慢慢吹，頭髮長的人可能會有點困擾。吹風機風量不大，無法太快吹乾頭髮,0,1,0,0,0,0,0,3,0,0,0,0,3
吹風機邊吹機器會邊震動，震動蠻大的！吹到手會覺得麻麻的。洗手台設計不佳，太淺了，水一開就會濺的到處都是。另外也希望能提供洗手乳或是肥皂！,0,1,0,0,0,0,0,3,0,0,0,0,3
吹風機風量小不好用，如果晚一點回飯店，飯店內就沒有車位，飯店周圍也都沒有車位了,0,1,0,0,0,0,0,3,0,0,0,0,3
吹風機風量極小，網路完全連不上，浴室水量極小，浴室排水不佳，乾濕分離門關不上,0,1,0,0,0,0,0,3,0,0,0,0,3
門的隔音不好。早上的時候，我還在睡覺，但是外面打掃人員把寶特瓶踩扁的聲音真的是非常刺耳，希望不要這樣了，拿到別的地方去採，那時候是早上7點，干擾我睡覺。,0,1,1,0,0,0,0,3,3,0,0,0,3
員工友善，有地圖提供，想到哪旅遊一下就懂。交通方便，隔鄰台中火車後站，坐火車在後站出入比前站更方便。,0,0,1,1,0,0,0,0,1,1,0,0,1
員工很熱情，非常有禮貌。房間很舒適很乾淨。很驚喜地收到了生日蛋糕。酒店位置超級棒，方便極了。,1,0,1,1,0,0,1,0,1,1,0,0,1
員工服務很貼心，細心解釋要到我們目的地的方法。免費升等我們的房間超開心的。早餐菜色每天都換而且很好吃！ 謝謝你們 ，一定會再來,0,0,1,0,0,0,0,0,1,0,0,0,1
員工特別友善，地理位置也很棒，雖然是個青旅但是很整潔舒服，公共區域很漂亮,1,1,1,1,0,0,1,1,1,1,0,0,1
員工細心和友善，交通方便，早餐吃得很飽，有可愛的小人放在桌上提示位子已經有人坐了，滿特別的擺設。,0,1,1,1,0,0,0,1,1,1,0,0,1
員工超級熱情的，因為航班延誤，落地時間不斷改變，定了酒店接機服務，一直有跟我確認，特別貼心,0,0,1,0,0,0,0,0,1,0,0,0,1
員工還是比較熱情，知道我有老人家隨行，安排了合適的客房。地理位置沒的說，好到不行！無敵方便了。,0,0,1,1,0,0,0,0,1,1,0,0,1
員工都很熱情，小姐姐很熱情的 進去回來都有招呼，小哥哥看見稱重抬不動，大半夜還來幫忙。,0,0,1,0,0,0,0,0,1,0,0,0,1
員工非常熱情，服務非常好，辦理入住的時候詳細介紹了周邊，包括寧夏夜市、早餐店和水果店等等。地理位置很好，在臺北車站和中山商圈中間，從桃園機場過來的話，從桃園機場捷運1號出口出來直走就能看到過馬路的信號燈，左轉過馬路直走六七分鐘就到了。每天清潔和更換用品很及時。,0,1,1,1,0,0,0,1,1,1,0,0,1
周圍交通容易迷路，多走動熟悉一下就會發現很方便，可以發現很多有意思的地方,0,0,0,1,0,0,0,0,0,1,0,0,1
周圍環境比較吵，新裝修的味道有點大，而且行程有變更酒店很難溝通，臺灣行程中覺得最差的酒店,1,0,1,1,0,0,3,0,3,3,0,0,3
周邊就是西門町和臺北車站，地理位置挺好的，步行去搭捷運大概10分鐘，比較方便。辦理入住在負一樓，旁邊的飲料和小零食可以自行取用，都很好吃。有休息區和行李儲存區，但房間真的很小，勉強夠用，起碼箱子是可以平鋪打開。整體氛圍不錯，主要是地理位置很好。,0,1,1,1,0,1,0,3,1,1,0,1,1
周邊地區非常方便，如果沒有行李負擔可以步行到北車只要15分鐘。酒店房間舒適，乾淨。,1,0,0,1,0,0,1,0,0,1,0,0,1
周邊生活機能方便，很多公車可到達！重慶南路或228紀念公園站都很近。早餐供應三明治，一個小時後秒殺，但仍有吐司、茶葉蛋、包子。泡麵、咖啡、茶飲24小時無限量供應。喜歡地下一樓交誼廳，很適合跟朋友家人一起吃東西聊天的好地方。地下一樓有付費洗衣機與烘衣機很方便。臺北車站出口沿著重慶南路走即可到達，浴室乾濕分離很棒！,0,1,1,1,0,0,0,1,1,1,0,0,1
味噌湯100分。整體服務都很棒，包括員工訓練、軟體服務。,0,0,1,0,0,0,0,0,1,0,0,0,1
有奇怪的味道。深夜有大的聲響，不確定是什麼原因造成，有些設備維護得沒有很好,1,1,0,0,0,0,3,3,0,0,0,0,3
味道過於複雜：大廳、電梯、走廊房間都不同，會有種廉價感，建議香氛選用一致,1,0,0,0,0,0,3,0,0,0,0,0,3
和式房間不適合大行李箱的旅客居住，可能會面臨連行李箱都打不開的窘境。,0,1,0,0,0,0,0,3,0,0,0,0,3
咖啡太差！太久沒有泡新的。一點點咖啡的味道也沒有！水果不夠，食物一般，很少的選擇。房間沒有燙鬥設備，要自己到櫃台借。,0,1,1,0,0,0,0,3,3,0,0,0,3
咖啡是三合一的，我不吃糖，沒咖啡喝。如有二合一選擇，會更理想。,0,0,1,0,0,0,0,0,3,0,0,0,3
咖啡用紙杯喝感覺很廉價，希望能改用咖啡杯使用。飲品的容器可以換掉紙杯。,0,1,0,0,0,0,0,3,0,0,0,0,3
員工：服務檯及清潔人員非常親切，既會主動問好，也能非常迅速解決任何大小問題，對工作範圍內以至旅遊問題也有足夠認識，笑容也很熱情；房間不知道是否每間也有不同主題佈置，但應該每層也有不同主題，而且非常新淨，房間內的日常用品也有非常足夠的提供。還有酒店的地點非常接近西門捷運站，從地面出口出來只需過一條馬路，5 分鐘也不需要便能到達。,1,1,1,1,0,0,1,1,1,1,0,0,1
員工：跟我們說本棟樓下可以停機車，我們停了兩天之後，發現是不能停機車的，打去確認卻一直推託，完全沒有一絲想幫忙解決的！不夠周詳、一問三不知,0,0,1,0,0,0,0,0,3,0,0,0,3
員工人很親切，看評論有隔音問題，沒有遇到。本來訂三人房，幫我們升級到四人房，超開心的，還有窗戶，重點是水超強，真的CP值超高的，下次如果還要住北車一定會住這，只是走道有煙味，但不影響住宿。,1,1,1,0,1,0,3,1,1,0,1,0,1
員工人很親切的介紹房間跟可以使用的設施，也有餅乾、泡麵免費使用,0,0,1,0,0,0,0,0,1,0,0,0,1
員工們在生日當天親手寫了卡片跟端一個超好吃的提拉米蘇蛋糕為我獻上祝福，非常有誠意！,0,0,1,0,0,0,0,0,1,0,0,0,1
浴室地板積水不退，空調設備及電視機不好超控，沒洗手乳可用，員工冷淡,0,1,1,0,0,0,0,3,3,0,0,0,3
員工十分親切，旅客遇到問題可以馬上獲得解決並讓旅客感受到誠意十足。,0,0,1,0,0,0,0,0,1,0,0,0,1
員工友善，位置在捷運出口不遠處非常方便。才開幕一年多，設備很新，吃早餐及晚上喝酒的經驗都很舒服，還附點心吧跟宵夜吧。,0,1,1,1,0,0,0,1,1,1,0,0,1
打掃人員很有效率，位置極佳，無論坐捷運，高鐵，台鐵及機場捷運都是超方便的，如下次到訪臺北也會選擇入住。,0,0,1,1,0,0,0,0,1,1,0,0,1
員工友善細心， 旅店軟件貼心， 早餐每天不同， 房間清潔， 床舖舒適， 有24小時免費咖啡及茶。,1,1,1,0,0,0,1,1,1,0,0,0,1
員工反應跟服務，覺得不是很好。以這星級跟收費，感覺真的很差。,0,0,1,0,1,0,0,0,3,0,3,0,3
員工各個帥哥、美女！接駁服務很棒～寄放行李方便！讓我感覺很輕鬆～,0,0,1,0,0,0,0,0,1,0,0,0,1
員工在辦理入住時，完全沒有介紹飯店設施，或是有哪些可使用區域與不可進入區域,0,0,1,0,0,0,0,0,3,0,0,0,3
員工專業，各項說明快速又有效率，浴室大且舒服，硬體設備使用愉快,0,1,1,0,0,0,0,1,1,0,0,0,1
員工專業度不足，要求客戶自行操作，系統出錯要求工作人員協助，等一段時間後，交回個人提供之資料，身分證和訂單和信用卡等，要求客戶重新操作，經本人強烈反映才勉強代為處理。住宿不提供停車，地下停車場費用超高。,0,1,1,0,1,0,0,3,3,0,3,0,3
員工彼此連繫要加強，前後確認兩次隔天早餐種類，隔天一早餐廳仍說前一日沒有確認餐點。,0,0,1,0,0,0,0,0,3,0,0,0,3
員工很好，客人的小問題像是招呼計程車去機場、不懂如何使用設備等，都立即處理。,0,0,1,0,0,0,0,0,0,1,0,0,1
員工很是親切，環境乾淨，當天太晚到飯店了，可惜沒能喝到奶茶,1,0,1,0,0,0,1,0,1,0,0,0,1
員工很棒，房間整齊，有免痔馬桶讚，飯店位置良好，體驗十分愉快,1,1,1,1,0,0,1,1,1,1,0,0,1
員工很親切，會禮讓顧客，有免費的調酒跟起司棒，還有冰箱的迷你吧，以及咖啡機，浴室非常舒服。,0,1,1,0,0,0,0,1,1,0,0,0,1
員工很親切面帶笑容。地點很好，到車站兩分鐘。房間設備都很棒，也有免費電影可以看。,0,1,1,1,0,0,0,1,1,1,0,0,1
員工很貼心的發現隔天我生日，送了一個小蛋糕讓我先過生日，真的好貼心。,0,0,1,0,0,0,0,0,1,0,0,0,1
員工態度一極棒！雖然房間沒有說到很大，但是房間很乾淨也很舒服，大廳很漂亮，還有吃到飽的泡麵跟飲料，甚至還有投影幕讓你觀賞，以在臺北的價錢來算真的很便宜！真的推推！,1,1,1,0,1,0,1,1,1,0,1,0,1
員工態度好， 房間的佈置好特別， 好舒服。,0,1,1,0,0,0,0,1,1,0,0,0,1
員工態度好，24小時有櫃檯，還備有小茶點、零嘴、泡麵可以食用，也有提供早餐代買服務，廁所的設計蠻好的，而且還有免治馬桶！,0,1,1,0,0,0,0,1,1,0,0,0,1
員工態度應對上有點令人不適，只是詢問一下為何過去其他飯店只登記我一人的身分證，而現在我全家身分證都要登記，員工就直接冷冷的回「政府規定」，所以稍微多詢問不行？萬一我太太忘記帶身分證就不用進去住？,0,0,1,0,0,0,0,0,3,0,0,0,3
員工態度友善、和藹可親 ，位置超卓，距離台中火車站只需三數分鐘路程，交通十分方便,0,0,1,1,0,0,0,0,1,1,0,0,1
員工態度極差，明明已經都是自助了，不懂她態度到底可以為什麼那麼差，問個問題都不能！希望經理或主管可以檢討一下她的態度，住宿晚上那天的女生！,0,0,1,0,0,0,0,0,3,0,0,0,3
員工態度相當親切，位置離西門捷運站超近，交通方便！交誼廳提供咖啡、冷飲、零食與泡麵，房間也有放置餅乾，半夜突然肚子餓也不怕，洗澡水溫適中，熱水的等待時間也相當短，提供的沐浴用品還算蠻好用的。,0,1,1,1,0,0,0,1,1,1,0,0,1
員工態度親切，服務很好，有咖啡奶茶小點心等等，晚上有泡麵當宵夜，洗澡時水壓強大很舒服，沐浴用品也很棒,0,1,1,0,0,0,0,1,1,0,0,0,1
員工態度非常親切，讓人感到舒服，水很大，很快就熱，洗澡很舒服，冷氣很涼,0,1,1,0,0,0,0,1,1,0,0,0,1
員工有禮，房間整潔，床很大，早餐不錯，會每日轉變款色，還有免費電影提供，整體滿意，推薦！,1,1,1,0,0,1,1,1,1,0,0,1,1
員工服務一流； 酒店任何角落都可接收無線上網；24小時免費提供咖啡奶茶等飲料；免費自助洗衣設備也很方便。總而言之，整體就是很棒！,0,1,1,0,0,1,0,1,1,0,0,1,1
員工服務品質一流，每層都有飲水機，樓下有提款機跟販賣機，附近不到3分鐘的路上有超商,0,1,1,1,0,0,0,1,1,1,0,0,1
員工服務很好，好像是主管的樣子，當天預定六人房內有房客尚未退房，他馬上處理，態度也很好，升級成八人房,0,0,1,0,0,0,0,0,1,0,0,0,1
員工服務很好，生日還收到卡片，真的很貼心，飯店茶水間提供小點、泡麵、茶包、麥片，這樣的價格實在是太佛心了,0,0,1,0,1,0,0,0,1,0,1,0,1
員工服務很好，讓人感受親切，並且會想回訪 ，頂樓泳池以及酒吧非常優秀，床跟枕頭的舒適度無法挑惕，早餐選擇多樣，東西好吃,0,1,1,0,0,0,0,1,1,0,0,0,1
員工服務很棒！雖然辦理入住時間晚上10點多，但是辦理入住櫃台人員服務態度超棒，針對COVID-19的設施服務調整，也細心地先行提醒。床鋪也超棒，軟硬適中，倒頭就睡著了呢！,0,1,1,0,0,0,0,1,1,0,0,0,1
員工服務很細心周到，從訂房後就電話聯繫、停車場引導、辦理入住後的需求（嬰兒床、澡盆、矮凳）。大廳的消毒鍋、親子區、閱讀區等等公共設施，使用上很舒服。下次會再次入住。,0,1,1,0,0,0,0,1,1,0,0,0,1
員工服務態度，問停車場在哪態度有夠差勁，像我們本就該知道停車場在哪一樣。入住態度也不好，發票也用丟的，請改進好嗎，絕對不會再去！,0,0,1,0,0,0,0,0,3,0,0,0,3
員工服務態度很好，特別是收拾房間的員工。早餐時段的安排及食物的質量也很棒。接待處員工對遊客很細心。,0,0,1,0,0,0,0,0,1,0,0,0,1
員工服務態度友善及細心， 主題房間設計特別， 鄰近車站交通方便,0,1,1,1,0,0,0,1,1,1,0,0,1
員工服務態度好，做事快捷，自助式早餐CP值很高，大堂有免費咖啡和自助洗衣乾衣機。,0,1,1,0,1,0,0,1,1,0,1,0,1
員工服務態度好，不但明白旅客的需要，更為旅客提供景點及購買手信的資料。,0,0,1,0,0,0,0,0,1,0,0,0,1
員工服務態度尚可，尚有進步空間。隔音較差，住馬路邊的房間會不斷聽到車聲。,0,1,1,1,0,0,0,3,2,3,0,0,3
員工服務態度很好，床很舒服，浴室乾濕分離很好，點心吧內容物還可以，距離捷運出口很近,0,1,1,1,0,0,0,1,1,1,0,0,1
員工服務態度很好有耐心。大廳備有飲料餐點，肚子餓的話隨時都有東西可以吃。離捷運西門站蠻近的，附近很多地方可以走走逛逛。,0,0,1,1,0,0,0,0,1,1,0,0,1
員工服務態度極差，入住沒有告知退房時間，退房當天一早打來催促說時間到了，我要求加時，卻要我立刻上去結帳，我房錢都付了，差你那點加時費會跑掉？我只想好好睡覺休息，我說我就是要睡覺才加時，你叫我上去付錢？員工還回答「對啊」，是多沒素質？,0,0,1,0,0,0,0,0,3,0,0,0,3
員工服務態度親切有禮。附有兒童遊戲室讓小孩可以快樂遊玩，尤其是騎馬機是許多小孩的最愛。,0,1,1,0,0,0,0,1,1,0,0,0,1
員工服務態度超好～整體住下來的感覺很舒服，房間乾淨整齊，交誼廳提供的零食餅乾泡麵也都很充足，真心推薦～,1,0,1,0,0,1,1,0,1,0,0,1,1
員工服務態度超級好，不管是櫃檯或是供應早餐時的服務人員，甚至是打掃阿姨，都超級親切的，可見員工素質非常好，很棒，謝謝您們～～～,0,0,1,0,0,0,0,0,1,0,0,0,1
員工服務態度非常好，床也很軟，非常舒適！隔音也算不錯！飯店位置也在市區，一出來就有公車站牌，幾乎觀光地點都能輕鬆到達～,1,1,1,1,0,0,1,1,1,1,0,0,1
員工服務態度非常好，很貼心的介紹房內設施。會帶著客人進入房內解說，早餐也有兩種餐廳提供選擇，中式或是西式，整體來說很滿意。住過更貴的，服務也沒有這麼好。下次再去高雄旅遊這間是我的首選,0,0,1,0,0,1,0,0,1,0,0,1,1
員工服務極佳，早餐非常好吃，還有令人驚喜的下午茶，房間的床非常舒適，很滿意。,0,1,1,0,0,0,0,1,1,0,0,0,1
員工服務熱情，房間整潔又精美，位置在車站步行5分鐘即可抵達很方便，耶誕夜入住還有收到小禮物很用心，以後應該會常入住。,1,1,1,1,0,0,1,1,1,1,0,0,1
員工服務相當好， 有禮， 在西門町捷運4號出口，地點方便。 客房十分清潔舒適， 價錢便宜,1,0,1,1,1,0,1,0,1,1,1,0,1
員工服務真的十分好，他們十分願意與客人溝通，又會熱心幫助客人、建議行程。最感動的是，他們為我代收貨品，雖然最後收不到，但是他們很上心。,0,0,1,0,0,0,0,0,1,0,0,0,1
員工服務非常好，主動幫忙，笑容好，有活力。設備一應俱全，房間舒適，格局新穎，廁所和淋浴間分開很方便。步行至中山站，臺北車站，寧夏夜市也近，地點優越。,1,1,1,1,0,0,1,1,1,1,0,0,1
員工服務非常好，五星飯店的專業服務。離美食區域鹽埕區很近，旁邊就是美麗的愛河。,0,0,1,1,0,0,0,0,1,1,0,0,1
員工服務非常好，很多小細節都很用心。,0,0,1,0,0,0,0,0,1,0,0,0,1
員工服務非常好，雖然可能有些忙碌，但是假日嘛哪裡都是人多，體諒一下。,0,0,1,0,0,0,0,0,1,0,0,0,1
員工服務非常親切，晚上十點前還有宵夜如茶葉蛋霜淇淋咖啡等，孩子超開心～早上的自助式早餐好吃豐盛，地點離火車站很近，性價比實在非常優，下次回住高雄的首選,0,0,1,1,1,0,0,0,1,1,1,0,1
員工服務非常親切，說明停車場位置非常簡單明瞭，房間乾淨整潔，很喜歡這裡的地板有毛毛的地毯,1,1,1,0,0,0,1,1,1,0,0,0,1
員工比較可惜是不會主動打招呼??之前住過其他的四星飯店都會主動打招呼，但這家不會,0,0,1,0,0,0,0,0,3,0,0,0,3
員工熱心親切，因內人提早到達，櫃檯人員很貼心的安排提早入住。而且因為疫情的關係，早餐提供美味可口豐富的外帶式餐盒，讓我們拿到房間享用，非常感謝,0,0,1,0,0,0,0,0,1,0,0,0,1
員工熱情有禮，主動服務，令人感到賓至如歸。很有溫度的服務。我們每回來高雄的首選飯店。粵菜樓及川菜非常好吃，味道很棒，真的很推薦，服務人員非常熱情，態度親切有禮，很棒！,0,0,1,0,0,0,0,0,1,0,0,0,1
員工的態度很好，而且附近商店很多很方便，衛浴方面，我很喜歡乾濕分離，超棒,0,1,1,1,0,0,0,1,1,1,0,0,1
員工的教育訓練具有專業水準，親切誠懇，讓人賓至如歸，非常滿意。,0,0,1,0,0,0,0,0,1,0,0,0,1
員工的服務及態度真的是很好，甚至退房後遺漏了物品忘了帶走，他們立即聯繫真的讓人很感謝。另外當晚有位戴眼鏡的夜班女員工，因為我們入住7樓，在進電梯前我看她從旁邊的樓梯間進去，在我們到達房間時，她已把我們需要的澡盆氣喘吁吁的送到了，這精神值得嘉許,0,0,1,0,0,0,0,0,1,0,0,0,1
員工的服務態度很好，在我們半夜因為其他客房的吵鬧要求換房時，很貼心的到房門口來接我們並把我們帶去其他的房間，途中也一直不斷的道歉，反而讓我們很不好意思。因為並不是員工他們的錯！總之，下次有機會再去臺北的話還是會考慮這家飯店,0,0,1,0,0,1,0,0,1,0,0,3,1
員工的服務態度極佳。 周遭是百貨商圈及知名的夜市， 生活機能很方便。 飯店設施整齊，房內清潔。 房間內有迎賓的九格小餅乾。 好喝的膠囊咖啡。 使用的備品都不錯。 樓頂有贈送迎賓飲料。 免治馬桶也不錯用。,1,1,1,1,0,0,1,1,1,1,0,0,1
員工的服務無可挑剔，第一次住過不管是男生女生，講話這麼溫柔的服務生！真的訓練的很棒呢,0,0,1,0,0,0,0,0,1,0,0,0,1
員工的素質太差了，我入住刷我老公的卡就算不行，你也不應該?：不高興我可以不要住啊！這是什麼?的服務態度？?這種話你不配服務任何一位客人，要別人的態度好，先看看自己對待客人的態度如何？好好說話不會嗎？服務業不適合你這種人！,0,0,1,0,0,0,0,0,3,0,0,0,3
員工的親切態度感覺出來是發自內心的體貼溫暖，而且個個顏值爆表，有氣質又有禮貌,0,0,1,0,0,0,0,0,1,0,0,0,1
員工知道我人不太舒服，所以中午就特別讓我提早入房休息，很貼心！ 而且服務態度都很親切,0,0,1,0,0,0,0,0,1,0,0,0,1
員工素質：很有禮貌，會主動詢問客人需求，最重要的是訂房網站標價與公司有落差，員工有誠意及能力去解決問題！,0,0,1,0,0,0,0,0,1,0,0,0,1
員工缺少笑容，辦理入住時問櫃台人員問題，回答問題時感覺有點沖。要辦理退住時，給他們看了飯店一張非常不應該出現在飯店的照片，他們回答的也非常無所謂,0,0,1,0,0,0,0,0,3,0,0,0,3
員工親切，優質服務。房間內乾淨。該有的東西都有。離捷運站近，交通方便，地點熱鬧。,1,0,1,1,0,1,1,0,1,1,0,1,1
員工親切，地點位置很好找，房間浴室打掃的很乾淨，冷氣吹得也很涼，隔音不錯幾乎沒聽到其他聲音，反而是怕自己電視聲音會吵到人家。沒想到住兩晚也有打掃房間，因為住宿費用真的很便宜，以住四人房的價錢CP值超高，下次有機會還會願意選擇住這間,1,1,1,1,1,0,1,1,1,1,1,0,1
員工親切，大廳很漂亮，還提供住宿免費泡麵、飲料！洗澡水夠熱，床頭很貼心的提供左右兩邊的小燈,0,1,1,0,0,0,0,1,1,0,0,0,1
員工親切，環境乾淨、大廳裝潢很有特色，有免費泡麵、餅乾、飲料可以使用，無可挑剔，CP值很高的旅店，值得推薦,1,1,1,0,1,0,1,1,1,0,1,0,1
員工親切，房間環境舒適，CP值高，冷氣溫度很舒服，蓮蓬頭水壓也很棒，窗簾遮光性很優秀，大推！！！,1,1,1,0,1,0,1,1,1,0,1,0,1
員工親切。嬰兒備品準備妥當（消毒鍋/嬰兒床/澡盆/小椅子等）。浴室水壓很強，洗澡舒服，有免治馬桶,0,1,1,0,0,0,0,1,1,0,0,0,1
員工親切有禮。喜歡飯店的床，很好睡，環境明亮，地點佳，停車方便，旁邊就是中山堂地下停車場。,0,1,1,1,0,0,0,1,1,1,0,0,1
員工親切熱情。整體住宿品質很好，但適逢旺季入住時等了一會兒，後來飯店也有提出解決方案。覺得應變能力很好。大推,0,0,1,0,0,1,0,0,1,0,0,1,1
員工都很親切，不管是櫃檯還是清潔的阿姨等等都很親切有禮。住宿品質高。然後有些以前的評論說水壓不夠大，自己體驗下來並沒有這樣的問題，都很合適舒服，大堆,1,1,1,0,0,1,1,1,1,0,0,1,1
員工非常有禮甚至提供許多諮詢與協助，顯見公司對於員工訓練非常紮實，特別感謝櫃台小姐從一進門的辦理入住給予詳細的說明，在防疫期間也提供消毒酒精隨身瓶送給客人使用，可以體會到處處的貼心！小姐也透過門縫提供隔天的早午餐地圖，這樣貼心的舉動，會讓人更想再次造訪！,0,0,1,0,0,0,0,0,1,0,0,0,1
員工非常親切非常友善，有一位實習生妹妹很認真，看到有評價說隔音不好，但實際上蠻好的，不會吵,0,1,1,0,0,0,0,1,1,0,0,0,1
員工非常親切，中午辦好入住就直接進房間，真的很不錯。好懷念早餐喔～希望能趕快恢復提供早餐,0,0,1,0,0,0,0,0,1,0,0,0,1
員工非常親切，有問必答，房務員很貼心的幫我把充電線捲起來，退房後留下的回饋意見，不但馬上瞭解情況，還特地打電話來確認並解釋原因，一個人旅行非常推薦這間，氛圍讓人覺得很溫馨，所有的設備以及備品都非常齊全，很方便,0,1,1,0,0,1,0,1,1,0,0,1,1
員工非常親切有禮，物品不見很認真幫忙處理，設備非常新，房間非常乾淨，位置離臺北車站走路5分鐘非常方便，來臺北會再次選擇住這裡,1,1,1,1,0,0,1,1,1,1,0,0,1
員工非常親切地服務與解說。房間非常大，很舒適。浴室乾濕分離，吹風機是負離子的,1,1,1,0,0,0,1,1,1,0,0,0,1
員工非常讚！地點在愛河旁邊，清晨夜晚可以沿著河岸走。有提供牙線、漱口水、浴衣，而且健身房、三溫暖都非常乾淨，處處能感覺到貼心及舒適感，不愧是經典的飯店，會想再入住。,1,1,1,1,0,0,1,1,1,1,0,0,1
員工體貼的問侯和親手繪製卡片，實在難得且貼心，非常的用心,0,0,1,0,0,0,0,0,1,0,0,0,1
唯一一點美中不足是冷氣調整溫度的按鍵好像壞掉了，無法設定溫度，會一直卡在22度,0,1,0,0,0,0,0,3,0,0,0,0,3
唯一不太方便就是停車吧，因為停車場不夠大，雖然很貼心有接駁車，但我們是家庭出遊，行李比較多，還是略為麻煩。,0,1,1,0,0,0,0,3,1,0,0,0,3
唯一不足的地方可能是沒有很多早餐供應，附近除了一家山崎麵包店比較方便外就沒有其他的早餐店。或者是我們不知道怎麼找。建議入住時，櫃檯可以提供一份早餐店的位址和名單供客人選擇。 謝謝！,0,0,1,1,0,0,0,0,2,3,0,0,3
唯一只有好像是彈簧床，非獨立筒，旁邊人起身整張床會連帶晃動，枕頭是羽毛枕那種，比較容易扁。,0,1,0,0,0,0,0,3,0,0,0,0,3
唯一可惜是床頭櫃灰塵有點明顯。但停車場空間大、車位多。下次來高雄還會考慮入住。,1,1,0,0,0,0,3,1,0,0,0,0,1
唯一小小不開心的地方是，在酒吧的時候有詢問服務人員，是否窗邊有位置讓我們換過去，但服務人員卻忘了。,0,0,1,0,0,0,0,0,3,0,0,0,3
唯一小小小小小小的缺點就是隔音。因為我晚上有聽到隔壁敲東西的聲音，但有可能是我聽錯了，而且也只是一下下而已，並沒有真的非常困擾我。,0,1,0,0,0,0,0,2,0,0,0,0,2
唯一小小的不滿意是浴室的玻璃牆實在太乾淨，我誤以為是打開的門，就一頭撞上。,1,1,0,0,0,0,1,3,0,0,0,0,2
唯一的小小遺憾， 週六入住， 隔壁房間的人太吵了， 半夜還在聊天， 害我被吵醒， 其他都好。,0,0,0,0,0,1,0,0,0,0,0,3,3
唯一的小缺點就是衛浴乾濕分離只做了一半，洗澡時還是會噴水出去導致容易滑倒！,0,1,0,0,0,0,0,3,0,0,0,0,3
唯一的敗筆就是，一進門就看到電視上方的電視盒懸掛在電視下方要掉不掉的，遙控也沒辦法使用,0,1,0,0,0,0,0,3,0,0,0,0,3
唯一的缺點就是，入住晚上廁所有煙味，因為本身帶小孩以為等等就會沒有，結果一直時有時無。通知人員來噴香水，隔天又有非常嚴重的煙味。當初入住的房型比較大，結果給我換了一間比較小的房型，而且小孩本身比較吵，之前在網路上的房型在最後一間比較不會吵到其他旅客，換了房型結果被警告太吵，另外還換到沒有想看的電視台，所以感覺有點差。,1,1,0,0,0,0,3,3,0,0,0,0,3
唯一的缺點應該是早餐的部分，早上下樓吃飯，結果飲料只有咖啡跟熱綠茶。不然也可以放個柳橙汁之類的。飲料的部分太少，吃的部分配菜還可以再多幾樣就不錯了！,0,0,1,0,0,0,0,0,3,0,0,0,3
唯一的缺點是，我們先辦理入住，後續入住，服務人員沒有把行李提到我們房間，而是要我們自己提上去，也許之後要事前說明會更好,0,0,1,0,0,0,0,0,3,0,0,0,3
唯一的美中不足應該是房間內的沙發微微的舊，但是可以確定是乾淨的！,1,1,0,0,0,0,1,3,0,0,0,0,1
唯一碰到馬桶不通， 真的是有點小缺失，辦理退房時有跟櫃台反映， 應該送我折價券的吧， 但是並沒有。,0,1,0,0,0,0,0,3,0,0,0,0,3
唯一缺點就是隔音很差，樓上乒乒砰砰，隔壁笑聲太大也聽得到，除此之外都還不錯！,0,1,0,0,0,1,0,3,0,0,0,3,3
唯一缺點是停車位少了點，差點停不到位子， 房間廁所有點小， 很可惜， 廁所開門後的空間離馬桶近。,0,1,0,0,0,0,0,3,0,0,0,0,3
唯一缺點是房間沒有對外窗，早上隔壁說話大聲的話，還是會聽到。,0,1,0,0,0,1,0,3,0,0,0,3,3
唯一缺點是浴室淋浴時的水會一直流到外面，無法流到排水孔，其他都一般般,0,1,0,0,0,0,0,3,0,0,0,0,2
唯一美中不足的是旅店準備的洗髮精跟沐浴乳品質差，跟小朋友一起洗完頭髮身體都會變很癢，隔天一早就去附近的光南買新的沐浴品回來使用就好多了，提醒要來住的旅友可自備清潔沐浴用品,0,1,0,0,0,0,0,3,0,0,0,0,3
唯一美中不足的是浴室管線隔音不好，樓上一洗澡水流過就非常大聲，希望能改善,0,1,0,0,0,0,0,3,0,0,0,0,3
唯一美中不足的是飯店樓上是健身房，從早上九點到晚上11半前，時不時都會傳來很大碰一聲，怕吵的人就真的不適合了,0,1,0,0,0,0,0,3,0,0,0,0,3
唯一覺得可惜是停車場車道小梯間老舊，但因為是老飯店，也不能怪他們。,0,1,0,0,0,0,0,3,0,0,0,0,3
唯一覺得美中不足的是隔音真的不是很好，不知道是不是改建的，所以在隔音這部分沒有強化，在房間內就可以聽到走道聲音，很清楚，然後隔壁房稍微碰撞到牆壁也會很明顯。,0,1,0,0,0,0,0,3,0,0,0,0,3
唯一覺美中不的是…吃早餐時不曉得是過年初五的關係嗎？服務人員很多看起來素質不一，感覺像臨時工讀生，一直在餐桌邊走來走去巡視著客人桌上是否有空盤，重點是我盤內的最後一口食物剛用叉子叉起，他就馬上快速的伸出手來把我桌上的盤子收走，讓我吃的好有壓力喔！,0,0,1,0,0,0,0,0,3,0,0,0,3
唯一讓我很不太舒服的就是給湯麵跟貢丸湯的服務員態度有點不屑，他讓我感覺到有點不尊重客人,0,0,1,0,0,0,0,0,3,0,0,0,3
唯廁所隔音沖水聲較差，上下左右訪客在沖沖馬桶時聲音較為明顯。,0,1,0,0,0,0,0,3,0,0,0,0,3
唯獨房內燈光稍嫌不夠，沒有像展示房型那樣，天花板上邊有裝嵌入式投射燈,0,1,0,0,0,0,0,3,0,0,0,0,3
商旅位置就在臺北車站對面，新光三越的隔壁，地理位置極佳，房間很乾淨、設計還算新穎，衛生間明亮度高，整體來說非常的棒！下次到臺北依然會選擇住這間。,1,1,0,1,0,1,1,1,0,1,0,1,1
商旅位置很好，附近覓食很方便。房間乾淨舒適、乾濕分離的衛浴設備也很讚。早餐也推薦！,1,1,1,1,0,0,1,1,1,1,0,0,1
問了服務員，樓下停車沒特約，本來想反正就付錢就好沒差，結果外面下豪大雨沒辦法到附近換零錢，就問了櫃檯，櫃檯人員竟然請我們走到銀行。如果外面沒雨我也不會想麻煩他們，而且想說我們都住宿了，不應該服務更周全一點嗎？,0,0,1,0,0,0,0,0,3,0,0,0,3
喜歡侍者們超敬業的服務，感受到老派飯店的作風，早上送上門口的報紙，美味的餐廳，服務員耐心的解答，門口幫忙接待的適應生都讓人如沐春風,0,0,1,0,0,0,0,0,1,0,0,0,1
喜歡一樓大廳24小時可用，對於商務旅行、朋友或家庭聚會都太合適了！重點是有咖啡、茶、冰塊跟吐司也24小時可以使用，而且門口進來旁邊有小會議室，還可以免費列印，真的很實用。,0,1,1,0,0,0,0,1,1,0,0,0,1
喜歡他家的早餐，有很多選擇。交通方便，服務人員很親切！,0,0,1,1,0,0,0,0,1,1,0,0,1
整體住宿感覺都很喜歡。唯一美中不足若要雞蛋裡挑骨頭的便是床不夠堅實、稍稍影響了睡眠。,0,1,0,0,0,1,0,3,0,0,0,1,1
喜歡地點位置，對於開車的來說停車方便。到周遭景點方便，雖然沒吃飯店早餐，但附近有頗多選擇。因為住宿時過兩天生日，收到飯店驚喜小蛋糕。房間整潔度好，旅店內都沒有菸味出現棒棒,1,0,1,1,0,0,1,0,1,1,0,0,1
喜歡寬敞的設計讓無窗房間也很舒適，不會有擁擠的感覺。空調也很棒沒有悶的感覺。廁所的桌子很長，喜歡～入住送的小卡也很可愛,1,1,1,0,0,0,1,1,1,0,0,0,1
喜歡床帶給我的舒適感。房間空間大，讓我不會感覺有壓迫感。離捷運站很近，非常便利 ，住宿首選！,0,1,0,1,0,0,0,1,0,1,0,0,1
喜歡房間、浴室乾淨舒適，早餐很豐盛，有中式、西式，廚房人員會補餐點。飯店旁有超商、嫩江街飲食方便，飯店服務人員都很客氣，非常感謝,1,0,1,1,0,0,1,0,1,1,0,0,1
喜歡浴室乾濕分離，還有隔天早上有豐盛的早餐可以吃。餐廳有多個供餐時段。,0,1,1,0,0,0,0,1,1,0,0,0,1
喜歡花錢找罪受！！上回住兩天還行！此次住兩天遇上旅行團超級吵鬧，半夜才停止！一大清早又繼續鬧叫！樓管是累了才這樣嗎？中餐廳要吃晚餐，說要預約，我說我是房客可以等，卻告訴我無法招待。,0,0,1,0,0,1,0,0,3,0,0,3,3
喜歡酒店一樓復古的氛圍，尤其是電梯的復古風，很有風格，房間簡約乾淨， 裝潢也新。,1,1,0,0,0,1,1,1,0,0,0,1,1
之前入住一直很喜歡餐廳的飲品供應，可惜今次忘記訂了早餐，下次再訂,0,0,1,0,0,0,0,0,1,0,0,0,1
喝咖啡用紙杯有失格調。飲品都是用紙杯有點增加垃圾量，很不環保，希望可以用馬克杯來使用。,0,1,0,0,0,1,0,3,0,0,0,3,3
單人床躺上去動一下就會搖晃，會暈的那一種。牆壁邊邊有灰塵屑屑,1,1,0,0,0,0,3,3,0,0,0,0,3
單人房的空間當雙人房出租，大床靠牆放，有一人要睡內側，上下床都很困難。停車場設計奇特，帶行李使用電梯困難。只有一些樓層有電梯,0,1,0,0,0,0,0,3,0,0,0,0,3
單人房非常狹窄，有好幾間淋浴間門關不起來導致水流出來，非常不便。,0,1,0,0,0,0,0,3,0,0,0,0,3
單人的床比雙人床好睡，整體是好的，唯一不美麗的地方，就是這次沒有提供早餐，但日後有機會還是會選擇這裡,0,1,1,0,0,0,0,1,3,0,0,0,1
單獨出差女性被安排在非常偏遠的角落房間，同樓層幾乎沒有房客，甚至還在裝修，住房率根本不到一半，已經提前告知住宿需求，而空房間很多，卻還這樣安排。地點跟房間設計適合出差或短期旅遊的人，但可惜了這麼好的地理位子環境，冷氣設備有待加強，房務安排人員需要再改進。,0,1,1,1,0,0,0,3,3,1,0,0,3
單獨旅客和團客應分層， 免得團客吵鬧聲影響到旅客， 房間門關門聲特別大聲！,0,0,0,0,0,1,0,0,0,0,0,3,3
噪音問題，隔壁如果使用洗澡的話，類似抽水機會做動。聲音蠻明顯的。,0,1,0,0,0,0,0,3,0,0,0,0,3
嚴重來說是沒有，真要有什麼挑剔，大概就是暫時沒有免費停車空間，但是臺北站前寸土寸金，這也是可以理解的,0,1,0,0,0,0,0,3,0,0,0,0,3
四人房，廁所門無法上鎖，門禁卡反映後櫃檯立即給第二張，效率很棒。附近晚上買吃的，走一小段路就到補習街,0,1,1,1,0,0,0,3,1,1,0,0,1
四人房，房間頗大也很清潔，所有設備也很新，距離捷運出口頗近。,1,1,0,1,0,0,1,1,0,1,0,0,1
四人房CP值高，大廳及整體環境不錯，房間舒適。唯獨餐飲普通！,1,0,1,0,1,1,1,0,2,0,1,1,1
四人房的兩張大床加上書桌及電視桌，剩餘的空間很少。整體空間稍嫌不足，室內燈光稍嫌昏暗，可能是黃光燈的緣故,0,1,0,0,0,0,0,3,0,0,0,0,3
四人房拆成雙人房，空間配置很詭異，床墊的高度也不是正常的尺寸，品質跟感受都很差,0,1,0,0,0,0,0,3,0,0,0,0,3
四人房的大小太小，那根本只能算是雙人房，無論整個房間的空間還是床的大小，都不如預期,0,1,0,0,0,0,0,3,0,0,0,0,3
四人房的床略小，雙人房的床又很大，品質不一。兩間房的浴室乾濕分離都會滲水需修繕。只有浴室裏有鏡子，房間裏沒鏡子略為不便。,0,1,0,0,0,0,0,3,0,0,0,0,3
四人房的床邊燈飾架懸空，容易讓起床的人撞到。一個晚上就有兩個人撞到,0,1,0,0,0,0,0,3,0,0,0,0,3
四人房的衛浴過小，馬桶就在門邊。缺乏提供自行車、沒有洗衣機和烘衣機的服務。小孩?沒有其他飯店免費吃的點心。,0,1,0,0,0,0,0,3,0,0,0,0,3
四人房空間比想像中大，衛浴空間算大且水壓大、乾濕分離，一樓大廳座位多。,0,1,0,0,0,0,0,1,0,0,0,0,1
四人房空間舒適，飯店位置交通便利，CP值很高，有機會還想入住。,1,0,0,1,1,0,1,0,0,1,1,0,1
四人房間過小，浴室更小，洗手台不在廁所內，安放在房裡門旁有點奇怪。不過至少住宿地點極佳，樓下很多小吃餐廳，交通方便。,0,1,0,1,0,0,0,3,0,1,0,0,1
四人房隔壁就是打掃房，打掃阿姨聊天很吵，雖然阿姨很無聊聊天也沒什麼不對，但表示隔音不好。,0,1,1,0,0,0,0,3,3,0,0,0,3
回房間的走廊燈光較暗，另外我的房型裡的衛浴間是透明玻璃隔間，洗澡上廁所都沒有隱私，不知道是否每個房間都這樣，介意的人要慎選。我們雖是二人一間，不過只有一把椅子，稍嫌不便。,0,1,0,0,0,0,0,3,0,0,0,0,3
因為是商業大樓電梯要等很久，到了旅館後又要走一段路搭另外的電梯到房間的樓層，出入有點不便，旅館沒有提供任何的餐飲,0,0,1,1,0,0,0,0,3,3,0,0,3
因遇清晨的芮氏6級地震這種特殊天災，本人更改行程提前回國，提前退房，但酒店方表示費用不能退回，對此表示不能理解，由於地震是客觀因素，非人為因素更改行程，商戶均會理解，並作特殊安排，本人也是曾經入住酒店感覺良好，因此在暑假相約親朋好友一同再次入住，共預訂家庭房三間五晚，但這次因地震而退房不退款，印象也隨之改變，望酒店方能作更人性化服務,0,0,1,0,0,0,0,0,3,0,0,0,3
因為靠近馬路，晚上窗戶的隔音一般般，12點前偶爾能聽到機車聲，12點後基本安靜；房間之間隔音較好。,0,1,0,0,0,0,0,2,0,0,0,0,2
早餐不夠供應，且選擇不多，住客太多，但只得三部電梯可上，電梯往往滿了，要等很久才可入電梯,0,1,1,0,0,0,0,3,3,0,0,0,3
因住過很多次了，比較不喜歡有某幾間的衛浴設備稍嫌小了點。其他都很好……,0,1,0,0,0,1,0,3,0,0,0,1,3
因入住當天是我的生日，旅店的員工在晚上發現是我的生日，特地送小蛋糕以及祝福的話！真的超窩心的！已經回訪第二次！下次台中依然優先選擇這家旅店,0,0,1,0,0,0,0,0,1,0,0,0,1
因淩晨才到飯店，辦理入住時告知停車場已滿，路邊停車費會幫忙繳費，這點還不錯。住12樓由上往下看停車場是真的全滿！,0,0,1,0,0,0,0,0,1,0,0,0,1
因商務需要在早上六點半前離開，櫃檯告知無法提供外帶早餐，是唯一感到可惜的地方。其他都很好！,0,0,1,0,0,1,0,0,3,0,0,1,3
因在網上看到貴飯店評價不錯，故特別訂了含早餐的方案想早起去吃早餐，辦理入住時問了櫃檯人員哪裡可以停機車，卻說不知道。這答案我很意外。辦完之後外出回來準備上樓才想到櫃檯沒有告知早餐資訊，回頭問他，他說我們這房應該沒有包含早餐，我請櫃檯人員確認一下，後來才說有早餐，也太不專業了吧。,0,0,1,0,0,0,0,0,3,0,0,0,3
因客滿早餐做不出來，足足等了一個小時以上，最後要外帶回房間吃，還在房間等通知取餐,0,0,1,0,0,0,0,0,3,0,0,0,3
因家人跌倒擦傷， 提供醫護箱及冰枕迅速。早餐服務人員很熱心。,0,0,1,0,0,0,0,0,1,0,0,0,1
因工作關係，住這裡比住家裡的時間還長，這裡的一切都十分便利，無論是交通或美食，且房價比背包客還親民。商務客的好選擇。沒有煙味，房內清潔，比租房子更划算。CP值非常高。,1,0,0,1,1,0,1,0,0,1,1,0,1
因工作關係，到飯店已經接近半夜時分了。停車位已滿，只能停在附近的停車格內。房間的空間雖不大，一個人商務夠用了。,0,1,0,0,0,0,0,2,0,0,0,0,2
因帶著兩個孩子入住雙人房，櫃台幫我們換了加大雙人床，房間大床也舒適好睡，隔音也好，服務人員都很親切。,0,1,1,0,0,0,0,1,1,0,0,0,1
因幫朋友慶生，已在備註註明需要配合的條件，住宿前也有來電確認過，但當天值班人員直接表示你直接請壽星上樓就好、我們沒辦法配合，我覺得如果一開始不行可以直接說， 我們可以準備別的方案 ，讓準備的人跟壽星都很難堪，我覺得沒必要造成這樣的後果。而且語氣態度非常的差，我能體諒疫情的關係你們很忙碌辛苦了，但這樣的態度我真的沒辦法接受。,0,0,1,0,0,0,0,0,3,0,0,0,3
因我有對年幼小朋友，他們安排了嬰兒床及小浴盆給我，非常照顧我的需求。另外，我有什麼需要都很快為我辦妥。最後，各員工都很有禮?及笑容。我絕對推薦給朋友,0,0,1,0,0,0,0,0,1,0,0,0,1
因房間有點小的關係、為了空氣流通、洗手間的門不是全密封的。門的頂部有一個通風的窗口位置、所以去廁所時、有點不方便吧！房間會聞到廁所裡的味道喔！這點會比較介意。每次去廁所都叫朋友先出外才能安心如廁、可能是我個人問題吧！,0,1,0,0,0,0,0,3,0,0,0,0,3
因房間臨近電梯口，床鋪也靠近房門，隔音不佳，隱私較不隱密，早上也偏吵雜,0,1,0,0,0,1,0,3,0,0,0,3,3
因是兩張雙人床合併，中間會硬硬的，要避開睡，床很大，如果有提供兩條被子就更好了,0,1,0,0,0,0,0,3,0,0,0,0,3
因沒註明需求要有窗戶，所以給了間沒窗戶房型。電梯與剛進入房間時會有香味，不太適應，出門回來後，房內味道有漸漸淡去，還行,1,0,1,0,0,0,2,0,2,0,0,0,2
因為3樓在施工，8點過後就不時有電鑽或敲東西的聲音，有點影響休息，有一次回來後房卡失效被擋在門外，還要再走回5樓櫃檯處理，要回4樓房間有點麻煩，要先上5樓再換電梯到4樓,0,1,0,0,0,0,0,3,0,0,0,0,3
因為一家四口入住有事先請旅館代為預留有浴缸的房間，清潔度上也很好，所以入住時覺得算舒適，算是位置優，價錢平價的住宿點。,1,0,0,1,1,0,1,0,0,1,1,0,1
因為之前有這間旅館的住宿經驗，這次入住居然獲得免費升級，感到非常驚喜！,0,0,1,0,0,0,0,0,1,0,0,0,1
因為住在三樓，住宿大樓的電梯沒有直達三樓，我們必需坐到五樓再轉換電梯到三樓的房間，只有這點覺得很不方便！！,0,1,0,0,0,0,0,3,0,0,0,0,3
因為住在電梯旁邊，早上比較多人進出，隔音有點差。床頭的牆是木板隔開，有時候會有些小雜音，但我不是淺眠的人，所以影響不大。,0,1,0,0,0,0,0,3,0,0,0,0,3
因為住宿位置距離捷運有段距離，而飯店也很貼心的提供接駁服務了，但住宿資訊中似乎沒有看到相關的介紹，會知道有接駁是因為看了其它網路分享，建議確認入住後可以加入詢問是否有需要接駁，感覺會更好，謝謝,0,0,1,0,0,0,0,0,3,0,0,0,3
因為住宿期間有施工，導致有一間房間的水出來都是黃的，跟服務人員反應後立刻處理，也協助家人換房間，感謝櫃檯人員跟房務人員的積極處理,0,1,1,0,0,0,0,3,1,0,0,0,1
因為個人睡眠狀態是淺眠者，習慣睡硬一點的枕頭，枕頭太軟有點小可惜，但本身很容易入睡的旅客應該沒有這種問題。,0,1,0,0,0,0,0,3,0,0,0,0,3
因為入住時間已是晚上，很感謝接待人員免費幫我升等至四人房，非常感恩。北車出口上來走幾步路拐個彎就到，非常便利，附近還有好吃的胡椒餅。,0,0,1,1,0,0,0,0,1,1,0,0,1
因為分配到較低樓層的房間，有點被旁邊學校的樹擋到風景,0,0,0,1,0,0,0,0,0,3,0,0,3
因為剛好和朋友約在京站，地點離京站非常近，真的很棒！價格不算貴，設施也很新，櫃台服務人員也蠻親切的！,0,1,1,1,1,0,0,1,1,1,1,0,1
因為口罩弄髒，備用的口罩也在車上所以無法外出，所以打電話問有沒有提供或是購買口罩的服務，沒想到直接被回絕了，以服務的角度希望不要拒絕太快，雖然是自己的問題，但至少讓客人覺得你們有想要處理但處理不來的感覺。CP值還是非常棒！,0,0,1,0,1,0,0,0,3,0,1,0,1
因為在大樓裡，要搭乘大樓正門的電梯才能上去，每個電梯通往不同樓層，須留意一下。,0,1,0,0,0,0,0,3,0,0,0,0,3
因為天氣不好房間有點潮濕感，但是客房人員很熱心幫我換了間面陽的房間，但是！ 但是還是建議國賓處理一下房間舒適濕度的問題，謝謝,1,0,1,0,0,0,3,0,1,0,0,0,3
因為工作關係一直和飯店更改住宿日期，著實抱歉，實在感謝飯店業者的耐心和細心，能接受我的打擾，真的很感謝業者，謝謝您們,0,0,1,0,0,0,0,0,1,0,0,0,1
因為已經住了很多次，很喜歡這裡的用餐環境，可惜這次因為疫情關係，只能回房用餐,0,1,0,0,0,1,0,1,0,0,0,3,3
因為我怕吵，告知櫃檯人員後馬上幫我安排較安靜的房型，真的很貼心，房間雖然不大，但床很舒服好睡,0,1,1,0,0,0,0,1,1,0,0,0,1
因為房間不時會有轟轟聲，打電話給客服，沒多久就有一位小姐敲門說已經關閉靠近我們房間的客梯，請我們再觀察看看，果真後來就沒聲音了，客服快速的解決我們的問題，很不錯，不過也凸顯老飯店的問題，呵呵！,0,1,1,0,0,0,0,3,1,0,0,0,3
因為房間太多了，找尋房間需要耗費些時間，標示可以再清楚些。房間為三樓及五樓，僅能透過電梯到達，有時要等得久，沒有看到有樓梯可走。,0,1,0,0,0,0,0,3,0,0,0,0,3
因為房間戶數很多，所以找起房間比較不容易，且房間位置於三樓與五樓之間，僅能搭電梯才能到達，如果有樓梯的話，可以減少等電梯時間,0,1,0,0,0,0,0,3,0,0,0,0,3
因為房間較多並非每個房間都有窗戶，希望業者也可以在官網標記一下房型有無窗戶，旅客辦理入住時也可以再跟業者確認一下看需不需要做更換,0,0,1,0,0,0,0,0,3,0,0,0,3
因為所在位置不好停車，雖然去電詢問旁邊有私人收費停車場，但價格一小時50元，還是偏貴,0,0,0,1,0,0,0,0,0,3,0,0,3
因為是30年的設計，真的有些相當不習慣，浴室沒有乾濕分離，沒有飲水機。,0,1,0,0,0,0,0,3,0,0,0,0,3
因為是中央空調，所以殘留的菸味有點重，空氣中氣味不像商旅，反倒是有點像摩鐵的感覺,1,0,0,0,0,0,3,0,0,0,0,0,3
因為是中央空調關係，可能有人在房間抽煙，有時好像會聞到煙味～,1,0,0,0,0,1,3,0,0,0,0,3,3
因為是商業大樓的關係，電梯都要等！！共轉了兩次電梯才能到達住宿的地方,0,1,0,0,0,0,0,3,0,0,0,0,3
因為是帶長輩到高雄玩，所以很重視早餐，長輩很滿意早餐，他們都吃得很開心也吃得多，早餐很加分！房間也很舒適，床、棉被都很好睡，個人非常喜歡廁所用的馬桶，超想家裡換同一款的,1,1,1,0,0,0,1,1,1,0,0,0,1
因為是幫小孩訂的，入住時付現金，詢問櫃檯是否可以於次日到店刷國民旅遊卡，並退還已付現金，櫃台說不可以，但結果發現發票於退房時才開立，那原本就可以啊，為什麼拒絕？,0,0,1,0,0,0,0,0,3,0,0,0,3
因為是沒有對外窗的房間，所以房間有點悶跟潮，另外空調不是很好打開跟設定，得找到特定角度位置,1,1,0,0,0,0,3,3,0,0,0,0,3
因為是非假日的入住，辦理住房時，提及了我家孩子第一次到高雄，住房人員貼心的為我們安排了高樓層，讓孩子對高雄愛河的夜景，留下美麗的印象，服務人員及清潔度都有五星級飯店的準，下回再到高雄，我們還是會選擇國賓飯店。,1,0,1,1,0,0,1,0,1,1,0,0,1
因為時代進展關係，裝置上可以改新穎、文創、青年、活潑取向。浴室洗手台水龍頭，對手無力氣者，較不方便,0,1,0,0,0,0,0,3,0,0,0,0,3
因為有小孩同行，我一在網路上預定好房間，提出併床要求，酒店客服人員馬上就在電郵回覆他們已經收到請求，這讓我覺得好放心。,0,0,1,0,0,0,0,0,1,0,0,0,1
因為有好幾個行程要走，加上家人分別出來辦完事情才能會一起入住，貼心的行李寄放跟提供止飢的泡麵、餅乾、奶茶咖啡飲料等，還能有免費洗衣、烘衣的服務。離轉運站很近，附近又有便利商店跟速食店，對於有帶青少年的家庭旅遊，很棒,0,0,1,1,0,0,0,0,1,1,0,0,1
因為有帶一個快一歲的嬰兒！所以請飯店準備澡盆嬰兒床及消毒鍋！很少遇到在房間可以有消毒鍋的！非常感謝,0,1,1,0,0,0,0,1,1,0,0,0,1
因為有帶嬰兒，飯店貼心的服務，高鐵安心接送讓一打二的媽媽好放心！,0,0,1,0,0,0,0,0,1,0,0,0,1
因為有空房， 幫我們免費升級， 多了冰箱， 方便了很多,0,1,1,0,0,0,0,1,1,0,0,0,1
因為朋友推薦去住，就想說試試看，住起來非常舒適，晚上電梯也很美，下次會再去，很推,1,1,0,0,0,0,1,1,0,0,0,0,1
因為樓上就是健身房，加上隔音不太好，所以會一直聽到健身器材放下的聲音,0,1,0,0,0,0,0,3,0,0,0,0,3
因為樓層房間超多，建議編號或指標要改善，第一次找房間，依著指標找不到房間，房間的排序單雙號漸大漸小的順序不一，整層樓繞了第二遍才找到,0,1,0,0,0,0,0,3,0,0,0,0,3
因為武漢肺炎，訂到兩晚一千多的優惠房價。床很大，床墊跟枕頭都非常好睡，蓮蓬頭水壓很強，洗澡很舒服。,0,1,0,0,1,0,0,1,0,0,0,1,1
因為沒附早餐，只提供最基本白吐司。如果可以與早餐店合作，在辦理入住時詢問早餐想吃例如土司、蛋餅、漢堡類會更好。因為沒有合作停車場，附近停車場採計時收費且沒有一日最高收費金額，如要過夜停車費相當可觀。,0,1,1,0,0,0,0,3,3,0,0,0,3
因為疫情一度升溫轉為二級，原先的行程全被打亂，而原先要參加新一代設計展的學弟因為展覽取消，住宿交通行程全被校方一併取消，當下知道後非常的困擾，但貴公司願意提供協助將人數改為二人並且讓我們改為一晚，又提供那麼多幫助，讓此次前往北部旅行參展的我們感到非常窩心。非常非常推薦這裡！！下次還會再行入住！,0,0,1,0,0,0,0,0,1,0,0,0,1
因為疫情使用無人機辦理入住，服務人員很有耐心的帶著我操作，感覺很溫馨！,0,0,1,0,0,0,0,0,1,0,0,0,1
因為疫情因素，各項設施都沒有開放，覺得有點兒太過了。市區的公園或健身房都已經開放，但這裡任何設施都還以疫情因素暫停開放，還好訂到特價專案，不然就覺得不太划算了。,0,1,0,0,1,0,0,3,0,0,2,0,3
因為疫情因素所以早餐送至房間內用，可惜房間內只有一張椅子，想共同享用早餐有點不便。,0,1,0,0,0,0,0,3,0,0,0,0,3
因為疫情尚未解除，目前雖然暫不供應早餐，但是整體空間規劃非常完善，希望疫情過後能再有機會洽住,0,1,1,0,0,0,0,1,3,0,0,0,1
因為疫情早餐改成餐盒，但是連兩天在九點多去拿回房間吃時都是冷掉的，不曉得是不是都沒有保溫,0,0,1,0,0,0,0,0,3,0,0,0,3
因為疫情期間不供餐，所以目前的餐區是不提供服務的，但是因為鄰近重慶南路、開封街、漢口街，飲食的選項極多，民生問題影響不大。飯店近火車站，步行大約十至十五分鐘可以到臺北車站，最重要的是性價比極高，雙人住宿收費低廉，對於商務人士的寧靜、清潔、舒適需求而言，是火車站附近極佳的選擇。,1,0,1,1,1,0,1,0,2,1,1,0,1
因為疫情期間而意外獲得的升等，本來只有淋浴升級成浴缸的房型很開心,0,0,1,0,0,0,0,0,1,0,0,0,1
因為疫情的緣故，櫃檯會事先調查早餐的意願並於一早準備至大廳，雖然多了自取至房間的步驟，不過有準備依然很貼心。,0,0,1,0,0,0,0,0,1,0,0,0,1
因為疫情的關係，早餐不能在現場吃， 裝的方式覺得有改善空間,0,1,1,0,0,0,0,3,3,0,0,0,3
因為疫情的關係，很長一段時間沒去台中，這次再去，旅店的櫃檯人員還是一樣很親和有禮，讓人有賓至如歸的感覺。房間的清掃也都一如既往地讓人安心舒適，謝謝接待。,1,0,1,0,0,0,1,0,1,0,0,0,1
因為疫情的關係，飯店的一些商店與設施開放時間縮短許多，我們這次都沒辦法享受到，好可惜喔,0,1,0,0,0,0,0,3,0,0,0,0,3
因為疫情的關係價格降低，CP值相當高，一般來說這裡的價格其實相對有點高,0,0,0,0,1,0,0,0,0,0,1,0,1
因為疫情的關係拿回飯店房間食用，早餐太簡單了些 ，份量不太夠！,0,0,1,0,0,0,0,0,3,0,0,0,3
因為疫情關係， 不開放餐廳， 建議除了訂餐外早餐也是可以送到客房。,0,1,1,0,0,0,0,3,3,0,0,0,3
因為疫情關係早餐外帶，我能體諒，但也用餐盒分開放，我覺得不要全部都丟一盒這樣感受不好，廁所上一個入住的牙膏用過還丟在臉盆旁邊沒收乾淨,1,0,1,0,0,0,3,0,3,0,0,0,3
因為第一次入住時感覺很好才有了這第二次，但這次冷氣一直不涼，室內溫度一直在28度熱到直流汗，服務人員很親切的幫我們換了兩次房間，最後終於溫度有降下來了，下次要再訂房會怕怕的,0,1,1,0,0,0,0,3,1,0,0,0,3
因為臨近西門町，晚上不怕沒地方去，又靠近車站與捷運站，想到哪裡都相當方便,0,0,0,1,0,0,0,0,0,1,0,0,1
因為續住非同天預訂，所以要換房，對於不換房的處理有稍微溝通了一下，但最後還是有協助完成，還行吧,0,0,1,0,0,0,0,0,2,0,0,0,2
因為老飯店了，設備有些老舊，電視畫質極度差，色調也不對，整體雖然算乾淨但浴室有點小,1,1,0,0,0,0,1,3,0,0,0,0,3
因為訂婚儀式訂了7間房，有要求幾張椅子放在新娘房，入住時已先擺好，但不知道是不是要求太多，其中新娘方訂了3間房號都是4，身邊的婚顧朋友也傻眼，想說國賓是不是在整我 ,0,0,1,0,0,0,0,0,3,0,0,0,3
因為透過網路訂房，可以延遲退房時間，出乎意料之外。,0,0,1,0,0,0,0,0,1,0,0,0,1
因為門的關係，如果沒注意關門時會太大聲，附近的人都會被吵到！,0,1,0,0,0,0,0,3,0,0,0,0,3
因為防疫而送到房間的早餐非常豐盛，令人驚喜。停車資訊以網頁形式發送簡訊給住客也相當清楚。第二天早上請服務人員送早餐時順便送水，沒想到他們隔兩分鐘就先把水送上來了，服務很即時貼心。房間的隔音也很不錯，相當舒適。,1,1,1,0,0,0,1,1,1,0,0,0,1
因為隔壁房間的鬧鐘吵鬧不堪，經反應後工作人員積極並有效率的處理真的幫了我們很大的忙！謝謝！,0,0,1,0,0,1,0,0,1,0,0,3,1
因為隔天要出差、需要非常早出門的關係，所以選擇了這家飯店，離車站近、價格美麗，所以CP值滿高的喔！單人入住蠻舒適的，浴室也是乾濕分離、大小適中，但如果是兩個人住，床就稍微小了一點～不過這個價錢還是無法挑剔的了,1,1,0,1,1,0,1,1,0,1,1,0,1
因為靠近捷運選這家旅館，外觀很新，連續入住三次，都遇到浴室淋浴間滲水嚴重問題。處理速度慢，關於寄放行李問題更絕了！一位自稱飯店最大的經理講話不斷跳針，面對反應問題只會說謝謝、謝謝，完全無法處理問題，最後無法處理旅客問題，就叫你去別家住，這就是這家飯店自稱最大的經理處理問題的方式,0,1,1,0,0,0,0,3,3,0,0,0,3
因為飯店很老舊，所以隔音很差，走廊講話聽得到。電視很小且還是類比訊號。浴室的配置較不方便，是90年代的設備。,0,1,0,0,0,0,0,3,0,0,0,0,3
因為高雄是硬水，肥皂不容易起泡，建議香皂或洗澡組可以再研究看看，提升洗澡的舒適度。,0,1,0,0,0,0,0,3,0,0,0,0,3
因?住宿飯店的房客頗多，早餐客滿，必需等待，且無等待區，只能站在外面，稍嫌美中不足的地方！,0,0,1,0,0,1,0,0,3,0,0,3,3
因疫情享受低價位高品質住宿，非常感恩 ！餐點還可以，享受附近逛街樂趣。,0,0,1,1,1,0,0,0,2,1,1,0,1
因疫情的關係，設施都關閉，有點可惜。不過也因此房價相當便宜。,0,1,0,0,1,0,0,3,0,0,1,0,3
因疫情而從原本預訂的背包客升等獨立房間，床舖很舒適，衛浴也很棒，還有提供盥洗用品，洗衣機烘衣機免費使用，真心覺得這間很棒,0,1,0,0,0,0,0,1,0,0,0,0,1
因疫情關係，主動提供酒精讓房客可以消毒，早餐菜色不多但好吃，有沙拉、歐姆蛋、雞排等等，入住環境令人以為是新開幕的旅店，設施維持得很好,0,1,1,0,0,1,0,1,1,0,0,1,1
因疫情飯店無法提供早餐，但此地吃東西很方便，絕不會餓著，交通也是好的無話可說,0,0,1,1,0,0,0,0,2,1,0,0,1
因第一次入住安排的房型是自己喜歡的，所以第二次也就選擇同一間旅店，因是連續住兩晚，所以比較喜歡有窗的房型，只是這次安排到無窗，要有窗型的房型就必須要加價了，而且這次床比較不好，床邊有點凹陷跟彈簧聲,0,1,0,0,0,0,0,3,0,0,0,0,3
因自帶的無線路由器與酒店的ID衝突，酒店發現後立即送來一個路由器給我們使用。前臺服務員非常熱情介紹酒店周邊的交通和飲食店,0,0,1,0,0,0,0,0,1,0,0,0,1
因衣服出問題，旅舍有備針線，非常貼心，只是剪刀過於鈍，線完全剪不斷,0,1,1,0,0,0,0,3,1,0,0,0,1
因距離捷運約有10分鐘路程，若可以提供至捷運的接駁車，會更方便像我們沒有開車的人,0,0,1,1,0,0,0,0,3,3,0,0,3
因防疫期間不提供早餐，可接受。朋友家庭聚會，大人有喝酒談天的地方，孩子也有跑跳的地方，又不會吵到其他住戶，11樓我們很愛,0,1,1,0,0,0,0,1,2,0,0,0,1
18樓的視野太棒了，白天夜晚的愛河景都很棒，房間設計較古典但很舒適，尤其床超級舒服，給的棉被也很保暖，服務人員被其他奧客刁難，態度依然保持的很棒,1,1,1,1,0,0,1,1,1,1,0,0,1
套房整體非常舒適，雖然飯店已有些年代，但房內衛浴的大理石仍都保持晶亮，讓人感受到很用心在維護，很棒。,1,1,0,0,0,0,1,1,0,0,0,0,1
是有一定歲月的飯店，讓人意外的是，住宿的品質怎麼能夠維持的這麼好！！讓我們舒服安穩的度過一晚。位在愛河旁散步很愜意，晚上也很寧靜，門外有腳踏車站，外出移動很便利。,1,0,0,1,0,1,1,0,0,1,0,1,1
牛肉麵真的好吃很推薦。員工做事效率很好很專業，有求必應。,0,0,1,0,0,0,0,0,1,0,0,0,1
飯店地段佳。離愛河相當近可散步乘船賞景。飯店服務人員素質好，態度親切隨和，服務好。房間整理乾淨整潔。推薦來高雄可來住宿這家飯店，真的很棒很優,1,0,1,1,0,0,1,0,1,1,0,0,1
國賓鳳梨酥超好吃。飯店地點就在愛河邊，面河房型可見愛河萬般風貌，房間舒適，隔音好所以很安靜。,1,1,1,1,0,0,1,1,1,1,0,0,1
圖文不符，早上不知道晚上，晚上不知道白天，我是一個人住宿，不要安排情侶砲房給我,0,1,1,0,0,0,0,3,3,0,0,0,3
在8年前住過一次已經覺得很棒，8年後的今日再去住，整體還是很棒！,0,0,0,0,0,1,0,0,0,0,0,1,1
在網路上搶到不到超低價的房間，竟然有客廳，浴室也很大，一個人住很奢侈呢,0,1,0,0,1,0,0,1,0,0,1,0,1
在網路上訂了有浴缸的房型，結果安排到沒有浴缸的房型，雖然是很快的為我們更換房間，可是服務人員看到我們的時候態度非常普通，也沒有什麼笑容，換好房間後，浴缸非常的迷你，和照片有些落差，浴室沒有乾濕分離，所以泡完澡後要上廁所拖鞋都會濕掉。因為是訂房網站的常客，所以有優惠延遲退房，可是卻是在辦理入住時才說隔天的行程早就排好了，根本享受不到這個優惠！,0,1,1,0,0,0,0,3,3,0,0,0,3
在訂房網站上訂房間，大約晚上八點入住，整體真的是……首先，沐浴乳完全沒了卻沒補；然後，房間空調很大聲而且忽冷忽熱；以及，隔音很差兼窗簾拉不起來，早上是被亮醒的，門縫超大，走廊燈很明顯；最誇張的是，半夜被吵醒，居然是因為櫃檯打來詢問我何時入住？？？,0,1,1,0,0,1,0,3,3,0,0,3,3
工作人員的態度非常友善！ 房間環境蠻舒服，可能是疫情的關係也沒什麼遊客，比較沒那麼吵。旅店的防疫措施不錯，都有酒精可以消毒手。盥洗用具也給得不錯，洗髮和沐浴乳都用雪芙蘭。廁所水壓很大、熱水夠熱洗澡很舒服！也謝謝服務人員幫我升級房間！,1,1,1,0,0,1,1,1,1,0,0,2,1
在辦理入住時，一樓的服務人員會很親切的詢問基本資料，然後到二樓大廳，服務人員會詳細解說所有資訊給你，很意外的替我升等房間，進到房間讓我有種回家的感覺，整天的疲憊在打開房門後都消失，簡單的設計風格，一切讓賓客感覺的舒適，房間大片的落地窗將高雄盡收眼底，外門的吵雜聲在這窗戶中是隔絕的，寢具是舒適的，讓我有一夜的好眠。下午晚上都有貼的下午茶吧、宵夜吧，東西都是精心準備！,0,0,0,0,0,0,0,0,0,0,0,0,0
在假日用非常實惠的價格入住，而且很幸運的被分配到有窗戶的房型，很謝謝櫃檯人員的幫忙,0,0,1,0,1,0,0,0,1,0,1,0,1
在北車對面走出車站就到了，超級方便，很喜歡，而且也很舒適，讚,1,0,0,1,0,0,1,0,0,1,0,0,1
在北車捷運出口附近，走路過去沿路都有騎樓，就算下雨也不會被淋到。位置很便利，平日住宿價格很便宜，還免費升級房型,0,0,0,1,1,0,0,0,0,1,1,0,1
在北車站對面，方便性極佳，附近吃東西也很方便，交通性超級好，一出來就是公車站跟捷運站、台鐵！,0,0,0,1,0,0,0,0,0,1,0,0,1
在台中火車站附近，交通方便，房間乾淨，服務人員親切，早餐很好吃，物超所值,1,0,1,1,1,0,1,0,1,1,1,0,1
在臺北火車站附近很方便，單純睡一晚能訂到這種價錢，應該要覺得很滿足了,0,0,0,1,1,0,0,0,0,1,1,0,1
在臺北車站附近，地理位置、生活機能超便利。旅館附有洗衣間，方便旅客把衣服洗乾淨帶回家。房間內相當乾淨舒適，床鋪軟硬適中，有床旁櫃和多個插座，衣櫃、冰箱、梳妝台、衣架、盥洗備品、礦泉水樣樣都有，電視螢幕大且頻道多元；衛浴方面，內有免治馬桶，洗手臺上有附洗手乳，且是乾濕分離，牆上有洗髮精和沐浴乳，蓮蓬頭水溫穩定。整體住宿感覺非常良好，高CP值，值得再來。,1,1,0,1,1,1,1,1,0,1,1,1,1
在臺北車站地下街出口，很方便，員工服務很好，下次會再入住,0,0,1,1,0,0,0,0,1,1,0,0,1
在臺北車站附近，方便轉乘各種交通運輸工具前住各旅遊景點。超方便。,0,0,0,1,0,0,0,0,0,1,0,0,1
在臺北預定了三晚，因為到達比較早，前臺說已經有打掃好的房間就提前讓我們辦理入住了，很開心。遇到的工作人員都很熱情，房間雖小但是清潔、安保各方面都很好。位置離臺北車站很近，搭捷運和機場線都非常便利。走重慶路去寧夏夜市，吃完回來也剛好散步消化。,1,1,1,1,0,1,1,3,1,1,0,1,1
在品嚐了好幾道主餐後，可以感受到主廚的手藝精湛和用心，干貝鮑魚粥的粥體本身比海鮮料更令人吮指回味，難得看到家人如此滿足地享用了飯店的美好早餐。,0,0,1,0,0,0,0,0,1,0,0,0,1
在地理位置上非常好，住宿價格與整體CP還算不錯，走出去就是西門町，服務人員相當親切，每個樓層都有飲水機，可以說是相當方便！,0,1,1,1,1,0,0,1,1,1,1,0,1
在官網訂票時發生了一些問題，打電話問飯店，員工耐心解釋，幫我們解決問題。我們入住當天先去寄放行李，飯店人員快速幫我們登記寄放行李，覺得服務周到。地點很好，離西門站出口走路只需2分鐘很方便！房間很大，且安靜乾淨，蠻舒適的。,1,1,1,1,0,0,1,1,1,1,0,0,1
在市區很方便，距離車站不遠，後方200公尺處有小市集，吃飯選擇多樣豐富，好吃又便宜。飯店房間乾淨，用品齊全，服務人員客氣又熱心，地下室的點心吧不管是早餐或宵夜都很豐盛。如果再到高雄，仍會選擇這裡。,1,1,1,1,0,0,1,1,1,1,0,0,1
在市區有免費的停車場，即使附設停車場沒位置，拿停車單給服務員也會幫忙繳費,0,1,1,0,0,0,0,1,1,0,0,0,1
在床下踢到一團髒汙塵垢。另健身房及三溫暖的開放時間不方便使用，希望增加早上時段；三溫暖棉花棒沒有獨立包裝，有衛生疑慮。,1,1,0,0,0,0,3,3,0,0,0,0,3
在廁所後面發現垃圾，請飯店來整理，卻是拖很久才來，來處理也只是拍個照，把垃圾收走，沒有給補償。,1,0,1,0,0,0,3,0,3,0,0,0,3
在愛河沿岸，地點舒適，距離鬧區也只一小段路，步行很方便，可以順道遊覽愛河週遭景觀,0,0,0,1,0,0,0,0,0,1,0,0,1
在愛河邊，可到河邊走走；都有不少的美食。特別的是有提供宵夜，雖然只是簡單的清粥小菜，但暖心又暖胃,0,0,1,1,0,0,0,0,1,1,0,0,1
在房型介紹中提供在訂房網站的照片沒有完整呈現，導致入住時與當時訂房時所看到的房型不一樣。,0,0,1,0,0,0,0,0,1,0,0,0,1
在房間都會聽到異音，有點像嗚嗚的風聲，二人房會聽到類似馬達運轉的聲音,0,1,0,0,0,0,0,3,0,0,0,0,3
在房間時不時會飄出煙味，一整晚大概都這樣，煙味重、隔音較差。,1,1,0,0,0,0,3,3,0,0,0,0,3
在旅程中，家人都只喜歡待在飯店放鬆心情，因此，每每出遊，對於飯店的選擇都特別的挑剔。這家真的是我們家人在國內所住過品質最讚的飯店，無論是空間佈置的細節，備品的品質，人員的接待，早餐人員的服務，真的令人印象深刻的棒。未來若至高雄，絕對會是我們家人的首選。真的是我住過的飯店中，整體給予滿分的超推薦飯店，也是我唯一會留下評分記錄的物超所值的飯店。,0,1,1,0,1,0,0,1,1,0,1,0,1
在櫃檯付款時拿了7張千元鈔給櫃檯人員，我點了7張拿給他，也看著他點了7張，結果他放完點鈔機跟我說我們說只有5張，當下真的很傻眼，我點完換他點都沒有錯，放完點鈔機就少錢？還質疑我們少拿給他！結果最後在點鈔機的後面找到那兩千元，真的是令人蠻不愉快的！我們訂兩晚的房間，第二天要回到房間時怎樣房卡都刷不進去，結果去櫃檯問，她才說可能是沒登記好被消磁了，感覺員工的訓練應該做好一點，以上都不應該發生的,0,1,1,0,0,0,0,3,3,0,0,0,3
在每個細節都很體貼，迎賓餅乾真的很海派又有誠意，早餐真的很好吃，房間隔音真的棒極了！,0,1,1,0,0,0,0,1,1,0,0,0,1
在生日前一天入住晚上回飯店要休息時，飯店人員很貼心的提前祝我生日快樂外還專程送了小蛋糕至房間。隔天早上用早餐時，也專程送了一盤小甜點祝我生日快樂。飯店人員每個都很親切且專業，飯店地點也很方便，又有附設停車場。非常推薦！,0,1,1,1,0,0,0,1,1,1,0,0,1
住到房間裏面發現被單枕套上面有很多頭髮還有毛屑，懷疑床單沒洗。房間超小間，對外窗是一棟廢棄大樓，陰森恐怖，設備簡陋，一晚上還要4千多，太不划算，不會想去第二次,1,1,0,1,1,0,3,3,0,3,3,0,3
在西門捷運站旁邊，很方便下樓什麼都有，吃的、用的、玩的，甚至乎連按摩店也有。,0,0,0,1,0,0,0,0,0,1,0,0,1
房間設備在西門算是中規中距。但員工十分友善，酒店內貼心的服務很多。早上有免費提供的三明治，晚上有杯面提供。整體算是十分優秀。,0,1,1,0,0,1,0,2,1,0,0,1,1
在西門町和臺北火車站的當中，步行都可以到達。吧台有24小時的泡面、零食提供，早上起的早還有免費的三明治提供。有個兒童遊戲室可以供小朋友遊玩。,0,1,1,1,0,0,0,1,1,1,0,0,1
在訂房時顯示包含早餐，但飯店告知因為疫情關係，早餐取消，卻沒有給替補的方案，房間因為鄰近馬路，隔音效果不佳,0,1,1,1,0,0,0,3,3,3,0,0,3
在訂房網站訂了錢也付了，入住當天卻說要再付一次，訂房網站會做刷退處理，已經過了半個月以上，根本沒有收到刷退款項,0,0,1,0,0,0,0,0,3,0,0,0,3
在訂的時候有留言希望素食多點選擇，讓人高興的是真的有貼心的準備，有比較多的素食可選。,0,0,1,0,0,0,0,0,1,0,0,0,1
在辦理入住時，因有要求希望比較安靜的房間，櫃台人員直接幫升級三人房，也給予很安靜的房間，讓剛下班的我，能好好的睡上一覺，非常舒服。服務上很親切，也重視客人的需求,1,0,1,0,0,0,1,0,1,0,0,0,1
在退房時，不小心遺漏了一件外套。然後房務人員很迅速地通知我們這件事，很感謝你，謝謝。,0,0,1,0,0,0,0,0,1,0,0,0,1
在電梯旁的房間容易聽到其他房客說話、關門的聲音，且淋浴間的水龍頭比較難控制，要摸索一下。,0,1,0,0,0,0,0,3,0,0,0,0,3
在房間找不到電視的遙控器，清潔人員在這點可以在更細心一些些會更好,0,1,1,0,0,0,0,3,3,0,0,0,3
在餐廳吃午餐，個人火鍋，結果有蟑螂在蔬菜裡面，只是淡淡一聲「幫你更換」，連道歉都沒有！覺得這服務真的不行,1,0,1,0,0,0,3,0,3,0,0,0,3
老實說這次住宿體驗有點失望，電視很小台且螢幕畫面時常出現雜訊，感覺以使用很久快壞了，燈具開關沒有整合需要個別開，有些燈具開關已不堪使用，轉好幾次才會亮，當天五點辦理入住臨時被換房，只因為房間還沒整理好？這是五星級飯店該有的服務嗎？,0,1,1,0,0,1,0,3,3,0,0,3,3
地下餐廳設計很有特色，吃早餐還附一個小人立牌讓我們可以佔位子，10樓以上的公共空間設計很棒,0,1,0,0,0,0,0,1,0,0,0,0,1
地下一樓停車場的路線指示不是很清楚，每次下去都要亂繞，先繞到地下二樓才能找到地下一樓停車場，建議可以改進。,0,1,0,0,0,0,0,3,0,0,0,0,3
地下一樓的大廳真的是天堂啊！！！！！！超好玩的！！有手足球，射飛鏢，飲料吧台，不只是果汁跟汽水，還有熱咖啡跟超好喝的奶茶！還有餅乾跟泡麵可以在大廳用。超舒適的用餐空間跟大螢幕電影可以看，還有兒童球池跟互動遊戲，每一戶有一張明信片，可以寫好後投入信箱，有幫你準備一桶色筆跟五個漂亮的印章，真的很美！真的不能再更舒適了！,1,1,1,0,0,0,1,1,1,0,0,0,1
地下停車場指引不清楚，服務人員接待不佳，早餐與之前品質降低許多。,0,1,1,0,0,0,0,3,3,0,0,0,3
地下停車場沒有電梯到大廳，只有樓梯及手扶梯。員工服務態度可以再更親切一點。家庭房的一大床是用兩床墊拼裝的，睡起來不舒適！,0,1,1,0,0,0,0,3,3,0,0,0,3
地下停車場沒有電梯通道房間、沐浴備品網站照片是歐舒丹，但已經換成其他牌子，沒有告知。房間內的插座略少。,0,1,1,0,0,0,0,3,3,0,0,0,3
地下停車場滿了，人在飯店門口，電話連絡過程只告知有特約停車場，卻沒有人員出來引導及告知有接駁車，拉著行李走了一段路才到旅館；使用房間電話，未接通也被收取五塊錢的費用，覺得標準很奇怪；房間居然沒有大燈，都是弱小的黃燈，住過許多飯店還是第一次遇到這樣的狀況,0,1,1,0,0,0,0,3,3,0,0,0,3
地下停車場無電梯至一樓。房間內提供的代糖包已過期，雖然沒有誤食，但是五星級飯店不應該出現這種疏失，雖然告知飯店後服務人員提出可延後退房的補償，但仍然影響飯店觀感。浴室推門旋轉處有縫隙，淋浴時水很容易從縫隙噴出至洗手台。隔音稍差。,0,1,1,0,0,0,0,3,3,0,0,0,3
地下停車場竟然沒有電梯可以搭到大廳？這竟然是一個5星飯店的設備，拿著行李還要走手扶梯！再來房間隔音差！整晚走廊都有人在講話 ！房間裡聽的一清二楚！另外整晚都有人來亂按門鈴！說這是5星級的飯店真的也是醉了,0,1,0,0,0,1,0,3,0,0,0,3,3
地下各層停車場搭往一樓大廳電梯的指示希望能再清楚些， 讓住戶入住及離開時拖著行李走樓梯上上下下是很辛苦不便的。早餐餐廳通往室外泳池的電動門， 由內往外時請改成自動感應， 兩手都端著餐盤及飲料， 要用手肘去頂那按鈕才能出去！！！以上兩點建議，希望下次再去時能改善。,0,1,0,0,0,0,0,3,0,0,0,0,3
地下室瀰漫一股怪味，房間設備極為簡陋，重點是非常的悶熱，住宿體驗極差，住不到一小時就退房,1,1,0,0,0,1,3,3,0,0,0,3,3
地下室由於出入口是同一個地方，由外進入時有人員指揮，但從地下室往上層的時候沒有人員指揮，比較容易遇到已經進入地下室的車子會車塞在一起，可能可以再調整指示方式。另外房間廁所免治面板有時候似乎會感應不良沒有反應,0,1,1,0,0,0,0,3,3,0,0,0,3
地下室空間滿好的，有投影電影可以看，還有提供零食、泡麵跟奶茶、咖啡等，大家可以在樓下聊天吃美食，還可以外帶食物回來，而且飯店一直有值班的人，感覺很安心。,0,1,1,0,0,0,0,1,1,0,0,0,1
地下室有提供免費飲品，洗衣房提供洗衣機和乾衣機，早餐安排不錯,0,1,1,0,0,0,0,1,1,0,0,0,1
地下車庫的設計非常不好，進出不方便。花費上，我個人覺得比其他飯店貴。,0,1,0,0,1,0,0,3,0,0,3,0,3
地區是方便的，附近有餐廳、百貨大型公司。距離臺北捷運及火車站很近。,0,0,0,1,0,0,0,0,0,1,0,0,1
地址優，離火車站超近，店裡環境乾淨明亮，很有舒適感，一樓的公共空間有位置可以休息也有免費飲品可以喝,1,1,1,1,0,0,1,1,1,1,0,0,1
地址真的很方便。就在西門捷運站出口右轉就到了。西門町商圈逛街真方便。房間設備還不錯。員工親切服務。,0,1,1,1,0,0,0,1,1,1,0,0,1
地埋位置好，在臺北車站附近，生活機能優！旅店員工親切，有24小時的自助洗衣機、烘衣機！,0,1,1,1,0,0,0,1,1,1,0,0,1
地方方便，隔音差，客人不顧其他人感受，零晨也在吵，保安不理。,0,1,1,1,0,1,0,3,3,1,0,3,3
房間舒適，飯店周遭寧靜，員工很細心，服務周到，在我們上房前已把所寄存的行李送上房間,1,0,1,1,0,0,1,0,1,1,0,0,1
地段好，距離臺北火車站很近，出行方便。周圍有很多餐館，吃的選擇比較多。房間面積不大，有電梯可達各樓層，房價也不貴，還奉送免費的早餐，而且酒店大堂24小時都有免費的咖啡和烤吐司供應。由於性價比高，這家酒店客來客往，人氣很旺。,0,1,1,1,1,0,0,1,1,1,1,0,1
地段很好，就在臺北車站背面，步行幾分鐘，去機場、車站、捷運都很方便；店員非常樂於幫助，很友好；房間乾淨整潔，雖然小，但裝修得很符合年輕人趣味,1,1,1,1,0,0,1,1,1,1,0,0,1
地段還可以，但購物吃飯還是有一段距離。飯店內沒有小孩可以娛樂的地方，有點可惜。,0,1,0,1,0,0,0,3,0,2,0,0,3
地段非常方便，下高鐵直接從車站步行到酒店大概15分鐘。步行到西門町只要10分鐘以內。餐吧有免費的小食，早餐有提供三明治，但是基本沒有使用，畢竟周邊美食很多，有機會還是多嘗試臺北的美食吧。酒店設計比較新穎，有很多小心思。,0,1,1,1,0,0,0,1,1,1,0,0,1
因為本身鼻子過敏，所以對地毯很敏感！如果有附免費停車就更棒了！,0,1,0,0,0,0,0,3,0,0,0,0,3
地毯乾淨，房內舒適，服務人員態度良好，在舊有設備中融合新科技,1,1,1,0,0,0,1,1,1,0,0,0,1
地毯式的地板配中央空調，呼吸系統不好容易過敏打噴嚏，浴室洗完澡積水排不掉,0,1,0,0,0,0,0,3,0,0,0,0,3
地毯很舊，有一種很懷舊風，沙發有古早懷舊風味，枕頭被我睡到扁到不行，頭痛。,0,1,0,0,0,0,0,3,0,0,0,0,3
地毯很髒，我們入住當天的窗簾上還有沒清理乾淨的兒童貼紙，浴室的玻璃上有殘留的頭髮，和前臺借紅酒開瓶器，還需要繳納200塊押金，不提供玻璃杯！對於4星的酒店，服務真的非常糟糕了。,1,0,1,0,0,0,3,0,3,0,0,0,3
地毯感覺沒吸乾淨，有踩到小鐵絲，桌子前方插座疑似壞了，服務人員也沒有事先告知，插座蓋子壞掉，有用膠帶貼著，插了好像無法使用，會插不進去，怕被電到，也沒多試，造成使用上不太方便，可以體諒連假客人多，但插座問題如先告知，可以諒解，還有這房間訊號很差，無法接聽電話，也無法使用自己的行動網路，只能連飯店的網路，還不太好找,1,1,1,0,0,0,3,3,3,0,0,0,3
地毯感覺沒有吸的很乾淨，我洗澡後沒有穿拖鞋上床後，床上都是灰塵細屑，清潔的部份可能需要再加油,1,0,0,0,0,0,3,0,0,0,0,0,3
地毯看起來有點舊，上面有髒汙，空調出風口有一點灰塵黏在天花板上，浴室空間有點太小。,1,1,0,0,0,0,3,3,0,0,0,0,3
地點不錯，雖然距離捷運站有7分鐘的步行距離可是地理位子還是很好，很方便。,0,0,0,1,0,0,0,0,0,1,0,0,1
地點十分方便，步行十分鐘至西門町，地鐵站五分鐘距離，博物館就在酒店馬路對面。女兒對兒童活動室很滿意，每天都下去玩。大堂提供的泡面餅乾和飲料也很不錯。推薦自由行入住。,0,1,1,1,0,0,0,1,1,1,0,0,1
地點十分的方便；清潔方面不錯，沒有明現的汙積，廁所的水壓好夠沖涼好爽；房間沒有氣味；11樓的休息區好舒適。,1,1,0,1,0,0,1,1,0,1,0,0,1
地點好在臺北捷運站出口3分鐘可到。新酒店乾淨，早餐好豐富，大堂免費咖啡，茶任喝。員工樂於助人態度又熱誠。超值,1,0,1,1,1,0,1,0,1,1,1,0,1
地點很便利，酒店下樓走一點點就是地鐵站，過馬路就是西門町，逛街非常適合。客房舒適度還可以，西門町來說房間算比較寬敞了。,1,1,0,1,0,0,2,1,0,1,0,0,1
地點很好，離臺北車站很近，價格便宜，可以忍受些許設施不良的噪音，還是很超值,0,1,0,1,1,0,0,3,0,1,1,0,1
地點很棒，靠近西門町和火車站，旅館小清新，大廳有免費的飲料，熱水和零食，還有小朋友遊戲室。,0,1,1,1,0,0,0,1,1,1,0,0,1
地點是沒得說，但住宿感受很糟，夜裡十一點走廊還在大聲喧嘩，包括服務員,0,0,1,1,0,1,0,0,3,1,0,3,3
地點離台中火車站很近，員工服務超級棒。客房裝修很新，很舒適，隔音效果也好。免費的洗衣房和咖啡機都為旅客提供極大便利。,1,1,1,1,0,0,1,1,1,1,0,0,1
地點超級便利，附近有火車站、購物廣場，房間裡頭具備所需要的各種設施，超貼心的，而且乾淨整潔，清潔人員還會告知是誰整理的，天氣狀況等，早餐超級吸引的，我吃到了小編介紹的杏仁地瓜泥，詢問事情都會獲得熱心的回復，感覺超級好，在這裡還可以清洗和烘乾衣物，感覺就像回到家裡那麼便利，大堂除了有好幾款飲料機，還會有驚喜甜品，超喜歡這裡的,1,1,1,1,0,0,1,1,1,1,0,0,1
地點適中，交通方便，服務人員友善和親切。在此，要感謝旅店免費提升我們的雙人房至四人房。,0,0,1,1,0,0,0,0,1,1,0,0,1
地點適中，從台中火車站後只須步行五分鐘。櫃台和服務員和藹可親，很有專業精神。旅店也設有洗衣機供洗衣和吹乾服務。,0,1,1,1,0,0,0,1,1,1,0,0,1
地理位址從車站出發要繞一小段路，有點麻煩，再來就是本飯店竟然不讓訪客上樓，真的是有點奇怪，那還需要實名制量體溫做什麼？訪客也是頂多逗留一下就走了，如不放心也可以自己打電話來說訪客逗留太久這樣就好了，體驗真差。中班夜班服務態度有待改善。,0,0,1,1,0,0,0,0,3,3,0,0,3
地理位子太方便了，西門町出口一出站就能看到 ，旁邊就有全家,0,0,0,1,0,0,0,0,0,1,0,0,1
地理位子方便，服務人員態度親切，免費升等好開心,0,0,1,1,0,0,0,0,1,1,0,0,1
地理位子絕佳，一出西門捷運站就到了。附近商家、餐廳頗多，交通便利。房間的床鋪睡起來很舒服，重點是空調溫度有夠，實在是透心涼阿！,0,1,0,1,0,0,0,1,0,1,0,0,1
地理位置，樓頂的泳池吧很棒，床很好躺，浴室設備很精緻，早上退房，協助處理退費的櫃台小姐姐禮貌又漂亮,0,1,1,1,0,0,0,1,1,1,0,0,1
地理位置不錯，水壓水溫還不錯，冷氣強度夠強，電視頻道的選擇性多也有藍光電影可看。,0,1,0,1,0,0,0,1,0,1,0,0,1
地理位置、舒適度都不錯。CP值也高。連續住宿2個週五，還會再選擇入住。推薦。,1,0,0,1,1,0,1,0,0,1,1,0,1
地理位置、設備、每個地方都很不錯，不管飲食、甜點都挺不錯的,0,1,1,1,0,1,0,1,1,1,0,1,1
地理位置上佳，如果再去就住火車站地鐵附近賓館最好，沒必要選擇西門町。,0,0,0,1,0,0,0,0,0,1,0,0,1
地理位置不錯，又有很大的停車位，即使沒有飯店的停車位還有可停高雄市外面的停車格然後飯店會幫忙繳費,0,1,1,1,0,0,0,1,1,1,0,0,1
地理位置不錯，有提供泡麵咖啡餅乾還不錯，環境乾淨整潔，隔音還好不至於影響睡眠，下次還會入住,1,1,1,1,0,0,1,2,1,1,0,0,1
地理位置不錯，離臺北火車站不遠，浴室有乾濕分離，房間比一般的大一點,0,1,0,1,0,0,0,1,0,1,0,0,1
地理位置不錯，去臺北主要景點都很方便。第一天颱風航班取消，無法入住，雖然當時已經過了可以取消的時間，但是入住的時候說明情況還是給免費取消了，意外的驚喜。相比臺灣其他酒店房間，面積很大。床很好睡。,0,1,1,1,0,0,0,1,1,1,0,0,1
地理位置不錯，在捷運臺大醫院附近，可以走路去西門町。大堂裝修很好，裡面的小零食是24小時免費提供的。還可以免費代寄明信片,0,1,1,1,0,0,0,1,1,1,0,0,1
地理位置優越，去哪兒都方便，旁邊就是臺北車站、二二八紀念公園、國立博物館，距離華山文創園區不到2公里，去四四南村、國父紀念館、松山文創區也很方便，靠近重慶南路書店街、明星咖啡店、臺灣城隍廟等。早餐品類也蠻多，乾淨衛生，服務態度好。,1,0,1,1,0,0,1,0,1,1,0,0,1
地理位置優越，吃飯逛街都不成問題，周圍有星巴克、麥當勞、康是美、屈臣氏，距離臺北車站很近，員工服務態度很好，前臺會提供地圖，很方便,0,0,1,1,0,0,0,0,1,1,0,0,1
地理位置優越，樓下還有超商，很方便。前臺的女服務人員態度佳。,0,0,1,1,0,0,0,0,1,1,0,0,1
地理位置優越，距離西門町和臺北車站步行可達。周邊商服林立。服務優質。可在前臺預定接送機服務，比計價計程車便宜。早餐簡單但很超值。床好睡，冷氣很足。員工服務很贊。房間不大但很舒適，隔音也好。,1,1,1,1,1,0,1,1,1,1,1,0,1
地理位置佳，出行方便；工作人員很熱情，像家人；設施如洗衣、烘乾機很完備，飲料很豐富，現磨咖啡很香。,0,1,1,1,0,0,0,1,1,1,0,0,1
地理位置佳，在三個捷運站的中間，去臺北車站或北門町走路大概15分鐘。服務人員親切有禮，酒店有24小時櫃檯服務，有24小時免費提供零食、杯麵及飲品！有伴手禮代訂服務。有小遊戲玩。房間雖然沒有窗，但隔音很好，水壓很足夠！,0,1,1,1,0,0,0,1,1,1,0,0,1
地理位置佳，就在臺北車站正對面，坐捷運很方便。房間價格很適宜。房間很乾淨，但房間不算大，建議不要帶太大的行李箱入住。,1,1,0,1,1,0,1,3,0,1,1,0,1
地理位置佳，房間整齊舒適，從浴室手把跟水龍頭手把上可以看出房務人員悉心整理，飯店人員服務專業，對於提問都能迅速反應解決。,1,1,1,1,0,0,1,1,1,1,0,0,1
地理位置佳，設備乾淨、齊全，衛浴附設免治馬桶，熱水舒適，房間寬敞且舒適，整體感覺良好！,1,1,0,1,0,1,1,1,0,1,0,1,1
地理位置佳，雖位於臺北車站附近，但房間內十分安靜，有免治馬桶非常加分,0,1,0,1,0,0,0,1,0,1,0,0,1
地理位置佳，離西門捷運站出口很近，旁邊有全家，乾凈，電視影集新片非常多可以看，下次一定還會選這間,1,1,0,1,0,0,1,1,0,1,0,0,1
地理位置優，就在火車站對面，附近覓食很方便！,0,0,0,1,0,0,0,0,0,1,0,0,1
地理位置優異，下樓就是愛河乘船處，正好是愛河最精華熱鬧的一段，要由愛河的住這裡最棒，房間整潔舒適，有地下停車場超讚，不用擔心沒地方停車,1,1,0,1,0,0,1,1,0,1,0,0,1
地理位置優越，緊鄰捷運站及公車站牌，介於西門及北車商圈之間，都是步行可到達的距離。,0,0,0,1,0,0,0,0,0,1,0,0,1
地理位置優越、房間乾淨俐落、全部配置都很新很好，員工服務態度非常好,1,1,1,1,0,0,1,1,1,1,0,0,1
地理位置優越、退房當日可以寄放行李、早餐多樣化、電視電影超新。,0,1,1,1,0,0,0,1,1,1,0,0,1
地理位置優越；辦理入住及退房手續方便,0,0,1,1,0,0,0,0,1,1,0,0,1
地理位置十分優越，臺北車站很近，亦有購物的地方。房間乾淨整齊。,1,0,0,1,0,0,1,0,0,1,0,0,1
地理位置十分方便，到臺北車站步行幾分鐘，免費升級成了豪華大床房，房間十分大，清潔乾淨衛生,1,1,1,1,0,0,1,1,1,1,0,0,1
地理位置可以，到西門町和地鐵站都不算遠，公車站很近，地下一樓服務大廳24小時提供點心和泡面，酒店人員服務態度都很好，洗衣收費也很低廉,0,0,1,1,1,0,0,0,1,1,1,0,1
地理位置好，交通方便，早餐12歲以下兒童免費，連吃了5天，很好。下次還會選擇這家旅館。,0,0,1,1,0,0,0,0,1,1,0,0,1
地理位置好，到臺北車站走路十分鐘，西門町，總統府，自由廣場，都可以走路到達！酒店的服務員熱情周到，有問必答。,0,0,1,1,0,0,0,0,1,1,0,0,1
地理位置好，在臺北比較中心的地帶，到各個地方都很方便，酒店內的商場環境也不錯，適合休息。,0,1,0,1,0,0,0,1,0,1,0,0,1
地理位置好，離車站很近，服務態度很好，環境也乾淨，性價比高，就是房間不大，窗外的空調外機有點吵,1,1,1,1,1,0,1,3,1,1,1,0,1
地理位置好，走路到臺北車站和地鐵站和西門町都很方便。周邊吃的也很多，酒店24小時供應快捷食品,0,0,1,1,0,0,0,0,1,1,0,0,1
地理位置好，距離臺北車站很近出行非常方便，出門不遠就是新光三越，硬體設施非常好，乾淨衛生,1,1,0,1,0,0,1,1,0,1,0,0,1
地理位置好，距車站較近，出行方便。居住人員即使退了房，也能在大廳休息，還備有咖啡茶水及麵包等，非常人性化。,0,0,1,1,0,0,0,0,1,1,0,0,1
地理位置好，靠近台大醫院站，離西門町步行10分鐘，有免費的泡面和零食，還有兒童遊樂區,0,1,1,1,0,0,0,1,1,1,0,0,1
地理位置好；設施較新，使用方便；衛生較好，整體感覺不錯！下次有機會還會選這裡！,1,1,0,1,0,1,1,1,0,1,0,1,1
地理位置很不錯的飯店，內裝看得出歲月痕跡但保持得滿乾淨。房間內及廁所也很乾淨，隔音尚可。辦理入住時人潮消化速度偏慢，下午五點過後了仍有辦理入住排隊人龍。隔日早餐也花了20分鐘排隊，早餐內容普通，覺得可以跳過。整體是間很不錯的飯店。,1,1,1,1,0,1,1,2,3,1,0,1,1
地理位置很便利，員工服務態度親切，早餐口味及種類都很不錯，價格也挺優惠的，還有一樓的公共商務休閒空間很舒適！,0,1,1,1,1,0,0,1,1,1,1,0,1
地理位置很好，搭捷運或是想逛西門町、唱歌也非常方便，飯店的舒適和整潔真的做得算不錯,1,0,0,1,0,0,1,0,0,1,0,0,1
地理位置很好， 飯店的房間空間算很大， 床鋪也好睡。廚房提供24小時的茶和咖啡也很貼心。,0,1,1,1,0,0,0,1,1,1,0,0,1
地理位置很好，交通、吃飯方便，可步行前往中正紀念堂等景點。早飯一人才100元，比較划算。工作人員回復郵件很快，前臺24小時執勤。,0,0,1,1,1,0,0,0,1,1,1,0,1
地理位置很好，位於西門町同臺北車站的中間，走路也不超過十分鐘。性價比高，房間大，超值。酒店員工十分有禮及熱情幫忙。,0,1,1,1,1,0,0,1,1,1,1,0,1
地理位置很好，出門不遠西門、台大醫院兩個捷運站，附近公車也很多；下樓不遠飲料店吃飯的地方選擇很多。還提供免費零食泡面和水。,0,0,1,1,0,0,0,0,1,1,0,0,1
地理位置很好，可以免費寄存行李，走幾步就能到臺北車站、商場，而且沿路都是各類小吃店鋪，旁邊還有超商，很滿意的一次住宿體驗！,0,0,1,1,0,1,0,0,1,1,0,1,1
地理位置很好，就在西門站出口！但是酒店網路根本用不了！！這家酒店專門給旅行團入住的，房間小，中央空調冷氣超級大！超過半個小時退房要額外收費，而且服務人員會不停在催你！隔音非常差！睡覺時候很吵！床頭只有一個插座很不方便！根本不值這個價格,0,1,1,1,1,0,0,3,3,1,3,0,3
地理位置很好，就在車站附近，出行方便，舒適度還好，早餐口味不錯,1,0,1,1,0,0,2,0,1,1,0,0,1
地理位置很好，床睡起來很舒服。價格很優惠。櫃檯能迅速解決問題。很喜歡頂樓的空間。整體而言，還算滿意，所以加訂了一晚，之後有機會會再來。,0,1,1,1,1,1,0,1,1,1,1,1,1
地理位置很好，房間的擺設都不錯，電視有電影能看，入住有小餅乾，整個設計很科技化，整體來說真的很棒，加油哦,0,1,0,1,0,1,0,1,0,1,0,1,1
地理位置很好，池畔用餐可以很放鬆，直接就可以觀賞愛河旁的活動。,0,0,0,1,0,0,0,0,0,1,0,0,1
地理位置很好，離臺北車站很近，從地下街出口出來，走5分鐘就到了,0,0,0,1,0,0,0,0,0,1,0,0,1
地理位置很好，捷運站出口一出來就看到，很近西門町，購物吃東西很方便。,0,0,0,1,0,0,0,0,0,1,0,0,1
地理位置很好，西門站一出來走不到一分鐘就到了。服務員態度很好，原本訂三人房，但因為在裝修所以直接升級四人房！環境乾淨，很舒適，床很好睡，剛去的時候發現抽屜沒有梳子，打電話請房務員送上來，很快就拿到了，這個價錢住到這種飯店非常非常棒，會再次入住！,1,1,1,1,1,0,1,1,1,1,1,0,1
地理位置很好，離臺北車站和西門町都很近，出行和購物都很方便。酒店的設計很特別，像是走進森林，小朋友很喜歡活動室和餐廳的小吃吧，即使是下雨天不能外出，也可以留在這裏活動和休息。如果帶小朋友真的很推薦這一家。雖然房間小了點，但是設施齊全，乾淨整潔，住得很舒服。酒店的員工也是十分親切友善。很有回家的感覺。希望酒店能夠越辦越好。,1,1,1,1,0,0,1,1,1,1,0,0,1
地理位置很方便，但因為是連假期間，辦理入住如果能再加快點速度會更好。整體來說都很棒喔～,0,0,1,1,0,1,0,0,3,1,0,1,1
地理位置很方便，去火車站和西門町都可以步行，也有捷運，周圍也有很多的商店可以逛，還有小吃。,0,0,0,1,0,0,0,0,0,1,0,0,1
地理位置很棒，前面就是捷運出口，旁邊即是百貨商圈，有USB插座，乾淨明亮,1,1,0,1,0,0,1,1,0,1,0,0,1
地理位置很棒，就在西門站捷運附近，從捷運出口出來，只要步行2到3分鐘就能到了。,0,0,0,1,0,0,0,0,0,1,0,0,1
地理位置很棒，步行去臺北車站只要10分鐘，周圍生活機能齊全，好吃的東西也很多。,0,0,0,1,0,0,0,0,0,1,0,0,1
地理位置很棒，用走的出去就是鬧區，也能直接走到西門町，一樓也有便利商店，大廳舒適，備有沙發，也有餐廳，看起來很棒，雖然沒有加購早餐，但從外往裡看很棒的感覺！,0,1,1,1,0,0,0,1,1,1,0,0,1
地理位置很棒，離車站不遠，隔天退房到外面吃早、午餐很方便！櫃檯處還有免費無限供應的泡麵，好貼心,0,0,1,1,0,0,0,0,1,1,0,0,1
地理位置很贊，很貼心的給我們準備了地圖，恰逢第二天晚上酒店有個音樂展演，還邀請我們去玩,0,0,1,1,0,0,0,0,1,1,0,0,1
地理位置挺好的，離臺北車站挺近的，樓下就有便利店。因為飛機誤點所以很晚才到酒店，但前臺還是很熱情，性價比挺高的。,0,0,1,1,1,0,0,0,1,1,1,0,1
地理位置方便，房間空間充足，浴室花灑水力充足及穩定，有防滑嬰兒浴盤提供,0,1,0,1,0,0,0,1,0,1,0,0,1
地理位置方便，鄰近西門町、臺北車站。早餐提供很多選擇，西式、中式都有，也有健身房。,0,1,1,1,0,0,0,1,1,1,0,0,1
地理位置方便，開車族也不用擔心沒有車位，住宿環境相當舒適且住宿費用超值。如果有機會一定會再訪,1,1,0,1,1,0,1,1,0,1,1,0,1
地理位置方便，離西門町捷運站很近。飯店裝潢風格有設計感，房間也舒適。床與枕頭都好睡。,1,1,0,1,0,0,1,1,0,1,0,0,1
地理位置最滿意！飯店位於臺北車站與西門町之間，步行來回都很方便,0,0,0,1,0,0,0,0,0,1,0,0,1
地理位置極佳，走去臺北車站七、八分鐘，周圍吃東西也方便。櫃檯服務態度很好，熱心為我們指示線路和提供存放行李。房間十分乾淨舒適，而且安靜，床很舒服。總之，以後來臺北，就住這裡了！,1,1,1,1,0,0,1,1,1,1,0,0,1
地理位置比預想的好很多，開始以為離地鐵站遠，還想換到別家飯店，沒想到這麼方便，離地鐵站走5分鐘，周邊忠孝東路、大安地鐵樞紐都近在咫尺，旁邊還有一個臺灣農業會的水果攤位，買水果很方便。酒店早餐也很豐富，中式西式都不錯。總之非常滿意。唯一不足就是，如果住的房間離電梯遠，要多走點路。,0,1,0,1,0,0,0,3,0,1,0,0,1
地理位置特別棒，就在臺北車站旁邊，沿著那個地下商場走過來，一出就是，離西門町也很近，走幾百米就到。,0,0,0,1,0,0,0,0,0,1,0,0,1
地理位置相當便利！員工的態度很棒！愉快的住宿體驗。會推薦給身邊朋友,0,0,1,1,0,1,0,0,1,1,0,1,1
地理位置相當方便，離捷運站出口走3分鐘即到達。大廳有提供點心吧，休息空間也相當寬敞。房間床跟枕頭軟硬適中。旅館人員態度友善親切。早餐部分是一人一份，非常豐盛。頂樓的餐廳跟吧價錢合理，餐點口味不錯，調酒也好喝，即使沒有住宿也可以來這邊喝一杯，欣賞風景。,0,1,1,1,1,0,0,1,1,1,1,0,1
地理位置真的很棒，下了捷運步行就可以到，走到西門町也不會累的距離。酒店乾淨，床很大，軟硬也很適中,1,1,0,1,0,0,1,1,0,1,0,0,1
地理位置真的超方便，出火車後站走一下就到了，附近機能方便，還有忠孝夜市可以逛。櫃台人員親切，房務人員打掃的也很乾淨仔細~幫我們把散落的充電線收納好~好感激。隔音不錯，雖然在大馬路旁邊，但不會被車水馬龍的聲音吵到，入住兩夜，都很好睡，雖然其他房客進出房門時，會聽到開關門的聲音，但還可以接受。,1,1,1,1,0,1,1,1,1,1,0,2,1
地理位置絕佳，出行非常非常方便。地下一樓休息區很特別，自助照相區有很多小道具，房間雖小五臟俱全,0,1,0,1,0,0,0,1,0,1,0,0,1
地理位置絕佳！！！櫃台人員很友善！！！床鋪柔軟舒服，熱水溫度很舒適。有附拖鞋超級方便，畢竟拖鞋可不是一般青旅會提供的物品啊。早餐吧非常、非常好吃！！！還沒住過青旅有提供如此豐盛的早餐吧的。地點優秀，加上這種豐盛的早餐吧，CP值超高。整體來說，是個來臺北非常推薦的住宿選擇。,0,1,1,1,1,0,0,1,1,1,1,0,1
地理位置良好，到哪都還算方便，後方小夜市東西便宜好吃，下午茶供應時間很長很方便。,0,0,1,1,0,0,0,0,1,1,0,0,1
地理位置蠻好的。西門站和台大醫院的中間，附近吃的特別多，交通蠻方便，地鐵和公交都可以到想去的地點，總統府就在旁邊。24小時前臺和免費的零食飲用水很棒。,0,0,1,1,0,0,0,0,1,1,0,0,1
地理位置超棒，旁邊就是捷運站，飯店很有設計感，且人員服務很親切，下次來高雄一定會再來,0,1,1,1,0,0,0,1,1,1,0,0,1
地理位置超級好，從臺北車站出來步行五分鐘，附近京站商場有杏子和威秀影城，離寧夏夜市也很近，雖然靠街，但晚上很安靜，可能是隔音不錯。,0,1,0,1,0,0,0,1,0,1,0,0,1
地理位置距離臺北車站和台大醫院比較近，晚上餓了有速食麵和飲料。有個小兒童樂園，小朋友可以玩。,0,1,0,1,0,0,0,1,0,1,0,0,1
地理位置較好，離地鐵和機場捷運7至8分鐘路程。周邊有兩家便利店。早餐品種豐富，用餐時間適合晚起的人。,0,0,1,1,0,0,0,0,1,1,0,0,1
地理位置還算方便，坐捷運也不遠，房間衛生設施也算乾淨，住了幾天都會有人來打掃。,1,0,0,1,0,0,1,0,0,1,0,0,1
地理位置適中，位於愛河畔交通便利，鄰近老城區，有蠻多在地風味小吃可選擇。,0,0,0,1,0,0,0,0,0,1,0,0,1
地理位置非常到在西門町商圈邊上，出門就是捷運站，非常方便。出行方便，吃得方便,0,0,0,1,0,0,0,0,0,1,0,0,1
地理位置非常好，就在臺北火車站對面而已。房間很乾淨，不大但是整潔舒適。有機會會再光顧。,1,1,0,1,0,0,1,3,0,1,0,0,1
地理位置非常好，房間很大也很乾淨，周邊吃東西也非常多選擇，下次還會訂這裡,1,1,0,1,0,0,1,1,0,1,0,0,1
地理位置非常好，生活機能便利。早餐是飯店的自助式早餐，以背包房來說非常超值。,0,0,1,1,1,0,0,0,1,1,1,0,1
地理位置非常好，西門站出口處100米就到了。服務態度還好，辦理入住很快。衛生間乾濕分離。,0,1,1,1,0,0,0,1,1,1,0,0,1
地理位置非常好，距臺北車站大概500米，往西門盯、新光三越很方便，前臺在負一樓，前台妹妹熱情開朗，超可愛。裝潢時尚，乾淨衛生，住宿體驗很棒哦，如果還有下次多半還會選擇這家，限量供應早餐三明治也是好吃，需要早起才能有機會吃到，總之，非常推薦,1,1,1,1,0,1,1,1,1,1,0,1,1
地理位置非常方便，位於西門町商圈，近捷運站。酒店職員有親切有禮，服務態度良好。房間乾淨整齊又寬敞。,1,1,1,1,0,0,1,1,1,1,0,0,1
地理位置非常方便，服務不會過度讓人覺得舒服，房間整潔也不會有煙臭味。衣架備品都還算不差，但床偏硬，若是會認床的建議考慮住高級房型。可以選擇8或12小時方案入住，房價不會亂漲，即使連假也沒有亂飆漲，是值得推薦的好住宿。,1,1,1,1,1,0,1,3,1,1,1,0,1
地理位置非常方便，還有免費又大片的停車場，房務打掃的很乾淨，櫃檯人員態度親切。一樓交誼廳空間寬廣，且環境舒適。,1,1,1,1,0,0,1,1,1,1,0,0,1
地理位置非常方便，離西門站走路不用兩分鐘，入住與退宿都非常快速，服務人員都非常協助，房間寬敞還被升等為四人房，當晚都睡的非常好，且房內很安靜，沒有隔音的問題。非常適合帶小孩,1,1,1,1,0,0,1,1,1,1,0,0,1
地理位置非常棒，出門即可覓食，不用怕餓肚子，住房設備各種貼心，備品相當齊全，停車場步行3分鐘即可到達，總之如其他旅客的評價一樣，CP值很高，會讓人下次想再入住的旅店。,0,1,0,1,1,0,0,1,0,1,1,0,1
地理位置非常非常方便，捷運出去就是西門町，吃、購物通通在左右！,0,0,0,1,0,0,0,0,0,1,0,0,1
地理環境很好。過一個馬路就到西門町了，就在錢櫃後面。入住體驗蠻開心的，就是週末價格有點貴,0,0,0,1,1,1,1,0,0,1,3,1,1
地理環境、房間乾淨度、隔音效果、床墊舒適度均讓我滿意不已。下次到高雄肯定會再次入住。,1,1,0,1,0,0,1,1,0,1,0,0,1
地理環境很好，去臺北車站和西門町都很近，職員服務態度很好。,0,0,1,1,0,0,0,0,1,1,0,0,1
地處臺北車站毗鄰，非常方便；附洗衣服務；每樓層都有一個主題，房間佈置具特色,0,1,1,1,0,0,0,1,1,1,0,0,1
地裡位置很好…走路七分鐘可到達。附近沒什麼東西…但路上會有便利商店…住三次了，很滿意，房間安靜、CP值高、並且蠻便宜的,0,1,0,1,1,0,0,1,0,1,1,0,1
地點好，房間很乾淨，服務人員態度很親切， 24小時有點心跟飲料非常的棒,1,0,1,1,0,0,1,0,1,1,0,0,1
地點就在臺北車場旁， 附近餐廳多；每天有礦泉水供應，但如果可以， 應環保一點， 安裝飲水機給住客用，減少製造塑料廢物。職員有禮， 樂於助人。,0,1,1,1,0,0,0,3,1,1,0,0,1
地點就近西門站，非常方便；服務台工作人員超友善，有電腦,0,1,1,1,0,0,0,1,1,1,0,0,1
地點不便、隔音超差！訂了2間房，其中一房花灑漏水、早餐失望??不會再入住,0,1,1,1,0,0,0,3,3,3,0,0,3
地點不方便，離臺北車站需要步行15分鍾左右，而且出口沒有電梯，拖著行李非常不方便。附近較多便利商店，但餐廳很少，要走幾條街才會看到。大堂員工態度一般，反應冷淡，不會主動詢問客人需求。,0,0,1,1,0,0,0,0,3,3,0,0,3
地點不錯，附近也有很多店家，飯店也很舒適乾淨，服務人員態度良好,1,0,1,1,0,0,1,0,1,1,0,0,1
地點不錯，但停車場遠了一點。早餐也不錯，很用心。服務態度很好，也很乾淨的旅店。,1,1,1,1,0,0,1,3,1,1,0,0,1
地點不錯，位於臺北車站附近；服務人員態度不錯；房間寬敞，床墊有彈性，浴室中規中矩。,0,1,1,1,0,0,0,1,1,1,0,0,1
地點不錯，如果有早餐就更完美了！但住一次會想住第二次，感覺很好~,0,0,1,1,0,0,0,0,3,1,0,0,1
地點不錯，房間舒適，提供的早餐挺豐富的，而且還有下午茶點心提供~,1,0,1,1,0,0,1,0,1,1,0,0,1
地點不錯，普遍只需步行十分鐘左右可到同區景點。房間衛生處理不錯。,1,0,0,1,0,0,1,0,0,1,0,0,1
地點不錯，有停車場，雖然位子不是很多，但如果停在附近路邊的停車格，飯店居然也會吸收停車的費用，令人感動。櫃台人員態度很好，我們有東西要寄放冷凍，也是馬上就處理好。房間部分，床軟硬適中，好睡，整個房間都是間接照明，燈光很舒服，浴室也很乾淨。早餐部分，服務人員態度也很好，無論是菜色或飲料，品項都算多，口味也精緻，是會再來的飯店。,1,1,1,1,0,0,1,1,1,1,0,0,1
地點不錯，靠近臺北車站，捷運出口都可以走到飯店，有免費咖啡可以自行使用，價格和房間大小CP值很高，以後還是會選擇這間,0,1,1,1,1,0,0,1,1,1,1,0,1
地點交通便利、床鋪很大很舒適、電視很大很過癮、配合的停車場位子很多好停車,0,1,0,1,0,0,0,1,0,1,0,0,1
地點交通方便，房間乾淨、房間內空間、用品、清潔用品都很不錯。房內還有提供小點心跟茶包咖啡等。乾溼分離的淋浴空間通風不錯，隔天早上沒有濕氣的異味。房間內有很多貼心小提醒、留言或是小物，充滿待客的心意。,1,1,1,1,0,0,1,1,1,1,0,0,1
"地點交通方便，整齊清潔。工作人員服務優良。有帶小孩同行，服務人員對小孩很關心。附近覓食很方便。整體來說
是個不錯的住宿地點",1,0,1,1,0,1,1,0,1,1,0,1,1
地點位在後火車站，算是蠻方便的。一晚價格不到千元，但設施很乾淨舒適，覺得真的是賺到了！,1,0,0,1,1,0,1,0,0,1,1,0,1
地點位於火車站旁，交通非常方便！員工很親切，有任何問題或需求都很樂意幫忙！,0,0,1,1,0,0,0,0,1,1,0,0,1
地點位於西門町，超方便，店舖很?才關門，可以盡情逛，附近亦有很多美食，酒店樓下亦有一間食吃到飽餐廳，質量不錯。,0,0,0,1,0,0,0,0,0,1,0,0,1
地點位置不錯！附近吃東西很方便！每天房務都會進來做清潔，大致上整理得很乾淨,1,0,1,1,0,0,1,0,1,1,0,0,1
地點位置太好了， 雙層觀光巴士， 愛之船， 貢朵拉船都以此為中心,0,0,0,1,0,0,0,0,0,1,0,0,1
地點位置好，乾淨舒適，員工有禮貌、服務好，床鋪舒適，睡得非常棒，很推薦這家旅店。,1,1,1,1,0,0,1,1,1,1,0,0,1
地點位置就在臺北火車站正對面，非常方便。整個住宿環境都挺乾淨舒適。浴室和房間光線明亮。整體都算好，價格也不貴，很好的選擇。,1,1,0,1,1,1,1,1,0,1,1,1,1
地點位置很好，附近生活機能很棒、交通方便。服務人員態度親切友善，非常細心，會記得房客的樣子和交代事情。提供的早餐、點心都很棒，會做變化。房間整潔，其他入住旅客也單純,1,0,1,1,0,1,1,0,1,1,0,1,1
地點位置很方便，出了轉運站沒多久就到了。櫃台人員也很客氣，晚上10點後，還有提供泡麵,0,0,1,1,0,0,0,0,1,1,0,0,1
地點位置方便，就在西門站出口右邊。飯店裡面有藥妝店、火鍋，外面還有錢櫃，開心,0,1,0,1,0,0,0,1,0,1,0,0,1
地點位置方便，很近臺北車站，附近吃東西的地方很多。早餐食物選擇種類算是比較多。櫃檯服務態度還可以。,0,0,1,1,0,0,0,0,1,1,0,0,1
地點位置方便，房間設備充足，樓上有健身房跟飲料吧，性價比高。,0,1,0,1,1,0,0,1,0,1,1,0,1
地點位置方便，離火車站近，附近吃東西方便，若錯過早餐時間，飯店後面就是市場，有各式早餐可以選擇,0,0,0,1,0,0,0,0,0,1,0,0,1
地點位置極佳，只需步行約4分鐘到西門站，周邊有餐廳，逛街的地方很方便。,0,0,0,1,0,0,0,0,0,1,0,0,1
地點位置極佳，房間隔音好，晚上還有晚安餅乾和即時補水，工作人員態度都非常客氣與親切,0,1,1,1,0,0,0,1,1,1,0,0,1
還在裝修中的酒店，所以電梯只有兩部，等候時間有點長。洗手間門太難開了。洗手盤水龍頭不宜設計在右手邊，很不方便，水會經常濺出。有一天晚上回到酒店，發現有大袋垃圾留在我們房間，但那袋垃圾不是我們的，裡面裝有很多空水瓶，是打掃的工人在清潔時留下的，有點離譜。早上7點就聽到裝修雜音，隔音不好。真的待改善！,1,1,1,1,0,0,3,3,3,3,0,0,3
地點位置離北車較遠，室內走廊香味太濃，希望能適度調整空氣品質,1,0,0,1,0,0,3,0,0,3,0,0,3
地點佳，乾淨，住起來很舒服，下樓的前方就是轉運站，後方是商圈，買東西超級方便，全家也在樓下而已,1,0,0,1,0,0,1,0,0,1,0,0,1
地點佳，周圍安靜，愛河邊散步，感覺很好。愛河周邊的環境整理要加強，但這不屬於飯店責任。,0,0,0,1,0,1,0,0,0,1,0,3,1
地點佳，交通方便，停車場可容納約20餘輛車，與旅店相隔3分鐘步行距離，且為露天場所無人看管，僅以簡單橫欄管理，入口處有對講機連線旅店櫃檯聯絡進出。早餐菜色尚稱可口，桌椅等擦拭乾淨。整體而言，環境整齊清潔，疫情期間住宿安心。,1,1,1,1,0,1,1,1,1,1,0,1,1
房間小，若攜帶行李箱則無處可放，沒有床架，使用盥洗室需爬上爬下架高的地板，對年長者不甚方便。早餐位於地下一樓，空間不大，天花板較低頗有壓迫感，服務人員補充食物及飲料速度尚可,0,1,1,0,0,0,0,3,2,0,0,0,3
地點佳，停車方便，服務人員親切，性價比高，如果衛浴空間能保有隱私與地滑改善，有機會的話會再回來。,0,1,1,1,1,0,0,3,1,1,1,0,1
地點佳，價錢便宜，退房時間是中午12點，還可以寄放行李，超貼心。有免費咖啡享用，房間非常乾淨，衛浴乾溼分離，床鋪也很好睡。,1,1,1,1,1,0,1,1,1,1,1,0,1
地點佳，員工親切講解，飯店設備很讚，早餐很好吃，點心吧無限享用很棒！,0,1,1,1,0,0,0,1,1,1,0,0,1
地點佳，臨近車站，服務人員態度良好。設備新穎，備品完善。,0,1,1,1,0,0,0,1,1,1,0,0,1
地點佳，距離臺北車站及捷運站走路三分鐘即可到達，一樓大廳提供24小時免費咖啡、茶水和麵包供房客取用,0,0,1,1,0,0,0,0,1,1,0,0,1
地點佳，飯店位置指示不清，房內感覺清潔不乾淨，枕頭拍打還有灰塵，隔音也不好，房間指示不清都不知道房間在哪裡，電梯很難等,1,1,0,1,0,0,3,3,0,1,0,0,3
地點佳。方便停車，離車站近。沒有開車也能便利的遊玩。,0,0,0,1,0,0,0,0,0,1,0,0,1
地點便利，酒店內繪本設計令旅客身心放鬆愉快 ，自助洗衣方便住客， 讚！,0,1,0,1,0,0,0,1,0,1,0,0,1
地點便利，交通方便， 有二十四小時的免費洗衣及乾衣服務,0,0,1,1,0,0,0,0,1,1,0,0,1
地點便利，附近生活機能完整，熱水足，水壓夠，飲水機咖啡機均方便,0,1,0,1,0,0,0,1,0,1,0,0,1
地點便利，離火車站、西門町只要步行5分鐘，櫃檯服務態度很好，價格便宜實惠,0,0,1,1,1,0,0,0,1,1,1,0,1
地點便利且服務人員態度親切，對於提問的問題有耐心詳細回覆，下次有機會會再次入住,0,0,1,1,0,0,0,0,1,1,0,0,1
地點便利性高，下樓就很多吃的，旁邊就是新光三越，房價便宜，還附停車位，性價比高,0,1,0,1,1,0,0,1,0,1,1,0,1
地點便利離火車站近、飯店環境很乾淨、服務人員親切、性價比高，下次出遊會再次入住！,1,0,1,1,1,0,1,0,1,1,1,0,1
地點偏遠。櫃檯人員服務態度需再加強。剛入住，床上、馬桶有別人的毛髮。下午茶、宵夜餐點太陽春且相同,1,0,1,1,0,0,3,0,3,3,0,0,3
地點優，房間好，廁所蠻大也漂亮，離捷運站非常近，就在旁邊。還有提供泡麵當宵夜跟小餅乾，很讚！,0,1,1,1,0,0,0,1,1,1,0,0,1
地點優，捷運出口即到，就在西門商圈旁，飲食購買東西方便。以假日臺北住宿的價錢來說，便宜。,0,0,0,1,1,0,0,0,0,1,1,0,1
地點優，步行2至3分鐘內有便利商店、小吃店、手搖飲店，步行至臺北車站8-10分鐘。,0,0,0,1,0,0,0,0,0,1,0,0,1
地點優、員工都很親切，會主動詢問有何需求，住宿期間可看到來往住戶頗多，但不會有擁擠感，電梯速度很快，整體來說，是下次再訪的優質飯店！,0,1,1,1,0,1,0,1,1,1,0,1,1
地點優、櫃臺人員很親切，房內安靜、乾淨，整體都很棒！以後還會再來的,1,1,1,1,0,1,1,1,1,1,0,1,1
地點優、離北車很近，方便，房間大且舒適，衛浴乾濕分離，空間也大，老闆人很好讓我們升級房型，下次有機會一定再來住,1,1,1,1,0,0,1,1,1,1,0,0,1
地點優異，服務品質OK，環境乾淨整潔。 本次沒有加購早餐，故無法評論餐點。,1,0,1,1,0,0,1,0,2,1,0,0,1
地點優秀，交通便利，櫃檯人員服務親切且專業，整體感覺優異，以平日價格入住CP值相當高，值得推薦。,0,0,1,1,1,1,0,0,1,1,1,1,1
地點優秀，就在火車站旁2分鐘，1樓交誼廳有自助式吧台跟休閒空間，讓人很放鬆，很推薦！這次剛好住到一間藍球主題房，房內還有藍框很新奇，小朋友會很喜歡！,0,1,0,1,0,0,0,1,0,1,0,0,1
地點優越，坐立火車站旁，交通非常方便遊客，大堂有免費上網位置及飲料供應，非常方便及體貼旅客需要,0,1,1,1,0,0,0,1,1,1,0,0,1
地點優越，就在臺北車站附近。四人房房間不算小，房間整潔。晚上有許多免費電影播放，消磨時間十分好。,1,1,0,1,0,0,1,1,0,1,0,0,1
地點優越，西門町捷運站出口五分鐘就到。員工態度親切有禮。房間跟相片顯示的一樣。,0,0,1,1,0,0,0,0,1,1,0,0,1
地點剛好在西門町及臺北車站中間，8至10分鐘步程能到。有免費洗衣及乾衣服務，是唯一亮點。,0,0,1,1,0,0,0,0,1,1,0,0,1
地點十分方便，樓下就有便利商店，和各種食店。鄰近地下街，就算下雨天，逛街或去捷運站亦十分方便。早餐實屬一般。在清潔方面十分滿意，因為真的是有換床單。,1,0,1,1,0,0,1,0,2,1,0,0,1
地點十分方便，酒店設有無障礙設施的洗手間很好，但是大堂的徙台有點太徙，如果不是用電動輪椅推起來有點吃力，如果有活動徙台可以放在大堂借用就好了。職員亦十分有善有禮。,0,1,1,1,0,0,0,3,1,1,0,0,1
地點十分正近西門站，走過去西門町2分鐘而已，但早餐一般，沐浴區一般水滿地都是，電梯等太久,0,1,1,1,0,0,0,3,2,1,0,0,3
地點十分理想，價格驚人地便宜，同時住宿房間十分乾淨安靜，入住時獲得免費升級成四人房型很開心,1,1,1,1,1,0,1,1,1,1,1,0,1
地點及交通便利，開車或搭大眾交通工具都能順利前往，開車也有室內停車場，住宿的房間內各項設施水準超過一晚的價格,0,1,0,1,1,0,0,1,0,1,1,0,1
地點合適位於市區交通方便，設備簡單乾淨，環境舒服，沒有什麼多餘的東西,1,1,0,1,0,0,1,1,0,1,0,0,1
地點四通八達，員工勤快細心友善。房間簡潔，房間與房間隔音較差。,1,1,1,1,0,0,1,3,1,1,0,0,1
地點在七賢路，附近找吃的很方便。飯店也提供鹽埕區的美食步行地圖，算是很體貼的,0,0,1,1,0,0,0,0,1,1,0,0,1
地點在出捷運不到5分鐘，周邊機能便利，自助入住退房非常方便！,0,0,1,1,0,0,0,0,1,1,0,0,1
地點在台中火車站後面，需穿過行人遂道。早餐選擇不多但味道還可。,0,0,1,1,0,0,0,0,2,1,0,0,2
地點在臺北車站對面，商旅大樓門口就有連通車站的出入口，周圍熱鬧方便。房間相當簡約，乾淨、舒適，浴室是分離式，馬桶是免治馬桶，覺得使用起來很舒服。非常非常推薦這裡，商旅人員也很友善，已經迫不及待再來住了,1,1,1,1,0,0,1,1,1,1,0,0,1
地點在市中心，交通很便利。餐廳提供用咖啡的地方很大，房間很舒適。,1,1,0,1,0,0,1,1,0,1,0,0,1
地點在車站對面超方便，大廳一進去香香的很舒服，服務人員都很親切，房間非常乾淨舒適，廁所磁磚很美免治馬桶很棒,1,1,1,1,0,0,1,1,1,1,0,0,1
地點好，價錢合理，可惜服務品質不一，清潔人員有些很友善 ，櫃檯員工服務態度反而一般般 。早餐菜色選擇不錯,0,0,1,1,1,0,0,0,3,1,1,0,1
地點好，就算餐廳未開放，提供的套餐也很好吃。離車站很近，騎個共享自行車可以去忠孝夜市吃東西,0,0,1,1,0,0,0,0,1,1,0,0,1
地點好， 房間乾淨， 冷氣足， 設施良好。 服務態度良好。 有免費的即磨咖啡喝， 有大電影看， 很滿足。,1,1,1,1,0,0,1,1,1,1,0,0,1
地點好，乾淨舒適，服務態度很好，性價比高，每次到臺北都會住這裡。,1,0,1,1,1,0,1,0,1,1,1,0,1
地點好，在愛河旁邊，服務佳，服務態度良好，房間乾淨，房間舒適乾淨,1,0,1,1,0,0,1,0,1,1,0,0,1
地點好，房間舒適，衛浴設備優質熱水超強，有停車位，若滿了也可停路邊，再拿收費單給櫃檯，櫃檯會幫忙處理。房價優異,1,1,1,1,1,0,1,1,1,1,1,0,1
地點好，整潔，就是房間比較小，其他的都可以。廁所沖水有問題，我跟朋友的房間都有沖不了水的情況,1,1,0,1,0,0,1,3,0,1,0,0,1
地點好，新酒店，服務好，舒適乾淨，價錢適中 。,1,1,1,1,1,0,1,1,1,1,1,0,1
地點好，景觀佳，清潔，服務有水準，浴巾有芳香味，這種小地方都注意到了，早餐也很豐富,1,1,1,1,0,0,1,1,1,1,0,0,1
地點好，服務人員服務態度極佳，有專有停車場停車方便，電梯有管制安全性佳。,0,1,1,1,0,0,0,1,1,1,0,0,1
地點好，服務親切，樓上有會客室，有免費咖啡提供，有簡單的健身房。,0,1,1,1,0,0,0,1,1,1,0,0,1
地點好，服務親切！價格便宜房間大小和床都不錯！只有隔音較差些，但沒啥大影響！,0,1,1,1,1,0,0,2,1,1,1,0,1
地點好、房間燈光控制設計好、免治馬桶讓另一伴甚是滿意、電視頻道選擇多,0,1,0,1,0,0,0,1,0,1,0,0,1
地點好、房間空間大、隔音設備很好、飯店人員很貼心、下次入住想吃看看飯店的早餐,0,1,1,1,0,0,0,1,1,1,0,0,1
地點好。服務好。價錢都很好。在西門站出口非常方便。過條馬路就是步行街。早餐每日送到上房非常體貼。唯獨是升降機較等候時間長。建議多增幾部方便旅客,0,1,1,1,1,0,0,3,1,1,1,0,1
地點好。特價時，超值。不過，對獨行俠來說，沒有單人床之單人房，所以，負擔的價格還是雙人床雙人價，小可惜。,0,0,0,1,1,0,0,0,0,1,1,0,1
地點好出行方便、床軟硬適中、早餐餐點好吃，整體而言非常滿意，下次會再訂！！,0,1,1,1,0,1,0,1,1,1,0,1,1
地點好在愛河邊， 剛好花季加上晚上整點的水舞， 加分不少。 另外員工服務親切有禮， 二樓的港式飲茶好吃， 下次會再來住的飯店。,0,0,1,1,0,0,0,0,1,1,0,0,1
地點好找，在小夜市附近，櫃檯人員親切，買素食餐點很方便，走路可到，有提供素食早餐，餐廳一位年輕主廚很親切說明餐點，整體上來說很不錯。,0,0,1,1,0,1,0,0,1,1,0,1,1
房間雖然小但是乾淨 而且地下一樓大堂有很大的活動區域 還有免費的咖啡 飲料和小食提供。有一間小朋友的遊樂室也很棒。前臺接待的工作人員態度好 有做詳細介紹。帶小朋友的可以給床安裝護欄 預訂時可以備註一下。酒店附近的公園也有小朋友的遊樂設施。帶小朋友住這裡很棒,1,1,1,1,0,0,1,1,1,1,0,0,1
一進門的香氛令人感到放鬆，2樓大廳公共空間開闊舒適，還能享用精心準備的小點心，宵夜吧迷你餐點每樣的好吃，後悔晚餐吃太多，房間雖然不大，但寢具講究潔淨，睡起來很舒服，遇到的每一位工作人員態度都非常好，頂樓早餐非常驚艷，為了早餐，下次還會再來！,1,1,1,0,0,0,1,3,1,0,0,0,1
位置很好，早餐很豐富，很喜歡，24小時可以喝咖啡，茶，免費洗衣服和烘乾，樓頂風景不錯，下次再來臺北，會再訂這裡。,0,1,1,1,0,0,0,1,1,1,0,0,1
整體環境很乾淨、設備新，臺北火車站旁邊，交通十分方便，性價比高,1,1,0,1,1,0,1,1,0,1,1,0,1
浴袍上及抽屜茶杯有長頭髮，電視搖控器不好操作，會自動跳臺，去年10月入住電影不需付費，此次改?購買，100元/片，早餐服務人員態度冷淡,1,1,1,0,0,0,1,1,3,0,0,0,3
硬體設施很棒，1樓服務人員很熱情，幫我們送行李至房內，點心吧及宵夜依然美味,0,1,1,0,0,0,0,1,1,0,0,0,1
乾淨，光亮，電視機夠大,1,1,0,0,0,0,1,1,0,0,0,0,1
地理位置挺方便的，淋浴設備非常好（水力很大）,0,1,0,1,0,0,0,1,0,1,0,0,1
客服回覆電子郵件很快速，有自助洗衣乾衣服務，讓有少量位置讓人晾衣服，不錯！,0,1,1,0,0,0,0,1,1,0,0,0,1
宵夜只有粥，有些失望，當然這是免費的，其實不能要求太多，洗手間太開放，只有玻璃,0,1,1,0,0,0,0,3,3,0,0,0,3
我們睡的那間床墊有點凹陷，枕頭太低,0,1,0,0,0,0,0,3,0,0,0,0,3
我訂單人房給我免費升級雙人房，剛開始安排雙床房我不接受，後來安排雙人房，房型非常滿意！有24小時的免費點心吧以及娛樂休閒場所，感覺非常棒！櫃台人員態度有禮非常好！,0,1,1,0,0,0,0,1,1,0,0,0,0
房間只有廁所有窗，但能看見對面的單位，十分不便，每次回到房間總有一股難聞的氣味，房間出現蜈蚣，健身房在大堂旁邊且不能關門，任何人也能看見自己做運動,1,1,0,0,0,0,3,3,0,0,0,0,0
整層樓味道很重（混有大廳香水味，走道一部份有菸味），床單有汙漬，床頭板為絨毛材質，滿髒的，我們有再用濕紙巾擦過,1,0,0,0,0,0,3,0,0,0,0,0,0
早餐不錯，性價比高,0,0,1,0,1,0,0,0,1,0,1,0,0
服務人員很熱情和友善，很會介紹飯店，我老公哪個月生日還送生日卡片真的很可愛。1樓有無限咖啡飲料和餅乾還可以洗衣服很棒。房間的設計做得很好，廁所和浴室是分開我覺得很方便。 房間也很乾淨,1,1,1,0,0,0,1,1,1,0,0,0,1
洗手間沒有大鏡子，化妝比較困難！隔音非常差，房間空間很少（不能全打開行李箱），櫃檯人員服務態度不佳,0,1,1,0,0,0,0,3,3,0,0,0,3
洗手間浴室去水太慢，引致大量積水，而且燈光實在太暗，若有老人家，不小心會滑倒。牆上2個插頭太近，我插了一個，另一個不能用，而且USB插頭也是壞的！,0,1,0,0,0,0,0,3,0,0,0,0,3
浴缸有點小，房間能在多放個備用枕頭（因為我個人喜歡睡比較高），窗戶有點髒,1,1,0,0,0,0,3,3,0,0,0,0,3
環境隔音都很好，乾淨滿分,1,1,0,0,0,0,1,1,0,0,0,0,1
距離北車走路不用10分鐘，地點很棒很好找。櫃台人員很有禮貌及工作意識，應對時很有精神，感覺不錯。床偏硬。環境乾淨整潔，對灰塵、塵?過敏，住房期間沒有發作得太嚴重。,1,1,1,1,0,0,1,3,1,1,0,0,1
酒店距離臺北車站桃園機場捷運4及5號出口10分鐘路程，距離西門町15分鐘步行路程，員工十分有禮，酒店樓下有多間水果店及傳統臺式餐廳，浴室空間很好,0,1,1,1,0,0,0,1,1,2,0,0,1
隔音不好，能聽到隔壁房間的人說話,0,1,0,0,0,0,0,3,0,0,0,0,3
酒店走廊有特別設計，早餐有特色。食物款式並非一般經濟型酒店類型。讚！,0,1,1,0,0,0,0,1,1,0,0,0,1
沖涼用的毛巾破洞還在給房客使用。,0,1,0,0,0,0,0,3,0,0,0,0,3
地點：高雄火車站步行10分鐘左右。早餐：自助早餐超級豐富，中西冷熱都有。環境：非常乾淨沒有任何異味，有些評價說隔音不好，但我住在邊間靠馬路也沒聽到什麼噪音，CP值真的很讚,1,1,1,1,1,0,1,1,1,2,1,0,1
員工服務態度冷漠，辦理入住時第一次遇到打開房門是尚未整理的房間，因（續住）房價還調漲，感覺好像被騙,0,0,1,0,0,0,0,0,3,0,0,0,3
被單的棉絮過多，會飛來飛去。廁所門打開馬桶位置不方便，馬桶坐墊歪一邊，洗手槽有明顯發黴，分離式淋浴間的門關不緊密，水會撒出來,1,1,0,0,0,0,3,3,0,0,0,0,3
麵包店,0,0,0,0,0,0,0,0,0,0,0,0,0
整體設計時尚卻又舒適， 備品用具的品質都不錯，看的出來經營者的用心! 真希望台灣所有飯店業者都能有此品質~~工作人員服務態度很好。枕頭寢具很舒服~~早餐雖然是套餐卻豐盛， 口味也好!飯店位置佳， 距高雄捷運中央公園站僅幾步之遙，搭小黃去哪都方便。頂樓餐廳窗外景色不錯。,1,1,1,1,0,0,1,1,1,1,0,0,1
灑店外觀新穎且簡約， 旅客的登記手續及行理寄存以分層分流辦理，處理快捷。員工服務專業，態度誠懇。灑店位置交通方便，門口可停泊的士，旅客在大堂等候也可留意的士到達。,0,1,1,1,0,0,0,1,1,1,0,0,1
飯店外的人行道路面斑駁: 我們沿著比歐所在的中山一路走到中山二路的餐廳/ 從五福三路走回比歐， 沿路人行道路面破舊， 讓人驚訝在高雄這種大城市， 路面比南投鄉下的還不如。帶小孩的家庭客需特別注意小朋友的安全！網路訂房無法享用飯店免費下午點心和宵夜， 有點可惜。,0,0,1,0,0,1,0,0,3,0,0,3,3
交通便利，位置佳，價錢划算,0,0,0,1,1,0,0,0,0,1,1,0,1
員工服務親切。房間整潔。交通方便,1,0,1,1,0,0,1,0,1,1,0,0,1
我住宿為507房，浴室蓮蓬頭水壓很小！洗澡非常不便，早餐強制旅客選定時段，讓人住宿極富壓力,0,1,1,0,0,0,0,3,3,0,0,0,3
服務人員親切有禮，早餐不錯，旅店地點方便,0,0,1,1,0,0,0,0,1,1,0,0,1
管理優質，房間乾凈，下午茶很棒，地理位置很優,1,0,1,1,0,0,1,0,1,1,0,0,1
（沒有不滿意，算使用習慣的差異）衛、浴分離得很完全，設計成要個別開門的兩隔間，使用上稍微不順暢,0,1,0,0,0,0,0,2,0,0,0,0,2
從高鐵/臺北捷運地下街出口到飯店不遠。飯店整體感覺還不錯！算是CP值很高！另外，房間內都有附二瓶水，走廊上也還有附設飲水機。房間內有網路，訊號不錯。插座有4個，而且是萬用的插座，很方便各國來的旅客。因為疫情的關係沒有提供早餐。飯店旁邊有超商。,0,1,1,1,1,0,0,1,3,1,1,0,1
我們剛好被分配到有窗戶的房型，覺得很滿意。唯一不滿意的地方是因為在電梯旁，早上都能聽到等待搭乘電梯的人的對話聲。,0,1,1,0,0,0,0,3,1,0,0,0,3
位置近臺北車站，附近算熱鬧方便；且價位不算高。員工態度良好、房間乾淨整潔。有1F提供免費咖啡/巧克力沖泡機；晚上22:00後還有免費泡麵做宵夜。,1,1,1,1,1,0,1,1,1,1,1,0,1
房間8F牆壁薄得跟紙一樣，完全沒有特別隔音，房內輕易就可以聽到房外講話、關門聲...外面按別房門鈴還立體到彷彿在按自己房門般清楚，包括隔壁洗澡沖水、講話聲也可聽到，如果一人入住可能還好；但兩人以上入住可能就有隱私問題...,0,1,0,0,0,0,0,3,0,0,0,0,3
隔音效果差，櫃檯服務需加強訓練。電梯效率低下，11/20 08:00，準備下樓用早餐時，電梯被棉被送洗廠商佔用。只有一台電梯，全棟住戶都得等廠商拿完棉被，一起擠電梯下樓。好不容易到一樓，拿房卡向櫃檯換取餐券時，櫃檯服務人員沒有詢問是換取餐券或退房。主動告知是換取餐券後，竟語氣不佳的向住客索取房卡。,0,1,1,0,0,0,0,3,3,0,0,0,3
餐廳服務人員服務親切，早餐餐點好吃，餐廳的服務態度非常親切，而且雞米花一定要吃，是每日現炸，外場會時刻注意餐點用量，再請廚房現做。,0,0,1,0,0,0,0,0,1,0,0,0,1
「房間」體驗愉快，雖不走氣派豪華或新潮路線，但讓人舒服。早餐內容完全不符其價格，品項不多可以接受，但擺設及食材用炓實在是搭不上五星水準，很多三星飯店都不比它差。,1,0,1,0,0,0,1,0,3,0,0,0,2
『沒合作停車場！！』，地下室停車場假日以時計價無上限，希望能提供多些停車資訊給我們外地人，停遠些再搭捷運到也可，停車費無上限很燒錢呀,0,1,0,0,0,0,0,3,0,0,0,0,3
個人入住飯店的習慣是房間裡的快煮壺不論乾不乾淨，我都會先將它再清洗過一次才開始使用。這次比歐的房間裡的英國快煮壺，煮出來的水非常難喝。,0,1,0,0,0,0,0,3,0,0,0,0,3
淋浴間的清潔度只有95%，比較靠近地面的牆角仍有乾掉的皂垢；因磁磚勾縫是白色的，所以會看到部份水垢小黑點。,1,0,0,0,0,0,3,0,0,0,0,0,3
這次是入住微光豪華雙人房(應該算是最小的房型)，此房型的洗手台配置，置物空間非常小、非常少，雖說是因房型的面積大小配置的關係，但依“使用良善”的角度來審視，仍然可以有非常多的空間可加以改良設計運用。,0,1,0,0,0,0,0,3,0,0,0,0,3
浴室整體的置物空間過少；僅有一個毛巾架以及一個浴袍衣勾，但衣勾的位置，卻非常高，幾乎接近天花板了…若是身高較嬌小的女性或是老人家，會非常地不便。,0,1,0,0,0,0,0,3,0,0,0,0,3
洗手台深度不足，太淺了，水龍頭的設計、洩水止水的設計…等等都非常不夠人性化。,0,1,0,0,0,0,0,3,0,0,0,0,3
沐浴備品上的字體異常地小，非常非常非常~~難以辨識。這一點以使用者親善度來說非常不友善。,0,1,0,0,0,0,0,3,0,0,0,0,3
點心吧及宵夜吧的餐點我全部種類都試吃過一輪，非常有水準！非常好吃！！並非隨便聊表心意地唬弄搪塞~非常用心！！,0,0,1,0,0,0,0,0,1,0,0,0,1
房間非常有質感，看得出設計團隊的用心！！,0,1,0,0,0,0,0,1,0,0,0,0,1
員工的服務品質一流！,0,0,1,0,0,0,0,0,1,0,0,0,1
查了一下比歐闆娘的經營歷史及理念，非常欽佩也很贊同她！非常用心的經營者！,0,0,0,0,0,1,0,0,0,0,0,1,1
早餐是套餐式的，整體分數可以算好的。但因飯店先前的行銷宣傳讓我原本對於早餐的期待是高的， 實際上口味算是中規中矩，且份量稍稍略嫌不足。,0,0,1,0,0,0,0,0,3,0,0,0,3
發現枕套上有疑似發黴的小黑點。因房間是中央空調，有時會聞到菸味。,1,0,0,0,0,0,3,0,0,0,0,0,3
飯店早餐：3顆星-以臺北來說$100/人算是很划算，可惜對我個人來說選擇性有點太少，口味部分也比較不合~,0,0,1,0,0,0,0,0,3,0,0,0,0
很喜歡您為我安排有窗戶的房間，但是淋浴裡面的窗簾位置需要調整，約將近8公分的寬度是可以從外面或對面樓看進來的，當下利用毛巾蓋住。電視未有音樂台。剛入住進入廁所就看見了馬桶上的頭髮，慶幸看床上沒有。,1,1,0,0,0,0,3,1,0,0,0,0,3
房間:床很舒服 房間大小適中，1樓大廳:休息區很舒適，也有咖啡機、奶茶機，還有洗衣房，兒童遊戲間，停車場:新驛自家的停車場不在旅店裡，要過一個大馬路;如果停車場滿了，也會安排台中車站的地下停車場(會提供免費車?折抵)步行約3-5分鐘內可抵達旅店~很方便 唯停車場入口容易錯過 要先問過櫃檯人員，便利商店:出旅店左轉30秒即可達全家,0,1,1,1,0,0,0,1,1,1,0,0,1
床頭櫃上的皮革有一點破損，另外，浴室裏沐浴乳和洗髮精在架子上方，若有臨時放毛巾，會滴到毛巾上,0,1,0,0,0,0,0,3,0,0,0,0,3
厚地毯，房間離電梯很遠，早餐缺乏天然健康食物,0,1,1,0,0,0,0,3,3,0,0,0,3
騎樓可以停三台車子，但只能先到先停，附近車位非常難找，停車場離住宿地要步行一段路，而且非免費,0,1,0,1,0,0,0,3,0,3,0,0,3
房間內部配置奇怪（床頭上方有假梁，睡了一晚不太舒適，起床才發現），地毯上有奇怪水灘，在除濕機前，但並未使用除濕機，不解為何地毯會濕，枕頭屬於扁塌型，需要高枕頭的人不建議入住,1,1,0,0,0,0,3,3,0,0,0,0,3
不含早餐,0,0,0,0,0,0,0,0,0,0,0,0,0
交通方便,0,0,0,1,0,0,0,0,0,1,0,0,1
超乎預期的讚,0,0,0,0,0,0,0,0,0,0,0,0,1
位置地點超好~~熱鬧~~宿安全舒適清潔服務親切有禮~~交通便利吃喝玩樂～~極具,1,0,1,1,0,0,1,0,1,1,0,0,1
洗衣機旁沒洗衣粉，上回有10元袖珍包,0,1,0,0,0,0,0,3,0,0,0,0,3
酒店設計高挑，離西門町4號捷運出口和錢櫃KTV都很便捷。採簡潔工業風設計。樓下有前鎮水產和打狗霸火鍋。附近有很多便利商店。進入酒店大廳時員工都會親切招呼與引導辦理入住！我們的房型是選擇有窗戶的豪華雙人房，採光還不錯，加大的床墊睡的蠻舒適！有沙發區的小客廳。早餐中西式都有，提供的炒嫩蛋，寬冬粉，炒蔬菜，馬鈴薯蛋沙拉，肉燥，水果都蠻新鮮好吃的！,0,1,1,1,0,0,0,1,1,1,0,1,1
帥氣燕尾服管家高鐵接駁，房間、浴室空間舒適不擁擠，早餐多元，單點現做吃到飽，服務員都很主動，積極熱心，會再次入住的選擇,1,1,1,0,0,0,1,1,1,0,0,0,1
吹風機風量可以再進步！電視按一按好像突然就不能看了,0,1,0,0,0,0,0,3,0,0,0,0,3
隔音一級棒！住宿兩天過程完全沒有被走廊旅客及路上車水馬龍吵到，蓮蓬頭水壓優質，水量強度大之外，水打在皮膚上是柔和的，壁上的洗髮乳、沐浴乳是好聞好洗的，房間空間大、備品應有盡有，地理位置好，離西門及北車皆近,0,1,0,1,0,0,0,1,0,1,0,0,1
喜歡透光的窗戶,0,1,0,0,0,0,0,1,0,0,0,0,1
要求換房，但櫃檯小姐十分有耐性禮貌，盡量都滿足我們，服務態度好好。令我們好滿意。而且旅館還有call車服務往機場,0,0,1,0,0,0,0,0,1,0,0,0,1
淋浴間的門無法密合，導致地板都是水。周邊排風設備的音量過大。電梯間的燈光過暗，導致房間號碼指示看不清楚,0,1,0,0,0,0,0,3,0,0,0,0,3
門口有U-bike可租借，距離最近的捷運站約略10分鐘的步行時間，服務人員態度親切,0,1,1,1,0,0,0,1,1,1,0,0,1
飯店房間隔音普通，隔壁房電視聲音開太大聲會聽到.(除此之外其他項目都很滿意)。飯店附近沒有捷運站，適合開車代步的旅客.,0,1,0,1,0,0,0,3,0,2,0,0,2
飯店新穎 房間乾淨舒適 採光明亮.飯店附近有超商與全家還有步行可到的丹丹漢堡，一般日常採購無虞.飯店備有露天停車場，停車方便.飯店早餐選擇豐富多樣，用餐環境佳.飯店櫃檯人員服務態度親切.,0,1,1,1,0,0,0,1,1,1,0,0,1
棉被或枕頭塵?味較重，洗臉槽淺，水龍頭緊，容易噴溼衣服，未有洗手皂(乳)，房間內以紙杯替代玻璃杯，雖較衛生，但紙杯欠缺質感，且容量小,1,1,0,0,0,0,3,3,0,0,0,0,3
房間乾淨整潔， 床很舒服。工作人員態度很友善。洗衣方便。靠近臺北車站，交通便利。,1,1,1,1,0,0,1,1,1,1,0,0,1
枕頭太扁了，不知道是不是櫃檯人員人數不足，每次去櫃檯人員都很沒笑容。,0,1,1,0,0,0,0,3,3,0,0,0,3
地點很近西門捷運站， 房間整潔， 員工好有禮貌,1,0,1,1,0,0,1,0,1,1,0,0,1
不是感應房卡，很不方便,0,1,0,0,0,0,0,3,0,0,0,0,3
停車，服務員態度，房間空間都很糟,0,1,1,0,0,0,0,3,3,0,0,0,3
其它旅館要付費的它全都免費，免費咖啡味道超讚，洗衣乾衣超方便,0,1,0,0,1,0,0,1,0,0,1,0,1
凊靜。環境有景色優美的愛河。工作人員極親切。,0,0,1,1,0,0,0,0,1,1,0,0,1
水壓很強、熱水夠熱，隔音不錯，地理位置還可以，有便利商店和速食店，價格親民,0,1,0,1,1,0,0,1,0,1,1,0,1
沒有室內停機車的位置，沐浴乳與洗髮精品質不太好，小桌子沒有檯燈，一早有人一直敲門是怎樣？,0,1,0,0,0,1,0,3,0,0,0,3,3
洗手台真的設計不良。棉被好像有點不乾淨身體有點癢,1,1,0,0,0,0,3,3,0,0,0,0,3
洗手盆高度太低，為免水濺四處，得彎腰（我身高157），實不符人體工學。衣櫃門，沒有設計凹槽或把手，不易打開，入住前人在櫃門邊的抓痕遍佈於木門板，可惜！8樓電梯口感覺偏暗！,0,1,0,0,0,0,0,3,0,0,0,0,3
捷運5號出口右轉就到了，很便利，服務人員很忙，也是很有耐心，早餐種類不多，但還是吃的飽，附近很繁榮，晚上可四處逛街,0,0,1,1,0,0,0,0,1,1,0,0,1
1206房浴缸水龍頭的水超小，請服務人員來看，竟然說：因為在最高樓層，所以有開熱水的話，水壓可能比較小，不然不要開熱水就好了～～早餐因?防疫，所以改餐盒了，但是飲品還是要自己裝，那這樣子好像不是沒有差了，都要自己去弄免洗杯來裝，而且就2種冰果汁跟一臺咖啡機，沒有其他飲品。,0,1,1,0,0,0,0,3,3,0,0,0,3
中華電信在那邊幾乎沒訊號。隔音不好。房卡只提供一張，有點不方便。舊,0,1,1,0,0,0,0,3,3,0,0,0,3
乾淨舒適，有免治馬桶，櫃檯服務態度，安靜,1,1,1,0,0,0,1,1,0,0,0,0,1
位置在台中火車站附近非常方便，可以免費洗衣及黑咖啡或茶,0,1,1,1,0,0,0,1,1,1,0,0,1
位置方便，去哪都不會太遠，櫃檯人員態度很親切，隔音還不錯,0,1,1,1,0,0,0,2,1,1,0,0,1
位置非常好，就在台中車站旁，若不開車是很好的選擇。 飯店的大廳後面自助調理吧，可以來喝杯咖啡，右轉裡面還有交誼廳、洗衣間等設施，交誼廳設計的很時尚。房間非常整潔。服務人員親切友善，飯店服務貼心。早餐也不錯、CP值高。,1,1,1,1,1,0,1,1,1,1,1,0,1
價錢挺划算的，房門外就有飲水機，有浴缸可泡澡,0,1,0,0,1,0,0,1,0,0,1,0,1
衛生；服務；洗漱（包括洗衣房）,1,1,1,0,0,0,0,0,0,0,0,0,0
可能比我預想的北車和住宿的距離有差距。隔音不好，但本來價位就是這樣，不能要求太多。,0,1,0,1,0,0,0,3,0,3,0,0,3
咖啡機一開始不能用，經通知後才正常，請加強巡視？,0,1,0,0,0,0,0,3,0,0,0,0,3
喜歡它的飯店位置，喜歡房間的舒適安靜，櫃台服務很有經驗，能處理迅速馬上住房,1,0,1,1,0,0,1,0,1,1,0,0,1
地點方便，有免費藍光電影,0,1,0,1,0,0,0,1,0,1,0,0,1
家庭房的電視位置較不佳，造成走道有阻礙不好走。浴室玻璃拉門聲音較大,0,1,0,0,0,0,0,3,0,0,0,0,3
很乾淨，1000內的價格非常划算（餅乾泡麵吃到飽），位置不算太難抵達，機能還行,1,0,0,1,1,0,1,0,0,2,1,0,1
意外獲得免費升等，覺得很感謝～盥洗用具上面有很多可愛的標語，環境很溫馨,0,1,1,0,0,1,0,1,1,0,0,1,1
我們以為每天掃一次二維碼就可以，好吧，算我們沒弄清楚，那我們就尊重你們的飯店規定。要求每一次進出都要掃二維碼沒有問題，但在做這項說明時可以態度好一點嗎？然後站在旁邊盯著我們掃完二維碼後，再要求我們要出示給她看，現在是小學老師在檢查作業嗎？她明明就站在旁邊看著我們掃碼耶，有這麼不信任嗎？我們是來住宿兩天的旅客，不是犯人。早餐真的要改進。自動清洗馬桶噴水器是壞的。,0,1,1,0,0,0,0,3,3,0,0,0,3
房間內視聽設備（電視）太小、訊號也很差，許多台甚至是模糊的，迎賓點心或餅乾、水果應該要準備，略表心意，疫情的關係許多設備封閉不能使用，餐飲也是委曲求全，應該要反映在房價或其他面向上回饋給客人,0,1,1,0,0,0,0,3,3,0,0,0,3
房間打掃需加強，床底下有遺留室內拖鞋、房間地板有毛髮、廁所排水孔旁的汙垢多到需要用水沖走，床和枕頭個人覺得太軟毫無支撐力，洗澡只能使用一包式的備品很不環保,1,1,0,0,0,0,3,3,0,0,0,0,3
房間燈太暗，停車無地下停車場，早餐很普通到沒什麼可吃,0,1,1,0,0,0,0,3,3,0,0,0,3
房間乾淨、整潔。酒店地理位置好，交通便利。酒店設計風格獨特,1,1,0,1,0,0,1,1,0,1,0,0,1
拖開茶包及零食櫃，有小蟑螂。一樓服務人員素質沒之前剛營運時來的專業。這是我第二次來住，花了高價位住房間味道及整潔沒之前來的好。評價讓我打低分。,1,0,1,0,1,0,3,0,3,0,3,0,3
整房後還有貼心小卡片，很溫馨，藍光電影物超所值,0,0,1,0,1,0,0,0,1,0,1,0,1
有要求房間排除邊間、但卻是角落邊間，這一點讓我感到失望。梳洗用品隔日未添加，這應當自動添加換新！淋浴（浴缸）跟地面落差太高，徒增危險！2樓走廊黴味較重！,1,1,1,0,0,0,3,3,3,0,0,0,3
有說希望能把雙人床中間空隙降到最低，但睡的時候還是有很大空隙的感覺，浴室與淋浴間雖然是分離式的，但洗完澡還是濕的,0,1,0,0,0,0,0,3,0,0,0,0,3
服務細心週到。早餐好吃。地點超棒！第二天換房後視野不錯！,0,0,1,1,0,0,0,0,1,1,0,0,1
本房間為雙人房但空間狹小(尤其是衛浴間更小)，且房間常傳出電器類聲響，住起來不舒服!入住房間時甚至電視機旁的插座蓋板是脫落的，房間整體檢查未落實喔!,0,1,0,0,0,0,0,3,0,0,0,0,3
棉被打開有2～3根頭髮在床上。在房間內找不到拖鞋，以為飯店沒有提供，隔天退房才發現其他房間都有紙拖鞋，我們這間沒放到。枕頭對我來說有點軟。,1,1,1,0,0,0,3,3,3,0,0,0,3
櫃檯人員服務態度佳，附停車場，鄰近機能佳,0,1,1,1,0,0,0,1,1,1,0,0,1
水壓很棒，熱水不會洗到一半變冷水，有提供早餐可以吃，乾淨,1,1,1,0,0,0,1,1,1,0,0,0,1
洗手台水龍頭太緊，希望蓮蓬頭可以調整高度或者另外裝訂一個低大約20公分左右可以掛的，我163cm，原先的太高了,0,1,0,0,0,0,0,3,0,0,0,0,3
浴室淋噴噴頭是壞的，會漏水！早餐不怎麼樣（還上錯？）。點豬肉三明治和素的三明治卻上錯，還好還沒吃時就發現。且盤子累積了三四盤才收。住宿時說可以直接一樓退房，直接拿發票，但退房時又說沒有這樣，要上20樓退房。親戚騎車來訪，不能暫停旁邊，一定要退到馬路上去曬太陽？但旁邊汽車停了一堆。是？以上種種狀況讓人感覺很差。也不用回覆了。不會再入住了。你們房價和服務不符太多了吧??,0,1,1,0,1,0,0,3,3,0,3,0,3
睡外側的床會聽到走廊傳來的關門聲，及談話聲，影響睡眠。第二天換房，其中一床棉被蓋起來腿部覺得搔癢。,0,1,0,0,0,0,0,3,0,0,0,0,3
窗戶不能打開，有鼻炎比較難受；偶爾有蚊子，房間，浴室，電梯都有碰到；早餐品類不多，白粥是隔夜飯煮的，比較沒味道,1,1,1,0,0,0,3,3,3,0,0,0,3
負責早餐的全體同仁，非常用心，連住三天，每天的餐點都非常好吃，為了衛生與移動的安全，會用保鮮膜防止細菌和食物的溢出，另外還貼心的製作小語！非常棒！看到所有員工都在努力的清潔打掃，就連死角和不常清潔的地方都會擦拭，員工的認真態度，讓人覺得佩服！每一位員工幾乎都會主動打招呼，讓人感到非常有親切感！,1,0,1,0,0,0,1,0,1,0,0,0,1
走道地毯看起來沒有很乾淨，都有一些小碎削，還有灰塵的感覺，評價很高不過有點小失望。走道隔音差，都可以聽到其他房間的聲音。價位和住宿品質真的很不成正比。房間很大，門口就在床旁邊有點不習慣。這價位沒有兒童遊戲室有點可惜，也沒有親子腳踏車可以出借，比較其它高雄住宿所提供少了一些東西。,1,1,0,0,1,0,3,3,0,0,3,0,3
隔音，冰箱門一開就整扇門掉下來，黴味,1,1,0,0,0,0,3,3,0,0,0,0,3
隔音稍差，剛進入房間時有黴味，遇滿房，早餐時人潮太多，直接放棄,1,1,1,0,0,0,3,3,3,0,0,0,3
隔音算好、沒被吵到。衛浴空間舒適。洗衣空間與設備完整且使用方便。,0,1,0,0,0,0,0,1,0,0,0,0,1
電梯等比較久，在房間門入口處總是有個很高的差距！有點危險應該要做樓梯式！,0,1,0,0,0,0,0,3,0,0,0,0,3
高雄國賓一直是心中高雄第一名的飯店。老飯店但設備都維持的很好，服務好，緊臨愛河晚上還有水舞可欣賞,0,1,1,1,0,0,0,1,1,1,0,0,1
早餐食物選擇不多，但食材非常新鮮。6樓以上有特色主題房間。地點往來名景點也方便。,0,1,1,1,0,0,0,1,1,1,0,0,1
為什麼我訂的有附早餐到飯店就變沒有早餐？這次安排的房間隔音非常的差。之前安排的非常滿意這次真是很不舒服。,0,1,1,0,0,0,0,3,3,0,0,0,3
10F、11F的空間規劃很棒！讓旅者有可以放空呼吸的地方，而非單純關在房間。當層就有飲水機，方便旅客多補充水分,0,1,0,0,0,0,0,1,0,0,0,0,1
2014愛河元宵煙火窗戶就可觀賞。房間有沙發小客廳。服務親切，買了飯店用的肥皂盤，很漂亮,0,1,1,1,0,0,0,1,1,1,0,0,1
4人房房間太小，加大雙人床沒有加大且床很小，被子也太小，有一半身體蓋不到，房間還是用鑰匙開門，掛了一個很重的吊飾不好攜帶，4人房不能多提供一把鑰匙，大家要協調好回來的時間，不太方便，浴室不是乾濕分離，以5星級飯店來說稍有失水準,0,1,1,0,0,0,0,3,3,0,0,0,3
611房的蓮蓬頭根本不可掛牆壁因?角度有問題。直接沖到門上，沖不到人啊！角度有問題，只能一直拿手上。浴室沒鏡子還可以，但房間的鏡子是藏在衣櫃裡的，一般人不會馬上想到是內藏的。冬天卻棉被超薄的。要了毛毯，但毛毯也可很薄啊，哭哭。,0,1,0,0,0,0,0,3,0,0,0,0,3
6600元的3人房，展開的沙發床超爛！ 一格格的鐵絲硬梆梆完全不能睡！早餐完全沒有五星水準，一人一份主食，拉麵比泡麵還少還難吃！ 沙拉吧的菜色很少，連雞蛋都沒有！ 真的很差！房間燈光偏暗。晚上浴室燈無法關閉，所以透過浴室玻璃隔間，我們晚上在很亮的房間睡覺。不好睡。,0,1,1,0,1,0,0,3,3,0,3,0,3
大廳有各年齡層遊樂休息洗烘衣設施。地點超好 鬧中取靜 去西門或北車都很近 附近治安良好。很多美食連鎖店、有名的城中小吃。,0,1,0,1,0,0,0,1,0,1,0,0,1
不是每間房間都有對外窗戶。因為是在市中心， 房間偏小， 不適合攜帶大型行李入住。,0,1,0,0,0,0,0,3,0,0,0,0,3
乾淨，員工友善，地點方便，早餐優秀，下次去台中出差仍會考慮訂這裡,1,0,1,0,0,0,1,0,1,0,0,0,1
交通地點很方便， 離臺北火車站近， 樓下也有便利商店；房間很乾淨， 廁所也沒有異味；櫃台人員態度很友善；飯店有提供短時間休息方案， 價格算優惠,1,0,1,1,1,0,1,0,1,1,1,0,1
交通方便， 只需步行五分鐘即可到達火車站，價錢平，房間整潔舒適,1,0,0,1,1,0,1,0,0,1,1,0,1
交通方便，位於台中火車站後站，前往台中高鐵站大約15分鐘火車車程。 早餐以套餐方式提供，並提供自助飲料及湯，味道不俗。酒店前臺人員充足，態度友善，服務佳。,0,0,1,1,0,0,0,0,1,1,0,0,1
交通方便，台中車站旁而已，自行開車也有停車場可停。服務貼心，因為搭早班車所以6點半就退房，趕不上早餐供應時間，入住時先告知，櫃台服務人員貼心準備簡易早餐可帶著吃。一樓電梯入口要刷房卡，對住客較安全。,0,1,1,1,0,0,0,1,1,1,0,0,1
以同樣的房價來說，空間還是略小。房間的隔音沒有很好，可以聽見隔壁客房的談話聲。,0,1,0,0,0,0,0,3,0,0,0,0,3
位置很好，離北車很近、很方便，房間舒適，床很好睡,1,1,0,1,0,0,1,1,0,1,0,0,1
位置近愛河，可直接觀賞愛河風景，房間大且舒適，地下停車場位子多,1,1,0,1,0,0,1,1,0,1,0,0,1
住宿位置很棒，旁邊就是愛河，晚上可以吹著海風散散步，五分鐘路程也有很棒的腳底按摩店。房間大小普通不過備品該有的都有，尤其床跟枕頭最是舒服，而且枕頭還貼心地分成兩種軟硬度。服務態度很好，連清潔人員都笑咪咪的，這是以前住過的其他飯店從沒遇過的。,0,1,1,1,0,0,0,1,1,1,0,0,1
住宿地點佳，交通便利 ! 因疫情沒有供應早餐，外出購買選擇多元，感覺不錯,0,0,0,1,0,0,0,0,0,1,0,0,1
住宿地點挺方便的，離新崛江及大同路夜市走路5分鐘可到，附近也有光南可逛。離捷運中央公園站步行不到1分鐘。早餐是套餐式但很精緻且份量多，這次住兩晚，早餐菜色有更換，都很棒!房內點心飲料免費供應，晚上大廳還有供應免費點心。床墊及枕頭軟硬適中，睡起來很舒服。,0,1,1,1,0,0,0,1,1,1,0,0,1
住宿地點離車站近，交通便利。附近覓食不是問題，新光三越就在隔壁。隔音設備還不錯，不會吵雜。,0,1,0,1,0,0,0,1,0,1,0,0,1
停車場的位置不夠，只好停到外面去，雖然飯店會幫忙付停車費，畢竟比較不方便。廁所的牆有一面是透明的， 跟朋友家人一起去住的話，感覺沒有隱私。浴室門跟廁所門的方向不一致， 同時打開的話會撞到或卡住。,0,1,0,0,0,0,0,3,0,0,0,0,3
停車方便，家有長者，剛好房間已整理好，給予提早入住，非常感恩， B1有咖啡機和餅乾，覺得很讚，櫃台人員很親切,0,1,1,0,0,0,0,1,1,0,0,0,1
"健身房規模太小，想使用健身房設備，根本排不到。游泳池太小，那應該不算泳池，算是""戲水池"" 。",0,1,0,0,0,0,0,3,0,0,0,0,3
免費洗衣服務,0,0,1,0,0,0,0,0,1,0,0,0,1
全酒店只有紙杯供應不環保，沖熱飲杯身太熱不方便！廁所只得小鏡太小遠了點不方便梳洗整理儀容，床頭其中一個電制不知是否壞叉不到電。生果每天單一種供應太單調能改變更換其他更好。洗面盆如有小皂?供應更方便，不用每次進出沖涼間擠沖涼液洗手。,0,1,0,0,0,0,0,3,0,0,0,0,3
前臺服務員親切有禮，詳細介紹酒店附近景點、夜市位置，協助回程到機場車輛，房內有免費電影觀看，房間清潔,1,1,1,0,0,0,1,1,1,0,0,0,1
前?服務及資訊，地點方便，免費自助洗衣,0,1,1,1,0,0,0,1,0,1,0,0,1
"原先預定四人房(免費停車)，與不含免費停車的四人房價差300元，這樣不能算是""免費""停車，還是有費用的。因臨時行程變更，沒有用到車，與商旅確認是否能換成不用需停車的方案，但是服務人員回覆網路訂房後不能更改，也無法做取消訂單再調整(要扣全額款項)，覺得非常不方便，也沒有彈性，會影響之後訂房及使用意願。",0,0,1,0,0,0,0,0,3,0,0,0,3
?所照明不足，因管道設計問題，?生紙不能掉入馬桶，令人不安，房門沒有防盜眼,0,1,0,0,0,0,0,3,0,0,0,0,3
台中火車站旁，隔音好，不會聽到火車聲音。有免費停車場 離飯店走路5分鐘。附近吃喝方便。乾淨舒適，廁所小巧思多。,1,1,0,1,0,0,1,1,0,1,0,0,1
員工親切 ，房間乾淨舒服，有一個工作間，適合工幹人仕,1,1,1,0,0,0,1,1,1,0,0,0,1
商務中心很安靜，有很多書和雜誌，並且提供咖啡和小餅乾，適合思考、放鬆和辦公。晚上提供宵夜，對較晚入住的旅客，是很貼心的服務。,0,1,1,0,0,0,0,1,1,0,0,0,1
因故由2晚改成1晚，每晚價格比當下直接在網上訂房價格貴沒關係，但給的房間不如預期，要反映多次才願給符合價值的房間。每個樓層應有飲水機會更好。備品有小肥皂會更好，不然洗個手還要進去淋浴間找沐浴乳。,0,1,1,0,1,0,0,3,3,0,3,0,3
在愛河旁邊，過一個路口就有一間超商，地理位置不錯。若遇到附設停車位不足的情況需停路邊，可將停車繳費單給櫃檯，他們會代為繳納。房內附有高遮光的窗簾，可一覺到天亮。附贈的早餐選擇很豐盛。有附設小小的健身房還不錯。客房整理的很乾淨。,1,1,1,1,0,0,1,1,1,1,0,0,1
地下各層停車場搭往一樓大廳電梯的指示希望能再清楚些， 讓住戶入住及離開時拖著行李走樓梯上上下下是很辛苦不便的。早餐餐廳通往室外泳池的電動門，由內往外時請改成自動感應(目前需按鈕才能開)， 兩手都端著餐盤及飲料， 要用手肘去頂那按鈕才能出去!!! ，以上兩點建議，希望下次再去時， 能看到已改善。,0,1,1,0,0,0,0,3,3,0,0,0,3
地點一流，其實可以?西門町4號出，然後穿中間通道。室內空調舒適。床鋪不錯,0,1,0,1,0,0,0,1,0,1,0,0,1
地點位於西門町對面，環境清潔，用品乾淨,1,0,0,1,0,0,1,0,0,1,0,0,1
地點佳，服務好，房間舒適,1,0,1,1,0,0,1,0,1,1,0,0,1
地點優越，相較於新興的商務飯店，老牌的飯店大樓有充裕的停車位。,0,1,0,1,0,0,0,1,0,1,0,0,1
地點在捷運附近，周遭買東西也很方便。房間大小合理，也很乾淨。價格合理，服務人員還算有求必應。,1,1,1,1,1,0,1,1,1,1,1,0,1
地點就在火車站後方，極為方便。員工服務質素十分良好，親切有禮。雖沒有裝潢的設計，但帶出舒服清潔的感覺。,1,0,1,1,0,0,1,0,1,1,0,0,1
地點方便，有免治馬桶,0,1,0,1,0,0,0,1,0,1,0,0,1
地點距離臺北車站、高鐵超近、房間簡單舒適、服務殷勤,1,0,1,1,0,0,1,0,1,1,0,0,1
地點非常接近台中火車站，不少公車都經過；服務人員態度親切、熱心；除了電話(基本上不會用)，大致上沒有任何額外收費。,0,0,1,1,0,0,0,0,1,1,0,0,1
好吃早餐，環境舒適，貼心飲品及零食,1,0,1,0,0,0,1,0,1,0,0,0,1
客房內非免治馬桶。客房與走廊間的隔音略需改善。若開休旅車前往，無法停飯店內的機械式停車位，只能停收費的停車位，雖有補助但有金額上限。,0,1,0,0,0,0,0,3,0,0,0,0,3
工作人員服務態度親切和善。精緻美味多樣的早餐。交通地段方便,0,0,1,1,0,0,0,0,1,1,0,0,1
床很大，床墊睡起來很舒服。隔音設備非常好都聽不到房間外的聲音。沐浴乳跟洗髮精的香味聞起來很舒服。,0,1,0,0,0,0,0,1,0,0,0,0,1
很乾淨，餐點很好吃,1,0,1,0,0,0,1,0,1,0,0,0,1
很大方的投資了大廳的裝飾、娛樂、和自助吧。很親切的價格跟地理位置，讓人不敢想像房間會這麼寬敞和舒適。不知道為甚麼很好睡。草莓軟糖有夠好吃。,0,1,1,1,1,0,0,1,1,1,1,0,1
我拿到一包餅乾是綠色的豆豆，沒注意到是芥末口味的，真的很辣,0,0,0,0,0,0,0,0,0,0,0,0,0
房內留有一隻上個客人用過的紙拖鞋，就和新的兩雙未拆封的一起靠在牆邊?清潔狀況不佳。牙刷梳子等備品不太懂為何要放在進門的桌子，而不是浴室內。明明浴室中檯面空間還很夠。大廳供應的泡麵餅乾種類太少，而且被取用完也沒有及時補充（明明就在櫃檯旁，櫃檯人員都能看到）。吹風機小又難用，風很小又過燙。整體來說這間旅店有努力做一些不一樣/趣味的設計，住宿感覺第一印象很好，但細節不用心，後面被很多不好的體驗扣分了。,1,1,1,0,0,1,3,3,3,0,0,1,3
房間乾淨整潔，櫃臺親切禮貌，早餐雖為套餐方式，但很完整，從沙拉到主餐都不錯,1,0,1,0,0,0,1,0,1,0,0,0,1
房間乾淨舒適，蓮蓬頭水壓強水量大，房費便宜CP值高，地點佳 離台中火車站很近！,1,1,0,1,1,0,1,1,0,1,1,0,1
房間依照房價來看算小，其他都很不錯,0,0,0,0,1,0,0,0,0,0,3,0,3
房間內的熱門電影是免費收看的且選擇不少。地點優，近火車站，覓食方便，且可走路到宮原眼科。服務人員親切友善。,0,1,1,1,0,0,0,1,1,1,0,0,1
房間大小與酒店貼出的照片相差較大，且房間門太靠近客廳和床，給人感覺不夠舒適和私密。早餐不是自助餐，可選擇的餘地太少，且較為油膩，味道一般,0,1,1,0,0,0,0,3,3,0,0,0,3
房間大小適中，格局良好，也很乾淨；所住樓層有飲水機，很方便；離捷運站算近，周遭買東西也很便利；多數反應的隔音問題，在我住宿期間似乎不是問題；價格合理CP值很高,1,1,0,1,1,0,1,1,0,1,1,0,1
房間太小；淋浴設施進出不方便，且容易滑倒,0,1,0,0,0,0,0,3,0,0,0,0,3
房間很舒適而且乾淨，早餐不會說太少選擇，附近有很多衣服的批發商，特別是在商圈那裡，真的超便宜！整體上真的是個不錯的旅店！,1,0,1,1,0,0,1,0,1,1,0,0,1
房間掛衣服的空間不太方便，網路速度略慢，大概只有10MB/s，電梯空間略小，隔音不好，會聽到附近樓層的浴室水聲,0,1,0,0,0,0,0,3,0,0,0,0,3
房間有些插座無法使用。,0,1,0,0,0,0,0,3,0,0,0,0,3
房間有點小，行李多的人要有心理準備。有的房間沒有窗戶，我這次住到的就是,0,1,0,0,0,0,0,3,0,0,0,0,3
房間設備雖然維持得不錯但太陳舊(已不符合現代需求）。電視非常小台（星級酒店的電視還是這種有點…雖然是索尼的，但感覺就很有時代感）。床頭沒有電燈的中控系統（要關燈要起身一個一個關）。床頭附近沒有任何插頭。出電梯到房門口的公共走道有點狹窄也蠻暗的。訂房資訊上應註明游泳池及所有公共設施均無開放（雖有疫情影響 但其他縣市政府都有滾動式鬆綁）。,0,1,1,0,0,0,0,3,3,0,0,0,3
房間非常乾淨舒適， 光線很明亮。服務人員態度非常好。可代訂購伴手禮,1,1,1,0,0,0,1,1,1,1,0,0,1
方便於西門町逛街，旺中帶靜，鄰近捷運站,0,0,0,1,0,0,0,0,0,1,0,0,1
早餐很別緻，為一人一份的餐點。客房內的迷你吧有免費提供的餅乾及飲料，非常貼心。,0,0,1,0,0,0,0,0,1,0,0,0,1
早餐很豐盛好吃!!!，衛浴乾淨，飯店人員親切友善，房內冷氣溫度適中，剛剛好，床墊舒適，附拖鞋很貼心，晚上還可以在大廳喝茶和咖啡休息，很棒，地理位置非常好，物超所值的價格,1,1,1,1,1,0,1,1,1,1,1,0,1
早餐採自助式，中西式都有，雖然不是樣式很多，但吃飽絕對沒問題。房間乾淨、床也很舒適,1,1,1,0,0,0,1,1,1,0,0,0,1
早餐時段問站在門口的服務人員：「早餐是在這裡嗎？」，該員回答：「對啊，不然呢？」。辦理入住 時有告知住宿兩晚的發票要分開開，因為只有第一晚能報帳，櫃台說退房時再跟負責的人說就可以，結果退房時櫃台說可以分開開，但日期都只能開當天的。今天進公司處理報帳事項，被會計告知發票日期和出差日期不符合所以不能報帳。,0,0,1,0,0,0,0,0,3,0,0,0,3
早餐開餐時間太晚，枕頭太軟沒有支撐感,0,1,1,0,0,0,0,3,3,0,0,0,3
有小朋友的遊戲室、射飛鏢等。免費供應自助飲料等設施。浴室寬敞。,0,1,0,0,0,0,0,1,0,0,0,0,1
有除濕機，住起來覺得乾淨舒爽，不會有潮濕的黴味. 一樓有提供免費的洗衣機跟烘衣機可以使用. 地點距離火車站很近,1,1,0,1,0,0,1,1,0,1,0,0,1
服務人員態度非常好。疫情期間早餐直接送到房間，很不錯。電視提供的影片跟節目比起一般飯店豐富很多。,0,1,1,0,0,0,0,1,1,0,0,0,1
服務很好。每次回來都說歡迎回來，有家的感覺。地下室設備很齊全，可以洗衣跟烘衣，還可以燙衣服。房間整理得很乾淨、還會提醒明天的氣候如何、該補充的備品不會因為連續住而減少。晚上10點到12點 能拿泡麵當宵夜吃、而且口味眾多。,1,1,1,0,0,0,1,1,1,0,0,0,1
服務質素好。交通方便。房間舒適。,1,0,1,1,0,0,1,0,1,1,0,0,1
服務非常好。地理位置方便。,0,0,1,1,0,0,0,0,1,1,0,0,1
本間廁所的鏡子上方或旁邊沒有燈光，暗暗的使用稍嫌困難。建議備品有小肥皂，不然洗個手還要進去浴室擠沐浴乳。明確告知空調遙控器的方向，整晚冷到半夜才知道遙控器要對準某一邊空調才受控。10樓說有免費咖啡，但到現場咖啡機壞掉且現場也沒有服務員可以求助。跟銀行同一棟大樓，辦理入住的地點要找一下，建議標示一下即可,0,1,1,0,0,0,0,3,3,0,0,0,3
櫃檯辦理入住服務人員態度略顯不佳，房間內部整體整潔尚可 唯獨床鋪棉被部分發現一點髒汙,1,0,1,0,0,0,3,0,3,0,0,0,3
櫃臺很親切，雖然換了三間房（冷氣沒風、二樓房間太近馬路邊很吵），但接待態度還是很有水準。有24小時咖啡與飲料，很方便。,0,1,1,0,0,0,0,3,1,0,0,0,1
床很舒服。,0,1,0,0,0,0,0,1,0,0,0,0,1
此次海港景雙床房，因為浴室無乾濕分離，且浴缸上還有樑柱，弟弟身高176，站上浴缸後，頭幾乎快到天花板，需要微蹲洗澡，洗完後穿頭髮，因為吹風機線被固定且不夠長，再度半蹲吹頭髮，差點崩潰。走廊的隔音較不好，如果鄰近房客退房早，聲音又大的話，較容易被吵到。晚上約十二點時，欲使用網路有問題，電致櫃檯兩次，均無人接聽。,0,1,1,0,0,0,0,3,3,0,0,0,3
沒有擺行李箱的架子,0,1,0,0,0,0,0,3,0,0,0,0,3
洗澡時水溫不是很穩定，有點忽冷忽熱，或許是同時段太多人用水。出水量有點小。冷氣太強，溫度一調再調還是覺得冷,0,1,0,0,0,0,0,3,0,0,0,0,3
洗澡熱水似乎水量偏小，房間隔音效果不好，隔壁開關電燈都會聽到，但整體影響不大,0,1,0,0,0,0,0,3,0,0,0,0,2
洗髮精和沐浴乳用紙杯裝，無預期地被分配到無障礙房間,0,1,1,0,0,0,0,0,0,0,0,0,0
浴室排水不佳， 浴缸泡澡不小心外濺， 不好洩水。早餐普通。停車場車位子太少， 需要用搶的。,0,1,1,0,0,0,0,3,2,0,0,0,3
浴室沒有毛巾掛置處，毛巾使用完放置哪裡都不適合...。冷氣溫度無法調降...，雖然有冷氣吹很好，但太冷了，只好先關掉，好在關掉還是舒適溫度。飲水機在6F、9F、12F， 那3F的房客呢，稍微有一點點。飲水機部分， (只是覺得特別，應該是第一次在飯店看到？)，是彎管型的飲水機，左右各一支冷熱水。,0,1,0,0,0,0,0,3,0,0,0,0,3
浴室雖然是分離式的，但洗澡空間很小，是只能站立卻不太能伸展的大小，住宿的地點在四樓，需要搭大樓的電梯再轉其他電梯才能到達，第二天回旅館時發現房卡不能用，不知道什麼原因消磁，幸好後來櫃檯有幫忙解決,0,1,1,0,0,0,0,3,2,0,0,0,3
浴缸很大，地點很棒，床很舒服,0,1,0,1,0,0,0,1,0,1,0,0,1
火車站前面施工，要繞很大一圈才能走到住宿的地方。隔音不好，隔壁咳嗽都聽的到,0,1,0,1,0,0,0,3,0,3,0,0,3
環境乾淨， 服務人員親切，交通方便,1,0,1,1,0,0,1,0,1,1,0,0,1
環境整潔，住了兩天都有補充水跟衛浴用品，覺得不錯，很少看到這個價位的旅館還附有免治馬桶，吹風機很好用，不會吹很久就過熱，住宿地點離北車很近,1,1,1,1,0,0,1,1,1,1,0,0,1
疫情期間沒有提供健身房，房間過小，由於退房時，電梯多人使用時只能走樓梯間，但樓梯間環境相當老舊，甚至消防水管也散亂到逃生門上，沒有收妥至消防水箱，影響行走動線。希望能盡速改善樓梯間環境以及消防等相關設備。,0,1,0,0,0,0,0,3,0,0,0,0,3
空間不大但格局舒適，價格合理，性價比高,1,1,0,0,1,0,1,3,0,0,1,0,1
第二次入住！地點佳，員工親切有禮。這次剛好遇到房間已經準備好，提早12:00就入住了，真棒。也有提供行李寄放喔，房間雖然沒有很大，但舒適清潔。有提供小餅乾和泡麵。,1,1,1,1,0,0,1,3,1,1,0,0,1
聽得到開關門聲跟水聲，但不至於影響睡眠，發現了兩隻小蟲，不過之後都沒再看到了，可能地毯清潔方面還要再注意一下,1,1,0,0,0,0,3,3,0,0,0,0,3
舒服；乾淨；實物如圖,1,0,1,0,0,0,1,0,1,0,0,0,1
若浴廁內可附設放置衣物的架子會更好。在放浴缸水時有碰到水是黃色的狀況，不過重新再放一次就沒有這個問題了，不知是否為特殊狀況。房內燈光偏昏暗。,0,1,0,0,0,0,0,3,0,0,0,0,3
設計感十足的時尚飯店，在捷運出口旁， 交通方便，頂樓[眺吧]景觀視野佳， 套餐式早餐豐富好吃; 填錯選項， 服務人員立即請主廚重做， 非常貼心，房間設備及備品有質感， 大浴缸泡澡很舒服，住宿體驗很棒， 值得下趟回訪,0,1,1,1,0,0,0,1,1,1,0,0,1
費用不貴,0,0,0,0,1,0,0,0,0,0,1,0,1
超近捷運站，勁方便， 員工態度有善， 房間乾淨，物品也很齊全！,1,1,1,1,0,0,1,1,1,1,0,0,1
鄰近火車站.客運站及公車站，交通方便。提供早餐,0,0,1,1,0,0,0,0,1,1,0,0,1
鄰近購物區，工作人員友善，四周環境舒適,1,0,1,1,0,0,1,0,1,1,0,0,1
酒店新淨、位置方便和辦理退房時間迅速,1,0,1,1,0,0,1,0,1,1,0,0,1
附近有兩家超商超商，房價若無包含早餐也不怕餓到，臨近愛河畔適合悠閒散步,0,0,0,1,0,0,0,0,0,1,0,0,1
隔音不是很好，不過運氣不錯沒有遇到很吵的鄰居，如果要有健身房的配置，希望能有最基本的設備保養,0,1,0,0,0,0,0,3,0,0,0,0,3
隔音差，各房距離過近，可以在房內聽到他房聲音...,0,1,0,0,0,0,0,3,0,0,0,0,3
隔音應該還算不錯，聽不到隔壁的聲音覺得很棒，馬桶、浴室、洗手檯都是分開的，挺方便，服務人員都蠻親切的，枕頭跟床的軟硬適中，空間規劃很妥當，就算是雙人房也不會太小，離臺北車站跟捷運中山站都蠻近的,0,1,1,1,0,0,0,1,1,1,0,0,1
隔音較不好，進入房間內地上有上個房客留下來的髮夾,1,1,0,0,0,0,3,3,0,0,0,0,3
離捷運站有點遠，提重行李很崩潰。空調有時感應不靈敏。地毯上有暗色汙漬。,1,1,0,1,0,0,3,3,0,3,0,0,3
離捷運站近，附近就是西門町，逛街好去處，房間設施基本上完整，電視螢幕大，有保險箱可放，對於有攜帶貴重物品不便攜出者，真的很甘心,0,1,0,1,0,0,0,1,0,1,0,0,1
離火車站走路不到幾分鐘。房間內乾淨整潔，疫情期間房內雖有酒精的味道，但讓人放心。早餐滿豐盛的。,1,0,1,1,0,0,1,0,1,1,0,0,1
離西門3號出口非常近，走路不到1分鐘就有藥妝店和便利商店很方便，房間內燈光配置舒適，雖然房間不大但是配置寬敞，有書桌很加分，遇到的每位前臺服務人員都很親切、面帶笑容，晚餐時間在電梯內巧遇幾位房務人員準備下班，和住客同房時也很溫和有禮，讓人感覺非常舒服,1,1,1,1,0,0,1,1,1,1,0,0,1
電梯太少等很久。動線規劃很奇怪，先搭電梯到5樓，再搭內部電梯到3樓...,0,1,0,0,0,0,0,3,0,0,0,0,3
順暢的網路網路；親切的人員服務；乾淨舒適的客房,1,1,1,0,0,0,1,1,1,0,0,0,1
飯店附屬停車場是機械式的，限高155cm，飯店正前方有一個公有停車場，只是很常客滿，需停到對面圓環其他停車場。入住當日櫃台人員請我停到公有停車場(飯店1樓前庭不能停)，飯店會補貼停車費(200/天)，要離開去停車時剛好另外一組客人準備辦理入住， 語氣很兇地要求停在1樓前庭，櫃台人員後來也讓他停在前庭。稍晚回飯店時卻發現1樓前庭停滿車了，看來要吵才可以停!!!,0,1,1,0,0,0,0,3,3,0,0,0,3
飯店附近交通便利,0,0,0,1,0,0,0,0,0,1,0,0,1
"飯店附近機能完整
 房間寬敞舒適
 地點便利",1,0,0,1,0,0,1,0,0,1,0,0,1
餐廳員工效率高，早餐食物選擇多，只收NT$100，物超所值,0,0,1,0,1,0,0,0,1,0,1,0,1
餐廳座位安排事宜，早餐餐點樣式也很合適。雖然是有歷史的飯店，不過整體感覺與房間設施都維護得很好。服務人員的態度讓人感受很舒服。前往高雄很值得列入考慮的飯店。,0,1,1,0,0,0,0,1,1,0,0,0,1
20樓餐廳的服務人員，因為第一次入住，加上不太熟位置，所以去餐廳詢問櫃台在哪裏要辦理入住，以及點飲料的時候，他們給的感覺愛理不理的，以及第二天早上吃早餐，說待會會送來水果與甜點，然後等了一陣子都沒有送來，我就回房間了。房間地板整潔需加強，其他都很不錯,1,0,1,0,0,1,3,0,3,0,0,1,3
5分鐘內到?臺北車站，房間整潔，工作人員熱情，有耐性，笑容可親,1,0,1,1,0,0,0,0,1,1,0,0,1
cheak in需要將近一小時的時間,0,0,1,0,0,0,0,0,3,0,0,0,3
辦理入住 櫃台在20樓，拿了房卡還要坐電梯下樓才到房間是滿特別的體驗，不過check out後想寄放行李則是直接在1樓領取即可。高鐵接駁車須提前一天預約，對於行程掌握比較不自由。用餐的地方不算大，若住客率高的時候需要排隊，要掌握一下用餐時間避開7:30~8:30,0,1,1,0,0,0,0,3,3,0,0,0,3
辦理入住大排長龍，等了一個小時，有夠誇張，房間隔音差，半夜，牆壁有敲擊聲響，連住二晚，竟然完全沒有打掃房間，連垃圾都沒有收，沒有停車場，光停中山堂就要花700~1000元(我停了36hr左右吧),0,1,1,0,0,0,0,3,3,0,0,0,3
網路不是很穩定。一開始連了好幾次都連不上。吊掛衣服的地方不是很妥適。現在是冬天，長大衣一掛，很容易掃到桌上那些杯盤。我在桌旁工作時就只能放床上，上床睡覺時掛椅子上。也找不到其他可以吊掛的地方。,0,1,0,0,0,0,0,3,0,0,0,0,3
網路不需輸入密碼，很方便。,0,1,0,0,0,0,0,1,0,0,0,0,1
一出來就在電梯旁，有點吵。洗澡/洗頭是補充包，若髮量多就不方便。因比較晚吃早餐，放餐盤的聲音很刺耳且久，有趕客人的感覺。櫃台人員素質，只有一位男生達到飯店標準很好，其他人是都生病了嗎！？（個人感想）,0,1,1,0,0,0,0,3,3,0,0,0,3
不好停車。櫃台小姐臉臭，態度沒有很好。,0,1,1,0,0,0,0,3,3,0,0,0,3
不是最不滿意，就小小的缺點而已，就～一次性的用品裡面有潤髮乳，洗完澡擦完身體才發現裡面有潤髮乳。,0,1,0,0,0,0,0,3,0,0,0,0,3
不曉得是不是因為靠窗的房間所以鏡子是桌上型的，照起來較不方便。吹風機吹久會有股焦味（5分鐘以上）。,0,1,0,0,0,0,0,3,0,0,0,0,3
乾淨、地點好。設備新。 一樓迎賓人員親切。好停車,1,1,1,1,0,0,1,1,1,1,0,0,1
乾淨整潔,1,0,0,0,0,0,1,0,0,0,0,0,1
乾淨的房間與備品，接待人員友善、可寄放行李，早餐比預期豐盛美味，很滿意,1,1,1,0,0,0,1,1,1,0,0,0,1
交通位置方便，鄰近車站五分鐘，平日價格便宜，CP值高，生活機能方便，附近店家多，出門口就看的到便利商店,0,0,0,1,1,0,0,0,0,1,1,0,1
交通便利，環境舒適、整潔，房價平價,1,0,0,1,1,0,1,0,0,1,1,0,1
交通便利，服務極佳，乾淨整潔,1,0,1,1,0,0,1,0,1,1,0,0,1
交通便利，設備很新，環境乾淨,1,1,0,1,0,0,1,1,0,1,0,0,1
交通方便，交通方便，交通方便,0,0,0,1,0,0,0,0,0,1,0,0,1
交通方便，員工友善，設備很好,0,1,1,1,0,0,0,1,1,1,0,0,1
交通方便，有用心設計、佈置的旅店(尤其1F交誼廳)，24小時供應茶水、咖啡(會想待在1F放空),0,0,1,1,0,0,0,0,1,1,0,0,1
交通方便，地處熱鬧地帶，洗澡熱水穩定且水量很大洗澡非常舒服，樓下的公共空間有休閒跟小小親子空間，還有熱咖啡跟奶茶還有巧克力，還有微波爐跟小小烤箱可以使用，很多免費藍光電影且都頗新，床比較偏軟枕頭也是，如果能夠有兩個枕頭會更舒服,0,1,1,1,0,0,0,1,1,1,0,0,1
交通方便，走路就可到達，房間舒適，服務人員態度很好,1,0,1,1,0,0,1,0,1,1,0,0,1
交通方便，乾淨，房間有點小,1,1,0,1,0,0,1,1,0,1,0,0,1
交通方便機能好，離台中火車站很近，整體設計風格新穎有型， 有幸住到彩繪房讓人非常驚豔，飯店環境舒適， 提供很多貼心服務,1,1,1,1,0,0,1,1,1,1,0,0,1
交通算很便利，很適合背包客的旅行，家庭房(3、4人房)有浴缸在北部就是舒適了,0,1,0,1,0,0,0,1,0,1,0,0,1
人員服務專業快速親切，樓層高度與窗外景緻佳，浴室寬敞清潔衛生，免治馬桶功能齊全，地點位置交通便利,0,1,1,1,0,0,0,1,1,1,0,0,1
以多附基本型早餐來說，CP值算高。.淋浴水壓很棒，房間空間大乾淨。飯店位置附近不複雜、安靜，在高雄車站後面，近捷運、台鐵。,1,1,1,1,1,0,1,1,1,1,1,0,1
價格便宜，一分錢一分貨，前臺客氣,0,0,1,0,1,0,0,0,1,0,2,0,1
位於後火車站，交通方便。服務人員親切，感受很好。 飯店十分乾淨，舒適度佳。,1,0,1,1,0,0,1,0,1,1,0,0,1
位於火車站後站，地點極佳。員工服務態度很好，應對親切專業，而且大概有訓練記得客人。至櫃台詢問空調事宜，也沒特別問，就知道正確房號來幫忙調整。硬體設備很好。房間大小適中，一人足矣。浴室、動線、電視，整個都挺舒適。可免費看藍光影片，選擇很多。房間風格很喜歡，各種備品也很好用。衛浴是大家都能接受、我個人也很喜歡的檸檬馬鞭草。,1,1,1,1,0,0,1,1,1,1,0,0,1
位於車站附近，走路10?15分。房間還滿乾淨，有附牙刷，浴帽等等3.有自助式飲料吧和爆米花,1,1,1,1,0,0,1,1,1,1,0,0,1
位置優異，交通便利，10分。房間乾淨程度以及孩子不小心溢奶馬上來換被單，房務人員10分。可以一家8口住一間，方便度10分。房間兩台電視方便觀看，10分。可以寄放行李，10分。,1,1,1,1,0,0,1,1,1,1,0,0,1
位置好，鄰臺北車站、近中山捷運商圈，完整提供商務、簡單旅遊基本該有的設備，清潔度好，工作人員服務佳，房價CP值不錯，沒有早餐，但附近交通和餐飲十分方便,1,1,1,1,1,0,1,1,1,1,1,0,1
位置就在火車後站，房間乾淨，又有免費餅乾，有停車場 要走一小段路,1,1,1,1,0,0,1,2,1,1,0,0,1
位置很好，床很舒適,1,0,0,1,0,0,1,0,0,1,0,0,1
位置很好，就在台中火車站旁邊，非常方便，房間很乾淨，很舒適，飯店裡面許多裝飾讓人感到身心放鬆,1,1,0,1,0,0,1,1,0,1,0,0,1
位置很好離北車很近，房間設施新穎，且電視選擇多樣化，配有很多的萬國插座,0,1,0,1,0,0,0,1,0,1,0,0,1
位置方便，事前聯絡確認入住事宜，提供宵夜、咖啡、洗衣房、影片隨選,0,0,1,1,0,0,0,0,1,1,0,0,1
位置超方便，近捷運站，房間整潔，感覺舒適，尤其是睡床很舒服。員工非常有善而且樂於助人,1,0,1,1,0,0,1,0,1,1,0,0,1
位置距離臺北車站捷運站10分鐘腳程，距離總統府和二二八和平公園5分鐘腳程，可以順道參觀，房間乾淨舒適，洗澡熱水充足。,1,1,0,1,0,0,1,1,0,1,0,0,1
房間面積較小,0,1,0,0,0,0,0,3,0,0,0,0,3
住兩天，同樣價位，第二天沒迎賓甜點。茶包（香片.烏龍茶）無論泡多久時間，茶葉已泡開，但還是像開水一樣（未變茶色）（是過期還是大陸製？）。雙人床位，四人住，咖啡包四包，卻只有二杯咖啡杯（是要四人輪流洗杯子喝咖啡？）,0,1,1,0,1,0,0,3,3,0,3,0,3
住宿位置方便容易找，價錢划算還有早餐可以吃，房間乾淨窗戶大，浴室有乾濕分離，洗臉盆旁邊窗戶下有很多平面空間可以放清潔保養用品，兩人房房間超大可以放2個打開的大行李箱，還有沙發區和桌椅很方便，行李寄放很方便,1,1,1,1,1,0,1,1,1,1,1,0,1
住宿位置鄰近愛河 晚上可到河邊散步，距離搭愛之船位置近，可以優閒度過一個愉快的夜晚 ，地下室有小孩遊戲室及健身中心；推薦住河景房空間比較大,0,1,0,1,0,0,0,1,0,1,0,0,1
市景房浴室太小不像是五星級飯店應有的樣子,0,1,0,0,0,0,0,3,0,0,0,0,3
住宿地點離臺北車站距離相對近，也離西門町近。親子設施提供小孩子探索及放電。飲食區設計與規劃相當得宜。,0,1,1,1,0,0,0,1,1,1,0,0,1
住很多次了，感覺房間內的清潔度有提升的空間，本次住宿住客很多，早餐補餐速度可再加快,1,0,1,0,0,0,1,0,3,0,0,0,3
住的位於安排在路衝還不舒服。早餐兩個人1000！上次半年前入住是兩人500，菜色比上次不好！,0,0,1,1,1,0,0,0,3,3,3,0,3
偏貴，小套房一個晚上2100元。隔音不良，隔壁房吵架從半夜4點吵到早上9點，嚴重影響睡眠。燈照不足，連床頭燈都壞了。,0,1,0,0,1,1,0,3,0,3,3,0,3
停車位只有門口二位，等於是沒有附車位。櫃檯人員不親切，要確認入住資料了，櫃檯都不理會,0,1,1,0,0,0,0,3,3,0,0,0,3
停車場備的很齊，如若沒有停車場也會替客人想辦法，所在位置很好，到其他觀光景點都方便。,0,1,0,1,0,0,0,1,0,1,0,0,1
停車場沒有事先說明有兩區，到了第一區才告知在第二區，有點不方便，淋浴間積水無法流通，像是泡著腳在洗澡，感覺不太好,0,1,1,0,0,0,0,1,1,0,0,0,1
停車方便，早餐有提供起士,0,1,1,0,0,0,0,1,1,0,0,0,1
健身房在訂房網站上看起來很完善，實際上只有一組史密斯綜合訓練器，然後沒有臥推椅，整個健身房連一張椅子都沒有，槓片也只有50公斤，一整個很有落差感。早餐的土司跟餐包令人驚訝，居然全部整籃都先烤過，吃得時候已經又冷又硬比不烤還糟，現場也沒有烤箱可以再加熱。,0,1,1,0,0,0,0,3,3,0,0,0,3
備品是歐舒丹，有免治馬桶，一樓員工應對很有水準，很熟悉景點和交通，下次會再考慮住宿國賓,0,1,1,0,0,0,0,1,1,0,0,0,1
價格便宜。地點不錯。冷氣跟浴室水壓很強，熱水也穩定。冰箱不斷電。,0,1,0,1,1,0,0,1,0,1,1,0,1
價格優惠，房間設計整潔舒適，服務人員親切,0,1,1,0,1,0,0,1,1,0,1,0,1
價格優惠，地理位置優，附近什麼都有方便，員工有禮，不管是房務人員還是櫃檯都會主動打招呼，親切；而且都盡責其職務，大概10點～11點間，辦事情的關係想說先提早寄放行李以便行動，殊不知已經房間準備好可以入住，效率真的一級棒，房間乾淨舒適，喝水量多的，一樓大廳有飲水機,1,1,1,1,1,0,1,1,1,1,1,0,1
價格平價，房間和照片一樣，很舒適，房間打理很乾淨,1,0,0,0,1,0,1,0,0,0,1,0,1
價格真的很便宜，交通又方便，CP值很高，廁所乾濕分離，空間也不會太小，水壓熱水都很足夠!有附設免費的洗衣烘衣區，真的很貼心，可以自備洗衣精或向櫃檯人員購買，電梯需用房卡感應上樓，保障房客的安全，客房空間以價格來說也很寬敞，插座也不少兩人入住也不怕沒有位子充電,0,1,1,1,1,0,0,1,1,1,1,0,1
價錢很合理，物超所值，房間很乾淨，交通方便,1,0,0,1,1,0,1,0,0,1,1,0,1
價錢真的很便宜，離捷運差不多10分鐘，算近，床滿好睡的,1,0,0,1,1,0,1,0,0,1,1,0,1
入住1201當天房門鎖是鬆的，因為都是女生所以睡覺時用椅子擋住門，也許在客人入住前可稍微檢查一下設備。早餐是我入住飯店這麼多次第一次遇到客人下樓用餐卻因為位置不夠得要回房等待一段時間~,0,1,1,0,0,0,0,3,3,0,0,0,3
入住時，交代開立當日發票，櫃檯人員疏失忘了開。大廳的椅子脫皮了，看起來和大廳整體很不配。,0,1,1,0,0,0,0,3,3,0,0,0,3
入住時發現有前房客用完未清洗的茶杯，乾濕分離的門無法完全閉合，會有有小縫使得水會潑出，入住的是四人房其中有一張床有蟲，連續兩天睡在那張床上的家人都有被蟲咬的痕跡，整潔需要再加強，隔音不佳，晚上要睡覺時可以非常清楚的聽到隔壁房間的電視聲音，冷氣溫度一直卡在22度，將溫度調高還是沒有變化,1,1,0,0,0,0,3,3,0,0,0,0,3
全都很喜歡和滿意，實至名歸的國際飯店,0,0,0,0,0,0,0,0,0,0,0,0,1
冬天入住時綿被不是很保暖也?重，第一次住飯店蓋兩個棉被，飯店好像比較少用這種棉被，以飯店的等級應該要有羽絨被才舒適。天花板較低，容易有壓迫感的人不適合住。,1,1,0,0,0,0,3,3,0,0,0,0,3
冷氣不夠涼，溫度設定也有限制，房間在邊間，有疙瘩導致影響睡眠，浴室水壓不夠，水量較弱，房間色調暗沉，床簾包覆遮光不夠，五點天亮陽光照射影響睡眠，離捷運有段距離，不是熱鬧商圈，附近店家較少，也沒便利商店，晚上街道較暗,1,1,0,1,0,0,3,3,0,3,0,0,3
冷氣太強~已經調高溫度設定，但還是非常冷。房間櫃子（床邊桌和電視櫃）有灰塵,1,1,0,0,0,0,3,3,0,0,0,0,3
冷氣空調設備不好，睡得不好，一直被熱醒。外面走廊有動靜一清二楚，隔音很差。升級為豪華房看不出來差異在哪裡？多了四百元價差不知為何？,1,1,0,0,1,0,3,3,0,0,3,0,3
前臺服務態度很好，熱情提供幫助。距離火車站，步行十分鐘，隔兩條街。房間很亮，但不大。,0,1,1,1,0,0,0,1,1,1,0,0,1
剛進去有點潮濕，把冷氣調成除濕模式有好些。,1,0,0,0,0,0,2,0,0,0,0,0,2
加價選擇有窗戶房型，結果窗戶是緊閉無法開啟的。隔音很差，隔壁講話聲都可以聽到說話內容。梳妝台桌面太小，幾乎沒辦法放東西。,0,1,0,0,0,0,0,3,0,0,0,0,3
即時服務，房間整潔隔音不錯，交通便利,1,1,1,1,0,0,1,1,1,1,0,0,1
可24小時洗衣服，近臺北車站，夜光燈掣設計方便。,0,1,0,1,0,0,0,1,0,1,0,0,1
可以使用國旅券，早餐0630就供應、菜色不錯，停車位雖然只有45個，但附近好停車，飯店也吸收費用,0,1,1,0,0,0,0,1,1,0,0,0,1
可惜無窗戶，熱水不太熱,0,1,0,0,0,0,0,3,0,0,0,0,3
同層有旅行的學生團，走廊跑來跑去，講話又大聲。希望能有住宿，加購中庭餐廳的午間或晚間自助餐優惠選項。沒有提供點心零食。,0,0,1,0,0,1,0,0,3,0,0,3,3
吹風機太小台完全沒有辦法吹乾頭髮，吹了半小時是吹風機握柄比頭皮還燙，廁所乾濕分離沒有起到乾濕分離的作用,0,1,0,0,0,0,0,3,0,0,0,0,3
吹風機太靠近洗臉盆了，使用上讓人有些擔心，另外吹風機風力過小，吹完頭髮十分毛躁。如有改善空間，還蠻建議此項(為女性朋友們著想)。,0,1,0,0,0,0,0,3,0,0,0,0,3
吹風機電線短路，需更換。水龍頭沒把手，難使用，反應後居然用長螺絲釘替代。早餐選擇性少，人多時補菜速度，用餐動線不佳(一堆人擠在一起)，待加強。,0,1,1,0,0,0,0,3,3,0,0,0,3
員工態度很好，房內有設備齊全,0,1,1,0,0,0,0,1,1,0,0,0,1
員工服務很好，很熱心回答問題。停車方便(這很重要)。早餐雖然使用餐盒，但內容算是豐富。浴缸很不錯。客房乾淨。,1,1,1,1,0,0,1,1,1,1,0,0,1
員工親切，房間乾淨舒適，茶水間依時段提供不一樣的點心,1,0,1,0,0,0,1,0,1,0,0,0,1
員工說門口只能停三台車，所以我就到付費停車場，結果回來竟然停了第四台車，根本誠信有問題。房內有蚊子，網路當天是好的，隔天早上是壞的,1,1,1,0,0,0,3,3,3,0,0,0,3
員工都很年輕，教育訓練做的很好.點合適，交通也方便.有專車接送不錯.早餐的時間剛好，拖鞋很厚很暖，比涵碧樓的好.樓房的建置不錯，地震沒有什麼感覺.,0,1,1,1,0,0,0,1,1,1,0,0,1
商旅地點非常好，就在臺北火車站旁。商旅附近餐館頗多。高級雙人房房間格局與照片大致相同。房間寬敞舒適，附沙發、梳妝台、冰箱、置衣架很棒。浴廁及淋浴間方正寬敞乾淨。退房時間為12:00，時間比較充裕，很棒。,1,1,1,1,0,0,1,1,1,1,0,0,1
因為中秋假期住宿，櫃檯還提供月餅小禮物，櫃檯人員很親切介紹飯店設施，房間雖然不大，但是很乾淨，有貼心小紙條，預告明日天氣，停車場離旅店不遠，有提供磁扣，蠻方便的，隔音的部分覺得還算不錯，覺得沒有特別吵，早餐的部分覺得還好，疫情的關係提供套餐，不過很貼心，還有送到房間,1,1,1,0,0,0,1,1,1,0,0,0,1
在此價位提供的服務均滿意。早餐優秀，但較偏中式。位置佳。,0,0,1,1,1,0,0,0,1,1,1,0,1
地方整潔，交通方便，員工服務良好,1,0,1,1,0,0,1,0,1,1,0,0,0
地點真的很不錯，離臺北機場捷運，臺北火車站都很方便，附近公車站很多，四通八達，附近好吃的小店很多！樓下就有便利店還有郵政取款機，附近幾個街區有非常多上榜美食店！非常美味方便，前臺服務很到位，而且衛生做的很好，我們住5天發現前幾天既然每天都幫我們換床單浴巾，覺得實在太浪費了馬上和保潔說不用～,1,0,1,1,0,0,1,0,1,1,0,0,1
地點超方便，服務員友善，禮貌，房間乾淨,1,0,1,1,0,0,1,0,1,1,0,0,1
地理位置，價格偏便宜，員工素質高,0,0,1,1,1,0,0,0,1,1,1,0,1
地理位置不錯，購物，食店都方便,0,0,0,1,0,0,0,0,0,1,0,0,1
房間雖小，但整體不錯，,0,1,0,0,0,0,0,0,0,0,0,0,0
地理位置佳～離北車很近，又有特約停車場，平價～房間乾淨,1,1,0,1,1,0,1,1,0,1,1,0,1
地理位置理良好，熱水供應穩定，環境清潔，性價比極好,1,1,0,1,1,0,1,1,0,1,1,0,1
地處愛河旁，可欣賞到優美河景，性價比高，空間大,0,1,0,1,1,0,0,1,0,1,1,0,1
地點容易錯過，找不到位置，招牌被旁邊擋住。床上有找到一顆藥丸，不知道誰的。,1,0,0,1,0,0,3,0,0,3,0,0,3
地點不錯,0,0,0,1,0,0,0,0,0,1,0,0,1
地點位在距離捷運巨蛋站2號出口步行約5~7分鐘的距離，還算方便。房間寬敞，隔音不錯，床墊軟硬適中舒適。免治馬桶和還有算寬敞的淋浴間，不過隔間是透明的請注意。房內迷你吧都是免費的，礦泉水也給得很多，另外跨年期間住宿還有贈送禮品。早餐有中西式兩種，中式在2樓的餐廳，西式在20樓，這次享用中式，味道不錯~,1,1,1,1,0,0,1,1,1,1,0,0,1
地點位於臺北車站附近，走路約10分鐘的距離，有飲料零食可以自取食用，蠻驚喜的,0,0,1,1,0,0,0,0,1,1,0,0,1
地點位於愛河旁邊，景觀不錯。早餐菜色多。,0,0,1,1,0,0,0,0,1,1,0,0,1
地點位置佳，房間安靜乾淨舒適，枕頭很軟很棒，電視頻道多，員工服務態度佳。熱水超燙，水柱很強。防火地墊佳(保護旅客安全很好)。泡茶葉的機器(可以選淡中濃的綠茶，非常喜歡，真的有茶葉渣，不是茶包，非常棒!)。雪芙蘭的洗頭，洗澡還不錯!不是包袋的!冷氣夠涼。,1,1,1,1,0,0,1,1,1,1,0,0,1
地點佳，離臺北轉運站走路約5分鐘，櫃檯處理事情的態度佳,0,0,1,1,0,0,0,0,1,1,0,0,1
地點優！離車站超近！價格實在還含早餐！有停車位非常方便！,0,1,1,1,1,0,0,1,1,1,1,0,1
地點區位佳，可以看到愛河~~附近走一小段路很多餐廳選擇，而且飯店內也有很多餐飲選擇。有免治馬桶跟浴缸~~100分,0,1,1,1,0,0,0,1,1,1,0,0,1
地點好，設備舒適，價格划算,1,0,0,1,1,0,1,0,0,1,1,0,1
地點好，離機場捷運、北門站都不太遠。我這次是把這裡當成桃園機場過境旅館的，也還算方便、又熱鬧。房間內整潔、床鋪舒適。網路穩定快速,1,1,0,1,0,0,1,1,0,1,0,0,1
地點就在市區，有捷運可到高鐵和台鐵站，附近有許多餐廳和商店，服務人員很親切貼心，可提早寄放行李，有專人帶進房間介紹設備，而房間非常乾淨整潔，浴室有乾濕分離以外，還有一個很大的浴缸，牆上有電視，馬桶也是獨立一間有高級的免治馬桶。半夜浴室的燈壞了不能熄滅，太亮無法入眠，工務很快就來處理好了，連主管都來瞭解。隔天退房時送了一個茶葉禮盒。晚上頂樓休息室可以免費享用迎賓調酒，會推薦親友來,1,1,1,1,0,0,1,1,1,1,0,0,1
地點很好，在臺北車站附近。房間乾淨，價格便宜。服務人員很親切。,1,0,1,1,1,0,1,0,1,1,1,0,1
地點方便，乾淨舒適，價格合理,1,0,0,1,1,0,1,0,0,1,1,0,1
地點方便，房間設計特別，床鋪尚算舒適,1,1,0,1,0,0,1,1,0,1,0,0,1
地點方便，插頭是萬能插，環保大致舒適,1,1,0,1,0,0,1,1,0,1,0,0,1
地點方便，環境舒適，職員服務非常好，非常樂意為你解答問題,1,0,1,1,0,0,1,0,1,1,0,0,1
地點方便，寧靜，房間非常整潔，員工非常有禮,1,0,1,1,0,0,1,0,1,1,0,0,1
地點方便，西門町4號出口一出來，走半圈就到了，CP值超高，床蠻好睡的，很舒適，女生在意的，水溫不錯，水量也不錯，吹風機風量也不錯,1,1,0,1,1,0,1,1,0,1,1,0,1
地點方便，距離臺北火車站很近，房間的馬桶是免治馬桶，冬天不會被冰屁股～,0,1,0,1,0,0,0,1,0,1,0,0,1
地點方便、價錢合適、服務OK,0,0,1,1,1,0,0,0,1,1,1,0,1
地點算方便了，離火車站、捷運站、公車站近，但需走一小段路，約5~10分鐘。白天生活機能不錯，附近幾乎什麼都有，櫃檯服務跟態度都很好，還升等，平日性價比高,0,0,1,1,1,0,0,0,1,1,1,0,1
地點超佳，可逛可吃，也可看電影。洗衣機、烘衣機都在最頂樓，沒有限時且免費，超讚。有戶外空間（一樓跟頂樓都有，一樓的戶外空間有設置吸煙區）,0,1,0,1,0,0,0,1,0,1,0,0,1
地點近捷運站,0,0,0,1,0,0,0,0,0,1,0,0,1
地點離愛河很近，晚上逛愛河很方便。停車空間很夠，若沒有停車位，飯店會代付停車費，很加分。早餐菜色是每一樣都很精緻，中西式都有準備。房間很乾淨，空間也很夠，免治馬桶很貼心。員工很熱心、禮貌，住起來很舒服。旁邊一間超商。,1,1,1,1,0,0,1,1,1,1,0,0,1
早餐菜色不是非常豐盛,0,0,1,0,0,0,0,0,3,0,0,0,3
地點離捷運站非常近.早餐不錯.,0,0,1,1,0,0,0,0,1,1,0,0,1
地點非常方便，離臺北車站，京站，西門町近，沒有鬧區的雜亂，算安靜，旁邊也有肯德基，麥當勞，超商，服務人員，非常好，都是主動詢問客人是否需要幫忙，很溫暖住起來很安心，除了房間有小餅乾外，1樓有茶水間，有免費的咖啡，茶，熱飲以及些許餅乾，還有微波爐，烤箱，冰箱，設備齊全，廁所與淋浴間分開，2個人不至於幹擾,0,1,1,1,0,0,0,1,1,1,0,0,0
大廳或走廊的香氛過重，有點受不了。房間灰塵有點多，容易過敏。,1,0,0,0,0,0,3,0,0,0,0,0,3
大廳有免費的泡麵及零食可享用，廁所乾濕分離，電視可在大一點會更好,0,1,1,0,0,0,0,1,1,0,0,0,1
大樓電梯等很久，衣櫃旁邊有黏一塊疑似口香糖或是乳白黏膠,1,1,0,0,0,0,3,3,0,0,0,0,3
套餐式早餐菜單西式命名不易理解 ，有圖片參考更佳。房間照明有點不足 。,0,1,1,0,0,0,0,3,3,0,0,0,3
客房大致上整潔，但入住第一天還有上一位房客留下的垃圾在冰箱裡面，希望能多注意!防疫期間建議飯店可以提供旅客洗手乳或肥皂可以在客房內使用喔!廁所內附設的是固定式的吹風機，比較不方便，提供的沐浴乳/洗髮精味道比較刺鼻,1,1,0,0,0,0,3,3,0,0,0,0,3
客房隔音似乎不是很好，門外面聽的到房務人員或其他旅客講話聲，可能門縫的氣密設定要再加強。水壓有點小(包含浴缸、淋浴間、洗臉台)，可以再加強。吹風機建議可以換一個風較強的，不然要吹很久。,0,1,0,0,0,0,0,3,0,0,0,0,3
客服佳，環境整潔佳,1,0,1,0,0,0,1,0,1,0,0,0,1
富有設計感的飯店。員工很有禮貌。雖然停車方式不方便，但飯店出門就有公有停場，並且有補助部份停車金，可以彌補停車場的缺點。房型設計大部份可以有景色。距離新崛江以及捷運站都非常方便。,0,1,1,1,0,0,0,1,1,1,0,0,1
對小孩有善，早餐豐盛，有免費洗衣機，價位合宜,0,1,1,0,1,0,0,1,1,0,1,0,1
對於刷卡的問題，前檯人員會以公司規定要求卡片必須要簽名才能刷卡，但可能部份的人不喜歡卡片有簽名，也還是很堅持要卡片簽名才接受刷卡，不然就是付現，太過於一板一眼，讓人的感受很不好。面對火車站方向每層樓的房間基本上都能聽的到火車進站的聲音，如果對聲音敏感的話可能要備註一下。,0,1,1,0,0,0,0,3,3,0,0,0,3
小碎石浴缸大了點，放水要等40～50分才能泡，熱水流量不足，溫度無法調整熱一點，停車位不足,0,1,0,0,0,0,0,3,0,0,0,0,3
就在捷運西門站旁，交通超便利。飯店整體清潔乾淨。,1,0,0,1,0,0,1,0,0,1,0,0,1
工作人員非常友善及細心，房間感覺很清潔和床舖舒適，公共交通方便,1,1,1,1,0,0,1,1,1,1,0,0,1
希望洗手台可以在浴室裡面，不要在外面，用起來不方便!插座有點少，希望可以增加幾個,0,1,0,0,0,0,0,3,0,0,0,0,3
平日加點早餐費用不高，性價比還不賴。飯店很貼心安排升等可以看愛河夜景的較大間房型，住起來很舒適。,1,0,1,0,1,0,1,0,1,0,1,0,1
床偏硬，門外隔音差，走廊講話聽得很清楚，雖非淺眠人，但多少受影響,0,1,0,0,0,0,0,3,0,0,0,0,3
床和床的距離太近了，空調晚上時有點吵,0,1,0,0,0,0,0,3,0,0,0,0,3
床墊有點太軟，同睡的人如果翻身，會蠻容易受到幹擾。雖然算有免費停車位，但總數只有飯店騎樓可停的三個而已，如果沒有停到，就要自己另外找路邊停車，附近很不好找，而且沒有給予停車費折抵，需要自行付費，這一點很不方便。,0,1,1,0,0,0,0,3,3,0,0,0,3
床太軟，隔音沒很好，以上問題改善，應該是一間值得再入住的商旅！,0,1,0,0,0,0,0,3,0,0,0,0,3
床很舒適！當天剛好雙人床都沒了！只有雙床房，不過可以彈性輕微推動就靠牆，小孩睡起來也安全多了！兩間房可打通親友同住方便！服務人員很親切專業,0,1,1,0,0,0,0,1,1,0,0,0,1
床有點硬，枕頭太膨,0,1,0,0,0,0,0,3,0,0,0,0,3
廁所地板很滑，洗澡步步為營深怕跌倒，很掃興，長桌空間很棒，但是背對電視，不知道用意是什麼，早餐很豐富，但是兩個人吃只有一張椅子，床和桌子也有一段距離??,1,1,0,0,0,0,3,3,0,0,0,0,3
廁所往室內通風。洗澡後廁所開抽風一晚，地上還是會濕濕的未全乾燥。,1,0,0,0,0,0,3,0,0,0,0,0,3
廁所很寬敞，但是淋浴間很小，洗澡的時候會有點卡卡的，冰箱不冷，放進去的食物有些壞掉了，地毯有些地方有點破碎或是髒汙,1,1,0,0,0,0,3,3,0,0,0,0,3
廁所插座損壞?，?咖啡機故障?（只能選拿鐵 美式），取餐未照順序（久候） 號碼亂貼?,0,1,1,0,0,0,0,3,3,0,0,0,3
廁所清潔需加強。ex:淋浴間地板、馬桶，沒有提供小肥皂，想清潔手不是很方便。網路訊號不是很穩定,1,1,0,0,0,0,3,3,0,0,0,0,3
建議在旅客住房安排下，盡量讓獨行旅客在同一層。因為隔壁至少3位大人興奮談話/對面小孩的嬉鬧跑跳聲，讓我這2天真的睡不好！（隔音差無法改善下，總是可以想辦法），建議每間房門重量改良一下，每間房關上的“碰碰聲”，幾乎可以讓我從床上跳起來...，洗髮精的味道好可怕，打開後，很抱歉整包倒掉...,0,1,1,0,0,1,0,3,3,0,0,3,3
建議泳池可以多點遮蔽，畢竟面對大馬路上，路過的人都看得見,0,1,0,0,0,0,0,3,0,0,0,0,3
性價比真的很好，720元能住到大雙人床套房含早餐真的很開心，地理位置很方便，走到火車站不用十分鐘，早餐很實吃，雖然不多但很足夠了，房間內部看起來稍微老舊了些，但還是很舒服，可以接受,0,1,1,1,1,0,0,1,1,1,1,0,1
性價比超高，不到千元的價格，非常划算。早餐06:30開始，很豐富多樣化，就咖啡機有點問題，但服務人員也是立即排除。櫃檯人員親切友善，非常專業的服務，令人滿意。隔音上還不錯，除了早上有稍微聽到隔壁房的咳嗽聲外，整晚一覺到天亮。門口有汽機車停車位，但數量不多就是了。,0,1,1,0,1,0,0,1,1,0,1,0,1
感謝升級,0,0,1,0,0,0,0,0,1,0,0,0,1
應該是管線的關係，會有水從水管沖下來的聲音，不是牆壁或者門板隔音不好的聲音。有蚊子，不過自己解決了。,1,1,0,0,0,0,3,3,0,0,0,0,3
我們第二天出門只是出去買東西，走出去路上遇到清潔員。清潔員會問有沒有需要整理～覺得很貼心。一樓有免費的洗衣機、洗衣粉、烘乾機，還有咖啡之類的。,0,1,1,0,0,0,0,1,1,0,0,0,1
我訂兩間房，其中一間潮溼有異味，當下反應房務人員來確認，最後因地毯及綿被體感溼度很高第二次有協助換房，我覺得房間品管有問題，健身房10點開門，住過很多飯店，第一次碰到，很傻眼～,1,1,1,0,0,0,3,3,1,0,0,0,3
房內抽菸，第一次去22日到達推著輪椅沒人理會,0,0,1,0,0,0,0,0,3,0,0,0,3
房務人員用心專業，有洗衣烘衣設備，可以寄放行李，位置離北車近，小吃和餐廳多，附近景點有些走路就可到,0,1,1,1,0,0,0,1,1,1,0,0,1
房務員人很好、很親切。浴室水很熱、沖力大。,0,1,1,0,0,0,0,1,1,0,0,0,1
房卡竟然只有一張！同行朋友半夜要外出，我還得先醒著，不然沒人幫他開門……廁所門卡卡的，硬關起來後門整個卡住，差點出不來,0,1,0,0,0,0,0,3,0,0,0,0,3
房號不易辨識，電梯沒有顯示樓層，浴室水龍頭不易控制水量,0,1,0,0,0,0,0,3,0,0,0,0,3
房門不容易鎖緊，每次關門都要拉一下，安全性小有疑慮，隔音不太 好，隔壁房在崩走跑跳碰都聽得一清二楚,0,1,0,0,0,0,0,3,0,0,0,0,3
房間不大，但活動空間和傢俱放置位置方便，像家！樓層高，窗向陽，早上拉開簾感覺很好！早餐時段的服務很好，謝謝服務！飯店位置離車站不遠，此價位還附早餐，真的CP值很高！若單純考慮這點，是推薦的！,0,1,1,1,1,0,0,1,1,1,1,0,1
房間乾淨，交通方便，服務態度滿意,1,0,1,1,0,0,1,0,1,1,0,0,1
房間乾淨，商旅位置便捷，搭捷運只需5分鐘，隔音算不錯,1,1,0,1,0,0,1,1,0,1,0,0,1
房間乾淨，離捷運很近，地理位置好，服務人員態度很好，連假期間，還是謝謝辛苦的服務人員！,1,0,1,0,1,0,1,0,1,0,1,0,1
房間乾淨.飯店位置不錯.服務人員熱情,1,0,1,1,0,0,1,0,1,1,0,0,1
房間乾淨又安靜，櫃檯人員迅速處理wife問題,1,0,1,0,0,0,1,0,1,0,0,0,1
房間乾淨度待加強，隔音設備不好,1,1,0,0,0,0,3,3,0,0,0,0,3
房間乾淨整潔，浴缸很大很舒適，服務人員親切，有接駁車可以載我們到捷運站，停車位不多，但附近算好停車，旁邊就有超商，要買東西很方便，離愛河很近，可以去散步還能順便坐船遊河,1,1,1,1,0,0,1,1,1,1,0,0,1
房間偏暗，沒另外提供洗手香皂，浴室沒有置物架或掛勾,0,1,0,0,0,0,0,3,0,0,0,0,3
房間內有一股臭味，像是衣物沒有晾乾時 所散發出來的味道 ，衛浴設備中洗手槽位置設計的令人匪夷所思，怎麼會設置在門口打開的左側桌面 而不是設計在廁所內，水都會濺的桌上跟地板到處都是，旁邊兩側都有插座 易發生危險，廁所中的馬桶旁明明位置很寬敞 卻不多加運用空間,1,1,0,0,0,0,3,3,0,0,0,0,3
房間具設計感 ，地面無地毯有別於其他同級飯店 。人員服務相當友善 。,0,1,1,0,0,0,0,1,1,0,0,0,1
房間味道非常大 不知道是煙味還是什麼的，隔音效果已經很不好了 隔壁客人在半夜還一直互相敲門吵到我休息 而且是在半夜兩點多 有點誇張，房間內有一些小飛蟲 令人感到不衛生,1,1,0,0,0,1,3,3,0,0,0,3,3
房間圖片與當天住宿的房間照片不符。,0,0,1,0,0,0,0,0,3,0,0,0,3
房間大又乾淨，態度很有禮貌，離市區很近,1,0,1,1,0,0,1,0,1,1,0,0,1
房間寬敞 設備新穎 （有浴缸可泡澡），早餐可點主餐（還有牛排可選） 餐點豐富好吃，頂樓晚上是酒吧（有送兩杯迎賓酒 ） 吹風聽歌很舒適,1,1,1,0,0,0,1,1,1,0,0,0,1
房間很髒，床頭櫃有垃圾，床單很髒，上面還有頭髮，空氣很糟，有煙味,1,0,0,0,0,0,3,0,0,0,0,0,3
房間插座很多，除了廁所有鏡子，還附桌鏡，浴室乾溼分離，整體打掃得算乾淨,1,1,0,0,0,0,1,1,0,0,0,0,1
房間整潔 ，交通方便，旅店設施好、服務員優秀,1,1,1,1,0,0,1,1,1,1,0,0,1
房間整潔度還不錯，頂樓有空中花園(簡單設施)放鬆心情，有簡易健身器材可以運動，交通便利，飯店界於西門與北車之間,1,1,0,1,0,0,1,1,0,1,0,0,1
房間有冰箱，櫃檯服務人員態度很好！房間免費升大！熱水不用等超過1-2分鐘,0,1,1,0,0,0,0,1,1,0,0,0,1
房間有空氣清淨除濕機，CP 值高，地點好，買東西方便，櫃檯小姐很親切有禮貌，笑容可掬，乾濕分離，浴室廁所分開，有免費藍光電影可看,0,1,1,1,1,0,0,1,1,1,1,0,1
房間有蚊子,1,0,0,0,0,0,3,0,0,0,0,0,3
房間有被升級，改成更大空間的房型，住的很舒適，服務人員親切，地點離臺北車站很近，搭高鐵捷運都很方便,1,0,1,1,0,0,1,0,1,1,0,0,1
房間無掛浴巾地方，如果浴池上能加放架子會更好，可放水或毛巾等。床與床墊會滑動（無固定）。1個月去住3次，結果房間越安排越差很失望,0,1,1,0,0,0,0,3,3,0,0,0,3
房間的一大床是由兩張單人床墊拼成的，中間會有明顯的接縫，睡的有點不舒服，枕頭有點硬,1,1,0,0,0,0,3,3,0,0,0,0,3
房間的空間感很舒適，景色佳，可俯瞰愛河，性價比高，住宿地點去很多景點都很方便(我們是開車，但若到捷運站則稍遠)，服務人員都很親切有禮,1,0,1,1,1,0,1,0,1,1,1,0,1
房間相當乾淨、無煙味，浴室是分離式，馬桶是免治馬桶，覺得使用起來很舒服。地點很便利,1,1,0,1,0,0,1,1,0,1,0,0,1
房間空間算大,0,1,0,0,0,0,0,1,0,0,0,0,1
房間空間適中，靠近捷運站，工作人員有禮,0,1,1,1,0,0,0,1,1,1,0,0,1
房間老舊。隔音太糟，房務員走廊聊天一清二楚。床太低，床組布巾舊。疫情期間公共設施停用如健身房，很可惜。,0,1,0,0,0,0,0,3,0,0,0,0,3
房間舒適，枕頭棉被很鬆軟，可惜床偏硬，服務態度良好，有機會免費升級房型，距離捷運站3分鐘，附近很好逛，浴室設備齊全、水壓足夠、空間寬敞,1,1,1,1,0,0,1,1,1,1,0,0,1
房間蓮蓬頭的支撐架鬆鬆的，時常會讓蓮蓬頭直接倒頭，洗澡時很不舒服，在入住時，員工可以貼心的詢問客人，是否需要早餐中餐晚餐，雖然西門町附近蠻多用餐環境，畢竟樓下有打狗霸/前鎮水產，也是可以連帶銷售的,0,1,1,1,0,0,0,1,1,1,0,0,0
房間部分木頭地板走路時會有聲響,0,1,0,0,0,0,0,3,0,0,0,0,3
房間門須上油了， 開關門聲音大!離捷運站有一點距離!深夜安靜時可隱隱約約聽到其他房間的電視聲音!,0,1,0,1,0,1,0,3,0,3,0,3,3
房間隔音不佳，走廊聲音頻頻入耳，某位櫃檯服務員，情緒控管需再加強,0,1,1,0,0,0,0,3,3,0,0,0,3
房間隔音很不好，樓上只要有人洗澡都聽得到，還有某一天隔壁女房客叫的比電視還大聲，附近的房間關門聲都聽得到。某一天晚上吃完晚飯回飯店，上樓電梯門一打開就聞到走廊很濃的菸味，最後菸味還都飄進房間，讓人很不舒服。淋浴間的拉門設計的很奇怪，即使把拉門都關起來，水也會往淋浴間外流。,1,1,0,0,0,0,3,3,0,0,0,0,3
房間雖小，但有足夠空間放置物品。原本只是想提早寄放行李，沒想到房間已打掃完畢，櫃台讓我們提早入住感覺很棒。熱水夠大夠熱。.離火車站約5-8分鐘的路程，很近很方便。附近店家很多，臨時缺任何食衣住行都不用擔心。,0,1,1,1,0,0,0,1,1,1,0,0,1
房間非常乾淨，位置很好，設計簡約有質感,1,1,0,1,0,0,1,1,0,1,0,0,1
房間相對來說比較小，但這個價格和地段性價比還是很不錯的！如果有基礎塑膠牙刷杯就好，紙杯相比不夠好用和環保,0,1,0,0,1,0,0,3,0,0,1,0,2
房間裡窗戶打不開，電梯標識不夠明顯，有幾個小意見 ：房間裡沒有熱空調,0,1,0,0,0,0,0,3,0,0,0,0,3
所有的工作人員服務態度都非常好，停車位置很多，就算不夠位置也能幫忙負擔路邊停車費，早餐誠意十足，房間乾淨整潔,1,1,1,0,0,0,1,1,1,0,0,0,1
掛在牆壁的吹風機，衣櫃、桌子、插座集中在床的右半邊，對於睡左邊的旅伴來說不方便，房間沒對外窗,0,1,0,0,0,0,0,3,0,0,0,0,3
提供住客迎賓飲料券，可以選擇一樓或高樓層享用飲料，雖然飲料很普通，但從高處欣賞愛河和市景讓人放鬆又享受，行李寄放處的兩位男性工作人員超級親切又熱心，非常感謝！房間非常乾淨，床和寢具都很不錯,1,1,1,1,0,0,1,1,1,1,0,0,1
整潔度不佳，打掃過後，地板光腳走還是會沾灰塵，馬桶有尿漬，洗臉台有頭髮。第一天入住時，沖澡區內外都還有積水沒擦乾。連住幾天，新鋪好的棉被會看到前一天就有的汙漬。沐浴乳的味道很奇怪，有點臭。,1,1,0,0,0,0,3,3,0,0,0,0,3
整體感受起來還算舒適，離臺北車站蠻近的,1,0,0,1,0,0,1,0,0,1,0,0,1
整體還算舒適，早餐雖然簡單但方便，提供寄放行李，提供大廳旁的用餐空間，方便買回來飯店吃,1,0,1,0,0,0,1,0,1,0,0,0,1
地點方便，友善，乾淨,1,0,1,1,0,0,1,0,1,1,0,0,1
設施使用方便，空間感佳，早餐份量足,1,1,1,0,0,0,1,1,1,0,0,0,1
客服聯絡方便，舒適，清潔,1,0,1,0,0,0,1,0,1,0,0,0,1
早餐CP值很高，菜色多樣化，飯店裝潢很美，房間很舒適，反應有煙味，服務生五分鐘內馬上安排另一間房，服務效率很讚,1,1,1,0,1,0,1,1,1,0,1,0,1
早餐上主餐速度慢（同桌已經吃完，拉麵還沒來），自助吧餐點非常少，是五星級裡見過最少的，CP值低，早餐咖啡杯沒洗乾淨,1,0,1,0,1,0,3,0,3,0,3,0,3
早餐不錯，價格便宜，停車方便,0,1,1,0,1,0,0,1,1,0,1,0,1
早餐不錯，自助咖啡也屬難得好喝，環境乾淨整潔，床是屬於偏軟，位置地點不錯，離瑞豐夜市很近，樓下巷道有宵夜可以買(離炸烤物、便利商店很近),1,1,1,1,0,0,1,2,1,1,0,0,1
早餐優，主以中式為主。房間乾淨度非常理想，服務人員態度親切，是一次很棒的入住經驗。,1,0,1,0,0,0,1,0,1,0,0,0,1
早餐其實普普,0,0,1,0,0,0,0,0,2,0,0,0,2
房間的隔音不太好,0,1,0,0,0,0,0,3,0,0,0,0,3
早餐在房內用餐，餐點好吃，很棒。提供免費停車。有書房可用，雖不大但可和床鋪區隔開。,0,1,1,0,0,0,0,1,1,0,0,0,1
早餐多樣化，用餐環境很舒適，人員服務態度好,0,1,1,0,0,0,0,1,1,0,0,0,1
早餐多樣化，還不錯。住的地方附近有很多小吃，很方便。住宿環境蠻乾淨的，不吵雜。,1,0,1,1,0,0,1,0,1,1,0,0,1
早餐太差，餐具工作人員直接清洗後就放上去了，不敢置信！有水漬也沒消毒，品種太少且難吃，掛4星真是不可置信，離地鐵站遠，浴室的洗澡間對著鏡子，佈局很差勁，沒有人想一邊看到自己的裸體一邊洗澡的好嗎？？？感覺就像被監視一樣,0,1,1,1,0,0,0,3,3,3,0,0,3
早餐尚可，房間清潔舒適,1,0,1,0,0,0,1,0,2,0,0,0,1
早餐很豐富，因適逢連假客人較多，早餐時段有稍微延後還不錯。鄰近愛河，遊河很方便。附近有超商。,0,0,1,1,0,0,0,0,1,1,0,0,1
早餐很豐盛好吃，飯店員工親切有禮，房間乾淨清潔，飯店就在愛河旁邊，晚上散步的好去處,1,0,1,1,0,0,1,0,1,1,0,0,1
早餐是半自助餐， 普普 ， 但有莫凡彼霜淇淋耶!頂樓泳池超讚,0,1,1,0,0,0,0,1,2,0,0,0,1
早餐有點失望，先前看網路說還不錯，但實際用了，覺得多樣性是夠。但現場對食物不夠細心，例如雞肉在容器內保存過久，因而乾掉過硬，服務人員應該適時翻動或添加湯汁。青菜亦是，過久變黃變乾。既然已是多樣性，對於蛋類只有蒸蛋，也是頗失望，應該可有多樣選擇。或許成本考量也說不定。,0,0,1,0,0,0,0,0,3,0,0,0,3
早餐比較像午餐，口味上比較油膩。床墊有點輕很容易稍微一碰就移動了，下面的木質床架就露出來了，腳一不小心就會被床架的角刺到。,0,1,1,0,0,0,0,3,3,0,0,0,3
早餐物超所值，距離臺北車站近，服務品質好，窗戶大,0,1,1,1,1,0,0,1,1,1,1,0,1
早餐的粥中有1根頭髮，經通知服務人員全桶粥送回檢查，有改善。電視遙控器沒甚麼電，轉台不順。,0,1,1,0,0,0,0,3,3,0,0,0,3
早餐種類較少。浴室水會噴到地板很濕，還要拿毛巾來墊。,0,1,1,0,0,0,0,3,3,0,0,0,3
早餐豐富，房間乾淨，服務親切,1,0,1,0,0,0,1,0,1,0,0,0,1
早餐豐富多元、還提供下午茶和宵夜。免費提供自行車，雙人床特別大，睡覺很舒服。櫃檯24小時服務，服務人員態度親切。,0,1,1,0,0,0,0,1,1,0,0,0,1
早餐豐盛 ， 少了一點果汁，貼心的準備薑茶，咖啡茶品，還有吐司很貼心,0,0,1,0,0,0,0,0,1,0,0,0,1
早餐連兩天太相同沒有變化，廁所太小,0,1,1,0,0,0,0,3,2,0,0,0,3
早餐選擇多! 環境舒適乾淨! 網速快!,1,1,1,0,0,0,1,1,1,0,0,0,1
